sample_id,layer,bucket,predictor,accuracy,n_tokens
1,0,early,freq_baseline,0.19140625,256
1,0,early,top1_transition,0.22265625,256
1,0,early,topk_transition,0.2734375,256
1,1,early,freq_baseline,0.1015625,256
1,1,early,top1_transition,0.12890625,256
1,1,early,topk_transition,0.09765625,256
1,2,early,freq_baseline,0.04296875,256
1,2,early,top1_transition,0.16015625,256
1,2,early,topk_transition,0.05859375,256
1,3,early,freq_baseline,0.109375,256
1,3,early,top1_transition,0.2421875,256
1,3,early,topk_transition,0.125,256
1,4,early,freq_baseline,0.08984375,256
1,4,early,top1_transition,0.23046875,256
1,4,early,topk_transition,0.09375,256
1,5,early,freq_baseline,0.11328125,256
1,5,early,top1_transition,0.37890625,256
1,5,early,topk_transition,0.12890625,256
1,6,early,freq_baseline,0.046875,256
1,6,early,top1_transition,0.28125,256
1,6,early,topk_transition,0.08203125,256
1,7,early,freq_baseline,0.05078125,256
1,7,early,top1_transition,0.29296875,256
1,7,early,topk_transition,0.0703125,256
1,8,late,freq_baseline,0.04296875,256
1,8,late,top1_transition,0.1953125,256
1,8,late,topk_transition,0.0625,256
1,9,late,freq_baseline,0.125,256
1,9,late,top1_transition,0.2109375,256
1,9,late,topk_transition,0.15234375,256
1,10,late,freq_baseline,0.0859375,256
1,10,late,top1_transition,0.26171875,256
1,10,late,topk_transition,0.09765625,256
1,11,late,freq_baseline,0.0078125,256
1,11,late,top1_transition,0.16796875,256
1,11,late,topk_transition,0.01953125,256
1,12,late,freq_baseline,0.328125,256
1,12,late,top1_transition,0.2734375,256
1,12,late,topk_transition,0.3359375,256
1,13,late,freq_baseline,0.046875,256
1,13,late,top1_transition,0.3125,256
1,13,late,topk_transition,0.05078125,256
1,14,late,freq_baseline,0.06640625,256
1,14,late,top1_transition,0.33984375,256
1,14,late,topk_transition,0.07421875,256
1,0,early,neighbor_same_layer,0.30980392156862746,255
1,0,early,freq_baseline_same_layer,0.3254901960784314,255
1,1,early,neighbor_same_layer,0.21176470588235294,255
1,1,early,freq_baseline_same_layer,0.19215686274509805,255
1,2,early,neighbor_same_layer,0.1607843137254902,255
1,2,early,freq_baseline_same_layer,0.09803921568627451,255
1,3,early,neighbor_same_layer,0.16862745098039217,255
1,3,early,freq_baseline_same_layer,0.0392156862745098,255
1,4,early,neighbor_same_layer,0.19215686274509805,255
1,4,early,freq_baseline_same_layer,0.10980392156862745,255
1,5,early,neighbor_same_layer,0.20392156862745098,255
1,5,early,freq_baseline_same_layer,0.09019607843137255,255
1,6,early,neighbor_same_layer,0.20784313725490197,255
1,6,early,freq_baseline_same_layer,0.11372549019607843,255
1,7,early,neighbor_same_layer,0.1843137254901961,255
1,7,early,freq_baseline_same_layer,0.047058823529411764,255
1,8,late,neighbor_same_layer,0.3058823529411765,255
1,8,late,freq_baseline_same_layer,0.050980392156862744,255
1,9,late,neighbor_same_layer,0.25882352941176473,255
1,9,late,freq_baseline_same_layer,0.043137254901960784,255
1,10,late,neighbor_same_layer,0.20784313725490197,255
1,10,late,freq_baseline_same_layer,0.12549019607843137,255
1,11,late,neighbor_same_layer,0.27058823529411763,255
1,11,late,freq_baseline_same_layer,0.08627450980392157,255
1,12,late,neighbor_same_layer,0.26666666666666666,255
1,12,late,freq_baseline_same_layer,0.00784313725490196,255
1,13,late,neighbor_same_layer,0.30980392156862746,255
1,13,late,freq_baseline_same_layer,0.32941176470588235,255
1,14,late,neighbor_same_layer,0.16470588235294117,255
1,14,late,freq_baseline_same_layer,0.047058823529411764,255
1,15,late,neighbor_same_layer,0.2784313725490196,255
1,15,late,freq_baseline_same_layer,0.06666666666666667,255
2,0,early,freq_baseline,0.125,256
2,0,early,top1_transition,0.421875,256
2,0,early,topk_transition,0.21484375,256
2,1,early,freq_baseline,0.08984375,256
2,1,early,top1_transition,0.109375,256
2,1,early,topk_transition,0.09375,256
2,2,early,freq_baseline,0.078125,256
2,2,early,top1_transition,0.1484375,256
2,2,early,topk_transition,0.1015625,256
2,3,early,freq_baseline,0.10546875,256
2,3,early,top1_transition,0.35546875,256
2,3,early,topk_transition,0.125,256
2,4,early,freq_baseline,0.1953125,256
2,4,early,top1_transition,0.33203125,256
2,4,early,topk_transition,0.2265625,256
2,5,early,freq_baseline,0.10546875,256
2,5,early,top1_transition,0.328125,256
2,5,early,topk_transition,0.12109375,256
2,6,early,freq_baseline,0.05859375,256
2,6,early,top1_transition,0.234375,256
2,6,early,topk_transition,0.09375,256
2,7,early,freq_baseline,0.1328125,256
2,7,early,top1_transition,0.25390625,256
2,7,early,topk_transition,0.16796875,256
2,8,late,freq_baseline,0.20703125,256
2,8,late,top1_transition,0.2421875,256
2,8,late,topk_transition,0.24609375,256
2,9,late,freq_baseline,0.109375,256
2,9,late,top1_transition,0.21875,256
2,9,late,topk_transition,0.13671875,256
2,10,late,freq_baseline,0.09375,256
2,10,late,top1_transition,0.28125,256
2,10,late,topk_transition,0.11328125,256
2,11,late,freq_baseline,0.0,256
2,11,late,top1_transition,0.29296875,256
2,11,late,topk_transition,0.0078125,256
2,12,late,freq_baseline,0.24609375,256
2,12,late,top1_transition,0.26953125,256
2,12,late,topk_transition,0.25,256
2,13,late,freq_baseline,0.20703125,256
2,13,late,top1_transition,0.27734375,256
2,13,late,topk_transition,0.2109375,256
2,14,late,freq_baseline,0.140625,256
2,14,late,top1_transition,0.34765625,256
2,14,late,topk_transition,0.15234375,256
2,0,early,neighbor_same_layer,0.5529411764705883,255
2,0,early,freq_baseline_same_layer,0.5686274509803921,255
2,1,early,neighbor_same_layer,0.47058823529411764,255
2,1,early,freq_baseline_same_layer,0.12549019607843137,255
2,2,early,neighbor_same_layer,0.15294117647058825,255
2,2,early,freq_baseline_same_layer,0.08627450980392157,255
2,3,early,neighbor_same_layer,0.16862745098039217,255
2,3,early,freq_baseline_same_layer,0.07450980392156863,255
2,4,early,neighbor_same_layer,0.2,255
2,4,early,freq_baseline_same_layer,0.10588235294117647,255
2,5,early,neighbor_same_layer,0.23529411764705882,255
2,5,early,freq_baseline_same_layer,0.19607843137254902,255
2,6,early,neighbor_same_layer,0.2196078431372549,255
2,6,early,freq_baseline_same_layer,0.10588235294117647,255
2,7,early,neighbor_same_layer,0.2,255
2,7,early,freq_baseline_same_layer,0.058823529411764705,255
2,8,late,neighbor_same_layer,0.2823529411764706,255
2,8,late,freq_baseline_same_layer,0.13333333333333333,255
2,9,late,neighbor_same_layer,0.26666666666666666,255
2,9,late,freq_baseline_same_layer,0.20784313725490197,255
2,10,late,neighbor_same_layer,0.21176470588235294,255
2,10,late,freq_baseline_same_layer,0.10980392156862745,255
2,11,late,neighbor_same_layer,0.2196078431372549,255
2,11,late,freq_baseline_same_layer,0.09411764705882353,255
2,12,late,neighbor_same_layer,0.4666666666666667,255
2,12,late,freq_baseline_same_layer,0.0,255
2,13,late,neighbor_same_layer,0.2196078431372549,255
2,13,late,freq_baseline_same_layer,0.24705882352941178,255
2,14,late,neighbor_same_layer,0.2235294117647059,255
2,14,late,freq_baseline_same_layer,0.20784313725490197,255
2,15,late,neighbor_same_layer,0.3568627450980392,255
2,15,late,freq_baseline_same_layer,0.1411764705882353,255
3,0,early,freq_baseline,0.171875,256
3,0,early,top1_transition,0.24609375,256
3,0,early,topk_transition,0.234375,256
3,1,early,freq_baseline,0.0390625,256
3,1,early,top1_transition,0.17578125,256
3,1,early,topk_transition,0.04296875,256
3,2,early,freq_baseline,0.05859375,256
3,2,early,top1_transition,0.14453125,256
3,2,early,topk_transition,0.0703125,256
3,3,early,freq_baseline,0.10546875,256
3,3,early,top1_transition,0.25,256
3,3,early,topk_transition,0.1171875,256
3,4,early,freq_baseline,0.0703125,256
3,4,early,top1_transition,0.20703125,256
3,4,early,topk_transition,0.08203125,256
3,5,early,freq_baseline,0.1171875,256
3,5,early,top1_transition,0.32421875,256
3,5,early,topk_transition,0.1328125,256
3,6,early,freq_baseline,0.0390625,256
3,6,early,top1_transition,0.2265625,256
3,6,early,topk_transition,0.07421875,256
3,7,early,freq_baseline,0.1484375,256
3,7,early,top1_transition,0.2265625,256
3,7,early,topk_transition,0.16796875,256
3,8,late,freq_baseline,0.0859375,256
3,8,late,top1_transition,0.234375,256
3,8,late,topk_transition,0.09375,256
3,9,late,freq_baseline,0.140625,256
3,9,late,top1_transition,0.26171875,256
3,9,late,topk_transition,0.1796875,256
3,10,late,freq_baseline,0.0859375,256
3,10,late,top1_transition,0.2265625,256
3,10,late,topk_transition,0.09765625,256
3,11,late,freq_baseline,0.3828125,256
3,11,late,top1_transition,0.20703125,256
3,11,late,topk_transition,0.390625,256
3,12,late,freq_baseline,0.2890625,256
3,12,late,top1_transition,0.3125,256
3,12,late,topk_transition,0.29296875,256
3,13,late,freq_baseline,0.0859375,256
3,13,late,top1_transition,0.26171875,256
3,13,late,topk_transition,0.08984375,256
3,14,late,freq_baseline,0.1171875,256
3,14,late,top1_transition,0.2890625,256
3,14,late,topk_transition,0.125,256
3,0,early,neighbor_same_layer,0.23529411764705882,255
3,0,early,freq_baseline_same_layer,0.25098039215686274,255
3,1,early,neighbor_same_layer,0.1843137254901961,255
3,1,early,freq_baseline_same_layer,0.17254901960784313,255
3,2,early,neighbor_same_layer,0.12941176470588237,255
3,2,early,freq_baseline_same_layer,0.03529411764705882,255
3,3,early,neighbor_same_layer,0.12156862745098039,255
3,3,early,freq_baseline_same_layer,0.054901960784313725,255
3,4,early,neighbor_same_layer,0.18823529411764706,255
3,4,early,freq_baseline_same_layer,0.10588235294117647,255
3,5,early,neighbor_same_layer,0.20784313725490197,255
3,5,early,freq_baseline_same_layer,0.07058823529411765,255
3,6,early,neighbor_same_layer,0.2823529411764706,255
3,6,early,freq_baseline_same_layer,0.11764705882352941,255
3,7,early,neighbor_same_layer,0.19607843137254902,255
3,7,early,freq_baseline_same_layer,0.0392156862745098,255
3,8,late,neighbor_same_layer,0.25882352941176473,255
3,8,late,freq_baseline_same_layer,0.14901960784313725,255
3,9,late,neighbor_same_layer,0.23921568627450981,255
3,9,late,freq_baseline_same_layer,0.08627450980392157,255
3,10,late,neighbor_same_layer,0.21176470588235294,255
3,10,late,freq_baseline_same_layer,0.1411764705882353,255
3,11,late,neighbor_same_layer,0.23137254901960785,255
3,11,late,freq_baseline_same_layer,0.08627450980392157,255
3,12,late,neighbor_same_layer,0.3176470588235294,255
3,12,late,freq_baseline_same_layer,0.3843137254901961,255
3,13,late,neighbor_same_layer,0.3058823529411765,255
3,13,late,freq_baseline_same_layer,0.2901960784313726,255
3,14,late,neighbor_same_layer,0.2901960784313726,255
3,14,late,freq_baseline_same_layer,0.08627450980392157,255
3,15,late,neighbor_same_layer,0.24705882352941178,255
3,15,late,freq_baseline_same_layer,0.11764705882352941,255
4,0,early,freq_baseline,0.19921875,256
4,0,early,top1_transition,0.47265625,256
4,0,early,topk_transition,0.27734375,256
4,1,early,freq_baseline,0.1953125,256
4,1,early,top1_transition,0.1875,256
4,1,early,topk_transition,0.203125,256
4,2,early,freq_baseline,0.0859375,256
4,2,early,top1_transition,0.21875,256
4,2,early,topk_transition,0.109375,256
4,3,early,freq_baseline,0.12890625,256
4,3,early,top1_transition,0.29296875,256
4,3,early,topk_transition,0.1484375,256
4,4,early,freq_baseline,0.19140625,256
4,4,early,top1_transition,0.19140625,256
4,4,early,topk_transition,0.20703125,256
4,5,early,freq_baseline,0.1640625,256
4,5,early,top1_transition,0.3203125,256
4,5,early,topk_transition,0.1953125,256
4,6,early,freq_baseline,0.04296875,256
4,6,early,top1_transition,0.30078125,256
4,6,early,topk_transition,0.0625,256
4,7,early,freq_baseline,0.3671875,256
4,7,early,top1_transition,0.39453125,256
4,7,early,topk_transition,0.375,256
4,8,late,freq_baseline,0.21875,256
4,8,late,top1_transition,0.1484375,256
4,8,late,topk_transition,0.25,256
4,9,late,freq_baseline,0.07421875,256
4,9,late,top1_transition,0.2734375,256
4,9,late,topk_transition,0.1015625,256
4,10,late,freq_baseline,0.20703125,256
4,10,late,top1_transition,0.3671875,256
4,10,late,topk_transition,0.21875,256
4,11,late,freq_baseline,0.12890625,256
4,11,late,top1_transition,0.3671875,256
4,11,late,topk_transition,0.14453125,256
4,12,late,freq_baseline,0.28125,256
4,12,late,top1_transition,0.375,256
4,12,late,topk_transition,0.28515625,256
4,13,late,freq_baseline,0.16015625,256
4,13,late,top1_transition,0.19140625,256
4,13,late,topk_transition,0.171875,256
4,14,late,freq_baseline,0.16796875,256
4,14,late,top1_transition,0.296875,256
4,14,late,topk_transition,0.171875,256
4,0,early,neighbor_same_layer,0.5137254901960784,255
4,0,early,freq_baseline_same_layer,0.5137254901960784,255
4,1,early,neighbor_same_layer,0.49019607843137253,255
4,1,early,freq_baseline_same_layer,0.2,255
4,2,early,neighbor_same_layer,0.1450980392156863,255
4,2,early,freq_baseline_same_layer,0.19215686274509805,255
4,3,early,neighbor_same_layer,0.1843137254901961,255
4,3,early,freq_baseline_same_layer,0.08235294117647059,255
4,4,early,neighbor_same_layer,0.17647058823529413,255
4,4,early,freq_baseline_same_layer,0.12941176470588237,255
4,5,early,neighbor_same_layer,0.24313725490196078,255
4,5,early,freq_baseline_same_layer,0.19215686274509805,255
4,6,early,neighbor_same_layer,0.30196078431372547,255
4,6,early,freq_baseline_same_layer,0.16470588235294117,255
4,7,early,neighbor_same_layer,0.2196078431372549,255
4,7,early,freq_baseline_same_layer,0.043137254901960784,255
4,8,late,neighbor_same_layer,0.36470588235294116,255
4,8,late,freq_baseline_same_layer,0.3686274509803922,255
4,9,late,neighbor_same_layer,0.3333333333333333,255
4,9,late,freq_baseline_same_layer,0.2196078431372549,255
4,10,late,neighbor_same_layer,0.28627450980392155,255
4,10,late,freq_baseline_same_layer,0.07450980392156863,255
4,11,late,neighbor_same_layer,0.23137254901960785,255
4,11,late,freq_baseline_same_layer,0.20784313725490197,255
4,12,late,neighbor_same_layer,0.3764705882352941,255
4,12,late,freq_baseline_same_layer,0.12941176470588237,255
4,13,late,neighbor_same_layer,0.3058823529411765,255
4,13,late,freq_baseline_same_layer,0.2823529411764706,255
4,14,late,neighbor_same_layer,0.23529411764705882,255
4,14,late,freq_baseline_same_layer,0.1607843137254902,255
4,15,late,neighbor_same_layer,0.2549019607843137,255
4,15,late,freq_baseline_same_layer,0.16862745098039217,255
5,0,early,freq_baseline,0.3046875,256
5,0,early,top1_transition,0.33984375,256
5,0,early,topk_transition,0.37109375,256
5,1,early,freq_baseline,0.0546875,256
5,1,early,top1_transition,0.16015625,256
5,1,early,topk_transition,0.0546875,256
5,2,early,freq_baseline,0.08203125,256
5,2,early,top1_transition,0.234375,256
5,2,early,topk_transition,0.109375,256
5,3,early,freq_baseline,0.109375,256
5,3,early,top1_transition,0.2578125,256
5,3,early,topk_transition,0.125,256
5,4,early,freq_baseline,0.14453125,256
5,4,early,top1_transition,0.25390625,256
5,4,early,topk_transition,0.16015625,256
5,5,early,freq_baseline,0.08203125,256
5,5,early,top1_transition,0.33984375,256
5,5,early,topk_transition,0.109375,256
5,6,early,freq_baseline,0.16015625,256
5,6,early,top1_transition,0.3046875,256
5,6,early,topk_transition,0.19140625,256
5,7,early,freq_baseline,0.09765625,256
5,7,early,top1_transition,0.33984375,256
5,7,early,topk_transition,0.12890625,256
5,8,late,freq_baseline,0.19140625,256
5,8,late,top1_transition,0.28125,256
5,8,late,topk_transition,0.1953125,256
5,9,late,freq_baseline,0.12890625,256
5,9,late,top1_transition,0.328125,256
5,9,late,topk_transition,0.15234375,256
5,10,late,freq_baseline,0.07421875,256
5,10,late,top1_transition,0.30859375,256
5,10,late,topk_transition,0.09375,256
5,11,late,freq_baseline,0.10546875,256
5,11,late,top1_transition,0.33203125,256
5,11,late,topk_transition,0.109375,256
5,12,late,freq_baseline,0.140625,256
5,12,late,top1_transition,0.26953125,256
5,12,late,topk_transition,0.17578125,256
5,13,late,freq_baseline,0.30078125,256
5,13,late,top1_transition,0.31640625,256
5,13,late,topk_transition,0.31640625,256
5,14,late,freq_baseline,0.390625,256
5,14,late,top1_transition,0.41796875,256
5,14,late,topk_transition,0.39453125,256
5,0,early,neighbor_same_layer,0.30196078431372547,255
5,0,early,freq_baseline_same_layer,0.3137254901960784,255
5,1,early,neighbor_same_layer,0.2823529411764706,255
5,1,early,freq_baseline_same_layer,0.3058823529411765,255
5,2,early,neighbor_same_layer,0.1843137254901961,255
5,2,early,freq_baseline_same_layer,0.050980392156862744,255
5,3,early,neighbor_same_layer,0.16862745098039217,255
5,3,early,freq_baseline_same_layer,0.0784313725490196,255
5,4,early,neighbor_same_layer,0.17254901960784313,255
5,4,early,freq_baseline_same_layer,0.10980392156862745,255
5,5,early,neighbor_same_layer,0.20392156862745098,255
5,5,early,freq_baseline_same_layer,0.1450980392156863,255
5,6,early,neighbor_same_layer,0.22745098039215686,255
5,6,early,freq_baseline_same_layer,0.08235294117647059,255
5,7,early,neighbor_same_layer,0.21568627450980393,255
5,7,early,freq_baseline_same_layer,0.1607843137254902,255
5,8,late,neighbor_same_layer,0.2549019607843137,255
5,8,late,freq_baseline_same_layer,0.09803921568627451,255
5,9,late,neighbor_same_layer,0.3803921568627451,255
5,9,late,freq_baseline_same_layer,0.19215686274509805,255
5,10,late,neighbor_same_layer,0.28627450980392155,255
5,10,late,freq_baseline_same_layer,0.12941176470588237,255
5,11,late,neighbor_same_layer,0.26666666666666666,255
5,11,late,freq_baseline_same_layer,0.07450980392156863,255
5,12,late,neighbor_same_layer,0.25098039215686274,255
5,12,late,freq_baseline_same_layer,0.10588235294117647,255
5,13,late,neighbor_same_layer,0.21568627450980393,255
5,13,late,freq_baseline_same_layer,0.1411764705882353,255
5,14,late,neighbor_same_layer,0.16470588235294117,255
5,14,late,freq_baseline_same_layer,0.30196078431372547,255
5,15,late,neighbor_same_layer,0.34901960784313724,255
5,15,late,freq_baseline_same_layer,0.39215686274509803,255
6,0,early,freq_baseline,0.22265625,256
6,0,early,top1_transition,0.19140625,256
6,0,early,topk_transition,0.27734375,256
6,1,early,freq_baseline,0.0546875,256
6,1,early,top1_transition,0.15234375,256
6,1,early,topk_transition,0.0546875,256
6,2,early,freq_baseline,0.07421875,256
6,2,early,top1_transition,0.1796875,256
6,2,early,topk_transition,0.078125,256
6,3,early,freq_baseline,0.08203125,256
6,3,early,top1_transition,0.25390625,256
6,3,early,topk_transition,0.08984375,256
6,4,early,freq_baseline,0.125,256
6,4,early,top1_transition,0.23828125,256
6,4,early,topk_transition,0.13671875,256
6,5,early,freq_baseline,0.16015625,256
6,5,early,top1_transition,0.40234375,256
6,5,early,topk_transition,0.19140625,256
6,6,early,freq_baseline,0.03125,256
6,6,early,top1_transition,0.27734375,256
6,6,early,topk_transition,0.0703125,256
6,7,early,freq_baseline,0.078125,256
6,7,early,top1_transition,0.26171875,256
6,7,early,topk_transition,0.1015625,256
6,8,late,freq_baseline,0.1015625,256
6,8,late,top1_transition,0.16796875,256
6,8,late,topk_transition,0.11328125,256
6,9,late,freq_baseline,0.1171875,256
6,9,late,top1_transition,0.18359375,256
6,9,late,topk_transition,0.1328125,256
6,10,late,freq_baseline,0.08203125,256
6,10,late,top1_transition,0.2109375,256
6,10,late,topk_transition,0.08984375,256
6,11,late,freq_baseline,0.4765625,256
6,11,late,top1_transition,0.32421875,256
6,11,late,topk_transition,0.48828125,256
6,12,late,freq_baseline,0.19140625,256
6,12,late,top1_transition,0.2265625,256
6,12,late,topk_transition,0.1953125,256
6,13,late,freq_baseline,0.1015625,256
6,13,late,top1_transition,0.3359375,256
6,13,late,topk_transition,0.10546875,256
6,14,late,freq_baseline,0.3671875,256
6,14,late,top1_transition,0.5078125,256
6,14,late,topk_transition,0.37109375,256
6,0,early,neighbor_same_layer,0.47843137254901963,255
6,0,early,freq_baseline_same_layer,0.4745098039215686,255
6,1,early,neighbor_same_layer,0.19607843137254902,255
6,1,early,freq_baseline_same_layer,0.2235294117647059,255
6,2,early,neighbor_same_layer,0.2,255
6,2,early,freq_baseline_same_layer,0.050980392156862744,255
6,3,early,neighbor_same_layer,0.17647058823529413,255
6,3,early,freq_baseline_same_layer,0.07058823529411765,255
6,4,early,neighbor_same_layer,0.15294117647058825,255
6,4,early,freq_baseline_same_layer,0.08235294117647059,255
6,5,early,neighbor_same_layer,0.20784313725490197,255
6,5,early,freq_baseline_same_layer,0.12549019607843137,255
6,6,early,neighbor_same_layer,0.22745098039215686,255
6,6,early,freq_baseline_same_layer,0.1607843137254902,255
6,7,early,neighbor_same_layer,0.16470588235294117,255
6,7,early,freq_baseline_same_layer,0.03137254901960784,255
6,8,late,neighbor_same_layer,0.19607843137254902,255
6,8,late,freq_baseline_same_layer,0.0784313725490196,255
6,9,late,neighbor_same_layer,0.23921568627450981,255
6,9,late,freq_baseline_same_layer,0.10196078431372549,255
6,10,late,neighbor_same_layer,0.1607843137254902,255
6,10,late,freq_baseline_same_layer,0.11764705882352941,255
6,11,late,neighbor_same_layer,0.27450980392156865,255
6,11,late,freq_baseline_same_layer,0.08235294117647059,255
6,12,late,neighbor_same_layer,0.3411764705882353,255
6,12,late,freq_baseline_same_layer,0.47843137254901963,255
6,13,late,neighbor_same_layer,0.19607843137254902,255
6,13,late,freq_baseline_same_layer,0.19215686274509805,255
6,14,late,neighbor_same_layer,0.2,255
6,14,late,freq_baseline_same_layer,0.10196078431372549,255
6,15,late,neighbor_same_layer,0.35294117647058826,255
6,15,late,freq_baseline_same_layer,0.3686274509803922,255
7,0,early,freq_baseline,0.1328125,256
7,0,early,top1_transition,0.44921875,256
7,0,early,topk_transition,0.2109375,256
7,1,early,freq_baseline,0.203125,256
7,1,early,top1_transition,0.140625,256
7,1,early,topk_transition,0.19921875,256
7,2,early,freq_baseline,0.06640625,256
7,2,early,top1_transition,0.1328125,256
7,2,early,topk_transition,0.0703125,256
7,3,early,freq_baseline,0.1328125,256
7,3,early,top1_transition,0.27734375,256
7,3,early,topk_transition,0.1484375,256
7,4,early,freq_baseline,0.171875,256
7,4,early,top1_transition,0.25390625,256
7,4,early,topk_transition,0.17578125,256
7,5,early,freq_baseline,0.08984375,256
7,5,early,top1_transition,0.3203125,256
7,5,early,topk_transition,0.1015625,256
7,6,early,freq_baseline,0.0234375,256
7,6,early,top1_transition,0.26953125,256
7,6,early,topk_transition,0.05859375,256
7,7,early,freq_baseline,0.234375,256
7,7,early,top1_transition,0.3203125,256
7,7,early,topk_transition,0.26171875,256
7,8,late,freq_baseline,0.078125,256
7,8,late,top1_transition,0.1875,256
7,8,late,topk_transition,0.0859375,256
7,9,late,freq_baseline,0.11328125,256
7,9,late,top1_transition,0.1953125,256
7,9,late,topk_transition,0.13671875,256
7,10,late,freq_baseline,0.10546875,256
7,10,late,top1_transition,0.25390625,256
7,10,late,topk_transition,0.1171875,256
7,11,late,freq_baseline,0.01953125,256
7,11,late,top1_transition,0.24609375,256
7,11,late,topk_transition,0.03125,256
7,12,late,freq_baseline,0.39453125,256
7,12,late,top1_transition,0.40625,256
7,12,late,topk_transition,0.3984375,256
7,13,late,freq_baseline,0.09375,256
7,13,late,top1_transition,0.19140625,256
7,13,late,topk_transition,0.09765625,256
7,14,late,freq_baseline,0.04296875,256
7,14,late,top1_transition,0.29296875,256
7,14,late,topk_transition,0.0625,256
7,0,early,neighbor_same_layer,0.5137254901960784,255
7,0,early,freq_baseline_same_layer,0.5333333333333333,255
7,1,early,neighbor_same_layer,0.38823529411764707,255
7,1,early,freq_baseline_same_layer,0.13333333333333333,255
7,2,early,neighbor_same_layer,0.1803921568627451,255
7,2,early,freq_baseline_same_layer,0.2,255
7,3,early,neighbor_same_layer,0.12941176470588237,255
7,3,early,freq_baseline_same_layer,0.06274509803921569,255
7,4,early,neighbor_same_layer,0.11764705882352941,255
7,4,early,freq_baseline_same_layer,0.13333333333333333,255
7,5,early,neighbor_same_layer,0.19215686274509805,255
7,5,early,freq_baseline_same_layer,0.17254901960784313,255
7,6,early,neighbor_same_layer,0.23137254901960785,255
7,6,early,freq_baseline_same_layer,0.09019607843137255,255
7,7,early,neighbor_same_layer,0.15294117647058825,255
7,7,early,freq_baseline_same_layer,0.023529411764705882,255
7,8,late,neighbor_same_layer,0.27450980392156865,255
7,8,late,freq_baseline_same_layer,0.23529411764705882,255
7,9,late,neighbor_same_layer,0.27450980392156865,255
7,9,late,freq_baseline_same_layer,0.0784313725490196,255
7,10,late,neighbor_same_layer,0.21176470588235294,255
7,10,late,freq_baseline_same_layer,0.11372549019607843,255
7,11,late,neighbor_same_layer,0.2,255
7,11,late,freq_baseline_same_layer,0.10588235294117647,255
7,12,late,neighbor_same_layer,0.3176470588235294,255
7,12,late,freq_baseline_same_layer,0.0196078431372549,255
7,13,late,neighbor_same_layer,0.3686274509803922,255
7,13,late,freq_baseline_same_layer,0.396078431372549,255
7,14,late,neighbor_same_layer,0.1803921568627451,255
7,14,late,freq_baseline_same_layer,0.09411764705882353,255
7,15,late,neighbor_same_layer,0.36470588235294116,255
7,15,late,freq_baseline_same_layer,0.043137254901960784,255
8,0,early,freq_baseline,0.2421875,256
8,0,early,top1_transition,0.27734375,256
8,0,early,topk_transition,0.26171875,256
8,1,early,freq_baseline,0.0859375,256
8,1,early,top1_transition,0.17578125,256
8,1,early,topk_transition,0.0859375,256
8,2,early,freq_baseline,0.0546875,256
8,2,early,top1_transition,0.12109375,256
8,2,early,topk_transition,0.0703125,256
8,3,early,freq_baseline,0.14453125,256
8,3,early,top1_transition,0.26171875,256
8,3,early,topk_transition,0.16015625,256
8,4,early,freq_baseline,0.078125,256
8,4,early,top1_transition,0.234375,256
8,4,early,topk_transition,0.09765625,256
8,5,early,freq_baseline,0.078125,256
8,5,early,top1_transition,0.3359375,256
8,5,early,topk_transition,0.1015625,256
8,6,early,freq_baseline,0.05078125,256
8,6,early,top1_transition,0.21484375,256
8,6,early,topk_transition,0.0859375,256
8,7,early,freq_baseline,0.171875,256
8,7,early,top1_transition,0.23046875,256
8,7,early,topk_transition,0.19921875,256
8,8,late,freq_baseline,0.0625,256
8,8,late,top1_transition,0.26171875,256
8,8,late,topk_transition,0.07421875,256
8,9,late,freq_baseline,0.12109375,256
8,9,late,top1_transition,0.2578125,256
8,9,late,topk_transition,0.13671875,256
8,10,late,freq_baseline,0.140625,256
8,10,late,top1_transition,0.21484375,256
8,10,late,topk_transition,0.15234375,256
8,11,late,freq_baseline,0.30859375,256
8,11,late,top1_transition,0.24609375,256
8,11,late,topk_transition,0.30859375,256
8,12,late,freq_baseline,0.3671875,256
8,12,late,top1_transition,0.34765625,256
8,12,late,topk_transition,0.375,256
8,13,late,freq_baseline,0.05859375,256
8,13,late,top1_transition,0.22265625,256
8,13,late,topk_transition,0.0625,256
8,14,late,freq_baseline,0.07421875,256
8,14,late,top1_transition,0.2734375,256
8,14,late,topk_transition,0.0859375,256
8,0,early,neighbor_same_layer,0.23137254901960785,255
8,0,early,freq_baseline_same_layer,0.23921568627450981,255
8,1,early,neighbor_same_layer,0.22745098039215686,255
8,1,early,freq_baseline_same_layer,0.24313725490196078,255
8,2,early,neighbor_same_layer,0.19607843137254902,255
8,2,early,freq_baseline_same_layer,0.08235294117647059,255
8,3,early,neighbor_same_layer,0.1843137254901961,255
8,3,early,freq_baseline_same_layer,0.050980392156862744,255
8,4,early,neighbor_same_layer,0.18823529411764706,255
8,4,early,freq_baseline_same_layer,0.1450980392156863,255
8,5,early,neighbor_same_layer,0.15294117647058825,255
8,5,early,freq_baseline_same_layer,0.0784313725490196,255
8,6,early,neighbor_same_layer,0.25882352941176473,255
8,6,early,freq_baseline_same_layer,0.0784313725490196,255
8,7,early,neighbor_same_layer,0.25882352941176473,255
8,7,early,freq_baseline_same_layer,0.050980392156862744,255
8,8,late,neighbor_same_layer,0.1607843137254902,255
8,8,late,freq_baseline_same_layer,0.17254901960784313,255
8,9,late,neighbor_same_layer,0.24313725490196078,255
8,9,late,freq_baseline_same_layer,0.06274509803921569,255
8,10,late,neighbor_same_layer,0.1607843137254902,255
8,10,late,freq_baseline_same_layer,0.12156862745098039,255
8,11,late,neighbor_same_layer,0.23529411764705882,255
8,11,late,freq_baseline_same_layer,0.1411764705882353,255
8,12,late,neighbor_same_layer,0.24313725490196078,255
8,12,late,freq_baseline_same_layer,0.30980392156862746,255
8,13,late,neighbor_same_layer,0.3333333333333333,255
8,13,late,freq_baseline_same_layer,0.3686274509803922,255
8,14,late,neighbor_same_layer,0.3176470588235294,255
8,14,late,freq_baseline_same_layer,0.058823529411764705,255
8,15,late,neighbor_same_layer,0.19607843137254902,255
8,15,late,freq_baseline_same_layer,0.07450980392156863,255
9,0,early,freq_baseline,0.19140625,256
9,0,early,top1_transition,0.33984375,256
9,0,early,topk_transition,0.265625,256
9,1,early,freq_baseline,0.09375,256
9,1,early,top1_transition,0.1875,256
9,1,early,topk_transition,0.09765625,256
9,2,early,freq_baseline,0.046875,256
9,2,early,top1_transition,0.18359375,256
9,2,early,topk_transition,0.05078125,256
9,3,early,freq_baseline,0.15234375,256
9,3,early,top1_transition,0.296875,256
9,3,early,topk_transition,0.15625,256
9,4,early,freq_baseline,0.11328125,256
9,4,early,top1_transition,0.2421875,256
9,4,early,topk_transition,0.1328125,256
9,5,early,freq_baseline,0.08984375,256
9,5,early,top1_transition,0.3515625,256
9,5,early,topk_transition,0.11328125,256
9,6,early,freq_baseline,0.01953125,256
9,6,early,top1_transition,0.26171875,256
9,6,early,topk_transition,0.05078125,256
9,7,early,freq_baseline,0.1328125,256
9,7,early,top1_transition,0.2578125,256
9,7,early,topk_transition,0.16796875,256
9,8,late,freq_baseline,0.046875,256
9,8,late,top1_transition,0.25390625,256
9,8,late,topk_transition,0.05859375,256
9,9,late,freq_baseline,0.16015625,256
9,9,late,top1_transition,0.28125,256
9,9,late,topk_transition,0.1796875,256
9,10,late,freq_baseline,0.10546875,256
9,10,late,top1_transition,0.2109375,256
9,10,late,topk_transition,0.13671875,256
9,11,late,freq_baseline,0.01953125,256
9,11,late,top1_transition,0.2109375,256
9,11,late,topk_transition,0.0234375,256
9,12,late,freq_baseline,0.16796875,256
9,12,late,top1_transition,0.3359375,256
9,12,late,topk_transition,0.17578125,256
9,13,late,freq_baseline,0.0546875,256
9,13,late,top1_transition,0.28515625,256
9,13,late,topk_transition,0.05859375,256
9,14,late,freq_baseline,0.046875,256
9,14,late,top1_transition,0.3203125,256
9,14,late,topk_transition,0.0546875,256
9,0,early,neighbor_same_layer,0.2549019607843137,255
9,0,early,freq_baseline_same_layer,0.27058823529411763,255
9,1,early,neighbor_same_layer,0.20784313725490197,255
9,1,early,freq_baseline_same_layer,0.19215686274509805,255
9,2,early,neighbor_same_layer,0.1450980392156863,255
9,2,early,freq_baseline_same_layer,0.09019607843137255,255
9,3,early,neighbor_same_layer,0.10588235294117647,255
9,3,early,freq_baseline_same_layer,0.043137254901960784,255
9,4,early,neighbor_same_layer,0.1803921568627451,255
9,4,early,freq_baseline_same_layer,0.15294117647058825,255
9,5,early,neighbor_same_layer,0.21568627450980393,255
9,5,early,freq_baseline_same_layer,0.11372549019607843,255
9,6,early,neighbor_same_layer,0.24705882352941178,255
9,6,early,freq_baseline_same_layer,0.09019607843137255,255
9,7,early,neighbor_same_layer,0.19607843137254902,255
9,7,early,freq_baseline_same_layer,0.0196078431372549,255
9,8,late,neighbor_same_layer,0.19215686274509805,255
9,8,late,freq_baseline_same_layer,0.13333333333333333,255
9,9,late,neighbor_same_layer,0.20392156862745098,255
9,9,late,freq_baseline_same_layer,0.047058823529411764,255
9,10,late,neighbor_same_layer,0.15294117647058825,255
9,10,late,freq_baseline_same_layer,0.1607843137254902,255
9,11,late,neighbor_same_layer,0.1568627450980392,255
9,11,late,freq_baseline_same_layer,0.10588235294117647,255
9,12,late,neighbor_same_layer,0.23921568627450981,255
9,12,late,freq_baseline_same_layer,0.0196078431372549,255
9,13,late,neighbor_same_layer,0.20392156862745098,255
9,13,late,freq_baseline_same_layer,0.16862745098039217,255
9,14,late,neighbor_same_layer,0.12549019607843137,255
9,14,late,freq_baseline_same_layer,0.054901960784313725,255
9,15,late,neighbor_same_layer,0.19607843137254902,255
9,15,late,freq_baseline_same_layer,0.047058823529411764,255
10,0,early,freq_baseline,0.19140625,256
10,0,early,top1_transition,0.2109375,256
10,0,early,topk_transition,0.23828125,256
10,1,early,freq_baseline,0.05859375,256
10,1,early,top1_transition,0.15234375,256
10,1,early,topk_transition,0.0625,256
10,2,early,freq_baseline,0.0703125,256
10,2,early,top1_transition,0.1640625,256
10,2,early,topk_transition,0.07421875,256
10,3,early,freq_baseline,0.12109375,256
10,3,early,top1_transition,0.2734375,256
10,3,early,topk_transition,0.1328125,256
10,4,early,freq_baseline,0.05859375,256
10,4,early,top1_transition,0.26171875,256
10,4,early,topk_transition,0.06640625,256
10,5,early,freq_baseline,0.1484375,256
10,5,early,top1_transition,0.359375,256
10,5,early,topk_transition,0.16796875,256
10,6,early,freq_baseline,0.015625,256
10,6,early,top1_transition,0.296875,256
10,6,early,topk_transition,0.07421875,256
10,7,early,freq_baseline,0.19140625,256
10,7,early,top1_transition,0.39453125,256
10,7,early,topk_transition,0.203125,256
10,8,late,freq_baseline,0.0546875,256
10,8,late,top1_transition,0.2421875,256
10,8,late,topk_transition,0.09375,256
10,9,late,freq_baseline,0.125,256
10,9,late,top1_transition,0.234375,256
10,9,late,topk_transition,0.15234375,256
10,10,late,freq_baseline,0.08203125,256
10,10,late,top1_transition,0.21484375,256
10,10,late,topk_transition,0.1015625,256
10,11,late,freq_baseline,0.03515625,256
10,11,late,top1_transition,0.23046875,256
10,11,late,topk_transition,0.0390625,256
10,12,late,freq_baseline,0.25390625,256
10,12,late,top1_transition,0.30078125,256
10,12,late,topk_transition,0.26171875,256
10,13,late,freq_baseline,0.09765625,256
10,13,late,top1_transition,0.34765625,256
10,13,late,topk_transition,0.109375,256
10,14,late,freq_baseline,0.10546875,256
10,14,late,top1_transition,0.3203125,256
10,14,late,topk_transition,0.109375,256
10,0,early,neighbor_same_layer,0.23137254901960785,255
10,0,early,freq_baseline_same_layer,0.24313725490196078,255
10,1,early,neighbor_same_layer,0.20392156862745098,255
10,1,early,freq_baseline_same_layer,0.19215686274509805,255
10,2,early,neighbor_same_layer,0.19215686274509805,255
10,2,early,freq_baseline_same_layer,0.054901960784313725,255
10,3,early,neighbor_same_layer,0.19215686274509805,255
10,3,early,freq_baseline_same_layer,0.06666666666666667,255
10,4,early,neighbor_same_layer,0.16470588235294117,255
10,4,early,freq_baseline_same_layer,0.12156862745098039,255
10,5,early,neighbor_same_layer,0.2196078431372549,255
10,5,early,freq_baseline_same_layer,0.058823529411764705,255
10,6,early,neighbor_same_layer,0.27450980392156865,255
10,6,early,freq_baseline_same_layer,0.14901960784313725,255
10,7,early,neighbor_same_layer,0.21176470588235294,255
10,7,early,freq_baseline_same_layer,0.01568627450980392,255
10,8,late,neighbor_same_layer,0.36470588235294116,255
10,8,late,freq_baseline_same_layer,0.19215686274509805,255
10,9,late,neighbor_same_layer,0.2,255
10,9,late,freq_baseline_same_layer,0.054901960784313725,255
10,10,late,neighbor_same_layer,0.1607843137254902,255
10,10,late,freq_baseline_same_layer,0.12549019607843137,255
10,11,late,neighbor_same_layer,0.20392156862745098,255
10,11,late,freq_baseline_same_layer,0.08235294117647059,255
10,12,late,neighbor_same_layer,0.19215686274509805,255
10,12,late,freq_baseline_same_layer,0.03529411764705882,255
10,13,late,neighbor_same_layer,0.2196078431372549,255
10,13,late,freq_baseline_same_layer,0.2549019607843137,255
10,14,late,neighbor_same_layer,0.21176470588235294,255
10,14,late,freq_baseline_same_layer,0.09803921568627451,255
10,15,late,neighbor_same_layer,0.2235294117647059,255
10,15,late,freq_baseline_same_layer,0.10588235294117647,255
11,0,early,freq_baseline,0.31640625,256
11,0,early,top1_transition,0.2578125,256
11,0,early,topk_transition,0.33984375,256
11,1,early,freq_baseline,0.1015625,256
11,1,early,top1_transition,0.1328125,256
11,1,early,topk_transition,0.10546875,256
11,2,early,freq_baseline,0.1171875,256
11,2,early,top1_transition,0.16015625,256
11,2,early,topk_transition,0.1171875,256
11,3,early,freq_baseline,0.1171875,256
11,3,early,top1_transition,0.24609375,256
11,3,early,topk_transition,0.125,256
11,4,early,freq_baseline,0.05859375,256
11,4,early,top1_transition,0.23046875,256
11,4,early,topk_transition,0.0703125,256
11,5,early,freq_baseline,0.02734375,256
11,5,early,top1_transition,0.3203125,256
11,5,early,topk_transition,0.05078125,256
11,6,early,freq_baseline,0.09375,256
11,6,early,top1_transition,0.22265625,256
11,6,early,topk_transition,0.125,256
11,7,early,freq_baseline,0.0,256
11,7,early,top1_transition,0.17578125,256
11,7,early,topk_transition,0.015625,256
11,8,late,freq_baseline,0.015625,256
11,8,late,top1_transition,0.234375,256
11,8,late,topk_transition,0.02734375,256
11,9,late,freq_baseline,0.1171875,256
11,9,late,top1_transition,0.26953125,256
11,9,late,topk_transition,0.125,256
11,10,late,freq_baseline,0.078125,256
11,10,late,top1_transition,0.296875,256
11,10,late,topk_transition,0.09375,256
11,11,late,freq_baseline,0.0,256
11,11,late,top1_transition,0.2578125,256
11,11,late,topk_transition,0.00390625,256
11,12,late,freq_baseline,0.12890625,256
11,12,late,top1_transition,0.12109375,256
11,12,late,topk_transition,0.13671875,256
11,13,late,freq_baseline,0.11328125,256
11,13,late,top1_transition,0.18359375,256
11,13,late,topk_transition,0.1171875,256
11,14,late,freq_baseline,0.19140625,256
11,14,late,top1_transition,0.37109375,256
11,14,late,topk_transition,0.203125,256
11,0,early,neighbor_same_layer,0.14901960784313725,255
11,0,early,freq_baseline_same_layer,0.1568627450980392,255
11,1,early,neighbor_same_layer,0.28627450980392155,255
11,1,early,freq_baseline_same_layer,0.3176470588235294,255
11,2,early,neighbor_same_layer,0.20392156862745098,255
11,2,early,freq_baseline_same_layer,0.09803921568627451,255
11,3,early,neighbor_same_layer,0.09411764705882353,255
11,3,early,freq_baseline_same_layer,0.11372549019607843,255
11,4,early,neighbor_same_layer,0.1450980392156863,255
11,4,early,freq_baseline_same_layer,0.11764705882352941,255
11,5,early,neighbor_same_layer,0.23137254901960785,255
11,5,early,freq_baseline_same_layer,0.058823529411764705,255
11,6,early,neighbor_same_layer,0.1411764705882353,255
11,6,early,freq_baseline_same_layer,0.027450980392156862,255
11,7,early,neighbor_same_layer,0.23137254901960785,255
11,7,early,freq_baseline_same_layer,0.09411764705882353,255
11,8,late,neighbor_same_layer,0.29411764705882354,255
11,8,late,freq_baseline_same_layer,0.0,255
11,9,late,neighbor_same_layer,0.23529411764705882,255
11,9,late,freq_baseline_same_layer,0.01568627450980392,255
11,10,late,neighbor_same_layer,0.16470588235294117,255
11,10,late,freq_baseline_same_layer,0.11764705882352941,255
11,11,late,neighbor_same_layer,0.2196078431372549,255
11,11,late,freq_baseline_same_layer,0.0784313725490196,255
11,12,late,neighbor_same_layer,0.36470588235294116,255
11,12,late,freq_baseline_same_layer,0.0,255
11,13,late,neighbor_same_layer,0.3333333333333333,255
11,13,late,freq_baseline_same_layer,0.12941176470588237,255
11,14,late,neighbor_same_layer,0.11764705882352941,255
11,14,late,freq_baseline_same_layer,0.11372549019607843,255
11,15,late,neighbor_same_layer,0.2980392156862745,255
11,15,late,freq_baseline_same_layer,0.19215686274509805,255
12,0,early,freq_baseline,0.19140625,256
12,0,early,top1_transition,0.20703125,256
12,0,early,topk_transition,0.26953125,256
12,1,early,freq_baseline,0.08203125,256
12,1,early,top1_transition,0.14453125,256
12,1,early,topk_transition,0.08203125,256
12,2,early,freq_baseline,0.046875,256
12,2,early,top1_transition,0.140625,256
12,2,early,topk_transition,0.046875,256
12,3,early,freq_baseline,0.109375,256
12,3,early,top1_transition,0.32421875,256
12,3,early,topk_transition,0.1171875,256
12,4,early,freq_baseline,0.0703125,256
12,4,early,top1_transition,0.23046875,256
12,4,early,topk_transition,0.0859375,256
12,5,early,freq_baseline,0.140625,256
12,5,early,top1_transition,0.44140625,256
12,5,early,topk_transition,0.1796875,256
12,6,early,freq_baseline,0.01953125,256
12,6,early,top1_transition,0.3046875,256
12,6,early,topk_transition,0.04296875,256
12,7,early,freq_baseline,0.0546875,256
12,7,early,top1_transition,0.35546875,256
12,7,early,topk_transition,0.12890625,256
12,8,late,freq_baseline,0.046875,256
12,8,late,top1_transition,0.234375,256
12,8,late,topk_transition,0.078125,256
12,9,late,freq_baseline,0.12890625,256
12,9,late,top1_transition,0.2109375,256
12,9,late,topk_transition,0.16015625,256
12,10,late,freq_baseline,0.06640625,256
12,10,late,top1_transition,0.31640625,256
12,10,late,topk_transition,0.08203125,256
12,11,late,freq_baseline,0.03515625,256
12,11,late,top1_transition,0.26171875,256
12,11,late,topk_transition,0.04296875,256
12,12,late,freq_baseline,0.3359375,256
12,12,late,top1_transition,0.3046875,256
12,12,late,topk_transition,0.33984375,256
12,13,late,freq_baseline,0.09375,256
12,13,late,top1_transition,0.26953125,256
12,13,late,topk_transition,0.09765625,256
12,14,late,freq_baseline,0.00390625,256
12,14,late,top1_transition,0.3671875,256
12,14,late,topk_transition,0.01171875,256
12,0,early,neighbor_same_layer,0.40784313725490196,255
12,0,early,freq_baseline_same_layer,0.396078431372549,255
12,1,early,neighbor_same_layer,0.20392156862745098,255
12,1,early,freq_baseline_same_layer,0.19215686274509805,255
12,2,early,neighbor_same_layer,0.16470588235294117,255
12,2,early,freq_baseline_same_layer,0.0784313725490196,255
12,3,early,neighbor_same_layer,0.13725490196078433,255
12,3,early,freq_baseline_same_layer,0.043137254901960784,255
12,4,early,neighbor_same_layer,0.23137254901960785,255
12,4,early,freq_baseline_same_layer,0.10980392156862745,255
12,5,early,neighbor_same_layer,0.24705882352941178,255
12,5,early,freq_baseline_same_layer,0.07058823529411765,255
12,6,early,neighbor_same_layer,0.27058823529411763,255
12,6,early,freq_baseline_same_layer,0.1411764705882353,255
12,7,early,neighbor_same_layer,0.1568627450980392,255
12,7,early,freq_baseline_same_layer,0.0196078431372549,255
12,8,late,neighbor_same_layer,0.2196078431372549,255
12,8,late,freq_baseline_same_layer,0.054901960784313725,255
12,9,late,neighbor_same_layer,0.2196078431372549,255
12,9,late,freq_baseline_same_layer,0.047058823529411764,255
12,10,late,neighbor_same_layer,0.19607843137254902,255
12,10,late,freq_baseline_same_layer,0.12941176470588237,255
12,11,late,neighbor_same_layer,0.1568627450980392,255
12,11,late,freq_baseline_same_layer,0.06666666666666667,255
12,12,late,neighbor_same_layer,0.21176470588235294,255
12,12,late,freq_baseline_same_layer,0.03529411764705882,255
12,13,late,neighbor_same_layer,0.2549019607843137,255
12,13,late,freq_baseline_same_layer,0.33725490196078434,255
12,14,late,neighbor_same_layer,0.1803921568627451,255
12,14,late,freq_baseline_same_layer,0.09411764705882353,255
12,15,late,neighbor_same_layer,0.20784313725490197,255
12,15,late,freq_baseline_same_layer,0.00392156862745098,255
13,0,early,freq_baseline,0.109375,256
13,0,early,top1_transition,0.08203125,256
13,0,early,topk_transition,0.109375,256
13,1,early,freq_baseline,0.03125,256
13,1,early,top1_transition,0.08203125,256
13,1,early,topk_transition,0.03125,256
13,2,early,freq_baseline,0.04296875,256
13,2,early,top1_transition,0.203125,256
13,2,early,topk_transition,0.05078125,256
13,3,early,freq_baseline,0.0859375,256
13,3,early,top1_transition,0.26953125,256
13,3,early,topk_transition,0.08984375,256
13,4,early,freq_baseline,0.0390625,256
13,4,early,top1_transition,0.203125,256
13,4,early,topk_transition,0.04296875,256
13,5,early,freq_baseline,0.046875,256
13,5,early,top1_transition,0.4453125,256
13,5,early,topk_transition,0.05078125,256
13,6,early,freq_baseline,0.09765625,256
13,6,early,top1_transition,0.1875,256
13,6,early,topk_transition,0.1171875,256
13,7,early,freq_baseline,0.01953125,256
13,7,early,top1_transition,0.18359375,256
13,7,early,topk_transition,0.0234375,256
13,8,late,freq_baseline,0.0,256
13,8,late,top1_transition,0.17578125,256
13,8,late,topk_transition,0.0078125,256
13,9,late,freq_baseline,0.046875,256
13,9,late,top1_transition,0.15234375,256
13,9,late,topk_transition,0.0546875,256
13,10,late,freq_baseline,0.08984375,256
13,10,late,top1_transition,0.18359375,256
13,10,late,topk_transition,0.09375,256
13,11,late,freq_baseline,0.00390625,256
13,11,late,top1_transition,0.32421875,256
13,11,late,topk_transition,0.0078125,256
13,12,late,freq_baseline,0.01953125,256
13,12,late,top1_transition,0.26171875,256
13,12,late,topk_transition,0.0234375,256
13,13,late,freq_baseline,0.16796875,256
13,13,late,top1_transition,0.2734375,256
13,13,late,topk_transition,0.18359375,256
13,14,late,freq_baseline,0.16015625,256
13,14,late,top1_transition,0.265625,256
13,14,late,topk_transition,0.16796875,256
13,0,early,neighbor_same_layer,0.10980392156862745,255
13,0,early,freq_baseline_same_layer,0.1450980392156863,255
13,1,early,neighbor_same_layer,0.11372549019607843,255
13,1,early,freq_baseline_same_layer,0.10980392156862745,255
13,2,early,neighbor_same_layer,0.09411764705882353,255
13,2,early,freq_baseline_same_layer,0.027450980392156862,255
13,3,early,neighbor_same_layer,0.17254901960784313,255
13,3,early,freq_baseline_same_layer,0.0392156862745098,255
13,4,early,neighbor_same_layer,0.15294117647058825,255
13,4,early,freq_baseline_same_layer,0.08627450980392157,255
13,5,early,neighbor_same_layer,0.14901960784313725,255
13,5,early,freq_baseline_same_layer,0.0392156862745098,255
13,6,early,neighbor_same_layer,0.2549019607843137,255
13,6,early,freq_baseline_same_layer,0.047058823529411764,255
13,7,early,neighbor_same_layer,0.17254901960784313,255
13,7,early,freq_baseline_same_layer,0.09803921568627451,255
13,8,late,neighbor_same_layer,0.2549019607843137,255
13,8,late,freq_baseline_same_layer,0.0196078431372549,255
13,9,late,neighbor_same_layer,0.16862745098039217,255
13,9,late,freq_baseline_same_layer,0.0,255
13,10,late,neighbor_same_layer,0.10980392156862745,255
13,10,late,freq_baseline_same_layer,0.047058823529411764,255
13,11,late,neighbor_same_layer,0.1843137254901961,255
13,11,late,freq_baseline_same_layer,0.09019607843137255,255
13,12,late,neighbor_same_layer,0.24313725490196078,255
13,12,late,freq_baseline_same_layer,0.00392156862745098,255
13,13,late,neighbor_same_layer,0.16862745098039217,255
13,13,late,freq_baseline_same_layer,0.0196078431372549,255
13,14,late,neighbor_same_layer,0.13725490196078433,255
13,14,late,freq_baseline_same_layer,0.16862745098039217,255
13,15,late,neighbor_same_layer,0.2235294117647059,255
13,15,late,freq_baseline_same_layer,0.1607843137254902,255
14,0,early,freq_baseline,0.25390625,256
14,0,early,top1_transition,0.21875,256
14,0,early,topk_transition,0.33203125,256
14,1,early,freq_baseline,0.078125,256
14,1,early,top1_transition,0.19140625,256
14,1,early,topk_transition,0.08203125,256
14,2,early,freq_baseline,0.0703125,256
14,2,early,top1_transition,0.22265625,256
14,2,early,topk_transition,0.0859375,256
14,3,early,freq_baseline,0.0546875,256
14,3,early,top1_transition,0.3671875,256
14,3,early,topk_transition,0.06640625,256
14,4,early,freq_baseline,0.05859375,256
14,4,early,top1_transition,0.23046875,256
14,4,early,topk_transition,0.0625,256
14,5,early,freq_baseline,0.0859375,256
14,5,early,top1_transition,0.34375,256
14,5,early,topk_transition,0.09765625,256
14,6,early,freq_baseline,0.05078125,256
14,6,early,top1_transition,0.27734375,256
14,6,early,topk_transition,0.0703125,256
14,7,early,freq_baseline,0.078125,256
14,7,early,top1_transition,0.32421875,256
14,7,early,topk_transition,0.09375,256
14,8,late,freq_baseline,0.16796875,256
14,8,late,top1_transition,0.26171875,256
14,8,late,topk_transition,0.1875,256
14,9,late,freq_baseline,0.1015625,256
14,9,late,top1_transition,0.19921875,256
14,9,late,topk_transition,0.12890625,256
14,10,late,freq_baseline,0.1953125,256
14,10,late,top1_transition,0.2421875,256
14,10,late,topk_transition,0.203125,256
14,11,late,freq_baseline,0.44921875,256
14,11,late,top1_transition,0.23828125,256
14,11,late,topk_transition,0.453125,256
14,12,late,freq_baseline,0.17578125,256
14,12,late,top1_transition,0.234375,256
14,12,late,topk_transition,0.1875,256
14,13,late,freq_baseline,0.21484375,256
14,13,late,top1_transition,0.3515625,256
14,13,late,topk_transition,0.22265625,256
14,14,late,freq_baseline,0.30078125,256
14,14,late,top1_transition,0.3984375,256
14,14,late,topk_transition,0.3046875,256
14,0,early,neighbor_same_layer,0.2823529411764706,255
14,0,early,freq_baseline_same_layer,0.29411764705882354,255
14,1,early,neighbor_same_layer,0.25882352941176473,255
14,1,early,freq_baseline_same_layer,0.2549019607843137,255
14,2,early,neighbor_same_layer,0.21568627450980393,255
14,2,early,freq_baseline_same_layer,0.07450980392156863,255
14,3,early,neighbor_same_layer,0.14901960784313725,255
14,3,early,freq_baseline_same_layer,0.06666666666666667,255
14,4,early,neighbor_same_layer,0.1843137254901961,255
14,4,early,freq_baseline_same_layer,0.054901960784313725,255
14,5,early,neighbor_same_layer,0.21176470588235294,255
14,5,early,freq_baseline_same_layer,0.058823529411764705,255
14,6,early,neighbor_same_layer,0.20784313725490197,255
14,6,early,freq_baseline_same_layer,0.08627450980392157,255
14,7,early,neighbor_same_layer,0.19215686274509805,255
14,7,early,freq_baseline_same_layer,0.050980392156862744,255
14,8,late,neighbor_same_layer,0.29411764705882354,255
14,8,late,freq_baseline_same_layer,0.0784313725490196,255
14,9,late,neighbor_same_layer,0.33725490196078434,255
14,9,late,freq_baseline_same_layer,0.16862745098039217,255
14,10,late,neighbor_same_layer,0.21176470588235294,255
14,10,late,freq_baseline_same_layer,0.10196078431372549,255
14,11,late,neighbor_same_layer,0.2,255
14,11,late,freq_baseline_same_layer,0.19607843137254902,255
14,12,late,neighbor_same_layer,0.39215686274509803,255
14,12,late,freq_baseline_same_layer,0.45098039215686275,255
14,13,late,neighbor_same_layer,0.23137254901960785,255
14,13,late,freq_baseline_same_layer,0.17647058823529413,255
14,14,late,neighbor_same_layer,0.27058823529411763,255
14,14,late,freq_baseline_same_layer,0.21568627450980393,255
14,15,late,neighbor_same_layer,0.29411764705882354,255
14,15,late,freq_baseline_same_layer,0.30196078431372547,255
15,0,early,freq_baseline,0.5546875,256
15,0,early,top1_transition,0.40625,256
15,0,early,topk_transition,0.609375,256
15,1,early,freq_baseline,0.16015625,256
15,1,early,top1_transition,0.0859375,256
15,1,early,topk_transition,0.16015625,256
15,2,early,freq_baseline,0.07421875,256
15,2,early,top1_transition,0.203125,256
15,2,early,topk_transition,0.09765625,256
15,3,early,freq_baseline,0.0859375,256
15,3,early,top1_transition,0.22265625,256
15,3,early,topk_transition,0.09765625,256
15,4,early,freq_baseline,0.1875,256
15,4,early,top1_transition,0.22265625,256
15,4,early,topk_transition,0.19140625,256
15,5,early,freq_baseline,0.19140625,256
15,5,early,top1_transition,0.33203125,256
15,5,early,topk_transition,0.2109375,256
15,6,early,freq_baseline,0.02734375,256
15,6,early,top1_transition,0.3359375,256
15,6,early,topk_transition,0.0546875,256
15,7,early,freq_baseline,0.10546875,256
15,7,early,top1_transition,0.3671875,256
15,7,early,topk_transition,0.125,256
15,8,late,freq_baseline,0.2109375,256
15,8,late,top1_transition,0.19921875,256
15,8,late,topk_transition,0.2265625,256
15,9,late,freq_baseline,0.06640625,256
15,9,late,top1_transition,0.28125,256
15,9,late,topk_transition,0.1015625,256
15,10,late,freq_baseline,0.12890625,256
15,10,late,top1_transition,0.30859375,256
15,10,late,topk_transition,0.1484375,256
15,11,late,freq_baseline,0.109375,256
15,11,late,top1_transition,0.3515625,256
15,11,late,topk_transition,0.12890625,256
15,12,late,freq_baseline,0.296875,256
15,12,late,top1_transition,0.3828125,256
15,12,late,topk_transition,0.30859375,256
15,13,late,freq_baseline,0.12109375,256
15,13,late,top1_transition,0.2890625,256
15,13,late,topk_transition,0.125,256
15,14,late,freq_baseline,0.10546875,256
15,14,late,top1_transition,0.28125,256
15,14,late,topk_transition,0.11328125,256
15,0,early,neighbor_same_layer,0.592156862745098,255
15,0,early,freq_baseline_same_layer,0.611764705882353,255
15,1,early,neighbor_same_layer,0.5058823529411764,255
15,1,early,freq_baseline_same_layer,0.5568627450980392,255
15,2,early,neighbor_same_layer,0.2235294117647059,255
15,2,early,freq_baseline_same_layer,0.1568627450980392,255
15,3,early,neighbor_same_layer,0.17254901960784313,255
15,3,early,freq_baseline_same_layer,0.07058823529411765,255
15,4,early,neighbor_same_layer,0.19215686274509805,255
15,4,early,freq_baseline_same_layer,0.08627450980392157,255
15,5,early,neighbor_same_layer,0.30196078431372547,255
15,5,early,freq_baseline_same_layer,0.18823529411764706,255
15,6,early,neighbor_same_layer,0.33725490196078434,255
15,6,early,freq_baseline_same_layer,0.19215686274509805,255
15,7,early,neighbor_same_layer,0.22745098039215686,255
15,7,early,freq_baseline_same_layer,0.027450980392156862,255
15,8,late,neighbor_same_layer,0.34509803921568627,255
15,8,late,freq_baseline_same_layer,0.10588235294117647,255
15,9,late,neighbor_same_layer,0.26666666666666666,255
15,9,late,freq_baseline_same_layer,0.21176470588235294,255
15,10,late,neighbor_same_layer,0.3215686274509804,255
15,10,late,freq_baseline_same_layer,0.06666666666666667,255
15,11,late,neighbor_same_layer,0.2549019607843137,255
15,11,late,freq_baseline_same_layer,0.12941176470588237,255
15,12,late,neighbor_same_layer,0.49411764705882355,255
15,12,late,freq_baseline_same_layer,0.10980392156862745,255
15,13,late,neighbor_same_layer,0.2823529411764706,255
15,13,late,freq_baseline_same_layer,0.2980392156862745,255
15,14,late,neighbor_same_layer,0.2235294117647059,255
15,14,late,freq_baseline_same_layer,0.12156862745098039,255
15,15,late,neighbor_same_layer,0.27058823529411763,255
15,15,late,freq_baseline_same_layer,0.10588235294117647,255
16,0,early,freq_baseline,0.09375,256
16,0,early,top1_transition,0.35546875,256
16,0,early,topk_transition,0.1328125,256
16,1,early,freq_baseline,0.140625,256
16,1,early,top1_transition,0.16015625,256
16,1,early,topk_transition,0.14453125,256
16,2,early,freq_baseline,0.08984375,256
16,2,early,top1_transition,0.16015625,256
16,2,early,topk_transition,0.09765625,256
16,3,early,freq_baseline,0.0703125,256
16,3,early,top1_transition,0.33203125,256
16,3,early,topk_transition,0.0859375,256
16,4,early,freq_baseline,0.21875,256
16,4,early,top1_transition,0.2734375,256
16,4,early,topk_transition,0.23828125,256
16,5,early,freq_baseline,0.08984375,256
16,5,early,top1_transition,0.32421875,256
16,5,early,topk_transition,0.1015625,256
16,6,early,freq_baseline,0.19140625,256
16,6,early,top1_transition,0.3203125,256
16,6,early,topk_transition,0.21875,256
16,7,early,freq_baseline,0.14453125,256
16,7,early,top1_transition,0.30078125,256
16,7,early,topk_transition,0.1640625,256
16,8,late,freq_baseline,0.29296875,256
16,8,late,top1_transition,0.1796875,256
16,8,late,topk_transition,0.30859375,256
16,9,late,freq_baseline,0.078125,256
16,9,late,top1_transition,0.3125,256
16,9,late,topk_transition,0.09375,256
16,10,late,freq_baseline,0.20703125,256
16,10,late,top1_transition,0.2734375,256
16,10,late,topk_transition,0.2265625,256
16,11,late,freq_baseline,0.02734375,256
16,11,late,top1_transition,0.375,256
16,11,late,topk_transition,0.046875,256
16,12,late,freq_baseline,0.1796875,256
16,12,late,top1_transition,0.296875,256
16,12,late,topk_transition,0.18359375,256
16,13,late,freq_baseline,0.2265625,256
16,13,late,top1_transition,0.24609375,256
16,13,late,topk_transition,0.23828125,256
16,14,late,freq_baseline,0.0703125,256
16,14,late,top1_transition,0.1796875,256
16,14,late,topk_transition,0.078125,256
16,0,early,neighbor_same_layer,0.3137254901960784,255
16,0,early,freq_baseline_same_layer,0.3411764705882353,255
16,1,early,neighbor_same_layer,0.6352941176470588,255
16,1,early,freq_baseline_same_layer,0.09411764705882353,255
16,2,early,neighbor_same_layer,0.12941176470588237,255
16,2,early,freq_baseline_same_layer,0.13725490196078433,255
16,3,early,neighbor_same_layer,0.17647058823529413,255
16,3,early,freq_baseline_same_layer,0.08627450980392157,255
16,4,early,neighbor_same_layer,0.17647058823529413,255
16,4,early,freq_baseline_same_layer,0.07058823529411765,255
16,5,early,neighbor_same_layer,0.23529411764705882,255
16,5,early,freq_baseline_same_layer,0.2196078431372549,255
16,6,early,neighbor_same_layer,0.2627450980392157,255
16,6,early,freq_baseline_same_layer,0.09019607843137255,255
16,7,early,neighbor_same_layer,0.2627450980392157,255
16,7,early,freq_baseline_same_layer,0.19215686274509805,255
16,8,late,neighbor_same_layer,0.3254901960784314,255
16,8,late,freq_baseline_same_layer,0.1450980392156863,255
16,9,late,neighbor_same_layer,0.38823529411764707,255
16,9,late,freq_baseline_same_layer,0.29411764705882354,255
16,10,late,neighbor_same_layer,0.2980392156862745,255
16,10,late,freq_baseline_same_layer,0.0784313725490196,255
16,11,late,neighbor_same_layer,0.2627450980392157,255
16,11,late,freq_baseline_same_layer,0.20784313725490197,255
16,12,late,neighbor_same_layer,0.396078431372549,255
16,12,late,freq_baseline_same_layer,0.027450980392156862,255
16,13,late,neighbor_same_layer,0.35294117647058826,255
16,13,late,freq_baseline_same_layer,0.1803921568627451,255
16,14,late,neighbor_same_layer,0.20392156862745098,255
16,14,late,freq_baseline_same_layer,0.22745098039215686,255
16,15,late,neighbor_same_layer,0.16862745098039217,255
16,15,late,freq_baseline_same_layer,0.07058823529411765,255
17,0,early,freq_baseline,0.34375,256
17,0,early,top1_transition,0.30078125,256
17,0,early,topk_transition,0.36328125,256
17,1,early,freq_baseline,0.0859375,256
17,1,early,top1_transition,0.15234375,256
17,1,early,topk_transition,0.08984375,256
17,2,early,freq_baseline,0.10546875,256
17,2,early,top1_transition,0.1875,256
17,2,early,topk_transition,0.1171875,256
17,3,early,freq_baseline,0.16796875,256
17,3,early,top1_transition,0.27734375,256
17,3,early,topk_transition,0.17578125,256
17,4,early,freq_baseline,0.09375,256
17,4,early,top1_transition,0.31640625,256
17,4,early,topk_transition,0.1171875,256
17,5,early,freq_baseline,0.1171875,256
17,5,early,top1_transition,0.42578125,256
17,5,early,topk_transition,0.125,256
17,6,early,freq_baseline,0.0703125,256
17,6,early,top1_transition,0.34765625,256
17,6,early,topk_transition,0.10546875,256
17,7,early,freq_baseline,0.109375,256
17,7,early,top1_transition,0.3359375,256
17,7,early,topk_transition,0.140625,256
17,8,late,freq_baseline,0.0703125,256
17,8,late,top1_transition,0.25390625,256
17,8,late,topk_transition,0.08984375,256
17,9,late,freq_baseline,0.140625,256
17,9,late,top1_transition,0.25,256
17,9,late,topk_transition,0.17578125,256
17,10,late,freq_baseline,0.1015625,256
17,10,late,top1_transition,0.28125,256
17,10,late,topk_transition,0.12109375,256
17,11,late,freq_baseline,0.03125,256
17,11,late,top1_transition,0.1640625,256
17,11,late,topk_transition,0.0546875,256
17,12,late,freq_baseline,0.25,256
17,12,late,top1_transition,0.3515625,256
17,12,late,topk_transition,0.2578125,256
17,13,late,freq_baseline,0.08984375,256
17,13,late,top1_transition,0.296875,256
17,13,late,topk_transition,0.09375,256
17,14,late,freq_baseline,0.15234375,256
17,14,late,top1_transition,0.3125,256
17,14,late,topk_transition,0.171875,256
17,0,early,neighbor_same_layer,0.34509803921568627,255
17,0,early,freq_baseline_same_layer,0.3803921568627451,255
17,1,early,neighbor_same_layer,0.3686274509803922,255
17,1,early,freq_baseline_same_layer,0.34509803921568627,255
17,2,early,neighbor_same_layer,0.07450980392156863,255
17,2,early,freq_baseline_same_layer,0.08235294117647059,255
17,3,early,neighbor_same_layer,0.1843137254901961,255
17,3,early,freq_baseline_same_layer,0.10196078431372549,255
17,4,early,neighbor_same_layer,0.19607843137254902,255
17,4,early,freq_baseline_same_layer,0.16862745098039217,255
17,5,early,neighbor_same_layer,0.27450980392156865,255
17,5,early,freq_baseline_same_layer,0.09411764705882353,255
17,6,early,neighbor_same_layer,0.27058823529411763,255
17,6,early,freq_baseline_same_layer,0.11764705882352941,255
17,7,early,neighbor_same_layer,0.24313725490196078,255
17,7,early,freq_baseline_same_layer,0.07058823529411765,255
17,8,late,neighbor_same_layer,0.28627450980392155,255
17,8,late,freq_baseline_same_layer,0.10980392156862745,255
17,9,late,neighbor_same_layer,0.25882352941176473,255
17,9,late,freq_baseline_same_layer,0.07058823529411765,255
17,10,late,neighbor_same_layer,0.19215686274509805,255
17,10,late,freq_baseline_same_layer,0.1411764705882353,255
17,11,late,neighbor_same_layer,0.17254901960784313,255
17,11,late,freq_baseline_same_layer,0.10196078431372549,255
17,12,late,neighbor_same_layer,0.23921568627450981,255
17,12,late,freq_baseline_same_layer,0.03137254901960784,255
17,13,late,neighbor_same_layer,0.25098039215686274,255
17,13,late,freq_baseline_same_layer,0.25098039215686274,255
17,14,late,neighbor_same_layer,0.20392156862745098,255
17,14,late,freq_baseline_same_layer,0.09019607843137255,255
17,15,late,neighbor_same_layer,0.30196078431372547,255
17,15,late,freq_baseline_same_layer,0.15294117647058825,255
18,0,early,freq_baseline,0.19140625,256
18,0,early,top1_transition,0.2109375,256
18,0,early,topk_transition,0.21875,256
18,1,early,freq_baseline,0.12109375,256
18,1,early,top1_transition,0.09765625,256
18,1,early,topk_transition,0.12109375,256
18,2,early,freq_baseline,0.03515625,256
18,2,early,top1_transition,0.125,256
18,2,early,topk_transition,0.046875,256
18,3,early,freq_baseline,0.15234375,256
18,3,early,top1_transition,0.2265625,256
18,3,early,topk_transition,0.16015625,256
18,4,early,freq_baseline,0.171875,256
18,4,early,top1_transition,0.23046875,256
18,4,early,topk_transition,0.17578125,256
18,5,early,freq_baseline,0.0859375,256
18,5,early,top1_transition,0.3359375,256
18,5,early,topk_transition,0.1015625,256
18,6,early,freq_baseline,0.0625,256
18,6,early,top1_transition,0.2578125,256
18,6,early,topk_transition,0.0859375,256
18,7,early,freq_baseline,0.171875,256
18,7,early,top1_transition,0.31640625,256
18,7,early,topk_transition,0.17578125,256
18,8,late,freq_baseline,0.01953125,256
18,8,late,top1_transition,0.3359375,256
18,8,late,topk_transition,0.03515625,256
18,9,late,freq_baseline,0.1015625,256
18,9,late,top1_transition,0.171875,256
18,9,late,topk_transition,0.12109375,256
18,10,late,freq_baseline,0.125,256
18,10,late,top1_transition,0.24609375,256
18,10,late,topk_transition,0.12890625,256
18,11,late,freq_baseline,0.01171875,256
18,11,late,top1_transition,0.12890625,256
18,11,late,topk_transition,0.0234375,256
18,12,late,freq_baseline,0.265625,256
18,12,late,top1_transition,0.19921875,256
18,12,late,topk_transition,0.26953125,256
18,13,late,freq_baseline,0.00390625,256
18,13,late,top1_transition,0.15234375,256
18,13,late,topk_transition,0.0078125,256
18,14,late,freq_baseline,0.00390625,256
18,14,late,top1_transition,0.33984375,256
18,14,late,topk_transition,0.0078125,256
18,0,early,neighbor_same_layer,0.4,255
18,0,early,freq_baseline_same_layer,0.39215686274509803,255
18,1,early,neighbor_same_layer,0.22745098039215686,255
18,1,early,freq_baseline_same_layer,0.19215686274509805,255
18,2,early,neighbor_same_layer,0.0784313725490196,255
18,2,early,freq_baseline_same_layer,0.11764705882352941,255
18,3,early,neighbor_same_layer,0.12941176470588237,255
18,3,early,freq_baseline_same_layer,0.03137254901960784,255
18,4,early,neighbor_same_layer,0.11764705882352941,255
18,4,early,freq_baseline_same_layer,0.15294117647058825,255
18,5,early,neighbor_same_layer,0.17254901960784313,255
18,5,early,freq_baseline_same_layer,0.17254901960784313,255
18,6,early,neighbor_same_layer,0.18823529411764706,255
18,6,early,freq_baseline_same_layer,0.08627450980392157,255
18,7,early,neighbor_same_layer,0.21176470588235294,255
18,7,early,freq_baseline_same_layer,0.06274509803921569,255
18,8,late,neighbor_same_layer,0.21568627450980393,255
18,8,late,freq_baseline_same_layer,0.17254901960784313,255
18,9,late,neighbor_same_layer,0.2235294117647059,255
18,9,late,freq_baseline_same_layer,0.0196078431372549,255
18,10,late,neighbor_same_layer,0.19215686274509805,255
18,10,late,freq_baseline_same_layer,0.10196078431372549,255
18,11,late,neighbor_same_layer,0.22745098039215686,255
18,11,late,freq_baseline_same_layer,0.12549019607843137,255
18,12,late,neighbor_same_layer,0.17647058823529413,255
18,12,late,freq_baseline_same_layer,0.011764705882352941,255
18,13,late,neighbor_same_layer,0.26666666666666666,255
18,13,late,freq_baseline_same_layer,0.26666666666666666,255
18,14,late,neighbor_same_layer,0.08235294117647059,255
18,14,late,freq_baseline_same_layer,0.00392156862745098,255
18,15,late,neighbor_same_layer,0.18823529411764706,255
18,15,late,freq_baseline_same_layer,0.00392156862745098,255
19,0,early,freq_baseline,0.02734375,256
19,0,early,top1_transition,0.0859375,256
19,0,early,topk_transition,0.0703125,256
19,1,early,freq_baseline,0.05078125,256
19,1,early,top1_transition,0.13671875,256
19,1,early,topk_transition,0.05078125,256
19,2,early,freq_baseline,0.05078125,256
19,2,early,top1_transition,0.1875,256
19,2,early,topk_transition,0.0546875,256
19,3,early,freq_baseline,0.10546875,256
19,3,early,top1_transition,0.2109375,256
19,3,early,topk_transition,0.1171875,256
19,4,early,freq_baseline,0.0390625,256
19,4,early,top1_transition,0.203125,256
19,4,early,topk_transition,0.0390625,256
19,5,early,freq_baseline,0.046875,256
19,5,early,top1_transition,0.37890625,256
19,5,early,topk_transition,0.06640625,256
19,6,early,freq_baseline,0.05078125,256
19,6,early,top1_transition,0.19921875,256
19,6,early,topk_transition,0.078125,256
19,7,early,freq_baseline,0.03515625,256
19,7,early,top1_transition,0.23046875,256
19,7,early,topk_transition,0.05078125,256
19,8,late,freq_baseline,0.03125,256
19,8,late,top1_transition,0.234375,256
19,8,late,topk_transition,0.03515625,256
19,9,late,freq_baseline,0.1015625,256
19,9,late,top1_transition,0.1953125,256
19,9,late,topk_transition,0.12109375,256
19,10,late,freq_baseline,0.109375,256
19,10,late,top1_transition,0.2578125,256
19,10,late,topk_transition,0.11328125,256
19,11,late,freq_baseline,0.0,256
19,11,late,top1_transition,0.1953125,256
19,11,late,topk_transition,0.00390625,256
19,12,late,freq_baseline,0.2421875,256
19,12,late,top1_transition,0.24609375,256
19,12,late,topk_transition,0.24609375,256
19,13,late,freq_baseline,0.0234375,256
19,13,late,top1_transition,0.32421875,256
19,13,late,topk_transition,0.03125,256
19,14,late,freq_baseline,0.0703125,256
19,14,late,top1_transition,0.26953125,256
19,14,late,topk_transition,0.07421875,256
19,0,early,neighbor_same_layer,0.09411764705882353,255
19,0,early,freq_baseline_same_layer,0.08627450980392157,255
19,1,early,neighbor_same_layer,0.043137254901960784,255
19,1,early,freq_baseline_same_layer,0.027450980392156862,255
19,2,early,neighbor_same_layer,0.13725490196078433,255
19,2,early,freq_baseline_same_layer,0.047058823529411764,255
19,3,early,neighbor_same_layer,0.11764705882352941,255
19,3,early,freq_baseline_same_layer,0.047058823529411764,255
19,4,early,neighbor_same_layer,0.12156862745098039,255
19,4,early,freq_baseline_same_layer,0.10588235294117647,255
19,5,early,neighbor_same_layer,0.17254901960784313,255
19,5,early,freq_baseline_same_layer,0.0392156862745098,255
19,6,early,neighbor_same_layer,0.1843137254901961,255
19,6,early,freq_baseline_same_layer,0.047058823529411764,255
19,7,early,neighbor_same_layer,0.18823529411764706,255
19,7,early,freq_baseline_same_layer,0.050980392156862744,255
19,8,late,neighbor_same_layer,0.2,255
19,8,late,freq_baseline_same_layer,0.03529411764705882,255
19,9,late,neighbor_same_layer,0.24705882352941178,255
19,9,late,freq_baseline_same_layer,0.03137254901960784,255
19,10,late,neighbor_same_layer,0.17647058823529413,255
19,10,late,freq_baseline_same_layer,0.10196078431372549,255
19,11,late,neighbor_same_layer,0.2196078431372549,255
19,11,late,freq_baseline_same_layer,0.10980392156862745,255
19,12,late,neighbor_same_layer,0.1568627450980392,255
19,12,late,freq_baseline_same_layer,0.0,255
19,13,late,neighbor_same_layer,0.28627450980392155,255
19,13,late,freq_baseline_same_layer,0.24313725490196078,255
19,14,late,neighbor_same_layer,0.07450980392156863,255
19,14,late,freq_baseline_same_layer,0.023529411764705882,255
19,15,late,neighbor_same_layer,0.23529411764705882,255
19,15,late,freq_baseline_same_layer,0.07058823529411765,255
20,0,early,freq_baseline,0.02734375,256
20,0,early,top1_transition,0.12109375,256
20,0,early,topk_transition,0.109375,256
20,1,early,freq_baseline,0.046875,256
20,1,early,top1_transition,0.109375,256
20,1,early,topk_transition,0.046875,256
20,2,early,freq_baseline,0.0546875,256
20,2,early,top1_transition,0.17578125,256
20,2,early,topk_transition,0.06640625,256
20,3,early,freq_baseline,0.1328125,256
20,3,early,top1_transition,0.3203125,256
20,3,early,topk_transition,0.13671875,256
20,4,early,freq_baseline,0.08203125,256
20,4,early,top1_transition,0.23828125,256
20,4,early,topk_transition,0.0703125,256
20,5,early,freq_baseline,0.1015625,256
20,5,early,top1_transition,0.3359375,256
20,5,early,topk_transition,0.125,256
20,6,early,freq_baseline,0.03125,256
20,6,early,top1_transition,0.27734375,256
20,6,early,topk_transition,0.06640625,256
20,7,early,freq_baseline,0.16796875,256
20,7,early,top1_transition,0.33984375,256
20,7,early,topk_transition,0.19140625,256
20,8,late,freq_baseline,0.08203125,256
20,8,late,top1_transition,0.26953125,256
20,8,late,topk_transition,0.12109375,256
20,9,late,freq_baseline,0.14453125,256
20,9,late,top1_transition,0.26171875,256
20,9,late,topk_transition,0.16796875,256
20,10,late,freq_baseline,0.0703125,256
20,10,late,top1_transition,0.2734375,256
20,10,late,topk_transition,0.08984375,256
20,11,late,freq_baseline,0.3671875,256
20,11,late,top1_transition,0.2578125,256
20,11,late,topk_transition,0.3671875,256
20,12,late,freq_baseline,0.1484375,256
20,12,late,top1_transition,0.21484375,256
20,12,late,topk_transition,0.15625,256
20,13,late,freq_baseline,0.09765625,256
20,13,late,top1_transition,0.28125,256
20,13,late,topk_transition,0.1015625,256
20,14,late,freq_baseline,0.296875,256
20,14,late,top1_transition,0.4453125,256
20,14,late,topk_transition,0.30859375,256
20,0,early,neighbor_same_layer,0.6313725490196078,255
20,0,early,freq_baseline_same_layer,0.6313725490196078,255
20,1,early,neighbor_same_layer,0.050980392156862744,255
20,1,early,freq_baseline_same_layer,0.027450980392156862,255
20,2,early,neighbor_same_layer,0.12549019607843137,255
20,2,early,freq_baseline_same_layer,0.043137254901960784,255
20,3,early,neighbor_same_layer,0.17647058823529413,255
20,3,early,freq_baseline_same_layer,0.050980392156862744,255
20,4,early,neighbor_same_layer,0.23529411764705882,255
20,4,early,freq_baseline_same_layer,0.13333333333333333,255
20,5,early,neighbor_same_layer,0.18823529411764706,255
20,5,early,freq_baseline_same_layer,0.08235294117647059,255
20,6,early,neighbor_same_layer,0.24705882352941178,255
20,6,early,freq_baseline_same_layer,0.10196078431372549,255
20,7,early,neighbor_same_layer,0.1843137254901961,255
20,7,early,freq_baseline_same_layer,0.03137254901960784,255
20,8,late,neighbor_same_layer,0.25098039215686274,255
20,8,late,freq_baseline_same_layer,0.16862745098039217,255
20,9,late,neighbor_same_layer,0.29411764705882354,255
20,9,late,freq_baseline_same_layer,0.08235294117647059,255
20,10,late,neighbor_same_layer,0.20784313725490197,255
20,10,late,freq_baseline_same_layer,0.1450980392156863,255
20,11,late,neighbor_same_layer,0.21176470588235294,255
20,11,late,freq_baseline_same_layer,0.07058823529411765,255
20,12,late,neighbor_same_layer,0.2901960784313726,255
20,12,late,freq_baseline_same_layer,0.3686274509803922,255
20,13,late,neighbor_same_layer,0.21568627450980393,255
20,13,late,freq_baseline_same_layer,0.14901960784313725,255
20,14,late,neighbor_same_layer,0.26666666666666666,255
20,14,late,freq_baseline_same_layer,0.09803921568627451,255
20,15,late,neighbor_same_layer,0.35294117647058826,255
20,15,late,freq_baseline_same_layer,0.2980392156862745,255
21,0,early,freq_baseline,0.3046875,256
21,0,early,top1_transition,0.46875,256
21,0,early,topk_transition,0.33203125,256
21,1,early,freq_baseline,0.078125,256
21,1,early,top1_transition,0.109375,256
21,1,early,topk_transition,0.078125,256
21,2,early,freq_baseline,0.13671875,256
21,2,early,top1_transition,0.19140625,256
21,2,early,topk_transition,0.140625,256
21,3,early,freq_baseline,0.07421875,256
21,3,early,top1_transition,0.40234375,256
21,3,early,topk_transition,0.08984375,256
21,4,early,freq_baseline,0.140625,256
21,4,early,top1_transition,0.27734375,256
21,4,early,topk_transition,0.1484375,256
21,5,early,freq_baseline,0.12890625,256
21,5,early,top1_transition,0.34375,256
21,5,early,topk_transition,0.15625,256
21,6,early,freq_baseline,0.10546875,256
21,6,early,top1_transition,0.32421875,256
21,6,early,topk_transition,0.14453125,256
21,7,early,freq_baseline,0.24609375,256
21,7,early,top1_transition,0.296875,256
21,7,early,topk_transition,0.25390625,256
21,8,late,freq_baseline,0.24609375,256
21,8,late,top1_transition,0.2421875,256
21,8,late,topk_transition,0.26953125,256
21,9,late,freq_baseline,0.046875,256
21,9,late,top1_transition,0.2734375,256
21,9,late,topk_transition,0.06640625,256
21,10,late,freq_baseline,0.171875,256
21,10,late,top1_transition,0.2734375,256
21,10,late,topk_transition,0.1875,256
21,11,late,freq_baseline,0.14453125,256
21,11,late,top1_transition,0.4453125,256
21,11,late,topk_transition,0.15234375,256
21,12,late,freq_baseline,0.265625,256
21,12,late,top1_transition,0.37109375,256
21,12,late,topk_transition,0.27734375,256
21,13,late,freq_baseline,0.203125,256
21,13,late,top1_transition,0.25390625,256
21,13,late,topk_transition,0.21875,256
21,14,late,freq_baseline,0.21484375,256
21,14,late,top1_transition,0.30859375,256
21,14,late,topk_transition,0.21875,256
21,0,early,neighbor_same_layer,0.43529411764705883,255
21,0,early,freq_baseline_same_layer,0.43529411764705883,255
21,1,early,neighbor_same_layer,0.43137254901960786,255
21,1,early,freq_baseline_same_layer,0.3058823529411765,255
21,2,early,neighbor_same_layer,0.1843137254901961,255
21,2,early,freq_baseline_same_layer,0.07450980392156863,255
21,3,early,neighbor_same_layer,0.15294117647058825,255
21,3,early,freq_baseline_same_layer,0.13333333333333333,255
21,4,early,neighbor_same_layer,0.21176470588235294,255
21,4,early,freq_baseline_same_layer,0.07450980392156863,255
21,5,early,neighbor_same_layer,0.20784313725490197,255
21,5,early,freq_baseline_same_layer,0.1411764705882353,255
21,6,early,neighbor_same_layer,0.24705882352941178,255
21,6,early,freq_baseline_same_layer,0.12941176470588237,255
21,7,early,neighbor_same_layer,0.24705882352941178,255
21,7,early,freq_baseline_same_layer,0.10588235294117647,255
21,8,late,neighbor_same_layer,0.29411764705882354,255
21,8,late,freq_baseline_same_layer,0.24705882352941178,255
21,9,late,neighbor_same_layer,0.30980392156862746,255
21,9,late,freq_baseline_same_layer,0.24705882352941178,255
21,10,late,neighbor_same_layer,0.26666666666666666,255
21,10,late,freq_baseline_same_layer,0.047058823529411764,255
21,11,late,neighbor_same_layer,0.19215686274509805,255
21,11,late,freq_baseline_same_layer,0.17254901960784313,255
21,12,late,neighbor_same_layer,0.3568627450980392,255
21,12,late,freq_baseline_same_layer,0.1450980392156863,255
21,13,late,neighbor_same_layer,0.3411764705882353,255
21,13,late,freq_baseline_same_layer,0.26666666666666666,255
21,14,late,neighbor_same_layer,0.2235294117647059,255
21,14,late,freq_baseline_same_layer,0.20392156862745098,255
21,15,late,neighbor_same_layer,0.28627450980392155,255
21,15,late,freq_baseline_same_layer,0.21568627450980393,255
22,0,early,freq_baseline,0.12890625,256
22,0,early,top1_transition,0.3828125,256
22,0,early,topk_transition,0.1953125,256
22,1,early,freq_baseline,0.12109375,256
22,1,early,top1_transition,0.14453125,256
22,1,early,topk_transition,0.12109375,256
22,2,early,freq_baseline,0.09765625,256
22,2,early,top1_transition,0.17578125,256
22,2,early,topk_transition,0.1171875,256
22,3,early,freq_baseline,0.1328125,256
22,3,early,top1_transition,0.33203125,256
22,3,early,topk_transition,0.1484375,256
22,4,early,freq_baseline,0.1171875,256
22,4,early,top1_transition,0.36328125,256
22,4,early,topk_transition,0.14453125,256
22,5,early,freq_baseline,0.125,256
22,5,early,top1_transition,0.41015625,256
22,5,early,topk_transition,0.16015625,256
22,6,early,freq_baseline,0.05078125,256
22,6,early,top1_transition,0.328125,256
22,6,early,topk_transition,0.09375,256
22,7,early,freq_baseline,0.15625,256
22,7,early,top1_transition,0.2734375,256
22,7,early,topk_transition,0.19921875,256
22,8,late,freq_baseline,0.05078125,256
22,8,late,top1_transition,0.18359375,256
22,8,late,topk_transition,0.08203125,256
22,9,late,freq_baseline,0.109375,256
22,9,late,top1_transition,0.21875,256
22,9,late,topk_transition,0.140625,256
22,10,late,freq_baseline,0.08984375,256
22,10,late,top1_transition,0.265625,256
22,10,late,topk_transition,0.10546875,256
22,11,late,freq_baseline,0.01171875,256
22,11,late,top1_transition,0.28125,256
22,11,late,topk_transition,0.01953125,256
22,12,late,freq_baseline,0.37109375,256
22,12,late,top1_transition,0.36328125,256
22,12,late,topk_transition,0.37890625,256
22,13,late,freq_baseline,0.1171875,256
22,13,late,top1_transition,0.26171875,256
22,13,late,topk_transition,0.12109375,256
22,14,late,freq_baseline,0.02734375,256
22,14,late,top1_transition,0.4765625,256
22,14,late,topk_transition,0.03125,256
22,0,early,neighbor_same_layer,0.5725490196078431,255
22,0,early,freq_baseline_same_layer,0.5764705882352941,255
22,1,early,neighbor_same_layer,0.4196078431372549,255
22,1,early,freq_baseline_same_layer,0.12941176470588237,255
22,2,early,neighbor_same_layer,0.11764705882352941,255
22,2,early,freq_baseline_same_layer,0.11764705882352941,255
22,3,early,neighbor_same_layer,0.15294117647058825,255
22,3,early,freq_baseline_same_layer,0.09411764705882353,255
22,4,early,neighbor_same_layer,0.20392156862745098,255
22,4,early,freq_baseline_same_layer,0.13333333333333333,255
22,5,early,neighbor_same_layer,0.23921568627450981,255
22,5,early,freq_baseline_same_layer,0.11764705882352941,255
22,6,early,neighbor_same_layer,0.25098039215686274,255
22,6,early,freq_baseline_same_layer,0.12549019607843137,255
22,7,early,neighbor_same_layer,0.20784313725490197,255
22,7,early,freq_baseline_same_layer,0.050980392156862744,255
22,8,late,neighbor_same_layer,0.17254901960784313,255
22,8,late,freq_baseline_same_layer,0.1568627450980392,255
22,9,late,neighbor_same_layer,0.1843137254901961,255
22,9,late,freq_baseline_same_layer,0.050980392156862744,255
22,10,late,neighbor_same_layer,0.1450980392156863,255
22,10,late,freq_baseline_same_layer,0.10980392156862745,255
22,11,late,neighbor_same_layer,0.16470588235294117,255
22,11,late,freq_baseline_same_layer,0.09019607843137255,255
22,12,late,neighbor_same_layer,0.23529411764705882,255
22,12,late,freq_baseline_same_layer,0.011764705882352941,255
22,13,late,neighbor_same_layer,0.30980392156862746,255
22,13,late,freq_baseline_same_layer,0.37254901960784315,255
22,14,late,neighbor_same_layer,0.23921568627450981,255
22,14,late,freq_baseline_same_layer,0.11764705882352941,255
22,15,late,neighbor_same_layer,0.25882352941176473,255
22,15,late,freq_baseline_same_layer,0.027450980392156862,255
23,0,early,freq_baseline,0.41015625,256
23,0,early,top1_transition,0.35546875,256
23,0,early,topk_transition,0.4609375,256
23,1,early,freq_baseline,0.046875,256
23,1,early,top1_transition,0.1484375,256
23,1,early,topk_transition,0.05078125,256
23,2,early,freq_baseline,0.14453125,256
23,2,early,top1_transition,0.1953125,256
23,2,early,topk_transition,0.16015625,256
23,3,early,freq_baseline,0.10546875,256
23,3,early,top1_transition,0.296875,256
23,3,early,topk_transition,0.125,256
23,4,early,freq_baseline,0.09765625,256
23,4,early,top1_transition,0.171875,256
23,4,early,topk_transition,0.109375,256
23,5,early,freq_baseline,0.07421875,256
23,5,early,top1_transition,0.34765625,256
23,5,early,topk_transition,0.09375,256
23,6,early,freq_baseline,0.13671875,256
23,6,early,top1_transition,0.26953125,256
23,6,early,topk_transition,0.1640625,256
23,7,early,freq_baseline,0.08984375,256
23,7,early,top1_transition,0.1796875,256
23,7,early,topk_transition,0.109375,256
23,8,late,freq_baseline,0.15625,256
23,8,late,top1_transition,0.22265625,256
23,8,late,topk_transition,0.1796875,256
23,9,late,freq_baseline,0.1328125,256
23,9,late,top1_transition,0.234375,256
23,9,late,topk_transition,0.1484375,256
23,10,late,freq_baseline,0.10546875,256
23,10,late,top1_transition,0.3046875,256
23,10,late,topk_transition,0.12109375,256
23,11,late,freq_baseline,0.09765625,256
23,11,late,top1_transition,0.30078125,256
23,11,late,topk_transition,0.1015625,256
23,12,late,freq_baseline,0.1640625,256
23,12,late,top1_transition,0.30078125,256
23,12,late,topk_transition,0.1796875,256
23,13,late,freq_baseline,0.30078125,256
23,13,late,top1_transition,0.28125,256
23,13,late,topk_transition,0.31640625,256
23,14,late,freq_baseline,0.44921875,256
23,14,late,top1_transition,0.515625,256
23,14,late,topk_transition,0.453125,256
23,0,early,neighbor_same_layer,0.4117647058823529,255
23,0,early,freq_baseline_same_layer,0.41568627450980394,255
23,1,early,neighbor_same_layer,0.37254901960784315,255
23,1,early,freq_baseline_same_layer,0.4117647058823529,255
23,2,early,neighbor_same_layer,0.0784313725490196,255
23,2,early,freq_baseline_same_layer,0.043137254901960784,255
23,3,early,neighbor_same_layer,0.13333333333333333,255
23,3,early,freq_baseline_same_layer,0.1411764705882353,255
23,4,early,neighbor_same_layer,0.15294117647058825,255
23,4,early,freq_baseline_same_layer,0.10588235294117647,255
23,5,early,neighbor_same_layer,0.09803921568627451,255
23,5,early,freq_baseline_same_layer,0.09803921568627451,255
23,6,early,neighbor_same_layer,0.20392156862745098,255
23,6,early,freq_baseline_same_layer,0.07450980392156863,255
23,7,early,neighbor_same_layer,0.1843137254901961,255
23,7,early,freq_baseline_same_layer,0.13725490196078433,255
23,8,late,neighbor_same_layer,0.1843137254901961,255
23,8,late,freq_baseline_same_layer,0.09019607843137255,255
23,9,late,neighbor_same_layer,0.29411764705882354,255
23,9,late,freq_baseline_same_layer,0.1568627450980392,255
23,10,late,neighbor_same_layer,0.17647058823529413,255
23,10,late,freq_baseline_same_layer,0.13333333333333333,255
23,11,late,neighbor_same_layer,0.20784313725490197,255
23,11,late,freq_baseline_same_layer,0.10588235294117647,255
23,12,late,neighbor_same_layer,0.27058823529411763,255
23,12,late,freq_baseline_same_layer,0.09803921568627451,255
23,13,late,neighbor_same_layer,0.17647058823529413,255
23,13,late,freq_baseline_same_layer,0.16470588235294117,255
23,14,late,neighbor_same_layer,0.14901960784313725,255
23,14,late,freq_baseline_same_layer,0.30196078431372547,255
23,15,late,neighbor_same_layer,0.3764705882352941,255
23,15,late,freq_baseline_same_layer,0.45098039215686275,255
24,0,early,freq_baseline,0.0234375,256
24,0,early,top1_transition,0.05078125,256
24,0,early,topk_transition,0.02734375,256
24,1,early,freq_baseline,0.08984375,256
24,1,early,top1_transition,0.265625,256
24,1,early,topk_transition,0.09765625,256
24,2,early,freq_baseline,0.0390625,256
24,2,early,top1_transition,0.1171875,256
24,2,early,topk_transition,0.0390625,256
24,3,early,freq_baseline,0.109375,256
24,3,early,top1_transition,0.19140625,256
24,3,early,topk_transition,0.11328125,256
24,4,early,freq_baseline,0.03125,256
24,4,early,top1_transition,0.203125,256
24,4,early,topk_transition,0.03125,256
24,5,early,freq_baseline,0.03515625,256
24,5,early,top1_transition,0.18359375,256
24,5,early,topk_transition,0.046875,256
24,6,early,freq_baseline,0.0546875,256
24,6,early,top1_transition,0.15625,256
24,6,early,topk_transition,0.08203125,256
24,7,early,freq_baseline,0.00390625,256
24,7,early,top1_transition,0.2890625,256
24,7,early,topk_transition,0.01953125,256
24,8,late,freq_baseline,0.00390625,256
24,8,late,top1_transition,0.17578125,256
24,8,late,topk_transition,0.015625,256
24,9,late,freq_baseline,0.0234375,256
24,9,late,top1_transition,0.09375,256
24,9,late,topk_transition,0.02734375,256
24,10,late,freq_baseline,0.1015625,256
24,10,late,top1_transition,0.3671875,256
24,10,late,topk_transition,0.10546875,256
24,11,late,freq_baseline,0.0,256
24,11,late,top1_transition,0.08984375,256
24,11,late,topk_transition,0.00390625,256
24,12,late,freq_baseline,0.03125,256
24,12,late,top1_transition,0.08203125,256
24,12,late,topk_transition,0.03515625,256
24,13,late,freq_baseline,0.046875,256
24,13,late,top1_transition,0.14453125,256
24,13,late,topk_transition,0.05078125,256
24,14,late,freq_baseline,0.00390625,256
24,14,late,top1_transition,0.2578125,256
24,14,late,topk_transition,0.0078125,256
24,0,early,neighbor_same_layer,0.00784313725490196,255
24,0,early,freq_baseline_same_layer,0.00784313725490196,255
24,1,early,neighbor_same_layer,0.027450980392156862,255
24,1,early,freq_baseline_same_layer,0.023529411764705882,255
24,2,early,neighbor_same_layer,0.08627450980392157,255
24,2,early,freq_baseline_same_layer,0.08627450980392157,255
24,3,early,neighbor_same_layer,0.10196078431372549,255
24,3,early,freq_baseline_same_layer,0.03529411764705882,255
24,4,early,neighbor_same_layer,0.1568627450980392,255
24,4,early,freq_baseline_same_layer,0.10980392156862745,255
24,5,early,neighbor_same_layer,0.21176470588235294,255
24,5,early,freq_baseline_same_layer,0.03137254901960784,255
24,6,early,neighbor_same_layer,0.09019607843137255,255
24,6,early,freq_baseline_same_layer,0.03529411764705882,255
24,7,early,neighbor_same_layer,0.14901960784313725,255
24,7,early,freq_baseline_same_layer,0.054901960784313725,255
24,8,late,neighbor_same_layer,0.36470588235294116,255
24,8,late,freq_baseline_same_layer,0.00392156862745098,255
24,9,late,neighbor_same_layer,0.1843137254901961,255
24,9,late,freq_baseline_same_layer,0.00392156862745098,255
24,10,late,neighbor_same_layer,0.047058823529411764,255
24,10,late,freq_baseline_same_layer,0.023529411764705882,255
24,11,late,neighbor_same_layer,0.24313725490196078,255
24,11,late,freq_baseline_same_layer,0.10196078431372549,255
24,12,late,neighbor_same_layer,0.19215686274509805,255
24,12,late,freq_baseline_same_layer,0.0,255
24,13,late,neighbor_same_layer,0.2627450980392157,255
24,13,late,freq_baseline_same_layer,0.03137254901960784,255
24,14,late,neighbor_same_layer,0.12941176470588237,255
24,14,late,freq_baseline_same_layer,0.047058823529411764,255
24,15,late,neighbor_same_layer,0.16862745098039217,255
24,15,late,freq_baseline_same_layer,0.00392156862745098,255
25,0,early,freq_baseline,0.46484375,256
25,0,early,top1_transition,0.22265625,256
25,0,early,topk_transition,0.45703125,256
25,1,early,freq_baseline,0.1015625,256
25,1,early,top1_transition,0.19140625,256
25,1,early,topk_transition,0.1015625,256
25,2,early,freq_baseline,0.0703125,256
25,2,early,top1_transition,0.2265625,256
25,2,early,topk_transition,0.08984375,256
25,3,early,freq_baseline,0.078125,256
25,3,early,top1_transition,0.24609375,256
25,3,early,topk_transition,0.08984375,256
25,4,early,freq_baseline,0.10546875,256
25,4,early,top1_transition,0.328125,256
25,4,early,topk_transition,0.11328125,256
25,5,early,freq_baseline,0.21484375,256
25,5,early,top1_transition,0.31640625,256
25,5,early,topk_transition,0.23046875,256
25,6,early,freq_baseline,0.03515625,256
25,6,early,top1_transition,0.24609375,256
25,6,early,topk_transition,0.0859375,256
25,7,early,freq_baseline,0.046875,256
25,7,early,top1_transition,0.375,256
25,7,early,topk_transition,0.078125,256
25,8,late,freq_baseline,0.078125,256
25,8,late,top1_transition,0.19921875,256
25,8,late,topk_transition,0.11328125,256
25,9,late,freq_baseline,0.08203125,256
25,9,late,top1_transition,0.15625,256
25,9,late,topk_transition,0.11328125,256
25,10,late,freq_baseline,0.1015625,256
25,10,late,top1_transition,0.234375,256
25,10,late,topk_transition,0.11328125,256
25,11,late,freq_baseline,0.26171875,256
25,11,late,top1_transition,0.23828125,256
25,11,late,topk_transition,0.2578125,256
25,12,late,freq_baseline,0.16796875,256
25,12,late,top1_transition,0.20703125,256
25,12,late,topk_transition,0.171875,256
25,13,late,freq_baseline,0.0546875,256
25,13,late,top1_transition,0.296875,256
25,13,late,topk_transition,0.05859375,256
25,14,late,freq_baseline,0.16796875,256
25,14,late,top1_transition,0.375,256
25,14,late,topk_transition,0.203125,256
25,0,early,neighbor_same_layer,0.6549019607843137,255
25,0,early,freq_baseline_same_layer,0.6627450980392157,255
25,1,early,neighbor_same_layer,0.4627450980392157,255
25,1,early,freq_baseline_same_layer,0.4666666666666667,255
25,2,early,neighbor_same_layer,0.21176470588235294,255
25,2,early,freq_baseline_same_layer,0.09803921568627451,255
25,3,early,neighbor_same_layer,0.16862745098039217,255
25,3,early,freq_baseline_same_layer,0.06666666666666667,255
25,4,early,neighbor_same_layer,0.19215686274509805,255
25,4,early,freq_baseline_same_layer,0.0784313725490196,255
25,5,early,neighbor_same_layer,0.2627450980392157,255
25,5,early,freq_baseline_same_layer,0.10588235294117647,255
25,6,early,neighbor_same_layer,0.20784313725490197,255
25,6,early,freq_baseline_same_layer,0.21568627450980393,255
25,7,early,neighbor_same_layer,0.23921568627450981,255
25,7,early,freq_baseline_same_layer,0.03529411764705882,255
25,8,late,neighbor_same_layer,0.4627450980392157,255
25,8,late,freq_baseline_same_layer,0.047058823529411764,255
25,9,late,neighbor_same_layer,0.20392156862745098,255
25,9,late,freq_baseline_same_layer,0.0784313725490196,255
25,10,late,neighbor_same_layer,0.1450980392156863,255
25,10,late,freq_baseline_same_layer,0.08235294117647059,255
25,11,late,neighbor_same_layer,0.2901960784313726,255
25,11,late,freq_baseline_same_layer,0.10196078431372549,255
25,12,late,neighbor_same_layer,0.2901960784313726,255
25,12,late,freq_baseline_same_layer,0.2627450980392157,255
25,13,late,neighbor_same_layer,0.26666666666666666,255
25,13,late,freq_baseline_same_layer,0.16862745098039217,255
25,14,late,neighbor_same_layer,0.3254901960784314,255
25,14,late,freq_baseline_same_layer,0.054901960784313725,255
25,15,late,neighbor_same_layer,0.25882352941176473,255
25,15,late,freq_baseline_same_layer,0.16862745098039217,255
26,0,early,freq_baseline,0.1796875,256
26,0,early,top1_transition,0.44140625,256
26,0,early,topk_transition,0.25390625,256
26,1,early,freq_baseline,0.140625,256
26,1,early,top1_transition,0.15234375,256
26,1,early,topk_transition,0.140625,256
26,2,early,freq_baseline,0.0625,256
26,2,early,top1_transition,0.1640625,256
26,2,early,topk_transition,0.07421875,256
26,3,early,freq_baseline,0.07421875,256
26,3,early,top1_transition,0.29296875,256
26,3,early,topk_transition,0.0859375,256
26,4,early,freq_baseline,0.21484375,256
26,4,early,top1_transition,0.23828125,256
26,4,early,topk_transition,0.23046875,256
26,5,early,freq_baseline,0.14453125,256
26,5,early,top1_transition,0.32421875,256
26,5,early,topk_transition,0.1640625,256
26,6,early,freq_baseline,0.109375,256
26,6,early,top1_transition,0.31640625,256
26,6,early,topk_transition,0.14453125,256
26,7,early,freq_baseline,0.2890625,256
26,7,early,top1_transition,0.40625,256
26,7,early,topk_transition,0.30078125,256
26,8,late,freq_baseline,0.18359375,256
26,8,late,top1_transition,0.1796875,256
26,8,late,topk_transition,0.20703125,256
26,9,late,freq_baseline,0.08203125,256
26,9,late,top1_transition,0.21484375,256
26,9,late,topk_transition,0.09765625,256
26,10,late,freq_baseline,0.14453125,256
26,10,late,top1_transition,0.26953125,256
26,10,late,topk_transition,0.16796875,256
26,11,late,freq_baseline,0.015625,256
26,11,late,top1_transition,0.34375,256
26,11,late,topk_transition,0.01953125,256
26,12,late,freq_baseline,0.328125,256
26,12,late,top1_transition,0.4296875,256
26,12,late,topk_transition,0.3359375,256
26,13,late,freq_baseline,0.13671875,256
26,13,late,top1_transition,0.1796875,256
26,13,late,topk_transition,0.140625,256
26,14,late,freq_baseline,0.1796875,256
26,14,late,top1_transition,0.19140625,256
26,14,late,topk_transition,0.1875,256
26,0,early,neighbor_same_layer,0.5607843137254902,255
26,0,early,freq_baseline_same_layer,0.5686274509803921,255
26,1,early,neighbor_same_layer,0.5686274509803921,255
26,1,early,freq_baseline_same_layer,0.1803921568627451,255
26,2,early,neighbor_same_layer,0.2,255
26,2,early,freq_baseline_same_layer,0.13725490196078433,255
26,3,early,neighbor_same_layer,0.19215686274509805,255
26,3,early,freq_baseline_same_layer,0.058823529411764705,255
26,4,early,neighbor_same_layer,0.13725490196078433,255
26,4,early,freq_baseline_same_layer,0.07450980392156863,255
26,5,early,neighbor_same_layer,0.23921568627450981,255
26,5,early,freq_baseline_same_layer,0.21568627450980393,255
26,6,early,neighbor_same_layer,0.27058823529411763,255
26,6,early,freq_baseline_same_layer,0.1450980392156863,255
26,7,early,neighbor_same_layer,0.27058823529411763,255
26,7,early,freq_baseline_same_layer,0.10980392156862745,255
26,8,late,neighbor_same_layer,0.33725490196078434,255
26,8,late,freq_baseline_same_layer,0.2901960784313726,255
26,9,late,neighbor_same_layer,0.27058823529411763,255
26,9,late,freq_baseline_same_layer,0.1843137254901961,255
26,10,late,neighbor_same_layer,0.3215686274509804,255
26,10,late,freq_baseline_same_layer,0.08235294117647059,255
26,11,late,neighbor_same_layer,0.20392156862745098,255
26,11,late,freq_baseline_same_layer,0.1450980392156863,255
26,12,late,neighbor_same_layer,0.592156862745098,255
26,12,late,freq_baseline_same_layer,0.01568627450980392,255
26,13,late,neighbor_same_layer,0.3215686274509804,255
26,13,late,freq_baseline_same_layer,0.32941176470588235,255
26,14,late,neighbor_same_layer,0.22745098039215686,255
26,14,late,freq_baseline_same_layer,0.13725490196078433,255
26,15,late,neighbor_same_layer,0.26666666666666666,255
26,15,late,freq_baseline_same_layer,0.1803921568627451,255
27,0,early,freq_baseline,0.03515625,256
27,0,early,top1_transition,0.08984375,256
27,0,early,topk_transition,0.05078125,256
27,1,early,freq_baseline,0.0703125,256
27,1,early,top1_transition,0.109375,256
27,1,early,topk_transition,0.0703125,256
27,2,early,freq_baseline,0.04296875,256
27,2,early,top1_transition,0.1171875,256
27,2,early,topk_transition,0.04296875,256
27,3,early,freq_baseline,0.05078125,256
27,3,early,top1_transition,0.1796875,256
27,3,early,topk_transition,0.0546875,256
27,4,early,freq_baseline,0.03515625,256
27,4,early,top1_transition,0.18359375,256
27,4,early,topk_transition,0.0390625,256
27,5,early,freq_baseline,0.04296875,256
27,5,early,top1_transition,0.2578125,256
27,5,early,topk_transition,0.06640625,256
27,6,early,freq_baseline,0.05859375,256
27,6,early,top1_transition,0.2109375,256
27,6,early,topk_transition,0.09375,256
27,7,early,freq_baseline,0.0390625,256
27,7,early,top1_transition,0.22265625,256
27,7,early,topk_transition,0.0546875,256
27,8,late,freq_baseline,0.0,256
27,8,late,top1_transition,0.21484375,256
27,8,late,topk_transition,0.01953125,256
27,9,late,freq_baseline,0.09765625,256
27,9,late,top1_transition,0.15625,256
27,9,late,topk_transition,0.11328125,256
27,10,late,freq_baseline,0.0703125,256
27,10,late,top1_transition,0.17578125,256
27,10,late,topk_transition,0.07421875,256
27,11,late,freq_baseline,0.00390625,256
27,11,late,top1_transition,0.15234375,256
27,11,late,topk_transition,0.0078125,256
27,12,late,freq_baseline,0.171875,256
27,12,late,top1_transition,0.22265625,256
27,12,late,topk_transition,0.17578125,256
27,13,late,freq_baseline,0.03125,256
27,13,late,top1_transition,0.203125,256
27,13,late,topk_transition,0.0390625,256
27,14,late,freq_baseline,0.0,256
27,14,late,top1_transition,0.30078125,256
27,14,late,topk_transition,0.00390625,256
27,0,early,neighbor_same_layer,0.054901960784313725,255
27,0,early,freq_baseline_same_layer,0.047058823529411764,255
27,1,early,neighbor_same_layer,0.058823529411764705,255
27,1,early,freq_baseline_same_layer,0.03529411764705882,255
27,2,early,neighbor_same_layer,0.11372549019607843,255
27,2,early,freq_baseline_same_layer,0.06666666666666667,255
27,3,early,neighbor_same_layer,0.14901960784313725,255
27,3,early,freq_baseline_same_layer,0.0392156862745098,255
27,4,early,neighbor_same_layer,0.1450980392156863,255
27,4,early,freq_baseline_same_layer,0.050980392156862744,255
27,5,early,neighbor_same_layer,0.14901960784313725,255
27,5,early,freq_baseline_same_layer,0.03529411764705882,255
27,6,early,neighbor_same_layer,0.2,255
27,6,early,freq_baseline_same_layer,0.043137254901960784,255
27,7,early,neighbor_same_layer,0.1568627450980392,255
27,7,early,freq_baseline_same_layer,0.058823529411764705,255
27,8,late,neighbor_same_layer,0.1843137254901961,255
27,8,late,freq_baseline_same_layer,0.0392156862745098,255
27,9,late,neighbor_same_layer,0.23529411764705882,255
27,9,late,freq_baseline_same_layer,0.0,255
27,10,late,neighbor_same_layer,0.12941176470588237,255
27,10,late,freq_baseline_same_layer,0.09803921568627451,255
27,11,late,neighbor_same_layer,0.16470588235294117,255
27,11,late,freq_baseline_same_layer,0.07058823529411765,255
27,12,late,neighbor_same_layer,0.18823529411764706,255
27,12,late,freq_baseline_same_layer,0.00392156862745098,255
27,13,late,neighbor_same_layer,0.16862745098039217,255
27,13,late,freq_baseline_same_layer,0.17254901960784313,255
27,14,late,neighbor_same_layer,0.0784313725490196,255
27,14,late,freq_baseline_same_layer,0.03137254901960784,255
27,15,late,neighbor_same_layer,0.19215686274509805,255
27,15,late,freq_baseline_same_layer,0.0,255
28,0,early,freq_baseline,0.01171875,256
28,0,early,top1_transition,0.01171875,256
28,0,early,topk_transition,0.01953125,256
28,1,early,freq_baseline,0.0625,256
28,1,early,top1_transition,0.046875,256
28,1,early,topk_transition,0.0625,256
28,2,early,freq_baseline,0.0234375,256
28,2,early,top1_transition,0.109375,256
28,2,early,topk_transition,0.0234375,256
28,3,early,freq_baseline,0.06640625,256
28,3,early,top1_transition,0.125,256
28,3,early,topk_transition,0.078125,256
28,4,early,freq_baseline,0.00390625,256
28,4,early,top1_transition,0.1953125,256
28,4,early,topk_transition,0.0078125,256
28,5,early,freq_baseline,0.01171875,256
28,5,early,top1_transition,0.26953125,256
28,5,early,topk_transition,0.04296875,256
28,6,early,freq_baseline,0.01171875,256
28,6,early,top1_transition,0.14453125,256
28,6,early,topk_transition,0.01953125,256
28,7,early,freq_baseline,0.0,256
28,7,early,top1_transition,0.12890625,256
28,7,early,topk_transition,0.00390625,256
28,8,late,freq_baseline,0.0,256
28,8,late,top1_transition,0.14453125,256
28,8,late,topk_transition,0.00390625,256
28,9,late,freq_baseline,0.05078125,256
28,9,late,top1_transition,0.15234375,256
28,9,late,topk_transition,0.05859375,256
28,10,late,freq_baseline,0.09765625,256
28,10,late,top1_transition,0.1875,256
28,10,late,topk_transition,0.1015625,256
28,11,late,freq_baseline,0.00390625,256
28,11,late,top1_transition,0.11328125,256
28,11,late,topk_transition,0.0078125,256
28,12,late,freq_baseline,0.0,256
28,12,late,top1_transition,0.140625,256
28,12,late,topk_transition,0.00390625,256
28,13,late,freq_baseline,0.08203125,256
28,13,late,top1_transition,0.19140625,256
28,13,late,topk_transition,0.0859375,256
28,14,late,freq_baseline,0.0,256
28,14,late,top1_transition,0.17578125,256
28,14,late,topk_transition,0.00390625,256
28,0,early,neighbor_same_layer,0.01568627450980392,255
28,0,early,freq_baseline_same_layer,0.023529411764705882,255
28,1,early,neighbor_same_layer,0.0196078431372549,255
28,1,early,freq_baseline_same_layer,0.011764705882352941,255
28,2,early,neighbor_same_layer,0.08235294117647059,255
28,2,early,freq_baseline_same_layer,0.058823529411764705,255
28,3,early,neighbor_same_layer,0.07058823529411765,255
28,3,early,freq_baseline_same_layer,0.0196078431372549,255
28,4,early,neighbor_same_layer,0.07058823529411765,255
28,4,early,freq_baseline_same_layer,0.06666666666666667,255
28,5,early,neighbor_same_layer,0.10588235294117647,255
28,5,early,freq_baseline_same_layer,0.00392156862745098,255
28,6,early,neighbor_same_layer,0.13333333333333333,255
28,6,early,freq_baseline_same_layer,0.011764705882352941,255
28,7,early,neighbor_same_layer,0.1607843137254902,255
28,7,early,freq_baseline_same_layer,0.011764705882352941,255
28,8,late,neighbor_same_layer,0.08235294117647059,255
28,8,late,freq_baseline_same_layer,0.0,255
28,9,late,neighbor_same_layer,0.15294117647058825,255
28,9,late,freq_baseline_same_layer,0.0,255
28,10,late,neighbor_same_layer,0.09411764705882353,255
28,10,late,freq_baseline_same_layer,0.050980392156862744,255
28,11,late,neighbor_same_layer,0.12941176470588237,255
28,11,late,freq_baseline_same_layer,0.09803921568627451,255
28,12,late,neighbor_same_layer,0.12156862745098039,255
28,12,late,freq_baseline_same_layer,0.00392156862745098,255
28,13,late,neighbor_same_layer,0.08627450980392157,255
28,13,late,freq_baseline_same_layer,0.0,255
28,14,late,neighbor_same_layer,0.08235294117647059,255
28,14,late,freq_baseline_same_layer,0.08235294117647059,255
28,15,late,neighbor_same_layer,0.09411764705882353,255
28,15,late,freq_baseline_same_layer,0.0,255
29,0,early,freq_baseline,0.109375,256
29,0,early,top1_transition,0.2890625,256
29,0,early,topk_transition,0.19140625,256
29,1,early,freq_baseline,0.0546875,256
29,1,early,top1_transition,0.125,256
29,1,early,topk_transition,0.05859375,256
29,2,early,freq_baseline,0.0703125,256
29,2,early,top1_transition,0.13671875,256
29,2,early,topk_transition,0.0703125,256
29,3,early,freq_baseline,0.09375,256
29,3,early,top1_transition,0.28515625,256
29,3,early,topk_transition,0.10546875,256
29,4,early,freq_baseline,0.17578125,256
29,4,early,top1_transition,0.24609375,256
29,4,early,topk_transition,0.1875,256
29,5,early,freq_baseline,0.14453125,256
29,5,early,top1_transition,0.40625,256
29,5,early,topk_transition,0.15625,256
29,6,early,freq_baseline,0.015625,256
29,6,early,top1_transition,0.265625,256
29,6,early,topk_transition,0.04296875,256
29,7,early,freq_baseline,0.22265625,256
29,7,early,top1_transition,0.37109375,256
29,7,early,topk_transition,0.23046875,256
29,8,late,freq_baseline,0.05078125,256
29,8,late,top1_transition,0.26953125,256
29,8,late,topk_transition,0.0859375,256
29,9,late,freq_baseline,0.1015625,256
29,9,late,top1_transition,0.20703125,256
29,9,late,topk_transition,0.10546875,256
29,10,late,freq_baseline,0.05859375,256
29,10,late,top1_transition,0.1796875,256
29,10,late,topk_transition,0.0703125,256
29,11,late,freq_baseline,0.00390625,256
29,11,late,top1_transition,0.1875,256
29,11,late,topk_transition,0.0078125,256
29,12,late,freq_baseline,0.19140625,256
29,12,late,top1_transition,0.265625,256
29,12,late,topk_transition,0.1953125,256
29,13,late,freq_baseline,0.0703125,256
29,13,late,top1_transition,0.19140625,256
29,13,late,topk_transition,0.078125,256
29,14,late,freq_baseline,0.0234375,256
29,14,late,top1_transition,0.44921875,256
29,14,late,topk_transition,0.02734375,256
29,0,early,neighbor_same_layer,0.5372549019607843,255
29,0,early,freq_baseline_same_layer,0.5607843137254902,255
29,1,early,neighbor_same_layer,0.28627450980392155,255
29,1,early,freq_baseline_same_layer,0.10980392156862745,255
29,2,early,neighbor_same_layer,0.17254901960784313,255
29,2,early,freq_baseline_same_layer,0.050980392156862744,255
29,3,early,neighbor_same_layer,0.11372549019607843,255
29,3,early,freq_baseline_same_layer,0.06666666666666667,255
29,4,early,neighbor_same_layer,0.12941176470588237,255
29,4,early,freq_baseline_same_layer,0.09411764705882353,255
29,5,early,neighbor_same_layer,0.21176470588235294,255
29,5,early,freq_baseline_same_layer,0.17647058823529413,255
29,6,early,neighbor_same_layer,0.24705882352941178,255
29,6,early,freq_baseline_same_layer,0.1450980392156863,255
29,7,early,neighbor_same_layer,0.20392156862745098,255
29,7,early,freq_baseline_same_layer,0.01568627450980392,255
29,8,late,neighbor_same_layer,0.3333333333333333,255
29,8,late,freq_baseline_same_layer,0.2235294117647059,255
29,9,late,neighbor_same_layer,0.23921568627450981,255
29,9,late,freq_baseline_same_layer,0.050980392156862744,255
29,10,late,neighbor_same_layer,0.1450980392156863,255
29,10,late,freq_baseline_same_layer,0.10196078431372549,255
29,11,late,neighbor_same_layer,0.21176470588235294,255
29,11,late,freq_baseline_same_layer,0.058823529411764705,255
29,12,late,neighbor_same_layer,0.2549019607843137,255
29,12,late,freq_baseline_same_layer,0.00392156862745098,255
29,13,late,neighbor_same_layer,0.20784313725490197,255
29,13,late,freq_baseline_same_layer,0.19215686274509805,255
29,14,late,neighbor_same_layer,0.12941176470588237,255
29,14,late,freq_baseline_same_layer,0.07058823529411765,255
29,15,late,neighbor_same_layer,0.25882352941176473,255
29,15,late,freq_baseline_same_layer,0.023529411764705882,255
30,0,early,freq_baseline,0.3828125,256
30,0,early,top1_transition,0.3359375,256
30,0,early,topk_transition,0.4140625,256
30,1,early,freq_baseline,0.05859375,256
30,1,early,top1_transition,0.14453125,256
30,1,early,topk_transition,0.0625,256
30,2,early,freq_baseline,0.078125,256
30,2,early,top1_transition,0.2265625,256
30,2,early,topk_transition,0.09375,256
30,3,early,freq_baseline,0.11328125,256
30,3,early,top1_transition,0.28125,256
30,3,early,topk_transition,0.140625,256
30,4,early,freq_baseline,0.04296875,256
30,4,early,top1_transition,0.33203125,256
30,4,early,topk_transition,0.05078125,256
30,5,early,freq_baseline,0.0859375,256
30,5,early,top1_transition,0.30859375,256
30,5,early,topk_transition,0.08984375,256
30,6,early,freq_baseline,0.0234375,256
30,6,early,top1_transition,0.24609375,256
30,6,early,topk_transition,0.05859375,256
30,7,early,freq_baseline,0.1640625,256
30,7,early,top1_transition,0.3671875,256
30,7,early,topk_transition,0.21484375,256
30,8,late,freq_baseline,0.09375,256
30,8,late,top1_transition,0.2109375,256
30,8,late,topk_transition,0.10546875,256
30,9,late,freq_baseline,0.1484375,256
30,9,late,top1_transition,0.234375,256
30,9,late,topk_transition,0.18359375,256
30,10,late,freq_baseline,0.15625,256
30,10,late,top1_transition,0.28515625,256
30,10,late,topk_transition,0.1796875,256
30,11,late,freq_baseline,0.46875,256
30,11,late,top1_transition,0.2734375,256
30,11,late,topk_transition,0.48046875,256
30,12,late,freq_baseline,0.3046875,256
30,12,late,top1_transition,0.3359375,256
30,12,late,topk_transition,0.31640625,256
30,13,late,freq_baseline,0.15234375,256
30,13,late,top1_transition,0.26953125,256
30,13,late,topk_transition,0.15625,256
30,14,late,freq_baseline,0.21484375,256
30,14,late,top1_transition,0.37890625,256
30,14,late,topk_transition,0.22265625,256
30,0,early,neighbor_same_layer,0.43529411764705883,255
30,0,early,freq_baseline_same_layer,0.45098039215686275,255
30,1,early,neighbor_same_layer,0.3803921568627451,255
30,1,early,freq_baseline_same_layer,0.3843137254901961,255
30,2,early,neighbor_same_layer,0.1607843137254902,255
30,2,early,freq_baseline_same_layer,0.054901960784313725,255
30,3,early,neighbor_same_layer,0.20392156862745098,255
30,3,early,freq_baseline_same_layer,0.07450980392156863,255
30,4,early,neighbor_same_layer,0.17647058823529413,255
30,4,early,freq_baseline_same_layer,0.11372549019607843,255
30,5,early,neighbor_same_layer,0.23137254901960785,255
30,5,early,freq_baseline_same_layer,0.043137254901960784,255
30,6,early,neighbor_same_layer,0.3058823529411765,255
30,6,early,freq_baseline_same_layer,0.08627450980392157,255
30,7,early,neighbor_same_layer,0.23137254901960785,255
30,7,early,freq_baseline_same_layer,0.023529411764705882,255
30,8,late,neighbor_same_layer,0.18823529411764706,255
30,8,late,freq_baseline_same_layer,0.16470588235294117,255
30,9,late,neighbor_same_layer,0.3333333333333333,255
30,9,late,freq_baseline_same_layer,0.09411764705882353,255
30,10,late,neighbor_same_layer,0.1803921568627451,255
30,10,late,freq_baseline_same_layer,0.14901960784313725,255
30,11,late,neighbor_same_layer,0.20784313725490197,255
30,11,late,freq_baseline_same_layer,0.1568627450980392,255
30,12,late,neighbor_same_layer,0.403921568627451,255
30,12,late,freq_baseline_same_layer,0.47058823529411764,255
30,13,late,neighbor_same_layer,0.29411764705882354,255
30,13,late,freq_baseline_same_layer,0.3058823529411765,255
30,14,late,neighbor_same_layer,0.33725490196078434,255
30,14,late,freq_baseline_same_layer,0.15294117647058825,255
30,15,late,neighbor_same_layer,0.2784313725490196,255
30,15,late,freq_baseline_same_layer,0.21568627450980393,255
31,0,early,freq_baseline,0.16015625,256
31,0,early,top1_transition,0.23046875,256
31,0,early,topk_transition,0.20703125,256
31,1,early,freq_baseline,0.04296875,256
31,1,early,top1_transition,0.21484375,256
31,1,early,topk_transition,0.05078125,256
31,2,early,freq_baseline,0.0546875,256
31,2,early,top1_transition,0.1953125,256
31,2,early,topk_transition,0.05859375,256
31,3,early,freq_baseline,0.07421875,256
31,3,early,top1_transition,0.26953125,256
31,3,early,topk_transition,0.07421875,256
31,4,early,freq_baseline,0.08203125,256
31,4,early,top1_transition,0.27734375,256
31,4,early,topk_transition,0.08984375,256
31,5,early,freq_baseline,0.09765625,256
31,5,early,top1_transition,0.3046875,256
31,5,early,topk_transition,0.10546875,256
31,6,early,freq_baseline,0.078125,256
31,6,early,top1_transition,0.2421875,256
31,6,early,topk_transition,0.109375,256
31,7,early,freq_baseline,0.1484375,256
31,7,early,top1_transition,0.28125,256
31,7,early,topk_transition,0.1640625,256
31,8,late,freq_baseline,0.05859375,256
31,8,late,top1_transition,0.26171875,256
31,8,late,topk_transition,0.09375,256
31,9,late,freq_baseline,0.16015625,256
31,9,late,top1_transition,0.265625,256
31,9,late,topk_transition,0.17578125,256
31,10,late,freq_baseline,0.08984375,256
31,10,late,top1_transition,0.20703125,256
31,10,late,topk_transition,0.10546875,256
31,11,late,freq_baseline,0.47265625,256
31,11,late,top1_transition,0.1328125,256
31,11,late,topk_transition,0.484375,256
31,12,late,freq_baseline,0.36328125,256
31,12,late,top1_transition,0.39453125,256
31,12,late,topk_transition,0.3671875,256
31,13,late,freq_baseline,0.09375,256
31,13,late,top1_transition,0.2578125,256
31,13,late,topk_transition,0.1015625,256
31,14,late,freq_baseline,0.10546875,256
31,14,late,top1_transition,0.29296875,256
31,14,late,topk_transition,0.109375,256
31,0,early,neighbor_same_layer,0.2627450980392157,255
31,0,early,freq_baseline_same_layer,0.26666666666666666,255
31,1,early,neighbor_same_layer,0.1803921568627451,255
31,1,early,freq_baseline_same_layer,0.1607843137254902,255
31,2,early,neighbor_same_layer,0.1607843137254902,255
31,2,early,freq_baseline_same_layer,0.0392156862745098,255
31,3,early,neighbor_same_layer,0.20392156862745098,255
31,3,early,freq_baseline_same_layer,0.050980392156862744,255
31,4,early,neighbor_same_layer,0.1843137254901961,255
31,4,early,freq_baseline_same_layer,0.07450980392156863,255
31,5,early,neighbor_same_layer,0.23529411764705882,255
31,5,early,freq_baseline_same_layer,0.08235294117647059,255
31,6,early,neighbor_same_layer,0.23137254901960785,255
31,6,early,freq_baseline_same_layer,0.09803921568627451,255
31,7,early,neighbor_same_layer,0.23137254901960785,255
31,7,early,freq_baseline_same_layer,0.0784313725490196,255
31,8,late,neighbor_same_layer,0.22745098039215686,255
31,8,late,freq_baseline_same_layer,0.14901960784313725,255
31,9,late,neighbor_same_layer,0.28627450980392155,255
31,9,late,freq_baseline_same_layer,0.058823529411764705,255
31,10,late,neighbor_same_layer,0.1607843137254902,255
31,10,late,freq_baseline_same_layer,0.1607843137254902,255
31,11,late,neighbor_same_layer,0.20784313725490197,255
31,11,late,freq_baseline_same_layer,0.09019607843137255,255
31,12,late,neighbor_same_layer,0.3686274509803922,255
31,12,late,freq_baseline_same_layer,0.4745098039215686,255
31,13,late,neighbor_same_layer,0.36470588235294116,255
31,13,late,freq_baseline_same_layer,0.36470588235294116,255
31,14,late,neighbor_same_layer,0.25098039215686274,255
31,14,late,freq_baseline_same_layer,0.09411764705882353,255
31,15,late,neighbor_same_layer,0.20784313725490197,255
31,15,late,freq_baseline_same_layer,0.10588235294117647,255
32,0,early,freq_baseline,0.12890625,256
32,0,early,top1_transition,0.2578125,256
32,0,early,topk_transition,0.16796875,256
32,1,early,freq_baseline,0.0625,256
32,1,early,top1_transition,0.09765625,256
32,1,early,topk_transition,0.06640625,256
32,2,early,freq_baseline,0.12890625,256
32,2,early,top1_transition,0.15234375,256
32,2,early,topk_transition,0.12890625,256
32,3,early,freq_baseline,0.1171875,256
32,3,early,top1_transition,0.2890625,256
32,3,early,topk_transition,0.125,256
32,4,early,freq_baseline,0.078125,256
32,4,early,top1_transition,0.26953125,256
32,4,early,topk_transition,0.08203125,256
32,5,early,freq_baseline,0.05859375,256
32,5,early,top1_transition,0.33984375,256
32,5,early,topk_transition,0.0859375,256
32,6,early,freq_baseline,0.03125,256
32,6,early,top1_transition,0.21484375,256
32,6,early,topk_transition,0.09765625,256
32,7,early,freq_baseline,0.1875,256
32,7,early,top1_transition,0.3203125,256
32,7,early,topk_transition,0.1953125,256
32,8,late,freq_baseline,0.04296875,256
32,8,late,top1_transition,0.19921875,256
32,8,late,topk_transition,0.0546875,256
32,9,late,freq_baseline,0.10546875,256
32,9,late,top1_transition,0.19921875,256
32,9,late,topk_transition,0.1171875,256
32,10,late,freq_baseline,0.05078125,256
32,10,late,top1_transition,0.1640625,256
32,10,late,topk_transition,0.0703125,256
32,11,late,freq_baseline,0.0,256
32,11,late,top1_transition,0.17578125,256
32,11,late,topk_transition,0.00390625,256
32,12,late,freq_baseline,0.22265625,256
32,12,late,top1_transition,0.28125,256
32,12,late,topk_transition,0.23046875,256
32,13,late,freq_baseline,0.078125,256
32,13,late,top1_transition,0.2421875,256
32,13,late,topk_transition,0.08203125,256
32,14,late,freq_baseline,0.02734375,256
32,14,late,top1_transition,0.23046875,256
32,14,late,topk_transition,0.03515625,256
32,0,early,neighbor_same_layer,0.38823529411764707,255
32,0,early,freq_baseline_same_layer,0.4,255
32,1,early,neighbor_same_layer,0.23529411764705882,255
32,1,early,freq_baseline_same_layer,0.12941176470588237,255
32,2,early,neighbor_same_layer,0.09019607843137255,255
32,2,early,freq_baseline_same_layer,0.058823529411764705,255
32,3,early,neighbor_same_layer,0.1568627450980392,255
32,3,early,freq_baseline_same_layer,0.12549019607843137,255
32,4,early,neighbor_same_layer,0.14901960784313725,255
32,4,early,freq_baseline_same_layer,0.11764705882352941,255
32,5,early,neighbor_same_layer,0.2196078431372549,255
32,5,early,freq_baseline_same_layer,0.0784313725490196,255
32,6,early,neighbor_same_layer,0.2196078431372549,255
32,6,early,freq_baseline_same_layer,0.058823529411764705,255
32,7,early,neighbor_same_layer,0.21568627450980393,255
32,7,early,freq_baseline_same_layer,0.03137254901960784,255
32,8,late,neighbor_same_layer,0.3176470588235294,255
32,8,late,freq_baseline_same_layer,0.18823529411764706,255
32,9,late,neighbor_same_layer,0.23529411764705882,255
32,9,late,freq_baseline_same_layer,0.043137254901960784,255
32,10,late,neighbor_same_layer,0.19607843137254902,255
32,10,late,freq_baseline_same_layer,0.10588235294117647,255
32,11,late,neighbor_same_layer,0.21176470588235294,255
32,11,late,freq_baseline_same_layer,0.050980392156862744,255
32,12,late,neighbor_same_layer,0.29411764705882354,255
32,12,late,freq_baseline_same_layer,0.0,255
32,13,late,neighbor_same_layer,0.24313725490196078,255
32,13,late,freq_baseline_same_layer,0.2235294117647059,255
32,14,late,neighbor_same_layer,0.19215686274509805,255
32,14,late,freq_baseline_same_layer,0.0784313725490196,255
32,15,late,neighbor_same_layer,0.33725490196078434,255
32,15,late,freq_baseline_same_layer,0.027450980392156862,255
33,0,early,freq_baseline,0.31640625,256
33,0,early,top1_transition,0.2890625,256
33,0,early,topk_transition,0.328125,256
33,1,early,freq_baseline,0.0859375,256
33,1,early,top1_transition,0.203125,256
33,1,early,topk_transition,0.09375,256
33,2,early,freq_baseline,0.09375,256
33,2,early,top1_transition,0.1796875,256
33,2,early,topk_transition,0.09375,256
33,3,early,freq_baseline,0.140625,256
33,3,early,top1_transition,0.24609375,256
33,3,early,topk_transition,0.14453125,256
33,4,early,freq_baseline,0.04296875,256
33,4,early,top1_transition,0.24609375,256
33,4,early,topk_transition,0.05859375,256
33,5,early,freq_baseline,0.1015625,256
33,5,early,top1_transition,0.3203125,256
33,5,early,topk_transition,0.1328125,256
33,6,early,freq_baseline,0.09375,256
33,6,early,top1_transition,0.2890625,256
33,6,early,topk_transition,0.10546875,256
33,7,early,freq_baseline,0.0546875,256
33,7,early,top1_transition,0.2109375,256
33,7,early,topk_transition,0.0859375,256
33,8,late,freq_baseline,0.04296875,256
33,8,late,top1_transition,0.24609375,256
33,8,late,topk_transition,0.0625,256
33,9,late,freq_baseline,0.109375,256
33,9,late,top1_transition,0.25,256
33,9,late,topk_transition,0.13671875,256
33,10,late,freq_baseline,0.12890625,256
33,10,late,top1_transition,0.26171875,256
33,10,late,topk_transition,0.140625,256
33,11,late,freq_baseline,0.0078125,256
33,11,late,top1_transition,0.171875,256
33,11,late,topk_transition,0.01171875,256
33,12,late,freq_baseline,0.09375,256
33,12,late,top1_transition,0.22265625,256
33,12,late,topk_transition,0.09765625,256
33,13,late,freq_baseline,0.046875,256
33,13,late,top1_transition,0.32421875,256
33,13,late,topk_transition,0.05078125,256
33,14,late,freq_baseline,0.125,256
33,14,late,top1_transition,0.359375,256
33,14,late,topk_transition,0.1328125,256
33,0,early,neighbor_same_layer,0.15294117647058825,255
33,0,early,freq_baseline_same_layer,0.1450980392156863,255
33,1,early,neighbor_same_layer,0.2823529411764706,255
33,1,early,freq_baseline_same_layer,0.3176470588235294,255
33,2,early,neighbor_same_layer,0.13725490196078433,255
33,2,early,freq_baseline_same_layer,0.08235294117647059,255
33,3,early,neighbor_same_layer,0.1843137254901961,255
33,3,early,freq_baseline_same_layer,0.09019607843137255,255
33,4,early,neighbor_same_layer,0.13333333333333333,255
33,4,early,freq_baseline_same_layer,0.1411764705882353,255
33,5,early,neighbor_same_layer,0.17647058823529413,255
33,5,early,freq_baseline_same_layer,0.043137254901960784,255
33,6,early,neighbor_same_layer,0.21176470588235294,255
33,6,early,freq_baseline_same_layer,0.10196078431372549,255
33,7,early,neighbor_same_layer,0.27058823529411763,255
33,7,early,freq_baseline_same_layer,0.09411764705882353,255
33,8,late,neighbor_same_layer,0.16862745098039217,255
33,8,late,freq_baseline_same_layer,0.054901960784313725,255
33,9,late,neighbor_same_layer,0.3411764705882353,255
33,9,late,freq_baseline_same_layer,0.043137254901960784,255
33,10,late,neighbor_same_layer,0.23137254901960785,255
33,10,late,freq_baseline_same_layer,0.10980392156862745,255
33,11,late,neighbor_same_layer,0.19215686274509805,255
33,11,late,freq_baseline_same_layer,0.12941176470588237,255
33,12,late,neighbor_same_layer,0.23529411764705882,255
33,12,late,freq_baseline_same_layer,0.00784313725490196,255
33,13,late,neighbor_same_layer,0.18823529411764706,255
33,13,late,freq_baseline_same_layer,0.09411764705882353,255
33,14,late,neighbor_same_layer,0.16470588235294117,255
33,14,late,freq_baseline_same_layer,0.047058823529411764,255
33,15,late,neighbor_same_layer,0.24313725490196078,255
33,15,late,freq_baseline_same_layer,0.12549019607843137,255
34,0,early,freq_baseline,0.08203125,256
34,0,early,top1_transition,0.52734375,256
34,0,early,topk_transition,0.171875,256
34,1,early,freq_baseline,0.10546875,256
34,1,early,top1_transition,0.0859375,256
34,1,early,topk_transition,0.1015625,256
34,2,early,freq_baseline,0.1171875,256
34,2,early,top1_transition,0.23046875,256
34,2,early,topk_transition,0.140625,256
34,3,early,freq_baseline,0.09375,256
34,3,early,top1_transition,0.28125,256
34,3,early,topk_transition,0.11328125,256
34,4,early,freq_baseline,0.203125,256
34,4,early,top1_transition,0.19140625,256
34,4,early,topk_transition,0.21484375,256
34,5,early,freq_baseline,0.140625,256
34,5,early,top1_transition,0.27734375,256
34,5,early,topk_transition,0.1640625,256
34,6,early,freq_baseline,0.08203125,256
34,6,early,top1_transition,0.296875,256
34,6,early,topk_transition,0.1171875,256
34,7,early,freq_baseline,0.23046875,256
34,7,early,top1_transition,0.421875,256
34,7,early,topk_transition,0.25390625,256
34,8,late,freq_baseline,0.2109375,256
34,8,late,top1_transition,0.18359375,256
34,8,late,topk_transition,0.2578125,256
34,9,late,freq_baseline,0.07421875,256
34,9,late,top1_transition,0.3125,256
34,9,late,topk_transition,0.09765625,256
34,10,late,freq_baseline,0.15234375,256
34,10,late,top1_transition,0.2734375,256
34,10,late,topk_transition,0.16015625,256
34,11,late,freq_baseline,0.13671875,256
34,11,late,top1_transition,0.4140625,256
34,11,late,topk_transition,0.16015625,256
34,12,late,freq_baseline,0.32421875,256
34,12,late,top1_transition,0.42578125,256
34,12,late,topk_transition,0.33203125,256
34,13,late,freq_baseline,0.17578125,256
34,13,late,top1_transition,0.16796875,256
34,13,late,topk_transition,0.203125,256
34,14,late,freq_baseline,0.1796875,256
34,14,late,top1_transition,0.22265625,256
34,14,late,topk_transition,0.1875,256
34,0,early,neighbor_same_layer,0.6235294117647059,255
34,0,early,freq_baseline_same_layer,0.6392156862745098,255
34,1,early,neighbor_same_layer,0.6823529411764706,255
34,1,early,freq_baseline_same_layer,0.08235294117647059,255
34,2,early,neighbor_same_layer,0.1607843137254902,255
34,2,early,freq_baseline_same_layer,0.10196078431372549,255
34,3,early,neighbor_same_layer,0.1803921568627451,255
34,3,early,freq_baseline_same_layer,0.11372549019607843,255
34,4,early,neighbor_same_layer,0.17254901960784313,255
34,4,early,freq_baseline_same_layer,0.09411764705882353,255
34,5,early,neighbor_same_layer,0.28627450980392155,255
34,5,early,freq_baseline_same_layer,0.20392156862745098,255
34,6,early,neighbor_same_layer,0.23921568627450981,255
34,6,early,freq_baseline_same_layer,0.1411764705882353,255
34,7,early,neighbor_same_layer,0.20784313725490197,255
34,7,early,freq_baseline_same_layer,0.08235294117647059,255
34,8,late,neighbor_same_layer,0.3411764705882353,255
34,8,late,freq_baseline_same_layer,0.23137254901960785,255
34,9,late,neighbor_same_layer,0.3843137254901961,255
34,9,late,freq_baseline_same_layer,0.21176470588235294,255
34,10,late,neighbor_same_layer,0.3333333333333333,255
34,10,late,freq_baseline_same_layer,0.07450980392156863,255
34,11,late,neighbor_same_layer,0.20392156862745098,255
34,11,late,freq_baseline_same_layer,0.15294117647058825,255
34,12,late,neighbor_same_layer,0.403921568627451,255
34,12,late,freq_baseline_same_layer,0.13725490196078433,255
34,13,late,neighbor_same_layer,0.33725490196078434,255
34,13,late,freq_baseline_same_layer,0.3254901960784314,255
34,14,late,neighbor_same_layer,0.20784313725490197,255
34,14,late,freq_baseline_same_layer,0.17647058823529413,255
34,15,late,neighbor_same_layer,0.23137254901960785,255
34,15,late,freq_baseline_same_layer,0.1803921568627451,255
35,0,early,freq_baseline,0.06640625,256
35,0,early,top1_transition,0.13671875,256
35,0,early,topk_transition,0.1015625,256
35,1,early,freq_baseline,0.2421875,256
35,1,early,top1_transition,0.1640625,256
35,1,early,topk_transition,0.24609375,256
35,2,early,freq_baseline,0.0546875,256
35,2,early,top1_transition,0.171875,256
35,2,early,topk_transition,0.0546875,256
35,3,early,freq_baseline,0.12109375,256
35,3,early,top1_transition,0.21875,256
35,3,early,topk_transition,0.13671875,256
35,4,early,freq_baseline,0.12109375,256
35,4,early,top1_transition,0.24609375,256
35,4,early,topk_transition,0.1015625,256
35,5,early,freq_baseline,0.07421875,256
35,5,early,top1_transition,0.28515625,256
35,5,early,topk_transition,0.09375,256
35,6,early,freq_baseline,0.1171875,256
35,6,early,top1_transition,0.2578125,256
35,6,early,topk_transition,0.1484375,256
35,7,early,freq_baseline,0.08984375,256
35,7,early,top1_transition,0.296875,256
35,7,early,topk_transition,0.11328125,256
35,8,late,freq_baseline,0.0546875,256
35,8,late,top1_transition,0.265625,256
35,8,late,topk_transition,0.0625,256
35,9,late,freq_baseline,0.09375,256
35,9,late,top1_transition,0.21484375,256
35,9,late,topk_transition,0.125,256
35,10,late,freq_baseline,0.05078125,256
35,10,late,top1_transition,0.1640625,256
35,10,late,topk_transition,0.0546875,256
35,11,late,freq_baseline,0.08984375,256
35,11,late,top1_transition,0.32421875,256
35,11,late,topk_transition,0.09375,256
35,12,late,freq_baseline,0.0390625,256
35,12,late,top1_transition,0.19921875,256
35,12,late,topk_transition,0.046875,256
35,13,late,freq_baseline,0.10546875,256
35,13,late,top1_transition,0.3359375,256
35,13,late,topk_transition,0.11328125,256
35,14,late,freq_baseline,0.21484375,256
35,14,late,top1_transition,0.39453125,256
35,14,late,topk_transition,0.22265625,256
35,0,early,neighbor_same_layer,0.24705882352941178,255
35,0,early,freq_baseline_same_layer,0.22745098039215686,255
35,1,early,neighbor_same_layer,0.09411764705882353,255
35,1,early,freq_baseline_same_layer,0.06666666666666667,255
35,2,early,neighbor_same_layer,0.20392156862745098,255
35,2,early,freq_baseline_same_layer,0.23921568627450981,255
35,3,early,neighbor_same_layer,0.12549019607843137,255
35,3,early,freq_baseline_same_layer,0.050980392156862744,255
35,4,early,neighbor_same_layer,0.2,255
35,4,early,freq_baseline_same_layer,0.12156862745098039,255
35,5,early,neighbor_same_layer,0.1803921568627451,255
35,5,early,freq_baseline_same_layer,0.12156862745098039,255
35,6,early,neighbor_same_layer,0.19607843137254902,255
35,6,early,freq_baseline_same_layer,0.07450980392156863,255
35,7,early,neighbor_same_layer,0.22745098039215686,255
35,7,early,freq_baseline_same_layer,0.11764705882352941,255
35,8,late,neighbor_same_layer,0.20392156862745098,255
35,8,late,freq_baseline_same_layer,0.09019607843137255,255
35,9,late,neighbor_same_layer,0.32941176470588235,255
35,9,late,freq_baseline_same_layer,0.054901960784313725,255
35,10,late,neighbor_same_layer,0.19607843137254902,255
35,10,late,freq_baseline_same_layer,0.09411764705882353,255
35,11,late,neighbor_same_layer,0.12941176470588237,255
35,11,late,freq_baseline_same_layer,0.050980392156862744,255
35,12,late,neighbor_same_layer,0.2627450980392157,255
35,12,late,freq_baseline_same_layer,0.09019607843137255,255
35,13,late,neighbor_same_layer,0.16862745098039217,255
35,13,late,freq_baseline_same_layer,0.0392156862745098,255
35,14,late,neighbor_same_layer,0.17254901960784313,255
35,14,late,freq_baseline_same_layer,0.10588235294117647,255
35,15,late,neighbor_same_layer,0.2235294117647059,255
35,15,late,freq_baseline_same_layer,0.21568627450980393,255
36,0,early,freq_baseline,0.078125,256
36,0,early,top1_transition,0.4765625,256
36,0,early,topk_transition,0.16015625,256
36,1,early,freq_baseline,0.07421875,256
36,1,early,top1_transition,0.12109375,256
36,1,early,topk_transition,0.078125,256
36,2,early,freq_baseline,0.04296875,256
36,2,early,top1_transition,0.16015625,256
36,2,early,topk_transition,0.05859375,256
36,3,early,freq_baseline,0.171875,256
36,3,early,top1_transition,0.34375,256
36,3,early,topk_transition,0.17578125,256
36,4,early,freq_baseline,0.1640625,256
36,4,early,top1_transition,0.26953125,256
36,4,early,topk_transition,0.1875,256
36,5,early,freq_baseline,0.08984375,256
36,5,early,top1_transition,0.33203125,256
36,5,early,topk_transition,0.109375,256
36,6,early,freq_baseline,0.04296875,256
36,6,early,top1_transition,0.25390625,256
36,6,early,topk_transition,0.0703125,256
36,7,early,freq_baseline,0.1953125,256
36,7,early,top1_transition,0.375,256
36,7,early,topk_transition,0.20703125,256
36,8,late,freq_baseline,0.0390625,256
36,8,late,top1_transition,0.28515625,256
36,8,late,topk_transition,0.06640625,256
36,9,late,freq_baseline,0.1171875,256
36,9,late,top1_transition,0.23828125,256
36,9,late,topk_transition,0.12890625,256
36,10,late,freq_baseline,0.07421875,256
36,10,late,top1_transition,0.21875,256
36,10,late,topk_transition,0.08203125,256
36,11,late,freq_baseline,0.01171875,256
36,11,late,top1_transition,0.15625,256
36,11,late,topk_transition,0.015625,256
36,12,late,freq_baseline,0.1640625,256
36,12,late,top1_transition,0.2578125,256
36,12,late,topk_transition,0.16796875,256
36,13,late,freq_baseline,0.046875,256
36,13,late,top1_transition,0.2421875,256
36,13,late,topk_transition,0.0625,256
36,14,late,freq_baseline,0.01953125,256
36,14,late,top1_transition,0.31640625,256
36,14,late,topk_transition,0.03125,256
36,0,early,neighbor_same_layer,0.5882352941176471,255
36,0,early,freq_baseline_same_layer,0.6,255
36,1,early,neighbor_same_layer,0.6,255
36,1,early,freq_baseline_same_layer,0.0784313725490196,255
36,2,early,neighbor_same_layer,0.15294117647058825,255
36,2,early,freq_baseline_same_layer,0.07058823529411765,255
36,3,early,neighbor_same_layer,0.17647058823529413,255
36,3,early,freq_baseline_same_layer,0.0392156862745098,255
36,4,early,neighbor_same_layer,0.19215686274509805,255
36,4,early,freq_baseline_same_layer,0.17254901960784313,255
36,5,early,neighbor_same_layer,0.2784313725490196,255
36,5,early,freq_baseline_same_layer,0.16470588235294117,255
36,6,early,neighbor_same_layer,0.21568627450980393,255
36,6,early,freq_baseline_same_layer,0.09019607843137255,255
36,7,early,neighbor_same_layer,0.1568627450980392,255
36,7,early,freq_baseline_same_layer,0.043137254901960784,255
36,8,late,neighbor_same_layer,0.3411764705882353,255
36,8,late,freq_baseline_same_layer,0.19607843137254902,255
36,9,late,neighbor_same_layer,0.19215686274509805,255
36,9,late,freq_baseline_same_layer,0.0392156862745098,255
36,10,late,neighbor_same_layer,0.15294117647058825,255
36,10,late,freq_baseline_same_layer,0.11764705882352941,255
36,11,late,neighbor_same_layer,0.19607843137254902,255
36,11,late,freq_baseline_same_layer,0.07450980392156863,255
36,12,late,neighbor_same_layer,0.1803921568627451,255
36,12,late,freq_baseline_same_layer,0.011764705882352941,255
36,13,late,neighbor_same_layer,0.20392156862745098,255
36,13,late,freq_baseline_same_layer,0.16470588235294117,255
36,14,late,neighbor_same_layer,0.12549019607843137,255
36,14,late,freq_baseline_same_layer,0.047058823529411764,255
36,15,late,neighbor_same_layer,0.24313725490196078,255
36,15,late,freq_baseline_same_layer,0.0196078431372549,255
37,0,early,freq_baseline,0.125,256
37,0,early,top1_transition,0.19140625,256
37,0,early,topk_transition,0.171875,256
37,1,early,freq_baseline,0.078125,256
37,1,early,top1_transition,0.20703125,256
37,1,early,topk_transition,0.078125,256
37,2,early,freq_baseline,0.0234375,256
37,2,early,top1_transition,0.12109375,256
37,2,early,topk_transition,0.0234375,256
37,3,early,freq_baseline,0.11328125,256
37,3,early,top1_transition,0.3359375,256
37,3,early,topk_transition,0.12109375,256
37,4,early,freq_baseline,0.08203125,256
37,4,early,top1_transition,0.21875,256
37,4,early,topk_transition,0.1015625,256
37,5,early,freq_baseline,0.16796875,256
37,5,early,top1_transition,0.4140625,256
37,5,early,topk_transition,0.1953125,256
37,6,early,freq_baseline,0.0390625,256
37,6,early,top1_transition,0.265625,256
37,6,early,topk_transition,0.07421875,256
37,7,early,freq_baseline,0.17578125,256
37,7,early,top1_transition,0.3671875,256
37,7,early,topk_transition,0.203125,256
37,8,late,freq_baseline,0.109375,256
37,8,late,top1_transition,0.19140625,256
37,8,late,topk_transition,0.13671875,256
37,9,late,freq_baseline,0.18359375,256
37,9,late,top1_transition,0.25,256
37,9,late,topk_transition,0.21875,256
37,10,late,freq_baseline,0.15625,256
37,10,late,top1_transition,0.32421875,256
37,10,late,topk_transition,0.1796875,256
37,11,late,freq_baseline,0.3046875,256
37,11,late,top1_transition,0.296875,256
37,11,late,topk_transition,0.3125,256
37,12,late,freq_baseline,0.5078125,256
37,12,late,top1_transition,0.515625,256
37,12,late,topk_transition,0.51953125,256
37,13,late,freq_baseline,0.11328125,256
37,13,late,top1_transition,0.25390625,256
37,13,late,topk_transition,0.1171875,256
37,14,late,freq_baseline,0.23046875,256
37,14,late,top1_transition,0.34375,256
37,14,late,topk_transition,0.23828125,256
37,0,early,neighbor_same_layer,0.36470588235294116,255
37,0,early,freq_baseline_same_layer,0.3764705882352941,255
37,1,early,neighbor_same_layer,0.14901960784313725,255
37,1,early,freq_baseline_same_layer,0.12549019607843137,255
37,2,early,neighbor_same_layer,0.16470588235294117,255
37,2,early,freq_baseline_same_layer,0.07450980392156863,255
37,3,early,neighbor_same_layer,0.18823529411764706,255
37,3,early,freq_baseline_same_layer,0.0196078431372549,255
37,4,early,neighbor_same_layer,0.19215686274509805,255
37,4,early,freq_baseline_same_layer,0.11372549019607843,255
37,5,early,neighbor_same_layer,0.1607843137254902,255
37,5,early,freq_baseline_same_layer,0.08235294117647059,255
37,6,early,neighbor_same_layer,0.30980392156862746,255
37,6,early,freq_baseline_same_layer,0.16862745098039217,255
37,7,early,neighbor_same_layer,0.14901960784313725,255
37,7,early,freq_baseline_same_layer,0.0392156862745098,255
37,8,late,neighbor_same_layer,0.24313725490196078,255
37,8,late,freq_baseline_same_layer,0.17647058823529413,255
37,9,late,neighbor_same_layer,0.29411764705882354,255
37,9,late,freq_baseline_same_layer,0.10980392156862745,255
37,10,late,neighbor_same_layer,0.24313725490196078,255
37,10,late,freq_baseline_same_layer,0.1843137254901961,255
37,11,late,neighbor_same_layer,0.2196078431372549,255
37,11,late,freq_baseline_same_layer,0.1568627450980392,255
37,12,late,neighbor_same_layer,0.27450980392156865,255
37,12,late,freq_baseline_same_layer,0.3058823529411765,255
37,13,late,neighbor_same_layer,0.43529411764705883,255
37,13,late,freq_baseline_same_layer,0.5098039215686274,255
37,14,late,neighbor_same_layer,0.19215686274509805,255
37,14,late,freq_baseline_same_layer,0.11372549019607843,255
37,15,late,neighbor_same_layer,0.2627450980392157,255
37,15,late,freq_baseline_same_layer,0.23137254901960785,255
38,0,early,freq_baseline,0.30859375,256
38,0,early,top1_transition,0.21875,256
38,0,early,topk_transition,0.34375,256
38,1,early,freq_baseline,0.0859375,256
38,1,early,top1_transition,0.20703125,256
38,1,early,topk_transition,0.0859375,256
38,2,early,freq_baseline,0.06640625,256
38,2,early,top1_transition,0.22265625,256
38,2,early,topk_transition,0.07421875,256
38,3,early,freq_baseline,0.140625,256
38,3,early,top1_transition,0.3046875,256
38,3,early,topk_transition,0.15234375,256
38,4,early,freq_baseline,0.125,256
38,4,early,top1_transition,0.2734375,256
38,4,early,topk_transition,0.13671875,256
38,5,early,freq_baseline,0.17578125,256
38,5,early,top1_transition,0.421875,256
38,5,early,topk_transition,0.19921875,256
38,6,early,freq_baseline,0.02734375,256
38,6,early,top1_transition,0.32421875,256
38,6,early,topk_transition,0.05859375,256
38,7,early,freq_baseline,0.0703125,256
38,7,early,top1_transition,0.30859375,256
38,7,early,topk_transition,0.08984375,256
38,8,late,freq_baseline,0.09375,256
38,8,late,top1_transition,0.21484375,256
38,8,late,topk_transition,0.109375,256
38,9,late,freq_baseline,0.12890625,256
38,9,late,top1_transition,0.19921875,256
38,9,late,topk_transition,0.14453125,256
38,10,late,freq_baseline,0.0859375,256
38,10,late,top1_transition,0.265625,256
38,10,late,topk_transition,0.09375,256
38,11,late,freq_baseline,0.01953125,256
38,11,late,top1_transition,0.16015625,256
38,11,late,topk_transition,0.0234375,256
38,12,late,freq_baseline,0.296875,256
38,12,late,top1_transition,0.30078125,256
38,12,late,topk_transition,0.30859375,256
38,13,late,freq_baseline,0.0859375,256
38,13,late,top1_transition,0.28125,256
38,13,late,topk_transition,0.08984375,256
38,14,late,freq_baseline,0.13671875,256
38,14,late,top1_transition,0.33203125,256
38,14,late,topk_transition,0.14453125,256
38,0,early,neighbor_same_layer,0.39215686274509803,255
38,0,early,freq_baseline_same_layer,0.396078431372549,255
38,1,early,neighbor_same_layer,0.2901960784313726,255
38,1,early,freq_baseline_same_layer,0.30980392156862746,255
38,2,early,neighbor_same_layer,0.12549019607843137,255
38,2,early,freq_baseline_same_layer,0.08235294117647059,255
38,3,early,neighbor_same_layer,0.13725490196078433,255
38,3,early,freq_baseline_same_layer,0.06274509803921569,255
38,4,early,neighbor_same_layer,0.19215686274509805,255
38,4,early,freq_baseline_same_layer,0.1411764705882353,255
38,5,early,neighbor_same_layer,0.23921568627450981,255
38,5,early,freq_baseline_same_layer,0.12549019607843137,255
38,6,early,neighbor_same_layer,0.27450980392156865,255
38,6,early,freq_baseline_same_layer,0.17647058823529413,255
38,7,early,neighbor_same_layer,0.19215686274509805,255
38,7,early,freq_baseline_same_layer,0.027450980392156862,255
38,8,late,neighbor_same_layer,0.2549019607843137,255
38,8,late,freq_baseline_same_layer,0.07058823529411765,255
38,9,late,neighbor_same_layer,0.24313725490196078,255
38,9,late,freq_baseline_same_layer,0.09411764705882353,255
38,10,late,neighbor_same_layer,0.17254901960784313,255
38,10,late,freq_baseline_same_layer,0.12941176470588237,255
38,11,late,neighbor_same_layer,0.20784313725490197,255
38,11,late,freq_baseline_same_layer,0.08627450980392157,255
38,12,late,neighbor_same_layer,0.22745098039215686,255
38,12,late,freq_baseline_same_layer,0.0196078431372549,255
38,13,late,neighbor_same_layer,0.27058823529411763,255
38,13,late,freq_baseline_same_layer,0.2980392156862745,255
38,14,late,neighbor_same_layer,0.21176470588235294,255
38,14,late,freq_baseline_same_layer,0.08627450980392157,255
38,15,late,neighbor_same_layer,0.24313725490196078,255
38,15,late,freq_baseline_same_layer,0.13725490196078433,255
39,0,early,freq_baseline,0.3046875,256
39,0,early,top1_transition,0.296875,256
39,0,early,topk_transition,0.3046875,256
39,1,early,freq_baseline,0.125,256
39,1,early,top1_transition,0.22265625,256
39,1,early,topk_transition,0.1328125,256
39,2,early,freq_baseline,0.11328125,256
39,2,early,top1_transition,0.23828125,256
39,2,early,topk_transition,0.12109375,256
39,3,early,freq_baseline,0.109375,256
39,3,early,top1_transition,0.37109375,256
39,3,early,topk_transition,0.125,256
39,4,early,freq_baseline,0.16796875,256
39,4,early,top1_transition,0.234375,256
39,4,early,topk_transition,0.17578125,256
39,5,early,freq_baseline,0.12890625,256
39,5,early,top1_transition,0.34375,256
39,5,early,topk_transition,0.15234375,256
39,6,early,freq_baseline,0.14453125,256
39,6,early,top1_transition,0.31640625,256
39,6,early,topk_transition,0.1796875,256
39,7,early,freq_baseline,0.09765625,256
39,7,early,top1_transition,0.29296875,256
39,7,early,topk_transition,0.1015625,256
39,8,late,freq_baseline,0.20703125,256
39,8,late,top1_transition,0.2890625,256
39,8,late,topk_transition,0.2265625,256
39,9,late,freq_baseline,0.08984375,256
39,9,late,top1_transition,0.2265625,256
39,9,late,topk_transition,0.10546875,256
39,10,late,freq_baseline,0.1640625,256
39,10,late,top1_transition,0.29296875,256
39,10,late,topk_transition,0.16015625,256
39,11,late,freq_baseline,0.1875,256
39,11,late,top1_transition,0.3125,256
39,11,late,topk_transition,0.19140625,256
39,12,late,freq_baseline,0.30859375,256
39,12,late,top1_transition,0.3828125,256
39,12,late,topk_transition,0.3125,256
39,13,late,freq_baseline,0.140625,256
39,13,late,top1_transition,0.35546875,256
39,13,late,topk_transition,0.14453125,256
39,14,late,freq_baseline,0.4140625,256
39,14,late,top1_transition,0.4609375,256
39,14,late,topk_transition,0.41796875,256
39,0,early,neighbor_same_layer,0.3803921568627451,255
39,0,early,freq_baseline_same_layer,0.3803921568627451,255
39,1,early,neighbor_same_layer,0.2901960784313726,255
39,1,early,freq_baseline_same_layer,0.3058823529411765,255
39,2,early,neighbor_same_layer,0.2196078431372549,255
39,2,early,freq_baseline_same_layer,0.12156862745098039,255
39,3,early,neighbor_same_layer,0.19607843137254902,255
39,3,early,freq_baseline_same_layer,0.10980392156862745,255
39,4,early,neighbor_same_layer,0.23921568627450981,255
39,4,early,freq_baseline_same_layer,0.10980392156862745,255
39,5,early,neighbor_same_layer,0.24705882352941178,255
39,5,early,freq_baseline_same_layer,0.16862745098039217,255
39,6,early,neighbor_same_layer,0.2823529411764706,255
39,6,early,freq_baseline_same_layer,0.12941176470588237,255
39,7,early,neighbor_same_layer,0.25882352941176473,255
39,7,early,freq_baseline_same_layer,0.1450980392156863,255
39,8,late,neighbor_same_layer,0.39215686274509803,255
39,8,late,freq_baseline_same_layer,0.09803921568627451,255
39,9,late,neighbor_same_layer,0.41568627450980394,255
39,9,late,freq_baseline_same_layer,0.20784313725490197,255
39,10,late,neighbor_same_layer,0.30196078431372547,255
39,10,late,freq_baseline_same_layer,0.09019607843137255,255
39,11,late,neighbor_same_layer,0.17254901960784313,255
39,11,late,freq_baseline_same_layer,0.16470588235294117,255
39,12,late,neighbor_same_layer,0.35294117647058826,255
39,12,late,freq_baseline_same_layer,0.18823529411764706,255
39,13,late,neighbor_same_layer,0.37254901960784315,255
39,13,late,freq_baseline_same_layer,0.30980392156862746,255
39,14,late,neighbor_same_layer,0.3058823529411765,255
39,14,late,freq_baseline_same_layer,0.1411764705882353,255
39,15,late,neighbor_same_layer,0.4196078431372549,255
39,15,late,freq_baseline_same_layer,0.41568627450980394,255
40,0,early,freq_baseline,0.35546875,256
40,0,early,top1_transition,0.2734375,256
40,0,early,topk_transition,0.3515625,256
40,1,early,freq_baseline,0.12890625,256
40,1,early,top1_transition,0.19140625,256
40,1,early,topk_transition,0.1328125,256
40,2,early,freq_baseline,0.109375,256
40,2,early,top1_transition,0.21484375,256
40,2,early,topk_transition,0.11328125,256
40,3,early,freq_baseline,0.0703125,256
40,3,early,top1_transition,0.2421875,256
40,3,early,topk_transition,0.078125,256
40,4,early,freq_baseline,0.04296875,256
40,4,early,top1_transition,0.234375,256
40,4,early,topk_transition,0.06640625,256
40,5,early,freq_baseline,0.04296875,256
40,5,early,top1_transition,0.32421875,256
40,5,early,topk_transition,0.0546875,256
40,6,early,freq_baseline,0.140625,256
40,6,early,top1_transition,0.2578125,256
40,6,early,topk_transition,0.171875,256
40,7,early,freq_baseline,0.0,256
40,7,early,top1_transition,0.234375,256
40,7,early,topk_transition,0.01953125,256
40,8,late,freq_baseline,0.02734375,256
40,8,late,top1_transition,0.21484375,256
40,8,late,topk_transition,0.0390625,256
40,9,late,freq_baseline,0.109375,256
40,9,late,top1_transition,0.2578125,256
40,9,late,topk_transition,0.1328125,256
40,10,late,freq_baseline,0.14453125,256
40,10,late,top1_transition,0.29296875,256
40,10,late,topk_transition,0.15234375,256
40,11,late,freq_baseline,0.0,256
40,11,late,top1_transition,0.2734375,256
40,11,late,topk_transition,0.00390625,256
40,12,late,freq_baseline,0.1328125,256
40,12,late,top1_transition,0.12109375,256
40,12,late,topk_transition,0.14453125,256
40,13,late,freq_baseline,0.04296875,256
40,13,late,top1_transition,0.1953125,256
40,13,late,topk_transition,0.046875,256
40,14,late,freq_baseline,0.22265625,256
40,14,late,top1_transition,0.453125,256
40,14,late,topk_transition,0.2265625,256
40,0,early,neighbor_same_layer,0.11764705882352941,255
40,0,early,freq_baseline_same_layer,0.12941176470588237,255
40,1,early,neighbor_same_layer,0.35294117647058826,255
40,1,early,freq_baseline_same_layer,0.3568627450980392,255
40,2,early,neighbor_same_layer,0.13725490196078433,255
40,2,early,freq_baseline_same_layer,0.12549019607843137,255
40,3,early,neighbor_same_layer,0.1450980392156863,255
40,3,early,freq_baseline_same_layer,0.10588235294117647,255
40,4,early,neighbor_same_layer,0.1568627450980392,255
40,4,early,freq_baseline_same_layer,0.07058823529411765,255
40,5,early,neighbor_same_layer,0.23921568627450981,255
40,5,early,freq_baseline_same_layer,0.043137254901960784,255
40,6,early,neighbor_same_layer,0.2235294117647059,255
40,6,early,freq_baseline_same_layer,0.043137254901960784,255
40,7,early,neighbor_same_layer,0.25882352941176473,255
40,7,early,freq_baseline_same_layer,0.1411764705882353,255
40,8,late,neighbor_same_layer,0.1450980392156863,255
40,8,late,freq_baseline_same_layer,0.0,255
40,9,late,neighbor_same_layer,0.23137254901960785,255
40,9,late,freq_baseline_same_layer,0.027450980392156862,255
40,10,late,neighbor_same_layer,0.11372549019607843,255
40,10,late,freq_baseline_same_layer,0.10980392156862745,255
40,11,late,neighbor_same_layer,0.23921568627450981,255
40,11,late,freq_baseline_same_layer,0.1450980392156863,255
40,12,late,neighbor_same_layer,0.403921568627451,255
40,12,late,freq_baseline_same_layer,0.0,255
40,13,late,neighbor_same_layer,0.21568627450980393,255
40,13,late,freq_baseline_same_layer,0.13333333333333333,255
40,14,late,neighbor_same_layer,0.23137254901960785,255
40,14,late,freq_baseline_same_layer,0.043137254901960784,255
40,15,late,neighbor_same_layer,0.27450980392156865,255
40,15,late,freq_baseline_same_layer,0.2235294117647059,255
41,0,early,freq_baseline,0.0859375,256
41,0,early,top1_transition,0.4765625,256
41,0,early,topk_transition,0.1171875,256
41,1,early,freq_baseline,0.1015625,256
41,1,early,top1_transition,0.10546875,256
41,1,early,topk_transition,0.1015625,256
41,2,early,freq_baseline,0.046875,256
41,2,early,top1_transition,0.11328125,256
41,2,early,topk_transition,0.04296875,256
41,3,early,freq_baseline,0.1328125,256
41,3,early,top1_transition,0.2421875,256
41,3,early,topk_transition,0.13671875,256
41,4,early,freq_baseline,0.21875,256
41,4,early,top1_transition,0.3515625,256
41,4,early,topk_transition,0.22265625,256
41,5,early,freq_baseline,0.1171875,256
41,5,early,top1_transition,0.32421875,256
41,5,early,topk_transition,0.140625,256
41,6,early,freq_baseline,0.0234375,256
41,6,early,top1_transition,0.2421875,256
41,6,early,topk_transition,0.03125,256
41,7,early,freq_baseline,0.125,256
41,7,early,top1_transition,0.31640625,256
41,7,early,topk_transition,0.1484375,256
41,8,late,freq_baseline,0.03515625,256
41,8,late,top1_transition,0.21875,256
41,8,late,topk_transition,0.0390625,256
41,9,late,freq_baseline,0.109375,256
41,9,late,top1_transition,0.15625,256
41,9,late,topk_transition,0.140625,256
41,10,late,freq_baseline,0.07421875,256
41,10,late,top1_transition,0.21875,256
41,10,late,topk_transition,0.08203125,256
41,11,late,freq_baseline,0.03125,256
41,11,late,top1_transition,0.234375,256
41,11,late,topk_transition,0.03515625,256
41,12,late,freq_baseline,0.1328125,256
41,12,late,top1_transition,0.30859375,256
41,12,late,topk_transition,0.13671875,256
41,13,late,freq_baseline,0.0390625,256
41,13,late,top1_transition,0.2109375,256
41,13,late,topk_transition,0.04296875,256
41,14,late,freq_baseline,0.00390625,256
41,14,late,top1_transition,0.234375,256
41,14,late,topk_transition,0.0078125,256
41,0,early,neighbor_same_layer,0.596078431372549,255
41,0,early,freq_baseline_same_layer,0.6235294117647059,255
41,1,early,neighbor_same_layer,0.4745098039215686,255
41,1,early,freq_baseline_same_layer,0.08627450980392157,255
41,2,early,neighbor_same_layer,0.14901960784313725,255
41,2,early,freq_baseline_same_layer,0.09803921568627451,255
41,3,early,neighbor_same_layer,0.09019607843137255,255
41,3,early,freq_baseline_same_layer,0.043137254901960784,255
41,4,early,neighbor_same_layer,0.19215686274509805,255
41,4,early,freq_baseline_same_layer,0.13333333333333333,255
41,5,early,neighbor_same_layer,0.30980392156862746,255
41,5,early,freq_baseline_same_layer,0.2196078431372549,255
41,6,early,neighbor_same_layer,0.3058823529411765,255
41,6,early,freq_baseline_same_layer,0.11764705882352941,255
41,7,early,neighbor_same_layer,0.16470588235294117,255
41,7,early,freq_baseline_same_layer,0.023529411764705882,255
41,8,late,neighbor_same_layer,0.3137254901960784,255
41,8,late,freq_baseline_same_layer,0.12549019607843137,255
41,9,late,neighbor_same_layer,0.21176470588235294,255
41,9,late,freq_baseline_same_layer,0.03529411764705882,255
41,10,late,neighbor_same_layer,0.12549019607843137,255
41,10,late,freq_baseline_same_layer,0.10980392156862745,255
41,11,late,neighbor_same_layer,0.1803921568627451,255
41,11,late,freq_baseline_same_layer,0.07450980392156863,255
41,12,late,neighbor_same_layer,0.17647058823529413,255
41,12,late,freq_baseline_same_layer,0.03137254901960784,255
41,13,late,neighbor_same_layer,0.13333333333333333,255
41,13,late,freq_baseline_same_layer,0.13333333333333333,255
41,14,late,neighbor_same_layer,0.10980392156862745,255
41,14,late,freq_baseline_same_layer,0.0392156862745098,255
41,15,late,neighbor_same_layer,0.1607843137254902,255
41,15,late,freq_baseline_same_layer,0.00392156862745098,255
42,0,early,freq_baseline,0.296875,256
42,0,early,top1_transition,0.28515625,256
42,0,early,topk_transition,0.36328125,256
42,1,early,freq_baseline,0.04296875,256
42,1,early,top1_transition,0.14453125,256
42,1,early,topk_transition,0.046875,256
42,2,early,freq_baseline,0.046875,256
42,2,early,top1_transition,0.17578125,256
42,2,early,topk_transition,0.07421875,256
42,3,early,freq_baseline,0.1328125,256
42,3,early,top1_transition,0.2890625,256
42,3,early,topk_transition,0.140625,256
42,4,early,freq_baseline,0.0625,256
42,4,early,top1_transition,0.2421875,256
42,4,early,topk_transition,0.078125,256
42,5,early,freq_baseline,0.12109375,256
42,5,early,top1_transition,0.375,256
42,5,early,topk_transition,0.1484375,256
42,6,early,freq_baseline,0.03515625,256
42,6,early,top1_transition,0.28515625,256
42,6,early,topk_transition,0.0859375,256
42,7,early,freq_baseline,0.18359375,256
42,7,early,top1_transition,0.30859375,256
42,7,early,topk_transition,0.21875,256
42,8,late,freq_baseline,0.08984375,256
42,8,late,top1_transition,0.24609375,256
42,8,late,topk_transition,0.125,256
42,9,late,freq_baseline,0.1328125,256
42,9,late,top1_transition,0.22265625,256
42,9,late,topk_transition,0.16015625,256
42,10,late,freq_baseline,0.11328125,256
42,10,late,top1_transition,0.21875,256
42,10,late,topk_transition,0.1328125,256
42,11,late,freq_baseline,0.28125,256
42,11,late,top1_transition,0.2734375,256
42,11,late,topk_transition,0.28515625,256
42,12,late,freq_baseline,0.234375,256
42,12,late,top1_transition,0.30859375,256
42,12,late,topk_transition,0.23828125,256
42,13,late,freq_baseline,0.109375,256
42,13,late,top1_transition,0.2734375,256
42,13,late,topk_transition,0.11328125,256
42,14,late,freq_baseline,0.1875,256
42,14,late,top1_transition,0.3984375,256
42,14,late,topk_transition,0.1953125,256
42,0,early,neighbor_same_layer,0.2901960784313726,255
42,0,early,freq_baseline_same_layer,0.30980392156862746,255
42,1,early,neighbor_same_layer,0.2980392156862745,255
42,1,early,freq_baseline_same_layer,0.2980392156862745,255
42,2,early,neighbor_same_layer,0.15294117647058825,255
42,2,early,freq_baseline_same_layer,0.0392156862745098,255
42,3,early,neighbor_same_layer,0.11764705882352941,255
42,3,early,freq_baseline_same_layer,0.043137254901960784,255
42,4,early,neighbor_same_layer,0.20392156862745098,255
42,4,early,freq_baseline_same_layer,0.13333333333333333,255
42,5,early,neighbor_same_layer,0.22745098039215686,255
42,5,early,freq_baseline_same_layer,0.06274509803921569,255
42,6,early,neighbor_same_layer,0.28627450980392155,255
42,6,early,freq_baseline_same_layer,0.12156862745098039,255
42,7,early,neighbor_same_layer,0.2549019607843137,255
42,7,early,freq_baseline_same_layer,0.03529411764705882,255
42,8,late,neighbor_same_layer,0.30196078431372547,255
42,8,late,freq_baseline_same_layer,0.1843137254901961,255
42,9,late,neighbor_same_layer,0.21568627450980393,255
42,9,late,freq_baseline_same_layer,0.09019607843137255,255
42,10,late,neighbor_same_layer,0.1607843137254902,255
42,10,late,freq_baseline_same_layer,0.13333333333333333,255
42,11,late,neighbor_same_layer,0.1843137254901961,255
42,11,late,freq_baseline_same_layer,0.11372549019607843,255
42,12,late,neighbor_same_layer,0.2823529411764706,255
42,12,late,freq_baseline_same_layer,0.2823529411764706,255
42,13,late,neighbor_same_layer,0.23921568627450981,255
42,13,late,freq_baseline_same_layer,0.23529411764705882,255
42,14,late,neighbor_same_layer,0.20392156862745098,255
42,14,late,freq_baseline_same_layer,0.10980392156862745,255
42,15,late,neighbor_same_layer,0.26666666666666666,255
42,15,late,freq_baseline_same_layer,0.18823529411764706,255
43,0,early,freq_baseline,0.046875,256
43,0,early,top1_transition,0.5234375,256
43,0,early,topk_transition,0.15234375,256
43,1,early,freq_baseline,0.1484375,256
43,1,early,top1_transition,0.1796875,256
43,1,early,topk_transition,0.15234375,256
43,2,early,freq_baseline,0.09375,256
43,2,early,top1_transition,0.17578125,256
43,2,early,topk_transition,0.09375,256
43,3,early,freq_baseline,0.109375,256
43,3,early,top1_transition,0.29296875,256
43,3,early,topk_transition,0.11328125,256
43,4,early,freq_baseline,0.171875,256
43,4,early,top1_transition,0.3203125,256
43,4,early,topk_transition,0.19140625,256
43,5,early,freq_baseline,0.0625,256
43,5,early,top1_transition,0.31640625,256
43,5,early,topk_transition,0.07421875,256
43,6,early,freq_baseline,0.04296875,256
43,6,early,top1_transition,0.22265625,256
43,6,early,topk_transition,0.0859375,256
43,7,early,freq_baseline,0.203125,256
43,7,early,top1_transition,0.3125,256
43,7,early,topk_transition,0.24609375,256
43,8,late,freq_baseline,0.1328125,256
43,8,late,top1_transition,0.2734375,256
43,8,late,topk_transition,0.15625,256
43,9,late,freq_baseline,0.1171875,256
43,9,late,top1_transition,0.23046875,256
43,9,late,topk_transition,0.12890625,256
43,10,late,freq_baseline,0.109375,256
43,10,late,top1_transition,0.19921875,256
43,10,late,topk_transition,0.11328125,256
43,11,late,freq_baseline,0.03125,256
43,11,late,top1_transition,0.2421875,256
43,11,late,topk_transition,0.03515625,256
43,12,late,freq_baseline,0.33203125,256
43,12,late,top1_transition,0.390625,256
43,12,late,topk_transition,0.3359375,256
43,13,late,freq_baseline,0.15625,256
43,13,late,top1_transition,0.2109375,256
43,13,late,topk_transition,0.16015625,256
43,14,late,freq_baseline,0.078125,256
43,14,late,top1_transition,0.33984375,256
43,14,late,topk_transition,0.0859375,256
43,0,early,neighbor_same_layer,0.592156862745098,255
43,0,early,freq_baseline_same_layer,0.596078431372549,255
43,1,early,neighbor_same_layer,0.6235294117647059,255
43,1,early,freq_baseline_same_layer,0.047058823529411764,255
43,2,early,neighbor_same_layer,0.16862745098039217,255
43,2,early,freq_baseline_same_layer,0.1450980392156863,255
43,3,early,neighbor_same_layer,0.1843137254901961,255
43,3,early,freq_baseline_same_layer,0.09019607843137255,255
43,4,early,neighbor_same_layer,0.17254901960784313,255
43,4,early,freq_baseline_same_layer,0.10980392156862745,255
43,5,early,neighbor_same_layer,0.19607843137254902,255
43,5,early,freq_baseline_same_layer,0.17254901960784313,255
43,6,early,neighbor_same_layer,0.21568627450980393,255
43,6,early,freq_baseline_same_layer,0.06274509803921569,255
43,7,early,neighbor_same_layer,0.17647058823529413,255
43,7,early,freq_baseline_same_layer,0.043137254901960784,255
43,8,late,neighbor_same_layer,0.24705882352941178,255
43,8,late,freq_baseline_same_layer,0.20392156862745098,255
43,9,late,neighbor_same_layer,0.23921568627450981,255
43,9,late,freq_baseline_same_layer,0.13333333333333333,255
43,10,late,neighbor_same_layer,0.16862745098039217,255
43,10,late,freq_baseline_same_layer,0.11764705882352941,255
43,11,late,neighbor_same_layer,0.2196078431372549,255
43,11,late,freq_baseline_same_layer,0.10980392156862745,255
43,12,late,neighbor_same_layer,0.3333333333333333,255
43,12,late,freq_baseline_same_layer,0.03137254901960784,255
43,13,late,neighbor_same_layer,0.3411764705882353,255
43,13,late,freq_baseline_same_layer,0.3333333333333333,255
43,14,late,neighbor_same_layer,0.21568627450980393,255
43,14,late,freq_baseline_same_layer,0.1568627450980392,255
43,15,late,neighbor_same_layer,0.29411764705882354,255
43,15,late,freq_baseline_same_layer,0.0784313725490196,255
44,0,early,freq_baseline,0.4296875,256
44,0,early,top1_transition,0.31640625,256
44,0,early,topk_transition,0.4921875,256
44,1,early,freq_baseline,0.0625,256
44,1,early,top1_transition,0.1171875,256
44,1,early,topk_transition,0.0625,256
44,2,early,freq_baseline,0.0859375,256
44,2,early,top1_transition,0.1875,256
44,2,early,topk_transition,0.09375,256
44,3,early,freq_baseline,0.05859375,256
44,3,early,top1_transition,0.2890625,256
44,3,early,topk_transition,0.07421875,256
44,4,early,freq_baseline,0.1640625,256
44,4,early,top1_transition,0.265625,256
44,4,early,topk_transition,0.171875,256
44,5,early,freq_baseline,0.17578125,256
44,5,early,top1_transition,0.3359375,256
44,5,early,topk_transition,0.20703125,256
44,6,early,freq_baseline,0.06640625,256
44,6,early,top1_transition,0.2890625,256
44,6,early,topk_transition,0.08203125,256
44,7,early,freq_baseline,0.09765625,256
44,7,early,top1_transition,0.25390625,256
44,7,early,topk_transition,0.109375,256
44,8,late,freq_baseline,0.38671875,256
44,8,late,top1_transition,0.22265625,256
44,8,late,topk_transition,0.3984375,256
44,9,late,freq_baseline,0.0625,256
44,9,late,top1_transition,0.25,256
44,9,late,topk_transition,0.0859375,256
44,10,late,freq_baseline,0.08984375,256
44,10,late,top1_transition,0.234375,256
44,10,late,topk_transition,0.09765625,256
44,11,late,freq_baseline,0.03515625,256
44,11,late,top1_transition,0.31640625,256
44,11,late,topk_transition,0.0390625,256
44,12,late,freq_baseline,0.31640625,256
44,12,late,top1_transition,0.35546875,256
44,12,late,topk_transition,0.328125,256
44,13,late,freq_baseline,0.1953125,256
44,13,late,top1_transition,0.328125,256
44,13,late,topk_transition,0.19921875,256
44,14,late,freq_baseline,0.34765625,256
44,14,late,top1_transition,0.47265625,256
44,14,late,topk_transition,0.35546875,256
44,0,early,neighbor_same_layer,0.5019607843137255,255
44,0,early,freq_baseline_same_layer,0.5058823529411764,255
44,1,early,neighbor_same_layer,0.3843137254901961,255
44,1,early,freq_baseline_same_layer,0.43137254901960786,255
44,2,early,neighbor_same_layer,0.2,255
44,2,early,freq_baseline_same_layer,0.058823529411764705,255
44,3,early,neighbor_same_layer,0.17254901960784313,255
44,3,early,freq_baseline_same_layer,0.08235294117647059,255
44,4,early,neighbor_same_layer,0.23529411764705882,255
44,4,early,freq_baseline_same_layer,0.058823529411764705,255
44,5,early,neighbor_same_layer,0.21176470588235294,255
44,5,early,freq_baseline_same_layer,0.16470588235294117,255
44,6,early,neighbor_same_layer,0.24705882352941178,255
44,6,early,freq_baseline_same_layer,0.17647058823529413,255
44,7,early,neighbor_same_layer,0.23137254901960785,255
44,7,early,freq_baseline_same_layer,0.06666666666666667,255
44,8,late,neighbor_same_layer,0.3137254901960784,255
44,8,late,freq_baseline_same_layer,0.09803921568627451,255
44,9,late,neighbor_same_layer,0.4196078431372549,255
44,9,late,freq_baseline_same_layer,0.38823529411764707,255
44,10,late,neighbor_same_layer,0.2823529411764706,255
44,10,late,freq_baseline_same_layer,0.06274509803921569,255
44,11,late,neighbor_same_layer,0.23921568627450981,255
44,11,late,freq_baseline_same_layer,0.09019607843137255,255
44,12,late,neighbor_same_layer,0.5568627450980392,255
44,12,late,freq_baseline_same_layer,0.03529411764705882,255
44,13,late,neighbor_same_layer,0.23921568627450981,255
44,13,late,freq_baseline_same_layer,0.3176470588235294,255
44,14,late,neighbor_same_layer,0.2980392156862745,255
44,14,late,freq_baseline_same_layer,0.19607843137254902,255
44,15,late,neighbor_same_layer,0.3333333333333333,255
44,15,late,freq_baseline_same_layer,0.34901960784313724,255
45,0,early,freq_baseline,0.140625,256
45,0,early,top1_transition,0.29296875,256
45,0,early,topk_transition,0.2109375,256
45,1,early,freq_baseline,0.0625,256
45,1,early,top1_transition,0.1328125,256
45,1,early,topk_transition,0.06640625,256
45,2,early,freq_baseline,0.0859375,256
45,2,early,top1_transition,0.21484375,256
45,2,early,topk_transition,0.11328125,256
45,3,early,freq_baseline,0.06640625,256
45,3,early,top1_transition,0.265625,256
45,3,early,topk_transition,0.08203125,256
45,4,early,freq_baseline,0.1015625,256
45,4,early,top1_transition,0.2421875,256
45,4,early,topk_transition,0.109375,256
45,5,early,freq_baseline,0.1328125,256
45,5,early,top1_transition,0.31640625,256
45,5,early,topk_transition,0.15234375,256
45,6,early,freq_baseline,0.04296875,256
45,6,early,top1_transition,0.3125,256
45,6,early,topk_transition,0.0703125,256
45,7,early,freq_baseline,0.3046875,256
45,7,early,top1_transition,0.29296875,256
45,7,early,topk_transition,0.3203125,256
45,8,late,freq_baseline,0.12109375,256
45,8,late,top1_transition,0.2109375,256
45,8,late,topk_transition,0.13671875,256
45,9,late,freq_baseline,0.1171875,256
45,9,late,top1_transition,0.1953125,256
45,9,late,topk_transition,0.15234375,256
45,10,late,freq_baseline,0.16015625,256
45,10,late,top1_transition,0.28125,256
45,10,late,topk_transition,0.1640625,256
45,11,late,freq_baseline,0.08984375,256
45,11,late,top1_transition,0.13671875,256
45,11,late,topk_transition,0.1015625,256
45,12,late,freq_baseline,0.25,256
45,12,late,top1_transition,0.265625,256
45,12,late,topk_transition,0.265625,256
45,13,late,freq_baseline,0.08203125,256
45,13,late,top1_transition,0.265625,256
45,13,late,topk_transition,0.0859375,256
45,14,late,freq_baseline,0.203125,256
45,14,late,top1_transition,0.3125,256
45,14,late,topk_transition,0.20703125,256
45,0,early,neighbor_same_layer,0.27058823529411763,255
45,0,early,freq_baseline_same_layer,0.2823529411764706,255
45,1,early,neighbor_same_layer,0.27058823529411763,255
45,1,early,freq_baseline_same_layer,0.1411764705882353,255
45,2,early,neighbor_same_layer,0.13333333333333333,255
45,2,early,freq_baseline_same_layer,0.058823529411764705,255
45,3,early,neighbor_same_layer,0.13333333333333333,255
45,3,early,freq_baseline_same_layer,0.08235294117647059,255
45,4,early,neighbor_same_layer,0.18823529411764706,255
45,4,early,freq_baseline_same_layer,0.06666666666666667,255
45,5,early,neighbor_same_layer,0.19607843137254902,255
45,5,early,freq_baseline_same_layer,0.10196078431372549,255
45,6,early,neighbor_same_layer,0.26666666666666666,255
45,6,early,freq_baseline_same_layer,0.13333333333333333,255
45,7,early,neighbor_same_layer,0.2,255
45,7,early,freq_baseline_same_layer,0.043137254901960784,255
45,8,late,neighbor_same_layer,0.3137254901960784,255
45,8,late,freq_baseline_same_layer,0.3058823529411765,255
45,9,late,neighbor_same_layer,0.2823529411764706,255
45,9,late,freq_baseline_same_layer,0.12156862745098039,255
45,10,late,neighbor_same_layer,0.1411764705882353,255
45,10,late,freq_baseline_same_layer,0.11764705882352941,255
45,11,late,neighbor_same_layer,0.18823529411764706,255
45,11,late,freq_baseline_same_layer,0.1607843137254902,255
45,12,late,neighbor_same_layer,0.20784313725490197,255
45,12,late,freq_baseline_same_layer,0.09019607843137255,255
45,13,late,neighbor_same_layer,0.25098039215686274,255
45,13,late,freq_baseline_same_layer,0.25098039215686274,255
45,14,late,neighbor_same_layer,0.20784313725490197,255
45,14,late,freq_baseline_same_layer,0.08235294117647059,255
45,15,late,neighbor_same_layer,0.32941176470588235,255
45,15,late,freq_baseline_same_layer,0.20392156862745098,255
46,0,early,freq_baseline,0.37890625,256
46,0,early,top1_transition,0.203125,256
46,0,early,topk_transition,0.359375,256
46,1,early,freq_baseline,0.109375,256
46,1,early,top1_transition,0.13671875,256
46,1,early,topk_transition,0.11328125,256
46,2,early,freq_baseline,0.0546875,256
46,2,early,top1_transition,0.23046875,256
46,2,early,topk_transition,0.06640625,256
46,3,early,freq_baseline,0.09375,256
46,3,early,top1_transition,0.25390625,256
46,3,early,topk_transition,0.1171875,256
46,4,early,freq_baseline,0.1484375,256
46,4,early,top1_transition,0.32421875,256
46,4,early,topk_transition,0.15234375,256
46,5,early,freq_baseline,0.15234375,256
46,5,early,top1_transition,0.3671875,256
46,5,early,topk_transition,0.1796875,256
46,6,early,freq_baseline,0.1015625,256
46,6,early,top1_transition,0.30078125,256
46,6,early,topk_transition,0.1484375,256
46,7,early,freq_baseline,0.0546875,256
46,7,early,top1_transition,0.296875,256
46,7,early,topk_transition,0.08203125,256
46,8,late,freq_baseline,0.16015625,256
46,8,late,top1_transition,0.27734375,256
46,8,late,topk_transition,0.1875,256
46,9,late,freq_baseline,0.0703125,256
46,9,late,top1_transition,0.20703125,256
46,9,late,topk_transition,0.08203125,256
46,10,late,freq_baseline,0.09375,256
46,10,late,top1_transition,0.16796875,256
46,10,late,topk_transition,0.1015625,256
46,11,late,freq_baseline,0.1328125,256
46,11,late,top1_transition,0.1953125,256
46,11,late,topk_transition,0.13671875,256
46,12,late,freq_baseline,0.22265625,256
46,12,late,top1_transition,0.30859375,256
46,12,late,topk_transition,0.2265625,256
46,13,late,freq_baseline,0.1484375,256
46,13,late,top1_transition,0.30078125,256
46,13,late,topk_transition,0.15234375,256
46,14,late,freq_baseline,0.1796875,256
46,14,late,top1_transition,0.32421875,256
46,14,late,topk_transition,0.1953125,256
46,0,early,neighbor_same_layer,0.4627450980392157,255
46,0,early,freq_baseline_same_layer,0.4745098039215686,255
46,1,early,neighbor_same_layer,0.35294117647058826,255
46,1,early,freq_baseline_same_layer,0.3803921568627451,255
46,2,early,neighbor_same_layer,0.24313725490196078,255
46,2,early,freq_baseline_same_layer,0.10588235294117647,255
46,3,early,neighbor_same_layer,0.18823529411764706,255
46,3,early,freq_baseline_same_layer,0.050980392156862744,255
46,4,early,neighbor_same_layer,0.1607843137254902,255
46,4,early,freq_baseline_same_layer,0.09411764705882353,255
46,5,early,neighbor_same_layer,0.21176470588235294,255
46,5,early,freq_baseline_same_layer,0.14901960784313725,255
46,6,early,neighbor_same_layer,0.23921568627450981,255
46,6,early,freq_baseline_same_layer,0.15294117647058825,255
46,7,early,neighbor_same_layer,0.28627450980392155,255
46,7,early,freq_baseline_same_layer,0.10196078431372549,255
46,8,late,neighbor_same_layer,0.5529411764705883,255
46,8,late,freq_baseline_same_layer,0.054901960784313725,255
46,9,late,neighbor_same_layer,0.3333333333333333,255
46,9,late,freq_baseline_same_layer,0.1607843137254902,255
46,10,late,neighbor_same_layer,0.27450980392156865,255
46,10,late,freq_baseline_same_layer,0.07058823529411765,255
46,11,late,neighbor_same_layer,0.25098039215686274,255
46,11,late,freq_baseline_same_layer,0.09411764705882353,255
46,12,late,neighbor_same_layer,0.35294117647058826,255
46,12,late,freq_baseline_same_layer,0.13333333333333333,255
46,13,late,neighbor_same_layer,0.30196078431372547,255
46,13,late,freq_baseline_same_layer,0.2235294117647059,255
46,14,late,neighbor_same_layer,0.2784313725490196,255
46,14,late,freq_baseline_same_layer,0.14901960784313725,255
46,15,late,neighbor_same_layer,0.34901960784313724,255
46,15,late,freq_baseline_same_layer,0.1803921568627451,255
47,0,early,freq_baseline,0.234375,256
47,0,early,top1_transition,0.1875,256
47,0,early,topk_transition,0.2578125,256
47,1,early,freq_baseline,0.0546875,256
47,1,early,top1_transition,0.109375,256
47,1,early,topk_transition,0.0546875,256
47,2,early,freq_baseline,0.0390625,256
47,2,early,top1_transition,0.203125,256
47,2,early,topk_transition,0.03515625,256
47,3,early,freq_baseline,0.140625,256
47,3,early,top1_transition,0.296875,256
47,3,early,topk_transition,0.15625,256
47,4,early,freq_baseline,0.04296875,256
47,4,early,top1_transition,0.29296875,256
47,4,early,topk_transition,0.05859375,256
47,5,early,freq_baseline,0.1953125,256
47,5,early,top1_transition,0.3671875,256
47,5,early,topk_transition,0.21875,256
47,6,early,freq_baseline,0.015625,256
47,6,early,top1_transition,0.25390625,256
47,6,early,topk_transition,0.0703125,256
47,7,early,freq_baseline,0.12890625,256
47,7,early,top1_transition,0.30859375,256
47,7,early,topk_transition,0.171875,256
47,8,late,freq_baseline,0.09375,256
47,8,late,top1_transition,0.19140625,256
47,8,late,topk_transition,0.12890625,256
47,9,late,freq_baseline,0.109375,256
47,9,late,top1_transition,0.1875,256
47,9,late,topk_transition,0.140625,256
47,10,late,freq_baseline,0.09765625,256
47,10,late,top1_transition,0.25,256
47,10,late,topk_transition,0.10546875,256
47,11,late,freq_baseline,0.359375,256
47,11,late,top1_transition,0.2421875,256
47,11,late,topk_transition,0.37109375,256
47,12,late,freq_baseline,0.36328125,256
47,12,late,top1_transition,0.41015625,256
47,12,late,topk_transition,0.3671875,256
47,13,late,freq_baseline,0.08203125,256
47,13,late,top1_transition,0.34375,256
47,13,late,topk_transition,0.0859375,256
47,14,late,freq_baseline,0.15234375,256
47,14,late,top1_transition,0.44921875,256
47,14,late,topk_transition,0.16796875,256
47,0,early,neighbor_same_layer,0.34901960784313724,255
47,0,early,freq_baseline_same_layer,0.34901960784313724,255
47,1,early,neighbor_same_layer,0.21176470588235294,255
47,1,early,freq_baseline_same_layer,0.23529411764705882,255
47,2,early,neighbor_same_layer,0.1843137254901961,255
47,2,early,freq_baseline_same_layer,0.050980392156862744,255
47,3,early,neighbor_same_layer,0.13725490196078433,255
47,3,early,freq_baseline_same_layer,0.03529411764705882,255
47,4,early,neighbor_same_layer,0.19607843137254902,255
47,4,early,freq_baseline_same_layer,0.1411764705882353,255
47,5,early,neighbor_same_layer,0.2784313725490196,255
47,5,early,freq_baseline_same_layer,0.043137254901960784,255
47,6,early,neighbor_same_layer,0.21568627450980393,255
47,6,early,freq_baseline_same_layer,0.19607843137254902,255
47,7,early,neighbor_same_layer,0.23529411764705882,255
47,7,early,freq_baseline_same_layer,0.01568627450980392,255
47,8,late,neighbor_same_layer,0.3686274509803922,255
47,8,late,freq_baseline_same_layer,0.12941176470588237,255
47,9,late,neighbor_same_layer,0.23137254901960785,255
47,9,late,freq_baseline_same_layer,0.09411764705882353,255
47,10,late,neighbor_same_layer,0.21568627450980393,255
47,10,late,freq_baseline_same_layer,0.10980392156862745,255
47,11,late,neighbor_same_layer,0.23921568627450981,255
47,11,late,freq_baseline_same_layer,0.09803921568627451,255
47,12,late,neighbor_same_layer,0.3176470588235294,255
47,12,late,freq_baseline_same_layer,0.3607843137254902,255
47,13,late,neighbor_same_layer,0.30196078431372547,255
47,13,late,freq_baseline_same_layer,0.36470588235294116,255
47,14,late,neighbor_same_layer,0.24313725490196078,255
47,14,late,freq_baseline_same_layer,0.08235294117647059,255
47,15,late,neighbor_same_layer,0.2549019607843137,255
47,15,late,freq_baseline_same_layer,0.15294117647058825,255
48,0,early,freq_baseline,0.05078125,256
48,0,early,top1_transition,0.26953125,256
48,0,early,topk_transition,0.109375,256
48,1,early,freq_baseline,0.0390625,256
48,1,early,top1_transition,0.09765625,256
48,1,early,topk_transition,0.0390625,256
48,2,early,freq_baseline,0.046875,256
48,2,early,top1_transition,0.1328125,256
48,2,early,topk_transition,0.05078125,256
48,3,early,freq_baseline,0.11328125,256
48,3,early,top1_transition,0.2890625,256
48,3,early,topk_transition,0.125,256
48,4,early,freq_baseline,0.12890625,256
48,4,early,top1_transition,0.2421875,256
48,4,early,topk_transition,0.140625,256
48,5,early,freq_baseline,0.15625,256
48,5,early,top1_transition,0.3515625,256
48,5,early,topk_transition,0.16015625,256
48,6,early,freq_baseline,0.01171875,256
48,6,early,top1_transition,0.28515625,256
48,6,early,topk_transition,0.04296875,256
48,7,early,freq_baseline,0.16796875,256
48,7,early,top1_transition,0.37109375,256
48,7,early,topk_transition,0.19140625,256
48,8,late,freq_baseline,0.07421875,256
48,8,late,top1_transition,0.26171875,256
48,8,late,topk_transition,0.11328125,256
48,9,late,freq_baseline,0.0625,256
48,9,late,top1_transition,0.19921875,256
48,9,late,topk_transition,0.06640625,256
48,10,late,freq_baseline,0.08203125,256
48,10,late,top1_transition,0.26953125,256
48,10,late,topk_transition,0.09375,256
48,11,late,freq_baseline,0.00390625,256
48,11,late,top1_transition,0.1875,256
48,11,late,topk_transition,0.01953125,256
48,12,late,freq_baseline,0.11328125,256
48,12,late,top1_transition,0.25,256
48,12,late,topk_transition,0.1171875,256
48,13,late,freq_baseline,0.05859375,256
48,13,late,top1_transition,0.2578125,256
48,13,late,topk_transition,0.06640625,256
48,14,late,freq_baseline,0.0078125,256
48,14,late,top1_transition,0.30859375,256
48,14,late,topk_transition,0.015625,256
48,0,early,neighbor_same_layer,0.33725490196078434,255
48,0,early,freq_baseline_same_layer,0.35294117647058826,255
48,1,early,neighbor_same_layer,0.25882352941176473,255
48,1,early,freq_baseline_same_layer,0.050980392156862744,255
48,2,early,neighbor_same_layer,0.16470588235294117,255
48,2,early,freq_baseline_same_layer,0.03529411764705882,255
48,3,early,neighbor_same_layer,0.10588235294117647,255
48,3,early,freq_baseline_same_layer,0.043137254901960784,255
48,4,early,neighbor_same_layer,0.18823529411764706,255
48,4,early,freq_baseline_same_layer,0.11372549019607843,255
48,5,early,neighbor_same_layer,0.25098039215686274,255
48,5,early,freq_baseline_same_layer,0.12941176470588237,255
48,6,early,neighbor_same_layer,0.23137254901960785,255
48,6,early,freq_baseline_same_layer,0.1568627450980392,255
48,7,early,neighbor_same_layer,0.18823529411764706,255
48,7,early,freq_baseline_same_layer,0.011764705882352941,255
48,8,late,neighbor_same_layer,0.30196078431372547,255
48,8,late,freq_baseline_same_layer,0.16862745098039217,255
48,9,late,neighbor_same_layer,0.20392156862745098,255
48,9,late,freq_baseline_same_layer,0.07450980392156863,255
48,10,late,neighbor_same_layer,0.12549019607843137,255
48,10,late,freq_baseline_same_layer,0.06274509803921569,255
48,11,late,neighbor_same_layer,0.1411764705882353,255
48,11,late,freq_baseline_same_layer,0.08235294117647059,255
48,12,late,neighbor_same_layer,0.16862745098039217,255
48,12,late,freq_baseline_same_layer,0.00392156862745098,255
48,13,late,neighbor_same_layer,0.08235294117647059,255
48,13,late,freq_baseline_same_layer,0.11372549019607843,255
48,14,late,neighbor_same_layer,0.11372549019607843,255
48,14,late,freq_baseline_same_layer,0.058823529411764705,255
48,15,late,neighbor_same_layer,0.18823529411764706,255
48,15,late,freq_baseline_same_layer,0.00784313725490196,255
49,0,early,freq_baseline,0.140625,256
49,0,early,top1_transition,0.23828125,256
49,0,early,topk_transition,0.1875,256
49,1,early,freq_baseline,0.07421875,256
49,1,early,top1_transition,0.1796875,256
49,1,early,topk_transition,0.08203125,256
49,2,early,freq_baseline,0.09375,256
49,2,early,top1_transition,0.18359375,256
49,2,early,topk_transition,0.109375,256
49,3,early,freq_baseline,0.14453125,256
49,3,early,top1_transition,0.31640625,256
49,3,early,topk_transition,0.15234375,256
49,4,early,freq_baseline,0.046875,256
49,4,early,top1_transition,0.30859375,256
49,4,early,topk_transition,0.06640625,256
49,5,early,freq_baseline,0.07421875,256
49,5,early,top1_transition,0.34765625,256
49,5,early,topk_transition,0.109375,256
49,6,early,freq_baseline,0.0625,256
49,6,early,top1_transition,0.2890625,256
49,6,early,topk_transition,0.1015625,256
49,7,early,freq_baseline,0.17578125,256
49,7,early,top1_transition,0.37109375,256
49,7,early,topk_transition,0.203125,256
49,8,late,freq_baseline,0.0703125,256
49,8,late,top1_transition,0.3046875,256
49,8,late,topk_transition,0.1171875,256
49,9,late,freq_baseline,0.12109375,256
49,9,late,top1_transition,0.28515625,256
49,9,late,topk_transition,0.13671875,256
49,10,late,freq_baseline,0.11328125,256
49,10,late,top1_transition,0.2265625,256
49,10,late,topk_transition,0.12890625,256
49,11,late,freq_baseline,0.19921875,256
49,11,late,top1_transition,0.3125,256
49,11,late,topk_transition,0.203125,256
49,12,late,freq_baseline,0.375,256
49,12,late,top1_transition,0.46875,256
49,12,late,topk_transition,0.37890625,256
49,13,late,freq_baseline,0.1484375,256
49,13,late,top1_transition,0.22265625,256
49,13,late,topk_transition,0.15625,256
49,14,late,freq_baseline,0.1640625,256
49,14,late,top1_transition,0.3515625,256
49,14,late,topk_transition,0.16796875,256
49,0,early,neighbor_same_layer,0.2823529411764706,255
49,0,early,freq_baseline_same_layer,0.3058823529411765,255
49,1,early,neighbor_same_layer,0.2235294117647059,255
49,1,early,freq_baseline_same_layer,0.1411764705882353,255
49,2,early,neighbor_same_layer,0.12941176470588237,255
49,2,early,freq_baseline_same_layer,0.07058823529411765,255
49,3,early,neighbor_same_layer,0.1607843137254902,255
49,3,early,freq_baseline_same_layer,0.09019607843137255,255
49,4,early,neighbor_same_layer,0.19607843137254902,255
49,4,early,freq_baseline_same_layer,0.1450980392156863,255
49,5,early,neighbor_same_layer,0.18823529411764706,255
49,5,early,freq_baseline_same_layer,0.047058823529411764,255
49,6,early,neighbor_same_layer,0.21568627450980393,255
49,6,early,freq_baseline_same_layer,0.07450980392156863,255
49,7,early,neighbor_same_layer,0.21176470588235294,255
49,7,early,freq_baseline_same_layer,0.06274509803921569,255
49,8,late,neighbor_same_layer,0.2627450980392157,255
49,8,late,freq_baseline_same_layer,0.17647058823529413,255
49,9,late,neighbor_same_layer,0.2235294117647059,255
49,9,late,freq_baseline_same_layer,0.07058823529411765,255
49,10,late,neighbor_same_layer,0.23137254901960785,255
49,10,late,freq_baseline_same_layer,0.12156862745098039,255
49,11,late,neighbor_same_layer,0.17254901960784313,255
49,11,late,freq_baseline_same_layer,0.11372549019607843,255
49,12,late,neighbor_same_layer,0.23137254901960785,255
49,12,late,freq_baseline_same_layer,0.2,255
49,13,late,neighbor_same_layer,0.3843137254901961,255
49,13,late,freq_baseline_same_layer,0.3764705882352941,255
49,14,late,neighbor_same_layer,0.21568627450980393,255
49,14,late,freq_baseline_same_layer,0.14901960784313725,255
49,15,late,neighbor_same_layer,0.2549019607843137,255
49,15,late,freq_baseline_same_layer,0.16470588235294117,255
50,0,early,freq_baseline,0.27734375,256
50,0,early,top1_transition,0.26953125,256
50,0,early,topk_transition,0.3046875,256
50,1,early,freq_baseline,0.09765625,256
50,1,early,top1_transition,0.2421875,256
50,1,early,topk_transition,0.11328125,256
50,2,early,freq_baseline,0.1015625,256
50,2,early,top1_transition,0.2265625,256
50,2,early,topk_transition,0.11328125,256
50,3,early,freq_baseline,0.07421875,256
50,3,early,top1_transition,0.3671875,256
50,3,early,topk_transition,0.0859375,256
50,4,early,freq_baseline,0.078125,256
50,4,early,top1_transition,0.26953125,256
50,4,early,topk_transition,0.09765625,256
50,5,early,freq_baseline,0.1171875,256
50,5,early,top1_transition,0.32421875,256
50,5,early,topk_transition,0.140625,256
50,6,early,freq_baseline,0.0703125,256
50,6,early,top1_transition,0.27734375,256
50,6,early,topk_transition,0.1015625,256
50,7,early,freq_baseline,0.0625,256
50,7,early,top1_transition,0.34375,256
50,7,early,topk_transition,0.08203125,256
50,8,late,freq_baseline,0.22265625,256
50,8,late,top1_transition,0.296875,256
50,8,late,topk_transition,0.234375,256
50,9,late,freq_baseline,0.0703125,256
50,9,late,top1_transition,0.15234375,256
50,9,late,topk_transition,0.09375,256
50,10,late,freq_baseline,0.17578125,256
50,10,late,top1_transition,0.1875,256
50,10,late,topk_transition,0.19921875,256
50,11,late,freq_baseline,0.5234375,256
50,11,late,top1_transition,0.25390625,256
50,11,late,topk_transition,0.53125,256
50,12,late,freq_baseline,0.13671875,256
50,12,late,top1_transition,0.23828125,256
50,12,late,topk_transition,0.14453125,256
50,13,late,freq_baseline,0.22265625,256
50,13,late,top1_transition,0.38671875,256
50,13,late,topk_transition,0.2265625,256
50,14,late,freq_baseline,0.359375,256
50,14,late,top1_transition,0.37109375,256
50,14,late,topk_transition,0.3671875,256
50,0,early,neighbor_same_layer,0.3686274509803922,255
50,0,early,freq_baseline_same_layer,0.38823529411764707,255
50,1,early,neighbor_same_layer,0.27058823529411763,255
50,1,early,freq_baseline_same_layer,0.2784313725490196,255
50,2,early,neighbor_same_layer,0.2784313725490196,255
50,2,early,freq_baseline_same_layer,0.09411764705882353,255
50,3,early,neighbor_same_layer,0.17254901960784313,255
50,3,early,freq_baseline_same_layer,0.09803921568627451,255
50,4,early,neighbor_same_layer,0.20392156862745098,255
50,4,early,freq_baseline_same_layer,0.07450980392156863,255
50,5,early,neighbor_same_layer,0.17254901960784313,255
50,5,early,freq_baseline_same_layer,0.0784313725490196,255
50,6,early,neighbor_same_layer,0.24705882352941178,255
50,6,early,freq_baseline_same_layer,0.11764705882352941,255
50,7,early,neighbor_same_layer,0.23529411764705882,255
50,7,early,freq_baseline_same_layer,0.07058823529411765,255
50,8,late,neighbor_same_layer,0.3215686274509804,255
50,8,late,freq_baseline_same_layer,0.06274509803921569,255
50,9,late,neighbor_same_layer,0.3254901960784314,255
50,9,late,freq_baseline_same_layer,0.2235294117647059,255
50,10,late,neighbor_same_layer,0.20784313725490197,255
50,10,late,freq_baseline_same_layer,0.07058823529411765,255
50,11,late,neighbor_same_layer,0.22745098039215686,255
50,11,late,freq_baseline_same_layer,0.17647058823529413,255
50,12,late,neighbor_same_layer,0.41568627450980394,255
50,12,late,freq_baseline_same_layer,0.5254901960784314,255
50,13,late,neighbor_same_layer,0.1803921568627451,255
50,13,late,freq_baseline_same_layer,0.13725490196078433,255
50,14,late,neighbor_same_layer,0.26666666666666666,255
50,14,late,freq_baseline_same_layer,0.2235294117647059,255
50,15,late,neighbor_same_layer,0.30980392156862746,255
50,15,late,freq_baseline_same_layer,0.3607843137254902,255
51,0,early,freq_baseline,0.05078125,256
51,0,early,top1_transition,0.2109375,256
51,0,early,topk_transition,0.1328125,256
51,1,early,freq_baseline,0.08203125,256
51,1,early,top1_transition,0.1640625,256
51,1,early,topk_transition,0.08203125,256
51,2,early,freq_baseline,0.0625,256
51,2,early,top1_transition,0.19921875,256
51,2,early,topk_transition,0.0625,256
51,3,early,freq_baseline,0.16015625,256
51,3,early,top1_transition,0.2890625,256
51,3,early,topk_transition,0.171875,256
51,4,early,freq_baseline,0.08984375,256
51,4,early,top1_transition,0.21875,256
51,4,early,topk_transition,0.1015625,256
51,5,early,freq_baseline,0.0859375,256
51,5,early,top1_transition,0.328125,256
51,5,early,topk_transition,0.09375,256
51,6,early,freq_baseline,0.109375,256
51,6,early,top1_transition,0.25,256
51,6,early,topk_transition,0.1328125,256
51,7,early,freq_baseline,0.2734375,256
51,7,early,top1_transition,0.34765625,256
51,7,early,topk_transition,0.28515625,256
51,8,late,freq_baseline,0.109375,256
51,8,late,top1_transition,0.1640625,256
51,8,late,topk_transition,0.1328125,256
51,9,late,freq_baseline,0.10546875,256
51,9,late,top1_transition,0.17578125,256
51,9,late,topk_transition,0.12890625,256
51,10,late,freq_baseline,0.12890625,256
51,10,late,top1_transition,0.265625,256
51,10,late,topk_transition,0.140625,256
51,11,late,freq_baseline,0.09375,256
51,11,late,top1_transition,0.1328125,256
51,11,late,topk_transition,0.09765625,256
51,12,late,freq_baseline,0.2734375,256
51,12,late,top1_transition,0.35546875,256
51,12,late,topk_transition,0.28125,256
51,13,late,freq_baseline,0.125,256
51,13,late,top1_transition,0.26171875,256
51,13,late,topk_transition,0.12890625,256
51,14,late,freq_baseline,0.28515625,256
51,14,late,top1_transition,0.38671875,256
51,14,late,topk_transition,0.2890625,256
51,0,early,neighbor_same_layer,0.3058823529411765,255
51,0,early,freq_baseline_same_layer,0.3254901960784314,255
51,1,early,neighbor_same_layer,0.11764705882352941,255
51,1,early,freq_baseline_same_layer,0.050980392156862744,255
51,2,early,neighbor_same_layer,0.14901960784313725,255
51,2,early,freq_baseline_same_layer,0.0784313725490196,255
51,3,early,neighbor_same_layer,0.15294117647058825,255
51,3,early,freq_baseline_same_layer,0.058823529411764705,255
51,4,early,neighbor_same_layer,0.17647058823529413,255
51,4,early,freq_baseline_same_layer,0.1607843137254902,255
51,5,early,neighbor_same_layer,0.15294117647058825,255
51,5,early,freq_baseline_same_layer,0.09019607843137255,255
51,6,early,neighbor_same_layer,0.23921568627450981,255
51,6,early,freq_baseline_same_layer,0.08627450980392157,255
51,7,early,neighbor_same_layer,0.19607843137254902,255
51,7,early,freq_baseline_same_layer,0.10980392156862745,255
51,8,late,neighbor_same_layer,0.28627450980392155,255
51,8,late,freq_baseline_same_layer,0.27450980392156865,255
51,9,late,neighbor_same_layer,0.23921568627450981,255
51,9,late,freq_baseline_same_layer,0.10980392156862745,255
51,10,late,neighbor_same_layer,0.14901960784313725,255
51,10,late,freq_baseline_same_layer,0.10588235294117647,255
51,11,late,neighbor_same_layer,0.18823529411764706,255
51,11,late,freq_baseline_same_layer,0.12941176470588237,255
51,12,late,neighbor_same_layer,0.12941176470588237,255
51,12,late,freq_baseline_same_layer,0.09411764705882353,255
51,13,late,neighbor_same_layer,0.25882352941176473,255
51,13,late,freq_baseline_same_layer,0.27450980392156865,255
51,14,late,neighbor_same_layer,0.21568627450980393,255
51,14,late,freq_baseline_same_layer,0.12549019607843137,255
51,15,late,neighbor_same_layer,0.27058823529411763,255
51,15,late,freq_baseline_same_layer,0.28627450980392155,255
52,0,early,freq_baseline,0.35546875,256
52,0,early,top1_transition,0.3125,256
52,0,early,topk_transition,0.3828125,256
52,1,early,freq_baseline,0.08203125,256
52,1,early,top1_transition,0.17578125,256
52,1,early,topk_transition,0.0859375,256
52,2,early,freq_baseline,0.08984375,256
52,2,early,top1_transition,0.234375,256
52,2,early,topk_transition,0.09375,256
52,3,early,freq_baseline,0.09765625,256
52,3,early,top1_transition,0.33984375,256
52,3,early,topk_transition,0.1171875,256
52,4,early,freq_baseline,0.02734375,256
52,4,early,top1_transition,0.31640625,256
52,4,early,topk_transition,0.0390625,256
52,5,early,freq_baseline,0.046875,256
52,5,early,top1_transition,0.34375,256
52,5,early,topk_transition,0.0546875,256
52,6,early,freq_baseline,0.15234375,256
52,6,early,top1_transition,0.36328125,256
52,6,early,topk_transition,0.1875,256
52,7,early,freq_baseline,0.05859375,256
52,7,early,top1_transition,0.2890625,256
52,7,early,topk_transition,0.09375,256
52,8,late,freq_baseline,0.125,256
52,8,late,top1_transition,0.26171875,256
52,8,late,topk_transition,0.14453125,256
52,9,late,freq_baseline,0.12890625,256
52,9,late,top1_transition,0.3203125,256
52,9,late,topk_transition,0.1484375,256
52,10,late,freq_baseline,0.03125,256
52,10,late,top1_transition,0.23828125,256
52,10,late,topk_transition,0.05078125,256
52,11,late,freq_baseline,0.125,256
52,11,late,top1_transition,0.35546875,256
52,11,late,topk_transition,0.1328125,256
52,12,late,freq_baseline,0.078125,256
52,12,late,top1_transition,0.26171875,256
52,12,late,topk_transition,0.09765625,256
52,13,late,freq_baseline,0.2421875,256
52,13,late,top1_transition,0.29296875,256
52,13,late,topk_transition,0.25,256
52,14,late,freq_baseline,0.3046875,256
52,14,late,top1_transition,0.3828125,256
52,14,late,topk_transition,0.30859375,256
52,0,early,neighbor_same_layer,0.29411764705882354,255
52,0,early,freq_baseline_same_layer,0.29411764705882354,255
52,1,early,neighbor_same_layer,0.34901960784313724,255
52,1,early,freq_baseline_same_layer,0.3568627450980392,255
52,2,early,neighbor_same_layer,0.11764705882352941,255
52,2,early,freq_baseline_same_layer,0.0784313725490196,255
52,3,early,neighbor_same_layer,0.1568627450980392,255
52,3,early,freq_baseline_same_layer,0.08627450980392157,255
52,4,early,neighbor_same_layer,0.17254901960784313,255
52,4,early,freq_baseline_same_layer,0.09803921568627451,255
52,5,early,neighbor_same_layer,0.16470588235294117,255
52,5,early,freq_baseline_same_layer,0.027450980392156862,255
52,6,early,neighbor_same_layer,0.24313725490196078,255
52,6,early,freq_baseline_same_layer,0.047058823529411764,255
52,7,early,neighbor_same_layer,0.2901960784313726,255
52,7,early,freq_baseline_same_layer,0.15294117647058825,255
52,8,late,neighbor_same_layer,0.2549019607843137,255
52,8,late,freq_baseline_same_layer,0.058823529411764705,255
52,9,late,neighbor_same_layer,0.3058823529411765,255
52,9,late,freq_baseline_same_layer,0.12549019607843137,255
52,10,late,neighbor_same_layer,0.2627450980392157,255
52,10,late,freq_baseline_same_layer,0.12941176470588237,255
52,11,late,neighbor_same_layer,0.23137254901960785,255
52,11,late,freq_baseline_same_layer,0.03137254901960784,255
52,12,late,neighbor_same_layer,0.2980392156862745,255
52,12,late,freq_baseline_same_layer,0.12549019607843137,255
52,13,late,neighbor_same_layer,0.23529411764705882,255
52,13,late,freq_baseline_same_layer,0.0784313725490196,255
52,14,late,neighbor_same_layer,0.19607843137254902,255
52,14,late,freq_baseline_same_layer,0.24313725490196078,255
52,15,late,neighbor_same_layer,0.3058823529411765,255
52,15,late,freq_baseline_same_layer,0.3058823529411765,255
53,0,early,freq_baseline,0.046875,256
53,0,early,top1_transition,0.2109375,256
53,0,early,topk_transition,0.09765625,256
53,1,early,freq_baseline,0.10546875,256
53,1,early,top1_transition,0.1171875,256
53,1,early,topk_transition,0.109375,256
53,2,early,freq_baseline,0.07421875,256
53,2,early,top1_transition,0.125,256
53,2,early,topk_transition,0.078125,256
53,3,early,freq_baseline,0.125,256
53,3,early,top1_transition,0.34375,256
53,3,early,topk_transition,0.14453125,256
53,4,early,freq_baseline,0.125,256
53,4,early,top1_transition,0.30859375,256
53,4,early,topk_transition,0.13671875,256
53,5,early,freq_baseline,0.09765625,256
53,5,early,top1_transition,0.33984375,256
53,5,early,topk_transition,0.1171875,256
53,6,early,freq_baseline,0.0625,256
53,6,early,top1_transition,0.31640625,256
53,6,early,topk_transition,0.09375,256
53,7,early,freq_baseline,0.2734375,256
53,7,early,top1_transition,0.3515625,256
53,7,early,topk_transition,0.30078125,256
53,8,late,freq_baseline,0.04296875,256
53,8,late,top1_transition,0.29296875,256
53,8,late,topk_transition,0.0546875,256
53,9,late,freq_baseline,0.11328125,256
53,9,late,top1_transition,0.23046875,256
53,9,late,topk_transition,0.15625,256
53,10,late,freq_baseline,0.13671875,256
53,10,late,top1_transition,0.26171875,256
53,10,late,topk_transition,0.1484375,256
53,11,late,freq_baseline,0.00390625,256
53,11,late,top1_transition,0.18359375,256
53,11,late,topk_transition,0.03515625,256
53,12,late,freq_baseline,0.15234375,256
53,12,late,top1_transition,0.28125,256
53,12,late,topk_transition,0.15625,256
53,13,late,freq_baseline,0.0703125,256
53,13,late,top1_transition,0.19921875,256
53,13,late,topk_transition,0.07421875,256
53,14,late,freq_baseline,0.0234375,256
53,14,late,top1_transition,0.30078125,256
53,14,late,topk_transition,0.046875,256
53,0,early,neighbor_same_layer,0.27450980392156865,255
53,0,early,freq_baseline_same_layer,0.27450980392156865,255
53,1,early,neighbor_same_layer,0.27058823529411763,255
53,1,early,freq_baseline_same_layer,0.047058823529411764,255
53,2,early,neighbor_same_layer,0.09803921568627451,255
53,2,early,freq_baseline_same_layer,0.10196078431372549,255
53,3,early,neighbor_same_layer,0.1411764705882353,255
53,3,early,freq_baseline_same_layer,0.07058823529411765,255
53,4,early,neighbor_same_layer,0.1843137254901961,255
53,4,early,freq_baseline_same_layer,0.12549019607843137,255
53,5,early,neighbor_same_layer,0.19215686274509805,255
53,5,early,freq_baseline_same_layer,0.12549019607843137,255
53,6,early,neighbor_same_layer,0.21176470588235294,255
53,6,early,freq_baseline_same_layer,0.09803921568627451,255
53,7,early,neighbor_same_layer,0.19215686274509805,255
53,7,early,freq_baseline_same_layer,0.06274509803921569,255
53,8,late,neighbor_same_layer,0.3058823529411765,255
53,8,late,freq_baseline_same_layer,0.27450980392156865,255
53,9,late,neighbor_same_layer,0.22745098039215686,255
53,9,late,freq_baseline_same_layer,0.043137254901960784,255
53,10,late,neighbor_same_layer,0.1411764705882353,255
53,10,late,freq_baseline_same_layer,0.11372549019607843,255
53,11,late,neighbor_same_layer,0.2235294117647059,255
53,11,late,freq_baseline_same_layer,0.13725490196078433,255
53,12,late,neighbor_same_layer,0.13333333333333333,255
53,12,late,freq_baseline_same_layer,0.00392156862745098,255
53,13,late,neighbor_same_layer,0.20784313725490197,255
53,13,late,freq_baseline_same_layer,0.15294117647058825,255
53,14,late,neighbor_same_layer,0.14901960784313725,255
53,14,late,freq_baseline_same_layer,0.07058823529411765,255
53,15,late,neighbor_same_layer,0.18823529411764706,255
53,15,late,freq_baseline_same_layer,0.023529411764705882,255
54,0,early,freq_baseline,0.44140625,256
54,0,early,top1_transition,0.42578125,256
54,0,early,topk_transition,0.48828125,256
54,1,early,freq_baseline,0.08203125,256
54,1,early,top1_transition,0.11328125,256
54,1,early,topk_transition,0.08203125,256
54,2,early,freq_baseline,0.18359375,256
54,2,early,top1_transition,0.1953125,256
54,2,early,topk_transition,0.20703125,256
54,3,early,freq_baseline,0.1015625,256
54,3,early,top1_transition,0.390625,256
54,3,early,topk_transition,0.12890625,256
54,4,early,freq_baseline,0.15625,256
54,4,early,top1_transition,0.23046875,256
54,4,early,topk_transition,0.171875,256
54,5,early,freq_baseline,0.13671875,256
54,5,early,top1_transition,0.36328125,256
54,5,early,topk_transition,0.14453125,256
54,6,early,freq_baseline,0.05859375,256
54,6,early,top1_transition,0.30859375,256
54,6,early,topk_transition,0.07421875,256
54,7,early,freq_baseline,0.3125,256
54,7,early,top1_transition,0.46484375,256
54,7,early,topk_transition,0.3515625,256
54,8,late,freq_baseline,0.3984375,256
54,8,late,top1_transition,0.23828125,256
54,8,late,topk_transition,0.4375,256
54,9,late,freq_baseline,0.0703125,256
54,9,late,top1_transition,0.3125,256
54,9,late,topk_transition,0.08203125,256
54,10,late,freq_baseline,0.14453125,256
54,10,late,top1_transition,0.28515625,256
54,10,late,topk_transition,0.16015625,256
54,11,late,freq_baseline,0.00390625,256
54,11,late,top1_transition,0.484375,256
54,11,late,topk_transition,0.015625,256
54,12,late,freq_baseline,0.32421875,256
54,12,late,top1_transition,0.40234375,256
54,12,late,topk_transition,0.328125,256
54,13,late,freq_baseline,0.3203125,256
54,13,late,top1_transition,0.29296875,256
54,13,late,topk_transition,0.328125,256
54,14,late,freq_baseline,0.1875,256
54,14,late,top1_transition,0.2578125,256
54,14,late,topk_transition,0.19140625,256
54,0,early,neighbor_same_layer,0.5411764705882353,255
54,0,early,freq_baseline_same_layer,0.5529411764705883,255
54,1,early,neighbor_same_layer,0.4549019607843137,255
54,1,early,freq_baseline_same_layer,0.44313725490196076,255
54,2,early,neighbor_same_layer,0.15294117647058825,255
54,2,early,freq_baseline_same_layer,0.0784313725490196,255
54,3,early,neighbor_same_layer,0.19607843137254902,255
54,3,early,freq_baseline_same_layer,0.1803921568627451,255
54,4,early,neighbor_same_layer,0.22745098039215686,255
54,4,early,freq_baseline_same_layer,0.10196078431372549,255
54,5,early,neighbor_same_layer,0.18823529411764706,255
54,5,early,freq_baseline_same_layer,0.1568627450980392,255
54,6,early,neighbor_same_layer,0.27058823529411763,255
54,6,early,freq_baseline_same_layer,0.13725490196078433,255
54,7,early,neighbor_same_layer,0.2,255
54,7,early,freq_baseline_same_layer,0.058823529411764705,255
54,8,late,neighbor_same_layer,0.3686274509803922,255
54,8,late,freq_baseline_same_layer,0.3137254901960784,255
54,9,late,neighbor_same_layer,0.32941176470588235,255
54,9,late,freq_baseline_same_layer,0.4,255
54,10,late,neighbor_same_layer,0.2784313725490196,255
54,10,late,freq_baseline_same_layer,0.07058823529411765,255
54,11,late,neighbor_same_layer,0.16862745098039217,255
54,11,late,freq_baseline_same_layer,0.1450980392156863,255
54,12,late,neighbor_same_layer,0.6274509803921569,255
54,12,late,freq_baseline_same_layer,0.00392156862745098,255
54,13,late,neighbor_same_layer,0.3137254901960784,255
54,13,late,freq_baseline_same_layer,0.3254901960784314,255
54,14,late,neighbor_same_layer,0.21568627450980393,255
54,14,late,freq_baseline_same_layer,0.3215686274509804,255
54,15,late,neighbor_same_layer,0.16470588235294117,255
54,15,late,freq_baseline_same_layer,0.18823529411764706,255
55,0,early,freq_baseline,0.30859375,256
55,0,early,top1_transition,0.2265625,256
55,0,early,topk_transition,0.3515625,256
55,1,early,freq_baseline,0.1171875,256
55,1,early,top1_transition,0.1640625,256
55,1,early,topk_transition,0.11328125,256
55,2,early,freq_baseline,0.05859375,256
55,2,early,top1_transition,0.19921875,256
55,2,early,topk_transition,0.0625,256
55,3,early,freq_baseline,0.15234375,256
55,3,early,top1_transition,0.30078125,256
55,3,early,topk_transition,0.171875,256
55,4,early,freq_baseline,0.04296875,256
55,4,early,top1_transition,0.1875,256
55,4,early,topk_transition,0.0625,256
55,5,early,freq_baseline,0.0390625,256
55,5,early,top1_transition,0.36328125,256
55,5,early,topk_transition,0.046875,256
55,6,early,freq_baseline,0.0859375,256
55,6,early,top1_transition,0.30078125,256
55,6,early,topk_transition,0.1171875,256
55,7,early,freq_baseline,0.125,256
55,7,early,top1_transition,0.30078125,256
55,7,early,topk_transition,0.16015625,256
55,8,late,freq_baseline,0.01953125,256
55,8,late,top1_transition,0.17578125,256
55,8,late,topk_transition,0.0390625,256
55,9,late,freq_baseline,0.16796875,256
55,9,late,top1_transition,0.3046875,256
55,9,late,topk_transition,0.1796875,256
55,10,late,freq_baseline,0.1953125,256
55,10,late,top1_transition,0.30078125,256
55,10,late,topk_transition,0.2109375,256
55,11,late,freq_baseline,0.31640625,256
55,11,late,top1_transition,0.1484375,256
55,11,late,topk_transition,0.3203125,256
55,12,late,freq_baseline,0.2890625,256
55,12,late,top1_transition,0.40625,256
55,12,late,topk_transition,0.29296875,256
55,13,late,freq_baseline,0.07421875,256
55,13,late,top1_transition,0.23828125,256
55,13,late,topk_transition,0.08203125,256
55,14,late,freq_baseline,0.26953125,256
55,14,late,top1_transition,0.3828125,256
55,14,late,topk_transition,0.2734375,256
55,0,early,neighbor_same_layer,0.596078431372549,255
55,0,early,freq_baseline_same_layer,0.6078431372549019,255
55,1,early,neighbor_same_layer,0.3215686274509804,255
55,1,early,freq_baseline_same_layer,0.30980392156862746,255
55,2,early,neighbor_same_layer,0.17254901960784313,255
55,2,early,freq_baseline_same_layer,0.11372549019607843,255
55,3,early,neighbor_same_layer,0.11764705882352941,255
55,3,early,freq_baseline_same_layer,0.054901960784313725,255
55,4,early,neighbor_same_layer,0.13725490196078433,255
55,4,early,freq_baseline_same_layer,0.15294117647058825,255
55,5,early,neighbor_same_layer,0.20784313725490197,255
55,5,early,freq_baseline_same_layer,0.043137254901960784,255
55,6,early,neighbor_same_layer,0.2627450980392157,255
55,6,early,freq_baseline_same_layer,0.0392156862745098,255
55,7,early,neighbor_same_layer,0.21176470588235294,255
55,7,early,freq_baseline_same_layer,0.08627450980392157,255
55,8,late,neighbor_same_layer,0.22745098039215686,255
55,8,late,freq_baseline_same_layer,0.12549019607843137,255
55,9,late,neighbor_same_layer,0.20784313725490197,255
55,9,late,freq_baseline_same_layer,0.0196078431372549,255
55,10,late,neighbor_same_layer,0.11764705882352941,255
55,10,late,freq_baseline_same_layer,0.16862745098039217,255
55,11,late,neighbor_same_layer,0.22745098039215686,255
55,11,late,freq_baseline_same_layer,0.19607843137254902,255
55,12,late,neighbor_same_layer,0.23529411764705882,255
55,12,late,freq_baseline_same_layer,0.3176470588235294,255
55,13,late,neighbor_same_layer,0.32941176470588235,255
55,13,late,freq_baseline_same_layer,0.2901960784313726,255
55,14,late,neighbor_same_layer,0.22745098039215686,255
55,14,late,freq_baseline_same_layer,0.07450980392156863,255
55,15,late,neighbor_same_layer,0.2549019607843137,255
55,15,late,freq_baseline_same_layer,0.27058823529411763,255
56,0,early,freq_baseline,0.3359375,256
56,0,early,top1_transition,0.34765625,256
56,0,early,topk_transition,0.39453125,256
56,1,early,freq_baseline,0.09765625,256
56,1,early,top1_transition,0.15234375,256
56,1,early,topk_transition,0.109375,256
56,2,early,freq_baseline,0.0703125,256
56,2,early,top1_transition,0.1875,256
56,2,early,topk_transition,0.08984375,256
56,3,early,freq_baseline,0.1328125,256
56,3,early,top1_transition,0.3203125,256
56,3,early,topk_transition,0.1484375,256
56,4,early,freq_baseline,0.078125,256
56,4,early,top1_transition,0.2421875,256
56,4,early,topk_transition,0.0859375,256
56,5,early,freq_baseline,0.1328125,256
56,5,early,top1_transition,0.39453125,256
56,5,early,topk_transition,0.15625,256
56,6,early,freq_baseline,0.03125,256
56,6,early,top1_transition,0.3125,256
56,6,early,topk_transition,0.0546875,256
56,7,early,freq_baseline,0.08203125,256
56,7,early,top1_transition,0.265625,256
56,7,early,topk_transition,0.1015625,256
56,8,late,freq_baseline,0.10546875,256
56,8,late,top1_transition,0.16796875,256
56,8,late,topk_transition,0.12109375,256
56,9,late,freq_baseline,0.12109375,256
56,9,late,top1_transition,0.18359375,256
56,9,late,topk_transition,0.1484375,256
56,10,late,freq_baseline,0.09765625,256
56,10,late,top1_transition,0.265625,256
56,10,late,topk_transition,0.1015625,256
56,11,late,freq_baseline,0.078125,256
56,11,late,top1_transition,0.203125,256
56,11,late,topk_transition,0.08203125,256
56,12,late,freq_baseline,0.30078125,256
56,12,late,top1_transition,0.33984375,256
56,12,late,topk_transition,0.3046875,256
56,13,late,freq_baseline,0.11328125,256
56,13,late,top1_transition,0.30078125,256
56,13,late,topk_transition,0.1171875,256
56,14,late,freq_baseline,0.04296875,256
56,14,late,top1_transition,0.27734375,256
56,14,late,topk_transition,0.0703125,256
56,0,early,neighbor_same_layer,0.16862745098039217,255
56,0,early,freq_baseline_same_layer,0.1411764705882353,255
56,1,early,neighbor_same_layer,0.34901960784313724,255
56,1,early,freq_baseline_same_layer,0.33725490196078434,255
56,2,early,neighbor_same_layer,0.12941176470588237,255
56,2,early,freq_baseline_same_layer,0.09411764705882353,255
56,3,early,neighbor_same_layer,0.13725490196078433,255
56,3,early,freq_baseline_same_layer,0.06666666666666667,255
56,4,early,neighbor_same_layer,0.19215686274509805,255
56,4,early,freq_baseline_same_layer,0.13333333333333333,255
56,5,early,neighbor_same_layer,0.21176470588235294,255
56,5,early,freq_baseline_same_layer,0.0784313725490196,255
56,6,early,neighbor_same_layer,0.25098039215686274,255
56,6,early,freq_baseline_same_layer,0.13333333333333333,255
56,7,early,neighbor_same_layer,0.2,255
56,7,early,freq_baseline_same_layer,0.03137254901960784,255
56,8,late,neighbor_same_layer,0.29411764705882354,255
56,8,late,freq_baseline_same_layer,0.08235294117647059,255
56,9,late,neighbor_same_layer,0.30196078431372547,255
56,9,late,freq_baseline_same_layer,0.10588235294117647,255
56,10,late,neighbor_same_layer,0.1843137254901961,255
56,10,late,freq_baseline_same_layer,0.12156862745098039,255
56,11,late,neighbor_same_layer,0.1843137254901961,255
56,11,late,freq_baseline_same_layer,0.09803921568627451,255
56,12,late,neighbor_same_layer,0.2,255
56,12,late,freq_baseline_same_layer,0.0784313725490196,255
56,13,late,neighbor_same_layer,0.26666666666666666,255
56,13,late,freq_baseline_same_layer,0.30196078431372547,255
56,14,late,neighbor_same_layer,0.23921568627450981,255
56,14,late,freq_baseline_same_layer,0.11372549019607843,255
56,15,late,neighbor_same_layer,0.24313725490196078,255
56,15,late,freq_baseline_same_layer,0.043137254901960784,255
57,0,early,freq_baseline,0.22265625,256
57,0,early,top1_transition,0.29296875,256
57,0,early,topk_transition,0.296875,256
57,1,early,freq_baseline,0.05078125,256
57,1,early,top1_transition,0.10546875,256
57,1,early,topk_transition,0.0625,256
57,2,early,freq_baseline,0.07421875,256
57,2,early,top1_transition,0.1796875,256
57,2,early,topk_transition,0.0859375,256
57,3,early,freq_baseline,0.08984375,256
57,3,early,top1_transition,0.2890625,256
57,3,early,topk_transition,0.11328125,256
57,4,early,freq_baseline,0.0859375,256
57,4,early,top1_transition,0.28515625,256
57,4,early,topk_transition,0.109375,256
57,5,early,freq_baseline,0.13671875,256
57,5,early,top1_transition,0.31640625,256
57,5,early,topk_transition,0.15234375,256
57,6,early,freq_baseline,0.04296875,256
57,6,early,top1_transition,0.3125,256
57,6,early,topk_transition,0.0859375,256
57,7,early,freq_baseline,0.09375,256
57,7,early,top1_transition,0.30078125,256
57,7,early,topk_transition,0.11328125,256
57,8,late,freq_baseline,0.05078125,256
57,8,late,top1_transition,0.1953125,256
57,8,late,topk_transition,0.06640625,256
57,9,late,freq_baseline,0.15234375,256
57,9,late,top1_transition,0.23828125,256
57,9,late,topk_transition,0.17578125,256
57,10,late,freq_baseline,0.11328125,256
57,10,late,top1_transition,0.23828125,256
57,10,late,topk_transition,0.125,256
57,11,late,freq_baseline,0.50390625,256
57,11,late,top1_transition,0.171875,256
57,11,late,topk_transition,0.50390625,256
57,12,late,freq_baseline,0.29296875,256
57,12,late,top1_transition,0.359375,256
57,12,late,topk_transition,0.3046875,256
57,13,late,freq_baseline,0.09375,256
57,13,late,top1_transition,0.2578125,256
57,13,late,topk_transition,0.11328125,256
57,14,late,freq_baseline,0.171875,256
57,14,late,top1_transition,0.3203125,256
57,14,late,topk_transition,0.18359375,256
57,0,early,neighbor_same_layer,0.42745098039215684,255
57,0,early,freq_baseline_same_layer,0.42745098039215684,255
57,1,early,neighbor_same_layer,0.27058823529411763,255
57,1,early,freq_baseline_same_layer,0.2235294117647059,255
57,2,early,neighbor_same_layer,0.18823529411764706,255
57,2,early,freq_baseline_same_layer,0.047058823529411764,255
57,3,early,neighbor_same_layer,0.16862745098039217,255
57,3,early,freq_baseline_same_layer,0.07058823529411765,255
57,4,early,neighbor_same_layer,0.19607843137254902,255
57,4,early,freq_baseline_same_layer,0.09019607843137255,255
57,5,early,neighbor_same_layer,0.19215686274509805,255
57,5,early,freq_baseline_same_layer,0.08627450980392157,255
57,6,early,neighbor_same_layer,0.2549019607843137,255
57,6,early,freq_baseline_same_layer,0.13725490196078433,255
57,7,early,neighbor_same_layer,0.25098039215686274,255
57,7,early,freq_baseline_same_layer,0.043137254901960784,255
57,8,late,neighbor_same_layer,0.2627450980392157,255
57,8,late,freq_baseline_same_layer,0.09411764705882353,255
57,9,late,neighbor_same_layer,0.20392156862745098,255
57,9,late,freq_baseline_same_layer,0.050980392156862744,255
57,10,late,neighbor_same_layer,0.1450980392156863,255
57,10,late,freq_baseline_same_layer,0.15294117647058825,255
57,11,late,neighbor_same_layer,0.23921568627450981,255
57,11,late,freq_baseline_same_layer,0.11372549019607843,255
57,12,late,neighbor_same_layer,0.42745098039215684,255
57,12,late,freq_baseline_same_layer,0.5058823529411764,255
57,13,late,neighbor_same_layer,0.3176470588235294,255
57,13,late,freq_baseline_same_layer,0.29411764705882354,255
57,14,late,neighbor_same_layer,0.3411764705882353,255
57,14,late,freq_baseline_same_layer,0.09411764705882353,255
57,15,late,neighbor_same_layer,0.2549019607843137,255
57,15,late,freq_baseline_same_layer,0.17254901960784313,255
58,0,early,freq_baseline,0.22265625,256
58,0,early,top1_transition,0.22265625,256
58,0,early,topk_transition,0.24609375,256
58,1,early,freq_baseline,0.03125,256
58,1,early,top1_transition,0.18359375,256
58,1,early,topk_transition,0.03125,256
58,2,early,freq_baseline,0.0703125,256
58,2,early,top1_transition,0.1796875,256
58,2,early,topk_transition,0.0859375,256
58,3,early,freq_baseline,0.140625,256
58,3,early,top1_transition,0.20703125,256
58,3,early,topk_transition,0.14453125,256
58,4,early,freq_baseline,0.0234375,256
58,4,early,top1_transition,0.1953125,256
58,4,early,topk_transition,0.03515625,256
58,5,early,freq_baseline,0.16015625,256
58,5,early,top1_transition,0.39453125,256
58,5,early,topk_transition,0.171875,256
58,6,early,freq_baseline,0.0390625,256
58,6,early,top1_transition,0.2734375,256
58,6,early,topk_transition,0.0625,256
58,7,early,freq_baseline,0.1171875,256
58,7,early,top1_transition,0.25390625,256
58,7,early,topk_transition,0.171875,256
58,8,late,freq_baseline,0.05859375,256
58,8,late,top1_transition,0.21875,256
58,8,late,topk_transition,0.0703125,256
58,9,late,freq_baseline,0.14453125,256
58,9,late,top1_transition,0.234375,256
58,9,late,topk_transition,0.16796875,256
58,10,late,freq_baseline,0.1328125,256
58,10,late,top1_transition,0.28515625,256
58,10,late,topk_transition,0.13671875,256
58,11,late,freq_baseline,0.39453125,256
58,11,late,top1_transition,0.26953125,256
58,11,late,topk_transition,0.41015625,256
58,12,late,freq_baseline,0.29296875,256
58,12,late,top1_transition,0.34765625,256
58,12,late,topk_transition,0.296875,256
58,13,late,freq_baseline,0.06640625,256
58,13,late,top1_transition,0.421875,256
58,13,late,topk_transition,0.0703125,256
58,14,late,freq_baseline,0.34765625,256
58,14,late,top1_transition,0.49609375,256
58,14,late,topk_transition,0.3515625,256
58,0,early,neighbor_same_layer,0.33725490196078434,255
58,0,early,freq_baseline_same_layer,0.33725490196078434,255
58,1,early,neighbor_same_layer,0.21568627450980393,255
58,1,early,freq_baseline_same_layer,0.2235294117647059,255
58,2,early,neighbor_same_layer,0.1607843137254902,255
58,2,early,freq_baseline_same_layer,0.027450980392156862,255
58,3,early,neighbor_same_layer,0.09803921568627451,255
58,3,early,freq_baseline_same_layer,0.06666666666666667,255
58,4,early,neighbor_same_layer,0.21568627450980393,255
58,4,early,freq_baseline_same_layer,0.1411764705882353,255
58,5,early,neighbor_same_layer,0.17647058823529413,255
58,5,early,freq_baseline_same_layer,0.023529411764705882,255
58,6,early,neighbor_same_layer,0.22745098039215686,255
58,6,early,freq_baseline_same_layer,0.1607843137254902,255
58,7,early,neighbor_same_layer,0.1803921568627451,255
58,7,early,freq_baseline_same_layer,0.0392156862745098,255
58,8,late,neighbor_same_layer,0.2235294117647059,255
58,8,late,freq_baseline_same_layer,0.11764705882352941,255
58,9,late,neighbor_same_layer,0.26666666666666666,255
58,9,late,freq_baseline_same_layer,0.058823529411764705,255
58,10,late,neighbor_same_layer,0.19215686274509805,255
58,10,late,freq_baseline_same_layer,0.1450980392156863,255
58,11,late,neighbor_same_layer,0.19607843137254902,255
58,11,late,freq_baseline_same_layer,0.13333333333333333,255
58,12,late,neighbor_same_layer,0.2627450980392157,255
58,12,late,freq_baseline_same_layer,0.396078431372549,255
58,13,late,neighbor_same_layer,0.25098039215686274,255
58,13,late,freq_baseline_same_layer,0.29411764705882354,255
58,14,late,neighbor_same_layer,0.27450980392156865,255
58,14,late,freq_baseline_same_layer,0.06666666666666667,255
58,15,late,neighbor_same_layer,0.35294117647058826,255
58,15,late,freq_baseline_same_layer,0.34901960784313724,255
59,0,early,freq_baseline,0.25390625,256
59,0,early,top1_transition,0.24609375,256
59,0,early,topk_transition,0.296875,256
59,1,early,freq_baseline,0.08203125,256
59,1,early,top1_transition,0.22265625,256
59,1,early,topk_transition,0.08203125,256
59,2,early,freq_baseline,0.05078125,256
59,2,early,top1_transition,0.171875,256
59,2,early,topk_transition,0.05078125,256
59,3,early,freq_baseline,0.125,256
59,3,early,top1_transition,0.31640625,256
59,3,early,topk_transition,0.12890625,256
59,4,early,freq_baseline,0.0546875,256
59,4,early,top1_transition,0.2734375,256
59,4,early,topk_transition,0.06640625,256
59,5,early,freq_baseline,0.1875,256
59,5,early,top1_transition,0.46484375,256
59,5,early,topk_transition,0.21484375,256
59,6,early,freq_baseline,0.03515625,256
59,6,early,top1_transition,0.31640625,256
59,6,early,topk_transition,0.06640625,256
59,7,early,freq_baseline,0.04296875,256
59,7,early,top1_transition,0.2734375,256
59,7,early,topk_transition,0.06640625,256
59,8,late,freq_baseline,0.1171875,256
59,8,late,top1_transition,0.1875,256
59,8,late,topk_transition,0.15234375,256
59,9,late,freq_baseline,0.12109375,256
59,9,late,top1_transition,0.2109375,256
59,9,late,topk_transition,0.1484375,256
59,10,late,freq_baseline,0.09375,256
59,10,late,top1_transition,0.26953125,256
59,10,late,topk_transition,0.09765625,256
59,11,late,freq_baseline,0.03515625,256
59,11,late,top1_transition,0.1875,256
59,11,late,topk_transition,0.04296875,256
59,12,late,freq_baseline,0.33984375,256
59,12,late,top1_transition,0.29296875,256
59,12,late,topk_transition,0.34765625,256
59,13,late,freq_baseline,0.109375,256
59,13,late,top1_transition,0.3125,256
59,13,late,topk_transition,0.11328125,256
59,14,late,freq_baseline,0.046875,256
59,14,late,top1_transition,0.34765625,256
59,14,late,topk_transition,0.0546875,256
59,0,early,neighbor_same_layer,0.2627450980392157,255
59,0,early,freq_baseline_same_layer,0.2901960784313726,255
59,1,early,neighbor_same_layer,0.23921568627450981,255
59,1,early,freq_baseline_same_layer,0.2549019607843137,255
59,2,early,neighbor_same_layer,0.16470588235294117,255
59,2,early,freq_baseline_same_layer,0.0784313725490196,255
59,3,early,neighbor_same_layer,0.16862745098039217,255
59,3,early,freq_baseline_same_layer,0.047058823529411764,255
59,4,early,neighbor_same_layer,0.24313725490196078,255
59,4,early,freq_baseline_same_layer,0.12549019607843137,255
59,5,early,neighbor_same_layer,0.23529411764705882,255
59,5,early,freq_baseline_same_layer,0.054901960784313725,255
59,6,early,neighbor_same_layer,0.2549019607843137,255
59,6,early,freq_baseline_same_layer,0.18823529411764706,255
59,7,early,neighbor_same_layer,0.2,255
59,7,early,freq_baseline_same_layer,0.03529411764705882,255
59,8,late,neighbor_same_layer,0.21176470588235294,255
59,8,late,freq_baseline_same_layer,0.043137254901960784,255
59,9,late,neighbor_same_layer,0.27058823529411763,255
59,9,late,freq_baseline_same_layer,0.11764705882352941,255
59,10,late,neighbor_same_layer,0.16862745098039217,255
59,10,late,freq_baseline_same_layer,0.12156862745098039,255
59,11,late,neighbor_same_layer,0.23137254901960785,255
59,11,late,freq_baseline_same_layer,0.09411764705882353,255
59,12,late,neighbor_same_layer,0.2549019607843137,255
59,12,late,freq_baseline_same_layer,0.03529411764705882,255
59,13,late,neighbor_same_layer,0.2980392156862745,255
59,13,late,freq_baseline_same_layer,0.3411764705882353,255
59,14,late,neighbor_same_layer,0.21176470588235294,255
59,14,late,freq_baseline_same_layer,0.10980392156862745,255
59,15,late,neighbor_same_layer,0.23529411764705882,255
59,15,late,freq_baseline_same_layer,0.047058823529411764,255
60,0,early,freq_baseline,0.0625,256
60,0,early,top1_transition,0.4296875,256
60,0,early,topk_transition,0.125,256
60,1,early,freq_baseline,0.0546875,256
60,1,early,top1_transition,0.08203125,256
60,1,early,topk_transition,0.0546875,256
60,2,early,freq_baseline,0.08984375,256
60,2,early,top1_transition,0.140625,256
60,2,early,topk_transition,0.09375,256
60,3,early,freq_baseline,0.15625,256
60,3,early,top1_transition,0.31640625,256
60,3,early,topk_transition,0.171875,256
60,4,early,freq_baseline,0.16796875,256
60,4,early,top1_transition,0.29296875,256
60,4,early,topk_transition,0.18359375,256
60,5,early,freq_baseline,0.10546875,256
60,5,early,top1_transition,0.35546875,256
60,5,early,topk_transition,0.12109375,256
60,6,early,freq_baseline,0.06640625,256
60,6,early,top1_transition,0.28515625,256
60,6,early,topk_transition,0.109375,256
60,7,early,freq_baseline,0.21484375,256
60,7,early,top1_transition,0.375,256
60,7,early,topk_transition,0.24609375,256
60,8,late,freq_baseline,0.03125,256
60,8,late,top1_transition,0.2578125,256
60,8,late,topk_transition,0.0546875,256
60,9,late,freq_baseline,0.08984375,256
60,9,late,top1_transition,0.1875,256
60,9,late,topk_transition,0.10546875,256
60,10,late,freq_baseline,0.08984375,256
60,10,late,top1_transition,0.234375,256
60,10,late,topk_transition,0.09765625,256
60,11,late,freq_baseline,0.0234375,256
60,11,late,top1_transition,0.19921875,256
60,11,late,topk_transition,0.02734375,256
60,12,late,freq_baseline,0.203125,256
60,12,late,top1_transition,0.26171875,256
60,12,late,topk_transition,0.20703125,256
60,13,late,freq_baseline,0.03515625,256
60,13,late,top1_transition,0.203125,256
60,13,late,topk_transition,0.04296875,256
60,14,late,freq_baseline,0.04296875,256
60,14,late,top1_transition,0.33203125,256
60,14,late,topk_transition,0.046875,256
60,0,early,neighbor_same_layer,0.5176470588235295,255
60,0,early,freq_baseline_same_layer,0.5137254901960784,255
60,1,early,neighbor_same_layer,0.6549019607843137,255
60,1,early,freq_baseline_same_layer,0.06274509803921569,255
60,2,early,neighbor_same_layer,0.15294117647058825,255
60,2,early,freq_baseline_same_layer,0.050980392156862744,255
60,3,early,neighbor_same_layer,0.14901960784313725,255
60,3,early,freq_baseline_same_layer,0.08627450980392157,255
60,4,early,neighbor_same_layer,0.1450980392156863,255
60,4,early,freq_baseline_same_layer,0.1568627450980392,255
60,5,early,neighbor_same_layer,0.24313725490196078,255
60,5,early,freq_baseline_same_layer,0.16862745098039217,255
60,6,early,neighbor_same_layer,0.19607843137254902,255
60,6,early,freq_baseline_same_layer,0.10588235294117647,255
60,7,early,neighbor_same_layer,0.1803921568627451,255
60,7,early,freq_baseline_same_layer,0.06666666666666667,255
60,8,late,neighbor_same_layer,0.3803921568627451,255
60,8,late,freq_baseline_same_layer,0.21568627450980393,255
60,9,late,neighbor_same_layer,0.2,255
60,9,late,freq_baseline_same_layer,0.03137254901960784,255
60,10,late,neighbor_same_layer,0.16470588235294117,255
60,10,late,freq_baseline_same_layer,0.09019607843137255,255
60,11,late,neighbor_same_layer,0.20784313725490197,255
60,11,late,freq_baseline_same_layer,0.09019607843137255,255
60,12,late,neighbor_same_layer,0.22745098039215686,255
60,12,late,freq_baseline_same_layer,0.023529411764705882,255
60,13,late,neighbor_same_layer,0.1843137254901961,255
60,13,late,freq_baseline_same_layer,0.20392156862745098,255
60,14,late,neighbor_same_layer,0.16862745098039217,255
60,14,late,freq_baseline_same_layer,0.03529411764705882,255
60,15,late,neighbor_same_layer,0.1803921568627451,255
60,15,late,freq_baseline_same_layer,0.043137254901960784,255
