TIMESTAMP,ContextTokens,GeneratedTokens
2024-05-10 00:00:00.009930+00:00,2162,5
2024-05-10 00:00:00.017335+00:00,2399,6
2024-05-10 00:00:00.022314+00:00,76,15
2024-05-10 00:00:00.037845+00:00,2376,1
2024-05-10 00:00:00.083890+00:00,7670,8
2024-05-10 00:00:00.084433+00:00,6385,1
2024-05-10 00:00:00.084513+00:00,2951,33
2024-05-10 00:00:00.143707+00:00,931,67
2024-05-10 00:00:00.161826+00:00,65,16
2024-05-10 00:00:00.262229+00:00,1243,14
2024-05-10 00:00:00.262699+00:00,6322,1
2024-05-10 00:00:00.286333+00:00,3376,1
2024-05-10 00:00:00.286836+00:00,3290,7
2024-05-10 00:00:00.340976+00:00,1483,71
2024-05-10 00:00:00.344287+00:00,6385,3
2024-05-10 00:00:00.344345+00:00,7686,3
2024-05-10 00:00:00.384485+00:00,1265,4
2024-05-10 00:00:00.413714+00:00,7670,13
2024-05-10 00:00:00.413859+00:00,61,514
2024-05-10 00:00:00.509305+00:00,6322,10
2024-05-10 00:00:00.509464+00:00,1602,13
2024-05-10 00:00:00.509897+00:00,1401,3
2024-05-10 00:00:00.512044+00:00,3033,48
2024-05-10 00:00:00.517554+00:00,1760,70
2024-05-10 00:00:00.583067+00:00,3117,2
2024-05-10 00:00:00.584280+00:00,2941,17
2024-05-10 00:00:00.635675+00:00,993,1
2024-05-10 00:00:00.660176+00:00,4309,3
2024-05-10 00:00:00.660739+00:00,2373,199
2024-05-10 00:00:00.766699+00:00,2402,33
2024-05-10 00:00:00.767126+00:00,1196,18
2024-05-10 00:00:00.884295+00:00,994,4
2024-05-10 00:00:00.885435+00:00,2924,5
2024-05-10 00:00:00.908957+00:00,2339,1
2024-05-10 00:00:00.911795+00:00,7671,16
2024-05-10 00:00:00.912094+00:00,2330,4
2024-05-10 00:00:00.912581+00:00,3937,1
2024-05-10 00:00:01.013498+00:00,2524,26
2024-05-10 00:00:01.083434+00:00,1803,20
2024-05-10 00:00:01.086180+00:00,716,1
2024-05-10 00:00:01.133158+00:00,994,1
2024-05-10 00:00:01.158535+00:00,2544,1
2024-05-10 00:00:01.265424+00:00,74,21
2024-05-10 00:00:01.265866+00:00,3033,69
2024-05-10 00:00:01.267719+00:00,4549,22
2024-05-10 00:00:01.333101+00:00,931,44
2024-05-10 00:00:01.335364+00:00,716,1
2024-05-10 00:00:01.335822+00:00,716,1
2024-05-10 00:00:01.407932+00:00,2339,1
2024-05-10 00:00:01.409372+00:00,3936,25
2024-05-10 00:00:01.410722+00:00,2328,9
2024-05-10 00:00:01.508869+00:00,1603,21
2024-05-10 00:00:01.517479+00:00,2041,1
2024-05-10 00:00:01.518580+00:00,641,34
2024-05-10 00:00:01.538362+00:00,2400,4
2024-05-10 00:00:01.539579+00:00,2375,37
2024-05-10 00:00:01.592460+00:00,2840,13
2024-05-10 00:00:01.637155+00:00,994,2
2024-05-10 00:00:01.639474+00:00,4170,57
2024-05-10 00:00:01.657969+00:00,2339,1
2024-05-10 00:00:01.662589+00:00,3936,47
2024-05-10 00:00:01.759946+00:00,1604,49
2024-05-10 00:00:01.760147+00:00,861,23
2024-05-10 00:00:01.787135+00:00,1434,14
2024-05-10 00:00:01.832931+00:00,710,53
2024-05-10 00:00:01.903994+00:00,2340,18
2024-05-10 00:00:02.013951+00:00,3033,1
2024-05-10 00:00:02.017230+00:00,2461,31
2024-05-10 00:00:02.046389+00:00,2376,39
2024-05-10 00:00:02.083171+00:00,3122,5
2024-05-10 00:00:02.142673+00:00,994,2
2024-05-10 00:00:02.143974+00:00,66,18
2024-05-10 00:00:02.262176+00:00,1603,12
2024-05-10 00:00:02.268705+00:00,1775,97
2024-05-10 00:00:02.274512+00:00,633,14
2024-05-10 00:00:02.332872+00:00,935,2
2024-05-10 00:00:02.333450+00:00,3851,21
2024-05-10 00:00:02.338011+00:00,1476,4
2024-05-10 00:00:02.408113+00:00,4312,13
2024-05-10 00:00:02.517745+00:00,6323,10
2024-05-10 00:00:02.518221+00:00,2586,4
2024-05-10 00:00:02.518658+00:00,1655,410
2024-05-10 00:00:02.546017+00:00,3491,17
2024-05-10 00:00:02.547246+00:00,1125,26
2024-05-10 00:00:02.586103+00:00,2754,71
2024-05-10 00:00:02.587123+00:00,935,28
2024-05-10 00:00:02.591426+00:00,930,52
2024-05-10 00:00:02.644384+00:00,994,2
2024-05-10 00:00:02.757672+00:00,3033,96
2024-05-10 00:00:02.767680+00:00,2365,17
2024-05-10 00:00:02.768403+00:00,1188,3
2024-05-10 00:00:02.788019+00:00,2412,2
2024-05-10 00:00:02.892679+00:00,1960,3
2024-05-10 00:00:02.893036+00:00,3076,28
2024-05-10 00:00:02.910127+00:00,2544,223
2024-05-10 00:00:03.083371+00:00,2942,17
2024-05-10 00:00:03.141393+00:00,994,1
2024-05-10 00:00:03.160777+00:00,4313,19
2024-05-10 00:00:03.261344+00:00,2586,10
2024-05-10 00:00:03.264333+00:00,723,25
2024-05-10 00:00:03.389642+00:00,7681,4
2024-05-10 00:00:03.389841+00:00,1983,3
2024-05-10 00:00:03.406373+00:00,7685,4
2024-05-10 00:00:03.507549+00:00,2587,11
2024-05-10 00:00:03.517675+00:00,1823,54
2024-05-10 00:00:03.537763+00:00,1539,6
2024-05-10 00:00:03.539868+00:00,3297,36
2024-05-10 00:00:03.761723+00:00,1604,33
2024-05-10 00:00:03.765879+00:00,2166,5
2024-05-10 00:00:03.766108+00:00,3035,9
2024-05-10 00:00:03.788452+00:00,1437,10
2024-05-10 00:00:03.789665+00:00,1539,11
2024-05-10 00:00:03.792404+00:00,1728,5
2024-05-10 00:00:03.832184+00:00,2236,3
2024-05-10 00:00:03.832861+00:00,6597,1
2024-05-10 00:00:03.836938+00:00,2942,17
2024-05-10 00:00:03.889064+00:00,1983,3
2024-05-10 00:00:03.906023+00:00,3940,16
2024-05-10 00:00:04.037935+00:00,1728,5
2024-05-10 00:00:04.083363+00:00,2744,58
2024-05-10 00:00:04.083692+00:00,6597,3
2024-05-10 00:00:04.085475+00:00,1477,7
2024-05-10 00:00:04.086808+00:00,1403,28
2024-05-10 00:00:04.155504+00:00,1922,7
2024-05-10 00:00:04.156058+00:00,1291,14
2024-05-10 00:00:04.268016+00:00,3035,92
2024-05-10 00:00:04.268439+00:00,3042,1
2024-05-10 00:00:04.286875+00:00,1728,3
2024-05-10 00:00:04.332357+00:00,2208,2
2024-05-10 00:00:04.390196+00:00,63,4
2024-05-10 00:00:04.409549+00:00,4311,13
2024-05-10 00:00:04.513180+00:00,6979,17
2024-05-10 00:00:04.514734+00:00,1403,1
2024-05-10 00:00:04.517554+00:00,1390,27
2024-05-10 00:00:04.584244+00:00,1146,73
2024-05-10 00:00:04.634106+00:00,64,3
2024-05-10 00:00:04.635212+00:00,1508,508
2024-05-10 00:00:04.655094+00:00,7679,629
2024-05-10 00:00:04.759361+00:00,416,277
2024-05-10 00:00:04.761475+00:00,3043,76
2024-05-10 00:00:04.768049+00:00,4553,39
2024-05-10 00:00:04.788361+00:00,899,26
2024-05-10 00:00:04.790993+00:00,2516,1
2024-05-10 00:00:04.832224+00:00,7677,1
2024-05-10 00:00:04.832758+00:00,6597,6
2024-05-10 00:00:04.901002+00:00,4309,3
2024-05-10 00:00:05.038173+00:00,2721,11
2024-05-10 00:00:05.082309+00:00,1857,1
2024-05-10 00:00:05.084557+00:00,1406,14
2024-05-10 00:00:05.085417+00:00,2942,13
2024-05-10 00:00:05.152286+00:00,921,8
2024-05-10 00:00:05.153723+00:00,3770,2
2024-05-10 00:00:05.265389+00:00,2590,14
2024-05-10 00:00:05.267420+00:00,2168,5
2024-05-10 00:00:05.288293+00:00,3491,15
2024-05-10 00:00:05.333956+00:00,1857,1
2024-05-10 00:00:05.335520+00:00,1479,1
2024-05-10 00:00:05.335829+00:00,1406,12
2024-05-10 00:00:05.384940+00:00,5315,22
2024-05-10 00:00:05.517830+00:00,659,38
2024-05-10 00:00:05.522860+00:00,587,6
2024-05-10 00:00:05.541544+00:00,5625,3
2024-05-10 00:00:05.650703+00:00,1207,30
2024-05-10 00:00:05.786801+00:00,900,34
2024-05-10 00:00:05.787311+00:00,5050,103
2024-05-10 00:00:05.835872+00:00,1857,2
2024-05-10 00:00:05.837454+00:00,1480,3
2024-05-10 00:00:05.837659+00:00,1407,1
2024-05-10 00:00:05.838849+00:00,2943,13
2024-05-10 00:00:05.901583+00:00,4311,27
2024-05-10 00:00:06.009753+00:00,6978,18
2024-05-10 00:00:06.042048+00:00,5628,2
2024-05-10 00:00:06.043251+00:00,2515,18
2024-05-10 00:00:06.082742+00:00,718,53
2024-05-10 00:00:06.085438+00:00,1408,17
2024-05-10 00:00:06.137504+00:00,63,4
2024-05-10 00:00:06.270018+00:00,588,5
2024-05-10 00:00:06.270130+00:00,3421,4
2024-05-10 00:00:06.286621+00:00,901,30
2024-05-10 00:00:06.335475+00:00,2943,13
2024-05-10 00:00:06.521942+00:00,1310,8
2024-05-10 00:00:06.589059+00:00,3124,4
2024-05-10 00:00:06.595713+00:00,2840,49
2024-05-10 00:00:06.650433+00:00,288,14
2024-05-10 00:00:06.755557+00:00,1032,222
2024-05-10 00:00:06.767228+00:00,3165,21
2024-05-10 00:00:06.786664+00:00,2378,7
2024-05-10 00:00:06.837207+00:00,3124,4
2024-05-10 00:00:06.838894+00:00,1478,3
2024-05-10 00:00:07.038164+00:00,107,11
2024-05-10 00:00:07.138243+00:00,383,220
2024-05-10 00:00:07.139114+00:00,63,4
2024-05-10 00:00:07.152232+00:00,1021,32
2024-05-10 00:00:07.333077+00:00,2944,18
2024-05-10 00:00:07.388079+00:00,411,1
2024-05-10 00:00:07.401739+00:00,1211,5
2024-05-10 00:00:07.402117+00:00,3455,20
2024-05-10 00:00:07.536942+00:00,7675,9
2024-05-10 00:00:07.537240+00:00,105,23
2024-05-10 00:00:07.539005+00:00,2378,36
2024-05-10 00:00:07.639993+00:00,6184,59
2024-05-10 00:00:07.655674+00:00,628,3
2024-05-10 00:00:07.657263+00:00,3946,108
2024-05-10 00:00:07.789033+00:00,105,23
2024-05-10 00:00:07.900481+00:00,1018,1
2024-05-10 00:00:07.901360+00:00,1213,1
2024-05-10 00:00:07.903586+00:00,1294,3
2024-05-10 00:00:08.005593+00:00,2982,3
2024-05-10 00:00:08.006639+00:00,3908,3
2024-05-10 00:00:08.019127+00:00,589,4
2024-05-10 00:00:08.038879+00:00,3493,21
2024-05-10 00:00:08.133936+00:00,2926,1
2024-05-10 00:00:08.134255+00:00,274,109
2024-05-10 00:00:08.260011+00:00,725,24
2024-05-10 00:00:08.400565+00:00,1212,5
2024-05-10 00:00:08.401907+00:00,1018,16
2024-05-10 00:00:08.404089+00:00,3947,1
2024-05-10 00:00:08.504535+00:00,1150,27
2024-05-10 00:00:08.517526+00:00,3321,26
2024-05-10 00:00:08.518141+00:00,4557,35
2024-05-10 00:00:08.589874+00:00,1856,2
2024-05-10 00:00:08.590435+00:00,1479,1
2024-05-10 00:00:08.632495+00:00,66,20
2024-05-10 00:00:08.651046+00:00,2347,1
2024-05-10 00:00:08.651349+00:00,1225,3
2024-05-10 00:00:08.654426+00:00,3947,1
2024-05-10 00:00:08.791584+00:00,1729,4
2024-05-10 00:00:08.791788+00:00,7676,9
2024-05-10 00:00:08.835892+00:00,7679,91
2024-05-10 00:00:08.836111+00:00,1388,39
2024-05-10 00:00:08.836452+00:00,1479,13
2024-05-10 00:00:08.880977+00:00,2927,1
2024-05-10 00:00:08.900660+00:00,629,8
2024-05-10 00:00:09.008984+00:00,2592,60
2024-05-10 00:00:09.038743+00:00,954,20
2024-05-10 00:00:09.041099+00:00,2534,6
2024-05-10 00:00:09.089923+00:00,2136,1
2024-05-10 00:00:09.256788+00:00,1098,3
2024-05-10 00:00:09.257273+00:00,1150,10
2024-05-10 00:00:09.257643+00:00,2586,4
2024-05-10 00:00:09.291894+00:00,3500,3
2024-05-10 00:00:09.334925+00:00,1480,12
2024-05-10 00:00:09.401996+00:00,4328,25
2024-05-10 00:00:09.404382+00:00,1532,127
2024-05-10 00:00:09.404928+00:00,1295,8
2024-05-10 00:00:09.505871+00:00,2592,11
2024-05-10 00:00:09.516273+00:00,2422,3
2024-05-10 00:00:09.517045+00:00,3188,9
2024-05-10 00:00:09.525794+00:00,309,13
2024-05-10 00:00:09.536443+00:00,2379,123
2024-05-10 00:00:09.632658+00:00,66,17
2024-05-10 00:00:09.633821+00:00,3047,28
2024-05-10 00:00:09.636431+00:00,4052,3
2024-05-10 00:00:09.637005+00:00,3908,3
2024-05-10 00:00:09.650524+00:00,926,8
2024-05-10 00:00:09.653451+00:00,1296,3
2024-05-10 00:00:09.755595+00:00,1507,3
2024-05-10 00:00:09.767438+00:00,3322,26
2024-05-10 00:00:09.772411+00:00,590,6
2024-05-10 00:00:09.773619+00:00,310,20
2024-05-10 00:00:09.788091+00:00,956,18
2024-05-10 00:00:09.900502+00:00,609,9
2024-05-10 00:00:09.902277+00:00,1298,18
2024-05-10 00:00:09.903036+00:00,3953,9
2024-05-10 00:00:10.037534+00:00,7676,9
2024-05-10 00:00:10.082743+00:00,1858,5
2024-05-10 00:00:10.083842+00:00,7680,30
2024-05-10 00:00:10.085835+00:00,3633,51
2024-05-10 00:00:10.134659+00:00,4052,3
2024-05-10 00:00:10.154939+00:00,288,14
2024-05-10 00:00:10.401066+00:00,3464,2
2024-05-10 00:00:10.403197+00:00,3951,3
2024-05-10 00:00:10.511761+00:00,2172,30
2024-05-10 00:00:10.788655+00:00,1728,2
2024-05-10 00:00:10.834058+00:00,7677,37
2024-05-10 00:00:10.902218+00:00,288,16
2024-05-10 00:00:11.016125+00:00,1706,277
2024-05-10 00:00:11.025220+00:00,931,23
2024-05-10 00:00:11.038416+00:00,2638,19
2024-05-10 00:00:11.082204+00:00,2747,1
2024-05-10 00:00:11.130861+00:00,7682,71
2024-05-10 00:00:11.150581+00:00,3953,31
2024-05-10 00:00:11.257255+00:00,1032,106
2024-05-10 00:00:11.267205+00:00,679,40
2024-05-10 00:00:11.331767+00:00,1026,6
2024-05-10 00:00:11.331993+00:00,2747,4
2024-05-10 00:00:11.401574+00:00,7685,751
2024-05-10 00:00:11.512629+00:00,7680,20
2024-05-10 00:00:11.517853+00:00,2606,1
2024-05-10 00:00:11.537954+00:00,1103,54
2024-05-10 00:00:11.583516+00:00,2748,15
2024-05-10 00:00:11.584888+00:00,1862,16
2024-05-10 00:00:11.587670+00:00,2855,13
2024-05-10 00:00:11.631114+00:00,4054,1
2024-05-10 00:00:11.650652+00:00,2547,3
2024-05-10 00:00:11.756558+00:00,1034,61
2024-05-10 00:00:11.766638+00:00,2462,3
2024-05-10 00:00:11.787213+00:00,1103,8
2024-05-10 00:00:11.881238+00:00,1390,9
2024-05-10 00:00:11.907216+00:00,3951,9
2024-05-10 00:00:11.907697+00:00,655,12
2024-05-10 00:00:12.005722+00:00,1035,9
2024-05-10 00:00:12.006610+00:00,2276,4
2024-05-10 00:00:12.042820+00:00,961,22
2024-05-10 00:00:12.046002+00:00,3413,4
2024-05-10 00:00:12.081814+00:00,3636,3
2024-05-10 00:00:12.082032+00:00,1482,7
2024-05-10 00:00:12.082928+00:00,1391,4
2024-05-10 00:00:12.131152+00:00,2477,2
2024-05-10 00:00:12.267045+00:00,2463,10
2024-05-10 00:00:12.289024+00:00,1103,61
2024-05-10 00:00:12.400890+00:00,3951,9
2024-05-10 00:00:12.508194+00:00,2061,3
2024-05-10 00:00:12.508405+00:00,2317,1
2024-05-10 00:00:12.518318+00:00,699,17
2024-05-10 00:00:12.525274+00:00,2607,1
2024-05-10 00:00:12.537050+00:00,2363,6
2024-05-10 00:00:12.538318+00:00,7679,2
2024-05-10 00:00:12.770534+00:00,7686,1
2024-05-10 00:00:12.771262+00:00,3420,3
2024-05-10 00:00:12.787812+00:00,2360,16
2024-05-10 00:00:13.009549+00:00,1246,1
2024-05-10 00:00:13.038334+00:00,1135,16
2024-05-10 00:00:13.039156+00:00,7679,9
2024-05-10 00:00:13.132528+00:00,3860,52
2024-05-10 00:00:13.132748+00:00,1393,59
2024-05-10 00:00:13.258507+00:00,2280,3
2024-05-10 00:00:13.259128+00:00,2174,5
2024-05-10 00:00:13.270933+00:00,2607,1
2024-05-10 00:00:13.271923+00:00,7387,472
2024-05-10 00:00:13.287532+00:00,104,14
2024-05-10 00:00:13.382271+00:00,7670,7
2024-05-10 00:00:13.384915+00:00,4085,6
2024-05-10 00:00:13.508444+00:00,2843,3
2024-05-10 00:00:13.509196+00:00,1633,17
2024-05-10 00:00:13.509916+00:00,1246,25
2024-05-10 00:00:13.516991+00:00,2465,7
2024-05-10 00:00:13.523749+00:00,3420,4
2024-05-10 00:00:13.523985+00:00,317,31
2024-05-10 00:00:13.631565+00:00,577,12
2024-05-10 00:00:13.755290+00:00,620,5
2024-05-10 00:00:13.767373+00:00,12,6
2024-05-10 00:00:13.772007+00:00,2608,77
2024-05-10 00:00:13.832923+00:00,1062,18
2024-05-10 00:00:13.835058+00:00,2949,9
2024-05-10 00:00:13.881698+00:00,73,10
2024-05-10 00:00:13.884361+00:00,4083,16
2024-05-10 00:00:13.901751+00:00,1296,16
2024-05-10 00:00:14.007861+00:00,1037,59
2024-05-10 00:00:14.019637+00:00,12,10
2024-05-10 00:00:14.036875+00:00,1098,51
2024-05-10 00:00:14.083640+00:00,2180,12
2024-05-10 00:00:14.085383+00:00,1483,1
2024-05-10 00:00:14.131541+00:00,1630,10
2024-05-10 00:00:14.133178+00:00,1509,3
2024-05-10 00:00:14.151202+00:00,2347,7
2024-05-10 00:00:14.154255+00:00,3954,149
2024-05-10 00:00:14.257475+00:00,1247,1
2024-05-10 00:00:14.258086+00:00,620,5
2024-05-10 00:00:14.259949+00:00,2174,6
2024-05-10 00:00:14.266378+00:00,2465,32
2024-05-10 00:00:14.269494+00:00,7685,1
2024-05-10 00:00:14.287717+00:00,1104,17
2024-05-10 00:00:14.290221+00:00,7680,1
2024-05-10 00:00:14.290462+00:00,104,30
2024-05-10 00:00:14.332612+00:00,2748,5
2024-05-10 00:00:14.402053+00:00,1298,17
2024-05-10 00:00:14.516843+00:00,2466,6
2024-05-10 00:00:14.517442+00:00,13,1
2024-05-10 00:00:14.526644+00:00,2607,145
2024-05-10 00:00:14.536937+00:00,3593,3
2024-05-10 00:00:14.538703+00:00,2785,3
2024-05-10 00:00:14.583336+00:00,3637,5
2024-05-10 00:00:14.583466+00:00,1483,1
2024-05-10 00:00:14.763163+00:00,2282,13
2024-05-10 00:00:14.767180+00:00,2466,10
2024-05-10 00:00:14.767664+00:00,1820,9
2024-05-10 00:00:14.775535+00:00,7686,1
2024-05-10 00:00:14.787275+00:00,1103,12
2024-05-10 00:00:14.791138+00:00,7680,11
2024-05-10 00:00:14.832447+00:00,1877,3
2024-05-10 00:00:14.833308+00:00,2856,9
2024-05-10 00:00:14.833695+00:00,2094,1
2024-05-10 00:00:14.834271+00:00,1395,9
2024-05-10 00:00:15.022248+00:00,13,15
2024-05-10 00:00:15.023000+00:00,1838,9
2024-05-10 00:00:15.037865+00:00,7680,8
2024-05-10 00:00:15.039822+00:00,7675,13
2024-05-10 00:00:15.082330+00:00,2748,3
2024-05-10 00:00:15.084090+00:00,5109,5
2024-05-10 00:00:15.132077+00:00,7676,69
2024-05-10 00:00:15.152153+00:00,1299,6
2024-05-10 00:00:15.259725+00:00,1247,53
2024-05-10 00:00:15.270040+00:00,3421,4
2024-05-10 00:00:15.333634+00:00,2749,4
2024-05-10 00:00:15.334837+00:00,3638,5
2024-05-10 00:00:15.401225+00:00,356,5
2024-05-10 00:00:15.514656+00:00,7680,1
2024-05-10 00:00:15.515623+00:00,2066,18
2024-05-10 00:00:15.582956+00:00,7684,12
2024-05-10 00:00:15.638228+00:00,74,17
2024-05-10 00:00:15.759442+00:00,1248,34
2024-05-10 00:00:15.786935+00:00,5052,6
2024-05-10 00:00:15.788333+00:00,2786,2
2024-05-10 00:00:15.835497+00:00,939,15
2024-05-10 00:00:15.883945+00:00,1783,15
2024-05-10 00:00:15.900428+00:00,1018,12
2024-05-10 00:00:16.009568+00:00,2066,19
2024-05-10 00:00:16.010661+00:00,7680,1
2024-05-10 00:00:16.010714+00:00,2294,4
2024-05-10 00:00:16.017355+00:00,13,31
2024-05-10 00:00:16.020513+00:00,7277,76
2024-05-10 00:00:16.020866+00:00,3423,1
2024-05-10 00:00:16.082083+00:00,5449,7
2024-05-10 00:00:16.082161+00:00,1254,11
2024-05-10 00:00:16.084039+00:00,5110,5
2024-05-10 00:00:16.084815+00:00,3702,4
2024-05-10 00:00:16.151561+00:00,1018,15
2024-05-10 00:00:16.151688+00:00,3073,3
2024-05-10 00:00:16.270526+00:00,3426,1
2024-05-10 00:00:16.286759+00:00,5052,1
2024-05-10 00:00:16.333158+00:00,5449,16
2024-05-10 00:00:16.336051+00:00,7684,19
2024-05-10 00:00:16.336243+00:00,2857,9
2024-05-10 00:00:16.400868+00:00,2347,5
2024-05-10 00:00:16.511689+00:00,1247,41
2024-05-10 00:00:16.523894+00:00,7277,92
2024-05-10 00:00:16.536533+00:00,5052,10
2024-05-10 00:00:16.639296+00:00,449,1
2024-05-10 00:00:16.650373+00:00,1018,19
2024-05-10 00:00:16.652028+00:00,1299,9
2024-05-10 00:00:16.757707+00:00,7681,14
2024-05-10 00:00:16.767904+00:00,2475,73
2024-05-10 00:00:16.832376+00:00,1069,11
2024-05-10 00:00:16.836191+00:00,1397,10
2024-05-10 00:00:16.836621+00:00,2092,1
2024-05-10 00:00:16.893736+00:00,75,16
2024-05-10 00:00:16.898139+00:00,4089,1
2024-05-10 00:00:16.900013+00:00,7677,21
2024-05-10 00:00:17.009561+00:00,2836,3
2024-05-10 00:00:17.010402+00:00,1248,23
2024-05-10 00:00:17.012910+00:00,2069,13
2024-05-10 00:00:17.023505+00:00,7276,85
2024-05-10 00:00:17.038308+00:00,5052,6
2024-05-10 00:00:17.038926+00:00,1106,16
2024-05-10 00:00:17.081960+00:00,705,12
2024-05-10 00:00:17.144601+00:00,293,1
2024-05-10 00:00:17.151374+00:00,636,3
2024-05-10 00:00:17.152066+00:00,2348,6
2024-05-10 00:00:17.258061+00:00,1248,22
2024-05-10 00:00:17.267240+00:00,7058,101
2024-05-10 00:00:17.268019+00:00,4580,23
2024-05-10 00:00:17.397397+00:00,7680,3
2024-05-10 00:00:17.400576+00:00,2348,4
2024-05-10 00:00:17.517109+00:00,12,4
2024-05-10 00:00:17.536901+00:00,5053,5
2024-05-10 00:00:17.583355+00:00,1254,17
2024-05-10 00:00:17.646488+00:00,293,106
2024-05-10 00:00:17.647109+00:00,2147,19
2024-05-10 00:00:17.651180+00:00,2348,5
2024-05-10 00:00:17.652661+00:00,1300,8
2024-05-10 00:00:17.754529+00:00,2810,2
2024-05-10 00:00:17.787488+00:00,2923,23
2024-05-10 00:00:17.787792+00:00,2400,16
2024-05-10 00:00:17.790257+00:00,7678,7
2024-05-10 00:00:17.832221+00:00,1439,10
2024-05-10 00:00:17.833360+00:00,2857,11
2024-05-10 00:00:18.017733+00:00,12,22
2024-05-10 00:00:18.151524+00:00,1225,2
2024-05-10 00:00:18.152137+00:00,2350,3
2024-05-10 00:00:18.260477+00:00,1232,31
2024-05-10 00:00:18.291677+00:00,5056,6
2024-05-10 00:00:18.291969+00:00,3050,13
2024-05-10 00:00:18.292233+00:00,2400,26
2024-05-10 00:00:18.293791+00:00,2406,1
2024-05-10 00:00:18.332730+00:00,560,16
2024-05-10 00:00:18.333165+00:00,1070,11
2024-05-10 00:00:18.400897+00:00,2350,1
2024-05-10 00:00:18.401132+00:00,638,6
2024-05-10 00:00:18.505561+00:00,159,1
2024-05-10 00:00:18.542170+00:00,1109,13
2024-05-10 00:00:18.584141+00:00,559,18
2024-05-10 00:00:18.585899+00:00,1440,19
2024-05-10 00:00:18.650612+00:00,2350,1
2024-05-10 00:00:18.652237+00:00,1301,26
2024-05-10 00:00:18.760276+00:00,159,1
2024-05-10 00:00:18.761188+00:00,1233,19
2024-05-10 00:00:18.763744+00:00,7681,5
2024-05-10 00:00:18.833885+00:00,1486,15
2024-05-10 00:00:18.888382+00:00,78,17
2024-05-10 00:00:18.892870+00:00,7681,3
2024-05-10 00:00:18.905775+00:00,638,5
2024-05-10 00:00:19.004215+00:00,159,1
2024-05-10 00:00:19.083845+00:00,559,18
2024-05-10 00:00:19.142341+00:00,4061,2
2024-05-10 00:00:19.151901+00:00,2539,9
2024-05-10 00:00:19.152480+00:00,2351,3
2024-05-10 00:00:19.155241+00:00,1302,22
2024-05-10 00:00:19.257594+00:00,159,18
2024-05-10 00:00:19.266807+00:00,2426,18
2024-05-10 00:00:19.267137+00:00,16,20
2024-05-10 00:00:19.400452+00:00,1214,9
2024-05-10 00:00:19.508049+00:00,3904,3
2024-05-10 00:00:19.508842+00:00,2838,11
2024-05-10 00:00:19.519068+00:00,408,50
2024-05-10 00:00:19.650656+00:00,5948,17
2024-05-10 00:00:19.652266+00:00,218,16
2024-05-10 00:00:19.759926+00:00,1236,26
2024-05-10 00:00:19.791057+00:00,2362,17
2024-05-10 00:00:19.792258+00:00,2363,10
2024-05-10 00:00:19.893031+00:00,666,8
2024-05-10 00:00:19.901094+00:00,1305,1
2024-05-10 00:00:19.902410+00:00,2068,12
2024-05-10 00:00:20.012588+00:00,386,9
2024-05-10 00:00:20.020085+00:00,1357,23
2024-05-10 00:00:20.083247+00:00,1908,38
2024-05-10 00:00:20.150894+00:00,295,58
2024-05-10 00:00:20.152043+00:00,1214,9
2024-05-10 00:00:20.153363+00:00,1305,25
2024-05-10 00:00:20.258492+00:00,3500,1
2024-05-10 00:00:20.260220+00:00,1117,78
2024-05-10 00:00:20.260293+00:00,3500,5
2024-05-10 00:00:20.269882+00:00,1358,1
2024-05-10 00:00:20.293180+00:00,1110,12
2024-05-10 00:00:20.335101+00:00,709,1
2024-05-10 00:00:20.335397+00:00,1487,1
2024-05-10 00:00:20.400549+00:00,3731,3
2024-05-10 00:00:20.402120+00:00,1305,1
2024-05-10 00:00:20.505152+00:00,3499,7
2024-05-10 00:00:20.516809+00:00,4581,12
2024-05-10 00:00:20.517186+00:00,17,2
2024-05-10 00:00:20.541664+00:00,5053,5
2024-05-10 00:00:20.542682+00:00,385,19
2024-05-10 00:00:20.583996+00:00,1908,27
2024-05-10 00:00:20.587513+00:00,709,1
2024-05-10 00:00:20.588690+00:00,709,5
2024-05-10 00:00:20.650318+00:00,2352,1
2024-05-10 00:00:20.766750+00:00,2454,3
2024-05-10 00:00:20.787727+00:00,7686,2
2024-05-10 00:00:20.832067+00:00,2329,12
2024-05-10 00:00:20.833809+00:00,1908,14
2024-05-10 00:00:20.833992+00:00,1255,18
2024-05-10 00:00:20.887808+00:00,5413,3
2024-05-10 00:00:20.889519+00:00,7111,52
2024-05-10 00:00:20.892000+00:00,7679,3
2024-05-10 00:00:20.892068+00:00,3747,9
2024-05-10 00:00:20.901961+00:00,1306,1
2024-05-10 00:00:20.903243+00:00,216,14
2024-05-10 00:00:21.017461+00:00,17,16
2024-05-10 00:00:21.044173+00:00,1110,12
2024-05-10 00:00:21.082783+00:00,2329,10
2024-05-10 00:00:21.084920+00:00,5110,5
2024-05-10 00:00:21.086029+00:00,1034,20
2024-05-10 00:00:21.151197+00:00,2354,1
2024-05-10 00:00:21.152125+00:00,4290,3
2024-05-10 00:00:21.292308+00:00,1525,9
2024-05-10 00:00:21.293392+00:00,2403,34
2024-05-10 00:00:21.293960+00:00,385,21
2024-05-10 00:00:21.401954+00:00,1218,22
2024-05-10 00:00:21.403983+00:00,1308,1
2024-05-10 00:00:21.404694+00:00,74,1
2024-05-10 00:00:21.404967+00:00,1309,1
2024-05-10 00:00:21.506672+00:00,3461,8
2024-05-10 00:00:21.542483+00:00,2367,3
2024-05-10 00:00:21.543184+00:00,1889,5
2024-05-10 00:00:21.583310+00:00,2329,12
2024-05-10 00:00:21.584475+00:00,1489,1
2024-05-10 00:00:21.650333+00:00,637,2
2024-05-10 00:00:21.767010+00:00,1037,29
2024-05-10 00:00:21.801513+00:00,2367,3
2024-05-10 00:00:21.803468+00:00,2367,3
2024-05-10 00:00:21.803919+00:00,1110,18
2024-05-10 00:00:21.832592+00:00,1077,4
2024-05-10 00:00:21.906937+00:00,636,3
2024-05-10 00:00:21.909108+00:00,5952,53
2024-05-10 00:00:22.004409+00:00,1589,4
2024-05-10 00:00:22.017432+00:00,1037,14
2024-05-10 00:00:22.021835+00:00,7033,1
2024-05-10 00:00:22.043959+00:00,1891,9
2024-05-10 00:00:22.044149+00:00,5056,4
2024-05-10 00:00:22.045307+00:00,2413,5
2024-05-10 00:00:22.081780+00:00,1490,1
2024-05-10 00:00:22.151438+00:00,3731,3
2024-05-10 00:00:22.153275+00:00,74,4
2024-05-10 00:00:22.266993+00:00,1037,5
2024-05-10 00:00:22.271925+00:00,338,14
2024-05-10 00:00:22.290126+00:00,2787,71
2024-05-10 00:00:22.332344+00:00,2856,1
2024-05-10 00:00:22.391644+00:00,5361,34
2024-05-10 00:00:22.396377+00:00,4087,7
2024-05-10 00:00:22.396749+00:00,3749,4
2024-05-10 00:00:22.397778+00:00,296,80
2024-05-10 00:00:22.400947+00:00,74,6
2024-05-10 00:00:22.525979+00:00,2608,2
2024-05-10 00:00:22.538485+00:00,2414,1
2024-05-10 00:00:22.541630+00:00,7032,173
2024-05-10 00:00:22.588579+00:00,3533,3
2024-05-10 00:00:22.592390+00:00,1486,7
2024-05-10 00:00:22.647911+00:00,6202,3
2024-05-10 00:00:22.651596+00:00,1414,1
2024-05-10 00:00:22.756773+00:00,418,12
2024-05-10 00:00:22.791754+00:00,5057,1
2024-05-10 00:00:22.792540+00:00,1893,3
2024-05-10 00:00:22.831951+00:00,1255,17
2024-05-10 00:00:22.901185+00:00,1219,20
2024-05-10 00:00:22.903033+00:00,1315,1
2024-05-10 00:00:22.903159+00:00,76,5
2024-05-10 00:00:22.903721+00:00,1414,2
2024-05-10 00:00:23.017911+00:00,1037,71
2024-05-10 00:00:23.040179+00:00,1893,3
2024-05-10 00:00:23.040865+00:00,7685,1
2024-05-10 00:00:23.266203+00:00,2426,3
2024-05-10 00:00:23.266384+00:00,17,1
2024-05-10 00:00:23.266643+00:00,504,13
2024-05-10 00:00:23.267570+00:00,706,15
2024-05-10 00:00:23.292957+00:00,2788,9
2024-05-10 00:00:23.332730+00:00,2990,3
2024-05-10 00:00:23.381628+00:00,1045,3
2024-05-10 00:00:23.400304+00:00,1315,28
2024-05-10 00:00:23.517050+00:00,2468,10
2024-05-10 00:00:23.523880+00:00,3402,2
2024-05-10 00:00:23.542005+00:00,932,10
2024-05-10 00:00:23.543823+00:00,2401,22
2024-05-10 00:00:23.582156+00:00,1489,4
2024-05-10 00:00:23.582597+00:00,7685,1
2024-05-10 00:00:23.651145+00:00,1415,2
2024-05-10 00:00:23.766564+00:00,2458,38
2024-05-10 00:00:23.768100+00:00,17,16
2024-05-10 00:00:23.776207+00:00,5220,88
2024-05-10 00:00:23.777558+00:00,424,1
2024-05-10 00:00:23.790444+00:00,2653,4
2024-05-10 00:00:23.900436+00:00,3261,4
2024-05-10 00:00:23.903054+00:00,3960,85
2024-05-10 00:00:24.006751+00:00,3501,4
2024-05-10 00:00:24.018617+00:00,932,17
2024-05-10 00:00:24.022471+00:00,2608,268
2024-05-10 00:00:24.039094+00:00,2791,6
2024-05-10 00:00:24.084226+00:00,2860,9
2024-05-10 00:00:24.267061+00:00,707,4
2024-05-10 00:00:24.272874+00:00,933,16
2024-05-10 00:00:24.386946+00:00,667,30
2024-05-10 00:00:24.400683+00:00,288,15
2024-05-10 00:00:24.401601+00:00,75,5
2024-05-10 00:00:24.517067+00:00,1119,25
2024-05-10 00:00:24.541048+00:00,1890,27
2024-05-10 00:00:24.543521+00:00,696,3
2024-05-10 00:00:24.583949+00:00,958,11
2024-05-10 00:00:24.586646+00:00,7686,18
2024-05-10 00:00:24.631581+00:00,411,151
2024-05-10 00:00:24.631935+00:00,5392,11
2024-05-10 00:00:24.787491+00:00,1108,12
2024-05-10 00:00:24.833905+00:00,1489,3
2024-05-10 00:00:25.006077+00:00,1173,2
2024-05-10 00:00:25.025091+00:00,17,1
2024-05-10 00:00:25.042887+00:00,1108,14
2024-05-10 00:00:25.082312+00:00,3903,3
2024-05-10 00:00:25.130793+00:00,439,1
2024-05-10 00:00:25.155440+00:00,1133,9
2024-05-10 00:00:25.293251+00:00,1890,4
2024-05-10 00:00:25.293722+00:00,724,40
2024-05-10 00:00:25.333138+00:00,1492,1
2024-05-10 00:00:25.387875+00:00,3750,2
2024-05-10 00:00:25.387986+00:00,297,6
2024-05-10 00:00:25.388597+00:00,6202,34
2024-05-10 00:00:25.403181+00:00,3090,9
2024-05-10 00:00:25.633964+00:00,1401,1
2024-05-10 00:00:25.777309+00:00,1120,21
2024-05-10 00:00:25.780210+00:00,1038,30
2024-05-10 00:00:25.789223+00:00,539,14
2024-05-10 00:00:25.790107+00:00,1890,4
2024-05-10 00:00:25.791248+00:00,985,9
2024-05-10 00:00:25.904194+00:00,3090,33
2024-05-10 00:00:26.084790+00:00,3716,5
2024-05-10 00:00:26.137638+00:00,81,9
2024-05-10 00:00:26.138677+00:00,5392,12
2024-05-10 00:00:26.139240+00:00,83,1
2024-05-10 00:00:26.287455+00:00,1337,6
2024-05-10 00:00:26.337170+00:00,1489,14
2024-05-10 00:00:26.386695+00:00,462,3
2024-05-10 00:00:26.387727+00:00,7684,5
2024-05-10 00:00:26.388540+00:00,1402,15
2024-05-10 00:00:26.511913+00:00,7683,15
2024-05-10 00:00:26.524364+00:00,214,3
2024-05-10 00:00:26.536715+00:00,2796,2
2024-05-10 00:00:26.586468+00:00,3903,3
2024-05-10 00:00:26.587793+00:00,2210,33
2024-05-10 00:00:26.588285+00:00,1455,4
2024-05-10 00:00:26.664934+00:00,3090,25
2024-05-10 00:00:26.887927+00:00,5392,15
2024-05-10 00:00:26.890594+00:00,1404,13
2024-05-10 00:00:26.909001+00:00,1019,5
2024-05-10 00:00:26.909431+00:00,3465,23
2024-05-10 00:00:26.910161+00:00,2538,3
2024-05-10 00:00:26.913293+00:00,1567,19
2024-05-10 00:00:26.914098+00:00,79,4
2024-05-10 00:00:27.037731+00:00,1338,1
2024-05-10 00:00:27.039048+00:00,2797,1
2024-05-10 00:00:27.138795+00:00,84,15
2024-05-10 00:00:27.141045+00:00,7679,1
2024-05-10 00:00:27.156582+00:00,1019,18
2024-05-10 00:00:27.158203+00:00,80,3
2024-05-10 00:00:27.277242+00:00,1122,128
2024-05-10 00:00:27.286499+00:00,6797,214
2024-05-10 00:00:27.287138+00:00,2412,23
2024-05-10 00:00:27.287961+00:00,6797,133
2024-05-10 00:00:27.288110+00:00,3903,3
2024-05-10 00:00:27.384895+00:00,7678,8
2024-05-10 00:00:27.506337+00:00,158,18
2024-05-10 00:00:27.508400+00:00,7684,1
2024-05-10 00:00:27.529597+00:00,199,6
2024-05-10 00:00:27.530083+00:00,7685,70
2024-05-10 00:00:27.537979+00:00,1762,4
2024-05-10 00:00:27.538105+00:00,1338,12
2024-05-10 00:00:27.583150+00:00,1047,264
2024-05-10 00:00:27.583658+00:00,1353,11
2024-05-10 00:00:27.634166+00:00,464,1
2024-05-10 00:00:27.658210+00:00,217,1
2024-05-10 00:00:27.775289+00:00,2462,78
2024-05-10 00:00:27.776072+00:00,1942,9
2024-05-10 00:00:27.787185+00:00,1536,19
2024-05-10 00:00:27.833968+00:00,1078,3
2024-05-10 00:00:27.887278+00:00,464,10
2024-05-10 00:00:27.910833+00:00,217,15
2024-05-10 00:00:27.912442+00:00,3962,91
2024-05-10 00:00:28.025618+00:00,682,11
2024-05-10 00:00:28.026307+00:00,199,6
2024-05-10 00:00:28.038164+00:00,3903,3
2024-05-10 00:00:28.051260+00:00,1536,13
2024-05-10 00:00:28.084383+00:00,1353,3
2024-05-10 00:00:28.088135+00:00,1491,12
2024-05-10 00:00:28.136417+00:00,84,1
2024-05-10 00:00:28.136974+00:00,7677,9
2024-05-10 00:00:28.138900+00:00,3754,13
2024-05-10 00:00:28.287307+00:00,3748,8
2024-05-10 00:00:28.333006+00:00,1079,14
2024-05-10 00:00:28.382209+00:00,7679,11
2024-05-10 00:00:28.528214+00:00,1114,6
2024-05-10 00:00:28.529194+00:00,682,12
2024-05-10 00:00:28.530691+00:00,1080,15
2024-05-10 00:00:28.536858+00:00,557,8
2024-05-10 00:00:28.537985+00:00,1336,16
2024-05-10 00:00:28.583285+00:00,2235,6
2024-05-10 00:00:28.584268+00:00,1353,11
2024-05-10 00:00:28.586455+00:00,2987,3
2024-05-10 00:00:28.586526+00:00,1494,9
2024-05-10 00:00:28.587271+00:00,1763,4
2024-05-10 00:00:28.632174+00:00,84,18
2024-05-10 00:00:28.756971+00:00,1593,20
2024-05-10 00:00:28.832435+00:00,2258,6
2024-05-10 00:00:28.907432+00:00,222,13
2024-05-10 00:00:29.028640+00:00,1081,16
2024-05-10 00:00:29.036210+00:00,2295,251
2024-05-10 00:00:29.132298+00:00,4707,32
2024-05-10 00:00:29.279591+00:00,3337,43
2024-05-10 00:00:29.279850+00:00,1114,6
2024-05-10 00:00:29.292795+00:00,441,14
2024-05-10 00:00:29.296243+00:00,2421,19
2024-05-10 00:00:29.297133+00:00,1336,31
2024-05-10 00:00:29.332240+00:00,1353,9
2024-05-10 00:00:29.334665+00:00,1495,10
2024-05-10 00:00:29.402477+00:00,3903,3
2024-05-10 00:00:29.503320+00:00,159,17
2024-05-10 00:00:29.528599+00:00,20,24
2024-05-10 00:00:29.537731+00:00,1426,19
2024-05-10 00:00:29.541077+00:00,122,18
2024-05-10 00:00:29.588787+00:00,1353,3
2024-05-10 00:00:29.589218+00:00,3144,3
2024-05-10 00:00:29.590239+00:00,1254,10
2024-05-10 00:00:29.592690+00:00,1766,1
2024-05-10 00:00:29.631034+00:00,4707,5
2024-05-10 00:00:29.651941+00:00,1020,3
2024-05-10 00:00:29.778210+00:00,140,78
2024-05-10 00:00:29.779147+00:00,204,12
2024-05-10 00:00:29.779363+00:00,2393,8
2024-05-10 00:00:29.834851+00:00,1355,9
2024-05-10 00:00:29.880872+00:00,1402,1
2024-05-10 00:00:29.881322+00:00,7684,1
2024-05-10 00:00:29.902142+00:00,1233,2
2024-05-10 00:00:30.027658+00:00,1942,16
2024-05-10 00:00:30.037805+00:00,1425,14
2024-05-10 00:00:30.039691+00:00,2798,12
2024-05-10 00:00:30.155441+00:00,3171,6
2024-05-10 00:00:30.275460+00:00,204,12
2024-05-10 00:00:30.277040+00:00,140,19
2024-05-10 00:00:30.293998+00:00,2799,11
2024-05-10 00:00:30.340048+00:00,7680,14
2024-05-10 00:00:30.340232+00:00,3722,4
2024-05-10 00:00:30.340857+00:00,1803,2
2024-05-10 00:00:30.538195+00:00,450,15
2024-05-10 00:00:30.540709+00:00,122,10
2024-05-10 00:00:30.589105+00:00,147,67
2024-05-10 00:00:30.633739+00:00,1402,12
2024-05-10 00:00:30.758048+00:00,7684,8
2024-05-10 00:00:30.776212+00:00,24,17
2024-05-10 00:00:30.880521+00:00,7685,1
2024-05-10 00:00:30.881339+00:00,4439,5
2024-05-10 00:00:31.008646+00:00,161,1
2024-05-10 00:00:31.025280+00:00,504,2
2024-05-10 00:00:31.025349+00:00,25,5
2024-05-10 00:00:31.038629+00:00,125,13
2024-05-10 00:00:31.130976+00:00,7685,4
2024-05-10 00:00:31.286957+00:00,3903,3
2024-05-10 00:00:31.337111+00:00,1504,18
2024-05-10 00:00:31.382136+00:00,7168,7
2024-05-10 00:00:31.405312+00:00,1315,13
2024-05-10 00:00:31.502745+00:00,162,1
2024-05-10 00:00:31.505301+00:00,7685,1
2024-05-10 00:00:31.524255+00:00,25,14
2024-05-10 00:00:31.524961+00:00,683,3
2024-05-10 00:00:31.652876+00:00,7686,1
2024-05-10 00:00:31.758833+00:00,162,6
2024-05-10 00:00:31.770871+00:00,6797,1037
2024-05-10 00:00:31.787247+00:00,125,13
2024-05-10 00:00:31.787998+00:00,2421,25
2024-05-10 00:00:31.883041+00:00,4091,14
2024-05-10 00:00:32.021381+00:00,1388,3
2024-05-10 00:00:32.026177+00:00,5221,64
2024-05-10 00:00:32.132154+00:00,4441,2
2024-05-10 00:00:32.261044+00:00,7686,1
2024-05-10 00:00:32.287813+00:00,2553,1
2024-05-10 00:00:32.289069+00:00,125,13
2024-05-10 00:00:32.339501+00:00,959,9
2024-05-10 00:00:32.341729+00:00,7680,14
2024-05-10 00:00:32.406034+00:00,3690,2
2024-05-10 00:00:32.513808+00:00,1246,20
2024-05-10 00:00:32.523929+00:00,685,18
2024-05-10 00:00:32.530994+00:00,3903,3
2024-05-10 00:00:32.537356+00:00,3589,16
2024-05-10 00:00:32.592146+00:00,1357,1
2024-05-10 00:00:32.592338+00:00,1252,4
2024-05-10 00:00:32.592451+00:00,1579,11
2024-05-10 00:00:32.761158+00:00,396,7
2024-05-10 00:00:32.771790+00:00,1945,19
2024-05-10 00:00:32.771974+00:00,140,3
2024-05-10 00:00:32.772549+00:00,1388,3
2024-05-10 00:00:32.909824+00:00,292,114
2024-05-10 00:00:32.909913+00:00,3963,4
2024-05-10 00:00:33.010297+00:00,3085,2
2024-05-10 00:00:33.024342+00:00,685,12
2024-05-10 00:00:33.024981+00:00,1388,3
2024-05-10 00:00:33.031141+00:00,5224,11
2024-05-10 00:00:33.037922+00:00,7680,18
2024-05-10 00:00:33.132348+00:00,134,3
2024-05-10 00:00:33.264660+00:00,1592,24
2024-05-10 00:00:33.274765+00:00,689,13
2024-05-10 00:00:33.274967+00:00,929,12
2024-05-10 00:00:33.287506+00:00,7680,17
2024-05-10 00:00:33.290886+00:00,2431,14
2024-05-10 00:00:33.337573+00:00,1357,8
2024-05-10 00:00:33.382940+00:00,300,9
2024-05-10 00:00:33.407550+00:00,1604,8
2024-05-10 00:00:33.506535+00:00,2607,3
2024-05-10 00:00:33.507773+00:00,727,27
2024-05-10 00:00:33.508023+00:00,2071,48
2024-05-10 00:00:33.524853+00:00,1948,3
2024-05-10 00:00:33.525336+00:00,1390,4
2024-05-10 00:00:33.526055+00:00,1188,16
2024-05-10 00:00:33.534490+00:00,3456,4
2024-05-10 00:00:33.534960+00:00,349,17
2024-05-10 00:00:33.537064+00:00,7682,5
2024-05-10 00:00:33.540604+00:00,2798,9
2024-05-10 00:00:33.541301+00:00,3031,4
2024-05-10 00:00:33.586169+00:00,1495,1
2024-05-10 00:00:33.633922+00:00,2082,18
2024-05-10 00:00:33.657649+00:00,1316,153
2024-05-10 00:00:33.658476+00:00,3964,25
2024-05-10 00:00:33.660036+00:00,1604,20
2024-05-10 00:00:33.754415+00:00,3780,5
2024-05-10 00:00:33.786979+00:00,3903,3
2024-05-10 00:00:33.789176+00:00,559,1
2024-05-10 00:00:33.834730+00:00,1494,9
2024-05-10 00:00:33.835216+00:00,6695,2
2024-05-10 00:00:33.881476+00:00,7674,3
2024-05-10 00:00:33.882223+00:00,1503,15
2024-05-10 00:00:33.885005+00:00,1402,49
2024-05-10 00:00:33.905554+00:00,290,102
2024-05-10 00:00:34.023860+00:00,1391,2
2024-05-10 00:00:34.025123+00:00,931,12
2024-05-10 00:00:34.087313+00:00,4166,1
2024-05-10 00:00:34.132174+00:00,138,6
2024-05-10 00:00:34.133214+00:00,4709,9
2024-05-10 00:00:34.133452+00:00,301,15
2024-05-10 00:00:34.156078+00:00,2483,25
2024-05-10 00:00:34.157722+00:00,3967,57
2024-05-10 00:00:34.274248+00:00,1187,1
2024-05-10 00:00:34.274667+00:00,2464,68
2024-05-10 00:00:34.275567+00:00,1187,1
2024-05-10 00:00:34.287538+00:00,559,7
2024-05-10 00:00:34.288717+00:00,2436,27
2024-05-10 00:00:34.382518+00:00,5381,3
2024-05-10 00:00:34.510993+00:00,1425,50
2024-05-10 00:00:34.514740+00:00,17,1
2024-05-10 00:00:34.522906+00:00,25,15
2024-05-10 00:00:34.524193+00:00,931,27
2024-05-10 00:00:34.524882+00:00,1187,9
2024-05-10 00:00:34.536513+00:00,1338,203
2024-05-10 00:00:34.755651+00:00,1650,11
2024-05-10 00:00:34.755775+00:00,492,5
2024-05-10 00:00:34.772971+00:00,142,3
2024-05-10 00:00:34.777786+00:00,351,3
2024-05-10 00:00:34.787716+00:00,2077,15
2024-05-10 00:00:34.790482+00:00,1337,31
2024-05-10 00:00:34.833415+00:00,6697,2
2024-05-10 00:00:34.880674+00:00,1504,1
2024-05-10 00:00:34.906035+00:00,1608,10
2024-05-10 00:00:34.906677+00:00,1608,1
2024-05-10 00:00:35.008450+00:00,2107,4
2024-05-10 00:00:35.024812+00:00,1187,19
2024-05-10 00:00:35.028836+00:00,634,3
2024-05-10 00:00:35.086398+00:00,148,8
2024-05-10 00:00:35.132815+00:00,5381,3
2024-05-10 00:00:35.151874+00:00,1609,1
2024-05-10 00:00:35.271748+00:00,1649,60
2024-05-10 00:00:35.272113+00:00,1184,2
2024-05-10 00:00:35.275797+00:00,17,2
2024-05-10 00:00:35.287348+00:00,3042,4
2024-05-10 00:00:35.335985+00:00,6153,9
2024-05-10 00:00:35.516113+00:00,260,3
2024-05-10 00:00:35.517093+00:00,25,5
2024-05-10 00:00:35.522004+00:00,351,13
2024-05-10 00:00:35.536764+00:00,1731,3
2024-05-10 00:00:35.537356+00:00,560,5
2024-05-10 00:00:35.591293+00:00,4977,17
2024-05-10 00:00:35.633583+00:00,1405,75
2024-05-10 00:00:35.767893+00:00,25,21
2024-05-10 00:00:35.786754+00:00,561,4
2024-05-10 00:00:35.883443+00:00,5392,3
2024-05-10 00:00:35.900577+00:00,3967,103
2024-05-10 00:00:36.018485+00:00,352,18
2024-05-10 00:00:36.019202+00:00,634,3
2024-05-10 00:00:36.041244+00:00,7686,3
2024-05-10 00:00:36.151547+00:00,1096,12
2024-05-10 00:00:36.153469+00:00,1611,4
2024-05-10 00:00:36.154132+00:00,1611,1
2024-05-10 00:00:36.259585+00:00,1269,6
2024-05-10 00:00:36.261667+00:00,7680,1
2024-05-10 00:00:36.266868+00:00,693,7
2024-05-10 00:00:36.288981+00:00,3391,9
2024-05-10 00:00:36.392742+00:00,1504,127
2024-05-10 00:00:36.396921+00:00,6243,9
2024-05-10 00:00:36.517211+00:00,1391,2
2024-05-10 00:00:36.517630+00:00,25,1
2024-05-10 00:00:36.526768+00:00,1537,28
2024-05-10 00:00:36.527440+00:00,352,25
2024-05-10 00:00:36.590341+00:00,3128,9
2024-05-10 00:00:36.590757+00:00,4327,12
2024-05-10 00:00:36.593273+00:00,3055,13
2024-05-10 00:00:36.637219+00:00,7676,32
2024-05-10 00:00:36.638982+00:00,4714,20
2024-05-10 00:00:36.650877+00:00,3743,9
2024-05-10 00:00:36.652000+00:00,1612,1
2024-05-10 00:00:36.653095+00:00,3969,51
2024-05-10 00:00:36.789254+00:00,2452,26
2024-05-10 00:00:36.789502+00:00,1338,18
2024-05-10 00:00:36.836225+00:00,2220,1
2024-05-10 00:00:36.884878+00:00,695,1
2024-05-10 00:00:36.900591+00:00,1612,1
2024-05-10 00:00:37.017425+00:00,1393,2
2024-05-10 00:00:37.022269+00:00,1538,3
2024-05-10 00:00:37.024146+00:00,352,25
2024-05-10 00:00:37.089048+00:00,2220,3
2024-05-10 00:00:37.090446+00:00,4152,38
2024-05-10 00:00:37.138264+00:00,574,14
2024-05-10 00:00:37.141737+00:00,5959,5
2024-05-10 00:00:37.256466+00:00,729,1
2024-05-10 00:00:37.268115+00:00,1538,1
2024-05-10 00:00:37.338250+00:00,7678,19
2024-05-10 00:00:37.403444+00:00,1315,1
2024-05-10 00:00:37.403810+00:00,3710,7
2024-05-10 00:00:37.404653+00:00,1613,20
2024-05-10 00:00:37.509497+00:00,2458,1
2024-05-10 00:00:37.509889+00:00,1269,6
2024-05-10 00:00:37.513176+00:00,18,1
2024-05-10 00:00:37.522398+00:00,1538,3
2024-05-10 00:00:37.522927+00:00,1764,17
2024-05-10 00:00:37.523838+00:00,634,4
2024-05-10 00:00:37.635480+00:00,1504,42
2024-05-10 00:00:37.652470+00:00,247,4
2024-05-10 00:00:37.653509+00:00,1316,22
2024-05-10 00:00:37.766998+00:00,25,3
2024-05-10 00:00:37.767455+00:00,1189,14
2024-05-10 00:00:37.780987+00:00,7686,15
2024-05-10 00:00:37.782491+00:00,357,12
2024-05-10 00:00:37.782570+00:00,636,4
2024-05-10 00:00:37.794243+00:00,2752,12
2024-05-10 00:00:38.018498+00:00,25,14
2024-05-10 00:00:38.019770+00:00,1182,71
2024-05-10 00:00:38.028425+00:00,1539,2
2024-05-10 00:00:38.029514+00:00,639,2
2024-05-10 00:00:38.054160+00:00,2461,25
2024-05-10 00:00:38.087115+00:00,1252,4
2024-05-10 00:00:38.151673+00:00,247,19
2024-05-10 00:00:38.152418+00:00,965,9
2024-05-10 00:00:38.268647+00:00,3160,33
2024-05-10 00:00:38.337632+00:00,1507,13
2024-05-10 00:00:38.339216+00:00,2221,1
2024-05-10 00:00:38.401668+00:00,1615,19
2024-05-10 00:00:38.517112+00:00,696,8
2024-05-10 00:00:38.522253+00:00,640,3
2024-05-10 00:00:38.586736+00:00,181,3
2024-05-10 00:00:38.587754+00:00,2221,1
2024-05-10 00:00:38.634842+00:00,6241,37
2024-05-10 00:00:38.650750+00:00,247,33
2024-05-10 00:00:38.758669+00:00,4274,27
2024-05-10 00:00:38.767822+00:00,5449,11
2024-05-10 00:00:38.768899+00:00,933,36
2024-05-10 00:00:38.775274+00:00,641,1
2024-05-10 00:00:38.801072+00:00,2522,27
2024-05-10 00:00:38.835912+00:00,2221,1
2024-05-10 00:00:38.900477+00:00,1615,3
2024-05-10 00:00:39.088325+00:00,275,6
2024-05-10 00:00:39.089883+00:00,2221,1
2024-05-10 00:00:39.155304+00:00,966,46
2024-05-10 00:00:39.155393+00:00,1021,3
2024-05-10 00:00:39.156130+00:00,2254,21
2024-05-10 00:00:39.157531+00:00,1615,12
2024-05-10 00:00:39.255521+00:00,7684,2
2024-05-10 00:00:39.266843+00:00,694,1
2024-05-10 00:00:39.267733+00:00,1261,25
2024-05-10 00:00:39.275701+00:00,7686,24
2024-05-10 00:00:39.304846+00:00,3396,19
2024-05-10 00:00:39.335435+00:00,2221,6
2024-05-10 00:00:39.386547+00:00,2577,6
2024-05-10 00:00:39.401273+00:00,971,13
2024-05-10 00:00:39.402781+00:00,967,6
2024-05-10 00:00:39.404082+00:00,1616,27
2024-05-10 00:00:39.510460+00:00,4299,13
2024-05-10 00:00:39.519468+00:00,1767,11
2024-05-10 00:00:39.546517+00:00,1554,17
2024-05-10 00:00:39.549938+00:00,2527,12
2024-05-10 00:00:39.585397+00:00,2221,11
2024-05-10 00:00:39.652122+00:00,967,6
2024-05-10 00:00:39.754243+00:00,1248,20
2024-05-10 00:00:39.791903+00:00,7584,2
2024-05-10 00:00:39.901823+00:00,967,7
2024-05-10 00:00:40.019980+00:00,26,25
2024-05-10 00:00:40.026342+00:00,431,77
2024-05-10 00:00:40.026431+00:00,642,36
2024-05-10 00:00:40.042859+00:00,1554,13
2024-05-10 00:00:40.087362+00:00,7678,5
2024-05-10 00:00:40.087753+00:00,1517,3
2024-05-10 00:00:40.087906+00:00,7623,3
2024-05-10 00:00:40.090743+00:00,864,5
2024-05-10 00:00:40.139510+00:00,1638,11
2024-05-10 00:00:40.153203+00:00,1315,14
2024-05-10 00:00:40.153920+00:00,3974,1
2024-05-10 00:00:40.271129+00:00,7686,1
2024-05-10 00:00:40.299277+00:00,2528,1
2024-05-10 00:00:40.334171+00:00,1187,13
2024-05-10 00:00:40.391358+00:00,2576,7
2024-05-10 00:00:40.393916+00:00,694,14
2024-05-10 00:00:40.401998+00:00,968,86
2024-05-10 00:00:40.516224+00:00,696,7
2024-05-10 00:00:40.589508+00:00,2221,9
2024-05-10 00:00:40.590600+00:00,7680,14
2024-05-10 00:00:40.651075+00:00,3974,61
2024-05-10 00:00:40.771609+00:00,3070,31
2024-05-10 00:00:40.792531+00:00,1546,1003
2024-05-10 00:00:40.839050+00:00,2221,1
2024-05-10 00:00:40.880879+00:00,695,1
2024-05-10 00:00:41.018793+00:00,30,24
2024-05-10 00:00:41.025249+00:00,1540,15
2024-05-10 00:00:41.026426+00:00,7686,13
2024-05-10 00:00:41.087379+00:00,7605,10
2024-05-10 00:00:41.087862+00:00,1254,6
2024-05-10 00:00:41.090279+00:00,2221,1
2024-05-10 00:00:41.152315+00:00,969,115
2024-05-10 00:00:41.154247+00:00,967,6
2024-05-10 00:00:41.268901+00:00,3128,3
2024-05-10 00:00:41.269329+00:00,1541,2
2024-05-10 00:00:41.289592+00:00,7220,1
2024-05-10 00:00:41.290422+00:00,2530,1
2024-05-10 00:00:41.341659+00:00,7622,31
2024-05-10 00:00:41.344902+00:00,2221,10
2024-05-10 00:00:41.345399+00:00,1409,2
2024-05-10 00:00:41.516734+00:00,504,5
2024-05-10 00:00:41.520805+00:00,1542,1
2024-05-10 00:00:41.537876+00:00,2800,10
2024-05-10 00:00:41.590404+00:00,7606,23
2024-05-10 00:00:41.758511+00:00,254,14
2024-05-10 00:00:41.766629+00:00,5395,1
2024-05-10 00:00:41.767487+00:00,935,30
2024-05-10 00:00:41.882197+00:00,4731,2
2024-05-10 00:00:41.909857+00:00,3974,139
2024-05-10 00:00:42.009125+00:00,1457,121
2024-05-10 00:00:42.017390+00:00,703,12
2024-05-10 00:00:42.085783+00:00,2221,10
2024-05-10 00:00:42.131914+00:00,4732,1
2024-05-10 00:00:42.150455+00:00,968,100
2024-05-10 00:00:42.258602+00:00,1410,28
2024-05-10 00:00:42.267931+00:00,642,18
2024-05-10 00:00:42.294594+00:00,3139,15
2024-05-10 00:00:42.296022+00:00,2799,2
2024-05-10 00:00:42.296352+00:00,2531,1
2024-05-10 00:00:42.297583+00:00,2476,8
2024-05-10 00:00:42.401712+00:00,3170,50
2024-05-10 00:00:42.513115+00:00,497,352
2024-05-10 00:00:42.513412+00:00,160,1
2024-05-10 00:00:42.591102+00:00,2221,15
2024-05-10 00:00:42.591221+00:00,4829,13
2024-05-10 00:00:42.638386+00:00,2147,3
2024-05-10 00:00:42.638912+00:00,450,1
2024-05-10 00:00:42.652000+00:00,3476,23
2024-05-10 00:00:42.653449+00:00,971,13
2024-05-10 00:00:42.653803+00:00,3172,27
2024-05-10 00:00:42.798430+00:00,2741,33
2024-05-10 00:00:42.801500+00:00,2531,10
2024-05-10 00:00:42.901215+00:00,3172,15
2024-05-10 00:00:42.905455+00:00,248,8
2024-05-10 00:00:43.018426+00:00,740,14
2024-05-10 00:00:43.037733+00:00,1152,12
2024-05-10 00:00:43.090698+00:00,1253,4
2024-05-10 00:00:43.094627+00:00,459,29
2024-05-10 00:00:43.136132+00:00,450,34
2024-05-10 00:00:43.137080+00:00,4732,1
2024-05-10 00:00:43.151460+00:00,3172,29
2024-05-10 00:00:43.152655+00:00,3173,19
2024-05-10 00:00:43.266254+00:00,1274,30
2024-05-10 00:00:43.266861+00:00,31,17
2024-05-10 00:00:43.335934+00:00,7606,24
2024-05-10 00:00:43.389089+00:00,6265,36
2024-05-10 00:00:43.401959+00:00,3173,33
2024-05-10 00:00:43.514108+00:00,32,4
2024-05-10 00:00:43.516683+00:00,5454,4
2024-05-10 00:00:43.518033+00:00,704,15
2024-05-10 00:00:43.537039+00:00,3139,3
2024-05-10 00:00:43.537751+00:00,2415,8
2024-05-10 00:00:43.541164+00:00,2476,12
2024-05-10 00:00:43.542047+00:00,4707,9
2024-05-10 00:00:43.542162+00:00,3120,3
2024-05-10 00:00:43.542212+00:00,2532,9
2024-05-10 00:00:43.650693+00:00,3174,41
2024-05-10 00:00:43.652267+00:00,248,30
2024-05-10 00:00:43.766989+00:00,504,10
2024-05-10 00:00:43.772261+00:00,641,15
2024-05-10 00:00:43.786969+00:00,2741,3
2024-05-10 00:00:43.890346+00:00,450,217
2024-05-10 00:00:43.891513+00:00,453,46
2024-05-10 00:00:44.020486+00:00,641,10
2024-05-10 00:00:44.021048+00:00,492,9
2024-05-10 00:00:44.038631+00:00,2476,15
2024-05-10 00:00:44.087749+00:00,458,1
2024-05-10 00:00:44.153126+00:00,1920,10
2024-05-10 00:00:44.153571+00:00,3176,36
2024-05-10 00:00:44.156408+00:00,1317,21
2024-05-10 00:00:44.157367+00:00,2594,115
2024-05-10 00:00:44.286907+00:00,3139,3
2024-05-10 00:00:44.288954+00:00,1154,7
2024-05-10 00:00:44.337466+00:00,458,14
2024-05-10 00:00:44.520785+00:00,1768,13
2024-05-10 00:00:44.521629+00:00,3459,2
2024-05-10 00:00:44.537285+00:00,404,15
2024-05-10 00:00:44.538024+00:00,2741,3
2024-05-10 00:00:44.542236+00:00,1154,9
2024-05-10 00:00:44.594851+00:00,7644,4
2024-05-10 00:00:44.595364+00:00,4166,1
2024-05-10 00:00:44.596552+00:00,7608,22
2024-05-10 00:00:44.599852+00:00,7654,37
2024-05-10 00:00:44.600968+00:00,4852,2
2024-05-10 00:00:44.632755+00:00,4733,9
2024-05-10 00:00:44.651942+00:00,1315,24
2024-05-10 00:00:44.767670+00:00,643,17
2024-05-10 00:00:44.787679+00:00,2477,59
2024-05-10 00:00:44.842291+00:00,7644,16
2024-05-10 00:00:44.844429+00:00,458,12
2024-05-10 00:00:44.884019+00:00,2152,7
2024-05-10 00:00:44.900876+00:00,3468,4
2024-05-10 00:00:45.016102+00:00,399,19
2024-05-10 00:00:45.031972+00:00,1768,13
2024-05-10 00:00:45.038161+00:00,2413,10
2024-05-10 00:00:45.092020+00:00,4448,3
2024-05-10 00:00:45.095762+00:00,2236,111
2024-05-10 00:00:45.095989+00:00,458,6
2024-05-10 00:00:45.096250+00:00,3719,2
2024-05-10 00:00:45.097049+00:00,2374,122
2024-05-10 00:00:45.163215+00:00,1315,14
2024-05-10 00:00:45.265526+00:00,6983,146
2024-05-10 00:00:45.270964+00:00,31,26
2024-05-10 00:00:45.276291+00:00,1768,5
2024-05-10 00:00:45.288470+00:00,402,16
2024-05-10 00:00:45.383224+00:00,543,13
2024-05-10 00:00:45.385973+00:00,2154,40
2024-05-10 00:00:45.405114+00:00,966,121
2024-05-10 00:00:45.521405+00:00,646,6
2024-05-10 00:00:45.521593+00:00,1768,13
2024-05-10 00:00:45.538542+00:00,439,20
2024-05-10 00:00:45.593579+00:00,4448,6
2024-05-10 00:00:45.594245+00:00,7644,75
2024-05-10 00:00:45.594838+00:00,4165,1
2024-05-10 00:00:45.760067+00:00,2615,43
2024-05-10 00:00:45.766842+00:00,1258,13
2024-05-10 00:00:45.771257+00:00,646,14
2024-05-10 00:00:45.786840+00:00,2536,67
2024-05-10 00:00:45.850286+00:00,149,6
2024-05-10 00:00:45.850410+00:00,2068,5
2024-05-10 00:00:45.852150+00:00,459,91
2024-05-10 00:00:45.881732+00:00,542,14
2024-05-10 00:00:45.905496+00:00,966,40
2024-05-10 00:00:46.088972+00:00,7644,28
2024-05-10 00:00:46.153470+00:00,1315,13
2024-05-10 00:00:46.267259+00:00,1768,13
2024-05-10 00:00:46.287151+00:00,3170,3
2024-05-10 00:00:46.343851+00:00,81,71
2024-05-10 00:00:46.344928+00:00,7645,6
2024-05-10 00:00:46.345300+00:00,1047,4
2024-05-10 00:00:46.587639+00:00,149,14
2024-05-10 00:00:46.589446+00:00,7684,54
2024-05-10 00:00:46.630815+00:00,694,3
2024-05-10 00:00:46.654043+00:00,1235,4
2024-05-10 00:00:46.655161+00:00,1923,4
2024-05-10 00:00:46.766732+00:00,1921,9
2024-05-10 00:00:46.769987+00:00,435,3
2024-05-10 00:00:46.786690+00:00,2524,12
2024-05-10 00:00:46.786993+00:00,1158,17
2024-05-10 00:00:46.835624+00:00,2033,6
2024-05-10 00:00:46.836765+00:00,150,13
2024-05-10 00:00:47.003111+00:00,1248,1
2024-05-10 00:00:47.037750+00:00,3170,3
2024-05-10 00:00:47.085572+00:00,459,17
2024-05-10 00:00:47.131238+00:00,1549,4
2024-05-10 00:00:47.266403+00:00,3471,3
2024-05-10 00:00:47.342668+00:00,7684,26
2024-05-10 00:00:47.381803+00:00,1548,4
2024-05-10 00:00:47.596577+00:00,459,100
2024-05-10 00:00:47.631594+00:00,455,6
2024-05-10 00:00:47.631827+00:00,7678,5
2024-05-10 00:00:47.632298+00:00,4735,27
2024-05-10 00:00:47.660181+00:00,2260,12
2024-05-10 00:00:47.754105+00:00,1330,2
2024-05-10 00:00:47.769035+00:00,494,5
2024-05-10 00:00:47.787061+00:00,2524,24
2024-05-10 00:00:47.838446+00:00,7644,61
2024-05-10 00:00:47.882176+00:00,1548,4
2024-05-10 00:00:47.885064+00:00,7678,1
2024-05-10 00:00:47.902045+00:00,3975,73
2024-05-10 00:00:48.023319+00:00,495,6
2024-05-10 00:00:48.089243+00:00,1050,24
2024-05-10 00:00:48.091942+00:00,7683,13
2024-05-10 00:00:48.130994+00:00,5392,15
2024-05-10 00:00:48.132546+00:00,2155,38
2024-05-10 00:00:48.132945+00:00,7678,11
2024-05-10 00:00:48.156636+00:00,713,17
2024-05-10 00:00:48.272420+00:00,436,12
2024-05-10 00:00:48.287243+00:00,3289,3
2024-05-10 00:00:48.334228+00:00,7669,4
2024-05-10 00:00:48.381352+00:00,4051,2
2024-05-10 00:00:48.381915+00:00,1917,21
2024-05-10 00:00:48.405775+00:00,1237,3
2024-05-10 00:00:48.502561+00:00,2616,1
2024-05-10 00:00:48.537492+00:00,126,14
2024-05-10 00:00:48.632107+00:00,7678,21
2024-05-10 00:00:48.632697+00:00,4052,1
2024-05-10 00:00:48.654606+00:00,2068,9
2024-05-10 00:00:48.655617+00:00,2678,31
2024-05-10 00:00:48.772100+00:00,498,3
2024-05-10 00:00:48.883096+00:00,2083,12
2024-05-10 00:00:49.002799+00:00,2617,84
2024-05-10 00:00:49.005452+00:00,1127,25
2024-05-10 00:00:49.006155+00:00,2937,1
2024-05-10 00:00:49.038622+00:00,1891,9
2024-05-10 00:00:49.042278+00:00,126,22
2024-05-10 00:00:49.087065+00:00,2651,1
2024-05-10 00:00:49.130937+00:00,7617,9
2024-05-10 00:00:49.162073+00:00,611,3
2024-05-10 00:00:49.163024+00:00,713,13
2024-05-10 00:00:49.165120+00:00,1926,1
2024-05-10 00:00:49.252849+00:00,1330,1
2024-05-10 00:00:49.254314+00:00,2937,2
2024-05-10 00:00:49.271517+00:00,1917,72
2024-05-10 00:00:49.271983+00:00,31,1
2024-05-10 00:00:49.290600+00:00,438,4
2024-05-10 00:00:49.382479+00:00,1851,12
2024-05-10 00:00:49.405848+00:00,3977,61
2024-05-10 00:00:49.503019+00:00,1331,1
2024-05-10 00:00:49.525831+00:00,4422,3
2024-05-10 00:00:49.527184+00:00,31,18
2024-05-10 00:00:49.533528+00:00,437,13
2024-05-10 00:00:49.534344+00:00,2351,4
2024-05-10 00:00:49.537697+00:00,2651,11
2024-05-10 00:00:49.537858+00:00,1425,8
2024-05-10 00:00:49.584854+00:00,7082,21
2024-05-10 00:00:49.585288+00:00,1050,1
2024-05-10 00:00:49.632385+00:00,4054,1
2024-05-10 00:00:49.632562+00:00,4735,53
2024-05-10 00:00:49.656592+00:00,247,6
2024-05-10 00:00:49.755063+00:00,2616,16
2024-05-10 00:00:49.786984+00:00,2837,3
2024-05-10 00:00:49.787661+00:00,1898,3
2024-05-10 00:00:49.906331+00:00,611,1
2024-05-10 00:00:49.908820+00:00,3021,75
2024-05-10 00:00:50.034052+00:00,499,7
2024-05-10 00:00:50.035815+00:00,356,22
2024-05-10 00:00:50.041889+00:00,1426,15
2024-05-10 00:00:50.088582+00:00,1051,6
2024-05-10 00:00:50.158860+00:00,3978,1
2024-05-10 00:00:50.160031+00:00,1928,12
2024-05-10 00:00:50.253391+00:00,2616,31
2024-05-10 00:00:50.271718+00:00,1929,95
2024-05-10 00:00:50.274895+00:00,499,1
2024-05-10 00:00:50.339377+00:00,4448,4
2024-05-10 00:00:50.525183+00:00,356,30
2024-05-10 00:00:50.525935+00:00,499,5
2024-05-10 00:00:50.544058+00:00,2838,4
2024-05-10 00:00:50.546304+00:00,1494,1
2024-05-10 00:00:50.546368+00:00,2534,19
2024-05-10 00:00:50.631505+00:00,457,42
2024-05-10 00:00:50.659545+00:00,974,130
2024-05-10 00:00:50.661600+00:00,3979,85
2024-05-10 00:00:50.754857+00:00,2616,1
2024-05-10 00:00:50.772520+00:00,1388,5
2024-05-10 00:00:50.773521+00:00,31,8
2024-05-10 00:00:50.798430+00:00,3277,8
2024-05-10 00:00:50.798666+00:00,1424,13
2024-05-10 00:00:50.904856+00:00,251,8
2024-05-10 00:00:51.024303+00:00,1388,2
2024-05-10 00:00:51.024420+00:00,1535,1
2024-05-10 00:00:51.086038+00:00,461,421
2024-05-10 00:00:51.273804+00:00,4423,1
2024-05-10 00:00:51.274227+00:00,32,24
2024-05-10 00:00:51.275992+00:00,1388,60
2024-05-10 00:00:51.282180+00:00,1535,4
2024-05-10 00:00:51.293570+00:00,3413,16
2024-05-10 00:00:51.336245+00:00,2036,3
2024-05-10 00:00:51.387281+00:00,7172,12
2024-05-10 00:00:51.405285+00:00,1314,5
2024-05-10 00:00:51.406227+00:00,1927,1
2024-05-10 00:00:51.406552+00:00,976,2
2024-05-10 00:00:51.526387+00:00,1535,5
2024-05-10 00:00:51.527423+00:00,1771,11
2024-05-10 00:00:51.545094+00:00,2839,3
2024-05-10 00:00:51.545588+00:00,3263,12
2024-05-10 00:00:51.548156+00:00,1314,13
2024-05-10 00:00:51.588028+00:00,461,6
2024-05-10 00:00:51.632143+00:00,457,58
2024-05-10 00:00:51.656748+00:00,250,3
2024-05-10 00:00:51.657702+00:00,1315,5
2024-05-10 00:00:51.772289+00:00,357,29
2024-05-10 00:00:51.791812+00:00,2700,1
2024-05-10 00:00:51.792799+00:00,18,33
2024-05-10 00:00:51.838622+00:00,4449,5
2024-05-10 00:00:51.840893+00:00,7684,11
2024-05-10 00:00:51.881097+00:00,7684,323
2024-05-10 00:00:51.881628+00:00,6288,8
2024-05-10 00:00:51.911116+00:00,3177,7
2024-05-10 00:00:51.911349+00:00,612,13
2024-05-10 00:00:51.912845+00:00,976,2
2024-05-10 00:00:51.913289+00:00,1926,13
2024-05-10 00:00:52.087915+00:00,7612,20
2024-05-10 00:00:52.089411+00:00,2070,8
2024-05-10 00:00:52.130955+00:00,467,1
2024-05-10 00:00:52.158051+00:00,976,2
2024-05-10 00:00:52.253208+00:00,740,14
2024-05-10 00:00:52.272421+00:00,2352,5
2024-05-10 00:00:52.336052+00:00,1052,11
2024-05-10 00:00:52.337202+00:00,2038,1
2024-05-10 00:00:52.381164+00:00,4946,3
2024-05-10 00:00:52.382294+00:00,1629,1
2024-05-10 00:00:52.384588+00:00,2177,3
2024-05-10 00:00:52.408463+00:00,613,75
2024-05-10 00:00:52.411119+00:00,1316,2
2024-05-10 00:00:52.541730+00:00,3413,11
2024-05-10 00:00:52.591283+00:00,2071,7
2024-05-10 00:00:52.658257+00:00,3289,3
2024-05-10 00:00:52.659465+00:00,3289,3
2024-05-10 00:00:52.661411+00:00,4295,1
2024-05-10 00:00:52.779503+00:00,32,56
2024-05-10 00:00:52.788673+00:00,1535,1
2024-05-10 00:00:52.790409+00:00,446,15
2024-05-10 00:00:52.790703+00:00,1535,4
2024-05-10 00:00:52.791889+00:00,2541,9
2024-05-10 00:00:52.835885+00:00,4853,34
2024-05-10 00:00:53.007094+00:00,2616,1
2024-05-10 00:00:53.008748+00:00,1249,14
2024-05-10 00:00:53.026839+00:00,717,2
2024-05-10 00:00:53.033826+00:00,501,2
2024-05-10 00:00:53.253436+00:00,1333,2
2024-05-10 00:00:53.257178+00:00,4267,84
2024-05-10 00:00:53.280120+00:00,1542,1
2024-05-10 00:00:53.287097+00:00,2846,7
2024-05-10 00:00:53.382979+00:00,2588,1
2024-05-10 00:00:53.405276+00:00,3184,20
2024-05-10 00:00:53.406991+00:00,615,21
2024-05-10 00:00:53.503029+00:00,13,5
2024-05-10 00:00:53.524845+00:00,719,30
2024-05-10 00:00:53.531997+00:00,501,2
2024-05-10 00:00:53.653915+00:00,3184,20
2024-05-10 00:00:53.756602+00:00,2617,30
2024-05-10 00:00:53.783362+00:00,1541,14
2024-05-10 00:00:53.788114+00:00,3770,9
2024-05-10 00:00:53.841008+00:00,20,9
2024-05-10 00:00:53.844480+00:00,2532,47
2024-05-10 00:00:53.906436+00:00,615,3
2024-05-10 00:00:53.906852+00:00,3184,20
2024-05-10 00:00:54.028152+00:00,719,33
2024-05-10 00:00:54.028918+00:00,4432,1
2024-05-10 00:00:54.037024+00:00,57,15
2024-05-10 00:00:54.037331+00:00,2846,10
2024-05-10 00:00:54.037919+00:00,3282,3
2024-05-10 00:00:54.133255+00:00,460,1
2024-05-10 00:00:54.155000+00:00,3184,16
2024-05-10 00:00:54.155880+00:00,3185,14
2024-05-10 00:00:54.286935+00:00,2400,22
2024-05-10 00:00:54.288228+00:00,1217,2
2024-05-10 00:00:54.407698+00:00,616,4
2024-05-10 00:00:54.407883+00:00,3186,12
2024-05-10 00:00:54.410155+00:00,1320,1
2024-05-10 00:00:54.410465+00:00,1319,1
2024-05-10 00:00:54.410772+00:00,1319,1
2024-05-10 00:00:54.523801+00:00,723,20
2024-05-10 00:00:54.524396+00:00,32,29
2024-05-10 00:00:54.524699+00:00,1396,259
2024-05-10 00:00:54.533187+00:00,730,2
2024-05-10 00:00:54.536350+00:00,3300,1
2024-05-10 00:00:54.586965+00:00,1058,3
2024-05-10 00:00:54.633491+00:00,460,40
2024-05-10 00:00:54.658348+00:00,3186,12
2024-05-10 00:00:54.660963+00:00,1927,9
2024-05-10 00:00:54.841611+00:00,21,30
2024-05-10 00:00:54.844174+00:00,2071,3
2024-05-10 00:00:54.880865+00:00,1632,1
2024-05-10 00:00:54.906350+00:00,617,11
2024-05-10 00:00:54.907318+00:00,1320,1
2024-05-10 00:00:54.908538+00:00,4332,9
2024-05-10 00:00:54.908718+00:00,1929,9
2024-05-10 00:00:55.029268+00:00,1396,45
2024-05-10 00:00:55.031737+00:00,34,33
2024-05-10 00:00:55.037392+00:00,7687,17
2024-05-10 00:00:55.038171+00:00,3301,1
2024-05-10 00:00:55.038691+00:00,570,5
2024-05-10 00:00:55.131107+00:00,2593,1
2024-05-10 00:00:55.133936+00:00,7685,46
2024-05-10 00:00:55.162743+00:00,617,19
2024-05-10 00:00:55.162989+00:00,3186,12
2024-05-10 00:00:55.165566+00:00,248,40
2024-05-10 00:00:55.165817+00:00,2683,111
2024-05-10 00:00:55.337591+00:00,4858,16
2024-05-10 00:00:55.383570+00:00,7171,17
2024-05-10 00:00:55.410274+00:00,618,5
2024-05-10 00:00:55.523635+00:00,36,18
2024-05-10 00:00:55.593860+00:00,768,4
2024-05-10 00:00:55.656741+00:00,4296,80
2024-05-10 00:00:55.656933+00:00,978,1
2024-05-10 00:00:55.657412+00:00,1929,9
2024-05-10 00:00:55.844411+00:00,1056,3
2024-05-10 00:00:55.911741+00:00,619,88
2024-05-10 00:00:55.912088+00:00,1085,3
2024-05-10 00:00:55.915692+00:00,1320,1
2024-05-10 00:00:56.025421+00:00,2473,49
2024-05-10 00:00:56.039528+00:00,3301,2
2024-05-10 00:00:56.088288+00:00,53,259
2024-05-10 00:00:56.089022+00:00,4452,4
2024-05-10 00:00:56.091151+00:00,772,3
2024-05-10 00:00:56.135746+00:00,6288,10
2024-05-10 00:00:56.156446+00:00,722,7
2024-05-10 00:00:56.157543+00:00,3186,12
2024-05-10 00:00:56.157909+00:00,1236,4
2024-05-10 00:00:56.273601+00:00,34,51
2024-05-10 00:00:56.287267+00:00,1156,2
2024-05-10 00:00:56.287449+00:00,1111,22
2024-05-10 00:00:56.339745+00:00,1249,13
2024-05-10 00:00:56.341523+00:00,774,2
2024-05-10 00:00:56.387776+00:00,459,3
2024-05-10 00:00:56.410179+00:00,3954,19
2024-05-10 00:00:56.410258+00:00,1319,9
2024-05-10 00:00:56.519298+00:00,38,6
2024-05-10 00:00:56.591951+00:00,2527,29
2024-05-10 00:00:56.634341+00:00,2151,3
2024-05-10 00:00:56.667079+00:00,1236,4
2024-05-10 00:00:56.668036+00:00,2264,17
2024-05-10 00:00:56.668408+00:00,722,8
2024-05-10 00:00:56.671386+00:00,1319,9
2024-05-10 00:00:56.672465+00:00,4331,1
2024-05-10 00:00:56.790714+00:00,3302,2
2024-05-10 00:00:56.837689+00:00,23,43
2024-05-10 00:00:56.838524+00:00,1058,1
2024-05-10 00:00:56.906756+00:00,3458,4
2024-05-10 00:00:57.036422+00:00,1111,33
2024-05-10 00:00:57.037558+00:00,1155,9
2024-05-10 00:00:57.088855+00:00,1249,6
2024-05-10 00:00:57.153500+00:00,1320,4
2024-05-10 00:00:57.153654+00:00,3954,75
2024-05-10 00:00:57.273224+00:00,1404,15
2024-05-10 00:00:57.338782+00:00,1060,1
2024-05-10 00:00:57.339319+00:00,2078,12
2024-05-10 00:00:57.387981+00:00,2455,68
2024-05-10 00:00:57.407180+00:00,3458,4
2024-05-10 00:00:57.407700+00:00,4331,1
2024-05-10 00:00:57.408328+00:00,977,1
2024-05-10 00:00:57.522906+00:00,38,100
2024-05-10 00:00:57.523722+00:00,733,16
2024-05-10 00:00:57.539492+00:00,1153,3
2024-05-10 00:00:57.586265+00:00,1765,4
2024-05-10 00:00:57.671704+00:00,1932,3
2024-05-10 00:00:57.673645+00:00,1320,19
2024-05-10 00:00:57.772494+00:00,42,20
2024-05-10 00:00:57.788020+00:00,3771,7
2024-05-10 00:00:57.834646+00:00,1365,4
2024-05-10 00:00:57.835659+00:00,2374,7
2024-05-10 00:00:57.901561+00:00,1932,6
2024-05-10 00:00:58.088670+00:00,1766,1
2024-05-10 00:00:58.089222+00:00,4861,12
2024-05-10 00:00:58.133239+00:00,2598,1
2024-05-10 00:00:58.159896+00:00,1931,6
2024-05-10 00:00:58.259719+00:00,263,1
2024-05-10 00:00:58.263110+00:00,1970,9
2024-05-10 00:00:58.270148+00:00,1918,9
2024-05-10 00:00:58.272991+00:00,2653,3
2024-05-10 00:00:58.288611+00:00,2543,2
2024-05-10 00:00:58.340734+00:00,4272,14
2024-05-10 00:00:58.341148+00:00,7616,8
2024-05-10 00:00:58.388095+00:00,7627,33
2024-05-10 00:00:58.404606+00:00,291,11
2024-05-10 00:00:58.505942+00:00,6985,26
2024-05-10 00:00:58.584119+00:00,2249,72
2024-05-10 00:00:58.639659+00:00,339,24
2024-05-10 00:00:58.770344+00:00,1920,1
2024-05-10 00:00:58.774170+00:00,2662,3
2024-05-10 00:00:58.794450+00:00,3301,36
2024-05-10 00:00:58.795840+00:00,138,15
2024-05-10 00:00:58.890327+00:00,2599,1
2024-05-10 00:00:58.907622+00:00,1931,8
2024-05-10 00:00:58.907790+00:00,4360,3
2024-05-10 00:00:59.023624+00:00,1920,5
2024-05-10 00:00:59.025194+00:00,43,19
2024-05-10 00:00:59.159523+00:00,979,107
2024-05-10 00:00:59.269461+00:00,734,18
2024-05-10 00:00:59.386389+00:00,7679,1
2024-05-10 00:00:59.402837+00:00,983,7
2024-05-10 00:00:59.520639+00:00,1918,9
2024-05-10 00:00:59.544553+00:00,3772,9
2024-05-10 00:00:59.548068+00:00,137,18
2024-05-10 00:00:59.659525+00:00,4332,8
2024-05-10 00:00:59.767957+00:00,733,16
2024-05-10 00:00:59.791499+00:00,1113,28
2024-05-10 00:00:59.834396+00:00,3898,11
2024-05-10 00:00:59.903997+00:00,1932,3
2024-05-10 00:00:59.905050+00:00,3461,68
2024-05-10 00:01:00.019335+00:00,1920,5
2024-05-10 00:01:00.087085+00:00,2528,12
2024-05-10 00:01:00.142130+00:00,4065,33
2024-05-10 00:01:00.270340+00:00,1920,5
2024-05-10 00:01:00.273698+00:00,2543,2
2024-05-10 00:01:00.288763+00:00,1114,27
2024-05-10 00:01:00.405448+00:00,4163,3
2024-05-10 00:01:00.406121+00:00,3187,8
2024-05-10 00:01:00.407555+00:00,1932,7
2024-05-10 00:01:00.505840+00:00,419,9
2024-05-10 00:01:00.518673+00:00,1152,12
2024-05-10 00:01:00.540804+00:00,1114,16
2024-05-10 00:01:00.588958+00:00,4861,25
2024-05-10 00:01:00.589446+00:00,2072,1
2024-05-10 00:01:00.657791+00:00,3187,8
2024-05-10 00:01:00.659194+00:00,997,7
2024-05-10 00:01:00.659894+00:00,7686,35
2024-05-10 00:01:00.753672+00:00,1518,3
2024-05-10 00:01:00.768814+00:00,1920,5
2024-05-10 00:01:00.789032+00:00,3774,7
2024-05-10 00:01:00.833774+00:00,696,10
2024-05-10 00:01:00.906148+00:00,3960,75
2024-05-10 00:01:01.022984+00:00,43,15
2024-05-10 00:01:01.023531+00:00,1840,1
2024-05-10 00:01:01.153880+00:00,7336,49
2024-05-10 00:01:01.252887+00:00,1977,2
2024-05-10 00:01:01.270770+00:00,1841,9
2024-05-10 00:01:01.271502+00:00,739,6
2024-05-10 00:01:01.338620+00:00,1986,22
2024-05-10 00:01:01.340437+00:00,2072,3
2024-05-10 00:01:01.409224+00:00,1933,7
2024-05-10 00:01:01.585595+00:00,4233,36
2024-05-10 00:01:01.654727+00:00,3487,22
2024-05-10 00:01:01.654980+00:00,4165,10
2024-05-10 00:01:01.656616+00:00,2600,7
2024-05-10 00:01:01.773743+00:00,742,20
2024-05-10 00:01:01.774235+00:00,2476,34
2024-05-10 00:01:01.774360+00:00,1924,18
2024-05-10 00:01:01.790544+00:00,1117,22
2024-05-10 00:01:01.839289+00:00,4861,16
2024-05-10 00:01:02.026674+00:00,45,27
2024-05-10 00:01:02.032522+00:00,685,18
2024-05-10 00:01:02.049437+00:00,3778,1
2024-05-10 00:01:02.052150+00:00,1795,15
2024-05-10 00:01:02.139341+00:00,350,11
2024-05-10 00:01:02.152966+00:00,4166,9
2024-05-10 00:01:02.270579+00:00,1924,18
2024-05-10 00:01:02.339864+00:00,4234,42
2024-05-10 00:01:02.342010+00:00,1603,12
2024-05-10 00:01:02.388125+00:00,6287,3
2024-05-10 00:01:02.405292+00:00,1707,18
2024-05-10 00:01:02.521383+00:00,742,20
2024-05-10 00:01:02.640718+00:00,547,3
2024-05-10 00:01:02.768273+00:00,46,17
2024-05-10 00:01:02.904831+00:00,1237,3
2024-05-10 00:01:02.905501+00:00,3461,81
2024-05-10 00:01:03.040564+00:00,7686,3
2024-05-10 00:01:03.092823+00:00,669,36
2024-05-10 00:01:03.134099+00:00,5392,3
2024-05-10 00:01:03.155732+00:00,4363,14
2024-05-10 00:01:03.293905+00:00,1117,16
2024-05-10 00:01:03.296243+00:00,1398,11
2024-05-10 00:01:03.340185+00:00,4234,35
2024-05-10 00:01:03.345125+00:00,215,18
2024-05-10 00:01:03.383887+00:00,344,31
2024-05-10 00:01:03.402512+00:00,3596,8
2024-05-10 00:01:03.523102+00:00,2077,13
2024-05-10 00:01:03.528614+00:00,3470,2
2024-05-10 00:01:03.538957+00:00,2239,6
2024-05-10 00:01:03.589186+00:00,669,25
2024-05-10 00:01:03.589373+00:00,1059,12
2024-05-10 00:01:03.589466+00:00,4234,6
2024-05-10 00:01:03.760912+00:00,2607,3
2024-05-10 00:01:03.771274+00:00,1926,1
2024-05-10 00:01:03.792119+00:00,2828,3
2024-05-10 00:01:03.837023+00:00,4447,187
2024-05-10 00:01:03.837965+00:00,670,13
2024-05-10 00:01:03.881554+00:00,6288,3
2024-05-10 00:01:03.881857+00:00,1915,13
2024-05-10 00:01:03.904481+00:00,294,13
2024-05-10 00:01:04.021852+00:00,1192,7
2024-05-10 00:01:04.022131+00:00,1926,12
2024-05-10 00:01:04.028320+00:00,685,36
2024-05-10 00:01:04.039976+00:00,2404,16
2024-05-10 00:01:04.087293+00:00,4234,1
2024-05-10 00:01:04.088819+00:00,462,2
2024-05-10 00:01:04.130828+00:00,801,1
2024-05-10 00:01:04.276230+00:00,744,1
2024-05-10 00:01:04.284094+00:00,2661,18
2024-05-10 00:01:04.293591+00:00,401,10
2024-05-10 00:01:04.294000+00:00,1117,24
2024-05-10 00:01:04.332683+00:00,230,3
2024-05-10 00:01:04.383382+00:00,1917,1
2024-05-10 00:01:04.407630+00:00,2801,9
2024-05-10 00:01:04.410813+00:00,2601,61
2024-05-10 00:01:04.517498+00:00,1188,43
2024-05-10 00:01:04.631834+00:00,1917,15
2024-05-10 00:01:04.789685+00:00,1398,8
2024-05-10 00:01:04.835991+00:00,4450,8
2024-05-10 00:01:04.836151+00:00,4234,38
2024-05-10 00:01:04.837794+00:00,7654,2
2024-05-10 00:01:04.905122+00:00,2601,6
2024-05-10 00:01:05.006956+00:00,1418,14
2024-05-10 00:01:05.131107+00:00,2648,5
2024-05-10 00:01:05.156178+00:00,4485,7
2024-05-10 00:01:05.156651+00:00,4167,5
2024-05-10 00:01:05.259291+00:00,1470,3
2024-05-10 00:01:05.288961+00:00,2338,3
2024-05-10 00:01:05.289548+00:00,7686,2
2024-05-10 00:01:05.339944+00:00,4235,34
2024-05-10 00:01:05.341107+00:00,463,10
2024-05-10 00:01:05.342616+00:00,7654,21
2024-05-10 00:01:05.406861+00:00,1089,2
2024-05-10 00:01:05.407069+00:00,3497,18
2024-05-10 00:01:05.538747+00:00,403,3
2024-05-10 00:01:05.589098+00:00,673,17
2024-05-10 00:01:05.590806+00:00,1766,2
2024-05-10 00:01:05.657890+00:00,2802,1
2024-05-10 00:01:05.658777+00:00,622,165
2024-05-10 00:01:05.772993+00:00,747,14
2024-05-10 00:01:05.777626+00:00,2662,3
2024-05-10 00:01:05.778109+00:00,446,13
2024-05-10 00:01:05.789740+00:00,440,9
2024-05-10 00:01:05.844279+00:00,4235,20
2024-05-10 00:01:05.846738+00:00,1765,3
2024-05-10 00:01:05.884412+00:00,3883,10
2024-05-10 00:01:05.903899+00:00,4168,4
2024-05-10 00:01:05.904957+00:00,1881,74
2024-05-10 00:01:06.007874+00:00,154,55
2024-05-10 00:01:06.023994+00:00,746,7
2024-05-10 00:01:06.087828+00:00,4449,37
2024-05-10 00:01:06.292330+00:00,3284,3
2024-05-10 00:01:06.293823+00:00,2854,6
2024-05-10 00:01:06.335032+00:00,4235,10
2024-05-10 00:01:06.335329+00:00,673,18
2024-05-10 00:01:06.388525+00:00,1559,4
2024-05-10 00:01:06.390473+00:00,2688,70
2024-05-10 00:01:06.526912+00:00,2176,237
2024-05-10 00:01:06.588184+00:00,1766,3
2024-05-10 00:01:06.642653+00:00,2448,72
2024-05-10 00:01:06.658941+00:00,2803,16
2024-05-10 00:01:06.659448+00:00,622,163
2024-05-10 00:01:06.661984+00:00,1629,9
2024-05-10 00:01:06.773046+00:00,1186,46
2024-05-10 00:01:06.838481+00:00,4235,12
2024-05-10 00:01:06.839562+00:00,181,2
2024-05-10 00:01:06.839741+00:00,4450,8
2024-05-10 00:01:06.841918+00:00,1766,1
2024-05-10 00:01:06.842549+00:00,1766,1
2024-05-10 00:01:07.025485+00:00,1916,82
2024-05-10 00:01:07.094568+00:00,1766,1
2024-05-10 00:01:07.142425+00:00,2691,12
2024-05-10 00:01:07.161711+00:00,623,12
2024-05-10 00:01:07.162930+00:00,4168,4
2024-05-10 00:01:07.166602+00:00,1629,4
2024-05-10 00:01:07.260468+00:00,2544,6
2024-05-10 00:01:07.263697+00:00,2077,12
2024-05-10 00:01:07.276617+00:00,747,15
2024-05-10 00:01:07.277076+00:00,1406,1
2024-05-10 00:01:07.292145+00:00,1121,18
2024-05-10 00:01:07.337512+00:00,4235,36
2024-05-10 00:01:07.338031+00:00,181,2
2024-05-10 00:01:07.338903+00:00,4450,16
2024-05-10 00:01:07.413385+00:00,972,21
2024-05-10 00:01:07.414138+00:00,624,11
2024-05-10 00:01:07.417006+00:00,2855,7
2024-05-10 00:01:07.418144+00:00,1630,14
2024-05-10 00:01:07.527939+00:00,501,13
2024-05-10 00:01:07.537134+00:00,2176,228
2024-05-10 00:01:07.590358+00:00,1767,5
2024-05-10 00:01:07.660727+00:00,2855,6
2024-05-10 00:01:07.773163+00:00,1406,4
2024-05-10 00:01:07.773947+00:00,46,20
2024-05-10 00:01:07.780219+00:00,2764,34
2024-05-10 00:01:07.792353+00:00,1123,12
2024-05-10 00:01:07.839034+00:00,4235,33
2024-05-10 00:01:07.839631+00:00,1405,1
2024-05-10 00:01:07.842300+00:00,2376,6
2024-05-10 00:01:07.907751+00:00,2068,12
2024-05-10 00:01:07.908543+00:00,999,6
2024-05-10 00:01:07.908647+00:00,2600,5
2024-05-10 00:01:07.909119+00:00,2855,1
2024-05-10 00:01:08.018420+00:00,1406,4
2024-05-10 00:01:08.024731+00:00,1784,14
2024-05-10 00:01:08.041817+00:00,2712,1
2024-05-10 00:01:08.044220+00:00,2837,1
2024-05-10 00:01:08.254491+00:00,4269,2
2024-05-10 00:01:08.335796+00:00,4451,7
2024-05-10 00:01:08.403524+00:00,2601,3
2024-05-10 00:01:08.404630+00:00,2855,9
2024-05-10 00:01:08.540384+00:00,1123,12
2024-05-10 00:01:08.540965+00:00,2244,4
2024-05-10 00:01:08.592019+00:00,4391,1
2024-05-10 00:01:08.654720+00:00,3189,6
2024-05-10 00:01:08.656040+00:00,5985,1
2024-05-10 00:01:08.767342+00:00,504,5
2024-05-10 00:01:08.837382+00:00,7311,15
2024-05-10 00:01:08.914193+00:00,2856,8
2024-05-10 00:01:08.914739+00:00,1293,3
2024-05-10 00:01:09.018967+00:00,748,3
2024-05-10 00:01:09.023800+00:00,3459,2
2024-05-10 00:01:09.137337+00:00,1504,68
2024-05-10 00:01:09.160241+00:00,3189,6
2024-05-10 00:01:09.160545+00:00,627,49
2024-05-10 00:01:09.163316+00:00,997,7
2024-05-10 00:01:09.163533+00:00,2856,1
2024-05-10 00:01:09.295919+00:00,7685,1
2024-05-10 00:01:09.404652+00:00,627,3
2024-05-10 00:01:09.406069+00:00,997,1
2024-05-10 00:01:09.539929+00:00,826,27
2024-05-10 00:01:09.588759+00:00,247,19
2024-05-10 00:01:09.652612+00:00,2857,7
2024-05-10 00:01:09.777450+00:00,2646,30
2024-05-10 00:01:10.024401+00:00,2255,30
2024-05-10 00:01:10.085679+00:00,4450,16
2024-05-10 00:01:10.156143+00:00,628,1
2024-05-10 00:01:10.158339+00:00,2857,1
2024-05-10 00:01:10.403223+00:00,628,7
2024-05-10 00:01:10.404223+00:00,2857,7
2024-05-10 00:01:10.516723+00:00,46,24
2024-05-10 00:01:10.517811+00:00,1406,4
2024-05-10 00:01:10.758016+00:00,1615,1
2024-05-10 00:01:10.789837+00:00,2421,1
2024-05-10 00:01:10.887089+00:00,1880,3
2024-05-10 00:01:10.888860+00:00,2691,13
2024-05-10 00:01:10.904987+00:00,629,6
2024-05-10 00:01:10.906816+00:00,2858,6
2024-05-10 00:01:10.906882+00:00,592,9
2024-05-10 00:01:11.006920+00:00,36,4
2024-05-10 00:01:11.018258+00:00,50,22
2024-05-10 00:01:11.041695+00:00,1154,3
2024-05-10 00:01:11.042180+00:00,3626,12
2024-05-10 00:01:11.090378+00:00,4391,1
2024-05-10 00:01:11.091288+00:00,4301,9
2024-05-10 00:01:11.091482+00:00,4451,10
2024-05-10 00:01:11.154467+00:00,5988,5
2024-05-10 00:01:11.255111+00:00,606,7
2024-05-10 00:01:11.338485+00:00,7618,12
2024-05-10 00:01:11.338901+00:00,1365,25
2024-05-10 00:01:11.339427+00:00,247,17
2024-05-10 00:01:11.340394+00:00,4391,1
2024-05-10 00:01:11.510514+00:00,159,21
2024-05-10 00:01:11.510732+00:00,607,6
2024-05-10 00:01:11.594618+00:00,1061,21
2024-05-10 00:01:11.594900+00:00,23,2
2024-05-10 00:01:11.598308+00:00,638,1
2024-05-10 00:01:11.599511+00:00,1728,7
2024-05-10 00:01:11.652961+00:00,2696,3
2024-05-10 00:01:11.772130+00:00,2625,19
2024-05-10 00:01:11.836374+00:00,4451,18
2024-05-10 00:01:11.838608+00:00,636,44
2024-05-10 00:01:11.908132+00:00,949,3
2024-05-10 00:01:11.910081+00:00,5990,15
2024-05-10 00:01:12.088306+00:00,7638,13
2024-05-10 00:01:12.090312+00:00,1728,14
2024-05-10 00:01:12.134678+00:00,2691,13
2024-05-10 00:01:12.153452+00:00,948,4
2024-05-10 00:01:12.257496+00:00,175,15
2024-05-10 00:01:12.266717+00:00,54,16
2024-05-10 00:01:12.272557+00:00,2627,7
2024-05-10 00:01:12.335611+00:00,2124,6
2024-05-10 00:01:12.402851+00:00,946,6
2024-05-10 00:01:12.591512+00:00,25,6
2024-05-10 00:01:12.835742+00:00,1516,3
2024-05-10 00:01:12.836027+00:00,25,5
2024-05-10 00:01:13.018888+00:00,2029,2
2024-05-10 00:01:13.087599+00:00,24,14
2024-05-10 00:01:13.140658+00:00,2691,13
2024-05-10 00:01:13.154666+00:00,946,7
2024-05-10 00:01:13.258344+00:00,1425,13
2024-05-10 00:01:13.335674+00:00,2372,1
2024-05-10 00:01:13.410562+00:00,1021,21
2024-05-10 00:01:13.414734+00:00,998,24
2024-05-10 00:01:13.415266+00:00,1159,21
2024-05-10 00:01:13.521285+00:00,2029,2
2024-05-10 00:01:13.521814+00:00,2654,1
2024-05-10 00:01:13.538049+00:00,1157,18
2024-05-10 00:01:13.540334+00:00,573,7
2024-05-10 00:01:13.592791+00:00,1521,4
2024-05-10 00:01:13.593511+00:00,4451,7
2024-05-10 00:01:13.593970+00:00,2775,9
2024-05-10 00:01:13.596730+00:00,2124,6
2024-05-10 00:01:13.597035+00:00,2074,2
2024-05-10 00:01:13.655216+00:00,944,40
2024-05-10 00:01:13.656897+00:00,595,1
2024-05-10 00:01:13.834370+00:00,25,33
2024-05-10 00:01:14.004580+00:00,161,19
2024-05-10 00:01:14.023148+00:00,355,3
2024-05-10 00:01:14.090200+00:00,1011,15
2024-05-10 00:01:14.136122+00:00,2600,104
2024-05-10 00:01:14.154636+00:00,595,7
2024-05-10 00:01:14.268193+00:00,508,340
2024-05-10 00:01:14.272362+00:00,659,1
2024-05-10 00:01:14.403179+00:00,630,5
2024-05-10 00:01:14.404126+00:00,596,4
2024-05-10 00:01:14.507411+00:00,496,3
2024-05-10 00:01:14.519447+00:00,2653,2
2024-05-10 00:01:14.773216+00:00,659,6
2024-05-10 00:01:14.774552+00:00,355,3
2024-05-10 00:01:14.775297+00:00,660,3
2024-05-10 00:01:14.833892+00:00,4451,16
2024-05-10 00:01:14.891294+00:00,2692,11
2024-05-10 00:01:14.904221+00:00,284,2
2024-05-10 00:01:14.905724+00:00,3976,8
2024-05-10 00:01:15.013332+00:00,161,10
2024-05-10 00:01:15.028843+00:00,2653,2
2024-05-10 00:01:15.028970+00:00,703,112
2024-05-10 00:01:15.037835+00:00,2959,1
2024-05-10 00:01:15.039545+00:00,7684,1
2024-05-10 00:01:15.040213+00:00,1858,17
2024-05-10 00:01:15.085605+00:00,1982,1
2024-05-10 00:01:15.087278+00:00,2380,7
2024-05-10 00:01:15.135036+00:00,4084,12
2024-05-10 00:01:15.152005+00:00,596,4
2024-05-10 00:01:15.268743+00:00,2596,25
2024-05-10 00:01:15.274169+00:00,660,16
2024-05-10 00:01:15.287783+00:00,2937,12
2024-05-10 00:01:15.341890+00:00,4451,22
2024-05-10 00:01:15.402366+00:00,945,5
2024-05-10 00:01:15.516434+00:00,54,54
2024-05-10 00:01:15.587762+00:00,1982,16
2024-05-10 00:01:15.589046+00:00,777,8
2024-05-10 00:01:15.589824+00:00,2075,127
2024-05-10 00:01:15.635084+00:00,465,1
2024-05-10 00:01:15.635147+00:00,7670,19
2024-05-10 00:01:15.758670+00:00,2337,347
2024-05-10 00:01:15.758750+00:00,2473,3
2024-05-10 00:01:15.758920+00:00,2807,3
2024-05-10 00:01:15.906438+00:00,271,20
2024-05-10 00:01:16.025106+00:00,2653,3
2024-05-10 00:01:16.025261+00:00,357,13
2024-05-10 00:01:16.091219+00:00,5448,13
2024-05-10 00:01:16.091520+00:00,1983,1
2024-05-10 00:01:16.095208+00:00,777,8
2024-05-10 00:01:16.267817+00:00,58,53
2024-05-10 00:01:16.273249+00:00,3459,2
2024-05-10 00:01:16.336566+00:00,4451,1
2024-05-10 00:01:16.338219+00:00,2126,6
2024-05-10 00:01:16.338462+00:00,158,1
2024-05-10 00:01:16.387782+00:00,326,16
2024-05-10 00:01:16.406628+00:00,285,2
2024-05-10 00:01:16.505659+00:00,2475,18
2024-05-10 00:01:16.517523+00:00,509,47
2024-05-10 00:01:16.522570+00:00,671,5
2024-05-10 00:01:16.522988+00:00,2629,1
2024-05-10 00:01:16.584302+00:00,1983,15
2024-05-10 00:01:16.638358+00:00,7670,90
2024-05-10 00:01:16.656363+00:00,285,1
2024-05-10 00:01:16.656930+00:00,2801,162
2024-05-10 00:01:16.787376+00:00,3438,7
2024-05-10 00:01:16.836070+00:00,777,8
2024-05-10 00:01:16.903271+00:00,285,1
2024-05-10 00:01:17.019580+00:00,2012,8
2024-05-10 00:01:17.037732+00:00,2939,1
2024-05-10 00:01:17.082941+00:00,1956,15
2024-05-10 00:01:17.083132+00:00,4264,40
2024-05-10 00:01:17.085844+00:00,221,13
2024-05-10 00:01:17.138660+00:00,465,420
2024-05-10 00:01:17.157233+00:00,2217,15
2024-05-10 00:01:17.157359+00:00,284,2
2024-05-10 00:01:17.286740+00:00,2939,1
2024-05-10 00:01:17.404248+00:00,284,5
2024-05-10 00:01:17.505720+00:00,2340,1
2024-05-10 00:01:17.517492+00:00,511,12
2024-05-10 00:01:17.582918+00:00,2018,8
2024-05-10 00:01:17.583638+00:00,4447,34
2024-05-10 00:01:17.636478+00:00,4087,19
2024-05-10 00:01:17.657305+00:00,2446,82
2024-05-10 00:01:17.657657+00:00,3168,18
2024-05-10 00:01:17.787672+00:00,2939,16
2024-05-10 00:01:17.831906+00:00,777,8
2024-05-10 00:01:17.832996+00:00,156,1
2024-05-10 00:01:17.833906+00:00,5042,97
2024-05-10 00:01:17.891133+00:00,7685,55
2024-05-10 00:01:17.906854+00:00,635,148
2024-05-10 00:01:17.909293+00:00,1004,7
2024-05-10 00:01:18.007414+00:00,3678,4
2024-05-10 00:01:18.018045+00:00,62,14
2024-05-10 00:01:18.023234+00:00,673,3
2024-05-10 00:01:18.039594+00:00,3235,4
2024-05-10 00:01:18.040105+00:00,2802,3
2024-05-10 00:01:18.136461+00:00,7684,16
2024-05-10 00:01:18.153823+00:00,4169,3
2024-05-10 00:01:18.267558+00:00,2631,6
2024-05-10 00:01:18.287277+00:00,4335,3
2024-05-10 00:01:18.289847+00:00,7684,10
2024-05-10 00:01:18.333468+00:00,2016,15
2024-05-10 00:01:18.333784+00:00,4266,38
2024-05-10 00:01:18.336597+00:00,778,7
2024-05-10 00:01:18.516746+00:00,63,3
2024-05-10 00:01:18.524949+00:00,357,14
2024-05-10 00:01:18.538384+00:00,2940,35
2024-05-10 00:01:18.767115+00:00,63,10
2024-05-10 00:01:18.771292+00:00,673,3
2024-05-10 00:01:18.834406+00:00,1606,1
2024-05-10 00:01:19.017887+00:00,511,6
2024-05-10 00:01:19.022544+00:00,355,3
2024-05-10 00:01:19.037466+00:00,2803,2
2024-05-10 00:01:19.082322+00:00,2847,9
2024-05-10 00:01:19.084377+00:00,4449,109
2024-05-10 00:01:19.253890+00:00,2339,1
2024-05-10 00:01:19.266617+00:00,2557,3
2024-05-10 00:01:19.271414+00:00,673,3
2024-05-10 00:01:19.633837+00:00,7170,36
2024-05-10 00:01:19.786844+00:00,1530,12
2024-05-10 00:01:19.904630+00:00,947,1
2024-05-10 00:01:20.017761+00:00,62,17
2024-05-10 00:01:20.022184+00:00,2134,21
2024-05-10 00:01:20.082215+00:00,221,11
2024-05-10 00:01:20.157016+00:00,947,6
2024-05-10 00:01:20.157981+00:00,947,5
2024-05-10 00:01:20.263698+00:00,161,15
2024-05-10 00:01:20.333233+00:00,220,13
2024-05-10 00:01:20.387865+00:00,4423,1
2024-05-10 00:01:20.389084+00:00,327,23
2024-05-10 00:01:20.389426+00:00,7170,58
2024-05-10 00:01:20.406781+00:00,947,1
2024-05-10 00:01:20.520153+00:00,673,3
2024-05-10 00:01:20.520653+00:00,952,20
2024-05-10 00:01:20.541711+00:00,1305,16
2024-05-10 00:01:20.654761+00:00,947,13
2024-05-10 00:01:20.655603+00:00,1707,13
2024-05-10 00:01:20.656038+00:00,1004,4
2024-05-10 00:01:20.788523+00:00,1162,60
2024-05-10 00:01:20.903845+00:00,948,12
2024-05-10 00:01:21.017698+00:00,3625,3
2024-05-10 00:01:21.021572+00:00,2555,14
2024-05-10 00:01:21.133260+00:00,4424,8
2024-05-10 00:01:21.153065+00:00,597,9
2024-05-10 00:01:21.333611+00:00,219,10
2024-05-10 00:01:21.518673+00:00,2939,47
2024-05-10 00:01:21.538185+00:00,1531,35
2024-05-10 00:01:21.584058+00:00,3902,1
2024-05-10 00:01:21.584558+00:00,2016,3
2024-05-10 00:01:21.585144+00:00,4450,11
2024-05-10 00:01:21.786891+00:00,1531,4
2024-05-10 00:01:21.831834+00:00,5465,11
2024-05-10 00:01:21.883391+00:00,4424,8
2024-05-10 00:01:21.906070+00:00,1708,1
2024-05-10 00:01:22.017297+00:00,2560,3
2024-05-10 00:01:22.042660+00:00,1532,5
2024-05-10 00:01:22.135280+00:00,1527,13
2024-05-10 00:01:22.154792+00:00,1630,14
2024-05-10 00:01:22.288234+00:00,1300,75
2024-05-10 00:01:22.332280+00:00,2099,2
2024-05-10 00:01:22.406387+00:00,1005,3
2024-05-10 00:01:22.517254+00:00,2561,2
2024-05-10 00:01:22.536701+00:00,2419,2
2024-05-10 00:01:22.537288+00:00,1533,9
2024-05-10 00:01:22.656979+00:00,1708,58
2024-05-10 00:01:22.657821+00:00,3116,45
2024-05-10 00:01:22.766688+00:00,2939,47
2024-05-10 00:01:22.887080+00:00,327,21
2024-05-10 00:01:23.157997+00:00,1631,15
2024-05-10 00:01:23.158881+00:00,3116,9
2024-05-10 00:01:23.253484+00:00,1010,6
2024-05-10 00:01:23.256011+00:00,7677,9
2024-05-10 00:01:23.541562+00:00,2420,4
2024-05-10 00:01:23.542431+00:00,1534,6
2024-05-10 00:01:23.544356+00:00,1214,11
2024-05-10 00:01:23.582107+00:00,4452,67
2024-05-10 00:01:23.638110+00:00,1528,10
2024-05-10 00:01:23.753394+00:00,3676,5
2024-05-10 00:01:23.789031+00:00,1534,1
2024-05-10 00:01:23.832316+00:00,2867,9
2024-05-10 00:01:23.884958+00:00,3047,37
2024-05-10 00:01:24.003105+00:00,958,11
2024-05-10 00:01:24.016873+00:00,65,25
2024-05-10 00:01:24.017916+00:00,511,77
2024-05-10 00:01:24.022592+00:00,2950,1
2024-05-10 00:01:24.151151+00:00,950,2
2024-05-10 00:01:24.289628+00:00,1534,8
2024-05-10 00:01:24.335066+00:00,2482,11
2024-05-10 00:01:24.400285+00:00,1083,8
2024-05-10 00:01:24.503205+00:00,3636,9
2024-05-10 00:01:24.516549+00:00,511,14
2024-05-10 00:01:24.517924+00:00,69,16
2024-05-10 00:01:24.583360+00:00,2716,9
2024-05-10 00:01:24.584447+00:00,26,32
2024-05-10 00:01:24.648919+00:00,3047,85
2024-05-10 00:01:24.757399+00:00,3677,2
2024-05-10 00:01:24.771019+00:00,439,1
2024-05-10 00:01:24.791678+00:00,1535,6
2024-05-10 00:01:24.793533+00:00,137,13
2024-05-10 00:01:24.886540+00:00,7673,46
2024-05-10 00:01:24.900867+00:00,3274,6
2024-05-10 00:01:25.002959+00:00,1010,227
2024-05-10 00:01:25.155129+00:00,2451,12
2024-05-10 00:01:25.278575+00:00,4509,45
2024-05-10 00:01:25.280264+00:00,69,23
2024-05-10 00:01:25.288238+00:00,1449,1
2024-05-10 00:01:25.297122+00:00,958,41
2024-05-10 00:01:25.299851+00:00,137,15
2024-05-10 00:01:25.340209+00:00,2867,12
2024-05-10 00:01:25.341337+00:00,2718,3
2024-05-10 00:01:25.407001+00:00,600,1
2024-05-10 00:01:25.407565+00:00,1005,1
2024-05-10 00:01:25.545351+00:00,1536,6
2024-05-10 00:01:25.546029+00:00,2419,1
2024-05-10 00:01:25.546259+00:00,1165,13
2024-05-10 00:01:25.548645+00:00,7686,1
2024-05-10 00:01:25.549559+00:00,7686,7
2024-05-10 00:01:25.631360+00:00,2073,15
2024-05-10 00:01:25.654398+00:00,600,6
2024-05-10 00:01:25.654515+00:00,1006,2
2024-05-10 00:01:25.654734+00:00,4349,5
2024-05-10 00:01:25.774955+00:00,72,19
2024-05-10 00:01:25.775476+00:00,2939,60
2024-05-10 00:01:25.835297+00:00,2721,7
2024-05-10 00:01:25.909637+00:00,78,23
2024-05-10 00:01:25.911847+00:00,4349,4
2024-05-10 00:01:25.912354+00:00,1006,1
2024-05-10 00:01:26.002578+00:00,2600,1
2024-05-10 00:01:26.024429+00:00,2250,25
2024-05-10 00:01:26.155163+00:00,1006,2
2024-05-10 00:01:26.155245+00:00,4349,4
2024-05-10 00:01:26.254510+00:00,740,24
2024-05-10 00:01:26.259207+00:00,2600,29
2024-05-10 00:01:26.294738+00:00,1166,14
2024-05-10 00:01:26.295436+00:00,3783,4
2024-05-10 00:01:26.337493+00:00,1163,6
2024-05-10 00:01:26.405111+00:00,601,3
2024-05-10 00:01:26.405899+00:00,4350,4
2024-05-10 00:01:26.406219+00:00,1006,2
2024-05-10 00:01:26.522298+00:00,4133,3
2024-05-10 00:01:26.528282+00:00,2672,256
2024-05-10 00:01:26.538879+00:00,3009,20
2024-05-10 00:01:26.585057+00:00,2722,6
2024-05-10 00:01:26.587354+00:00,3417,1
2024-05-10 00:01:26.632737+00:00,58,12
2024-05-10 00:01:26.754810+00:00,2854,10
2024-05-10 00:01:26.774760+00:00,1449,1
2024-05-10 00:01:26.775826+00:00,444,14
2024-05-10 00:01:26.833250+00:00,2016,17
2024-05-10 00:01:26.836206+00:00,2249,96
2024-05-10 00:01:26.909103+00:00,2044,14
2024-05-10 00:01:27.040173+00:00,3780,1
2024-05-10 00:01:27.083512+00:00,32,21
2024-05-10 00:01:27.087037+00:00,2970,5
2024-05-10 00:01:27.131997+00:00,7675,15
2024-05-10 00:01:27.160223+00:00,1084,9
2024-05-10 00:01:27.289397+00:00,7675,1
2024-05-10 00:01:27.333719+00:00,1552,17
2024-05-10 00:01:27.405261+00:00,294,91
2024-05-10 00:01:27.538954+00:00,2125,8
2024-05-10 00:01:27.541663+00:00,7318,5
2024-05-10 00:01:27.584814+00:00,2249,182
2024-05-10 00:01:27.653738+00:00,4364,3
2024-05-10 00:01:27.768476+00:00,3009,1
2024-05-10 00:01:27.793030+00:00,7687,28
2024-05-10 00:01:27.831912+00:00,2973,4
2024-05-10 00:01:27.907249+00:00,78,24
2024-05-10 00:01:28.023453+00:00,72,30
2024-05-10 00:01:28.024080+00:00,3528,10
2024-05-10 00:01:28.028987+00:00,2125,1
2024-05-10 00:01:28.082750+00:00,2251,3
2024-05-10 00:01:28.154323+00:00,599,4
2024-05-10 00:01:28.268192+00:00,2605,24
2024-05-10 00:01:28.332476+00:00,2251,3
2024-05-10 00:01:28.409200+00:00,2314,16
2024-05-10 00:01:28.411247+00:00,293,13
2024-05-10 00:01:28.411991+00:00,597,9
2024-05-10 00:01:28.508519+00:00,964,876
2024-05-10 00:01:28.510346+00:00,101,1
2024-05-10 00:01:28.525462+00:00,76,34
2024-05-10 00:01:28.540953+00:00,7686,30
2024-05-10 00:01:28.652062+00:00,3181,3
2024-05-10 00:01:28.790151+00:00,7686,1
2024-05-10 00:01:28.790665+00:00,7686,2
2024-05-10 00:01:28.832127+00:00,869,8
2024-05-10 00:01:28.832422+00:00,33,1
2024-05-10 00:01:28.834015+00:00,2252,3
2024-05-10 00:01:28.881168+00:00,2967,7
2024-05-10 00:01:29.019868+00:00,2568,21
2024-05-10 00:01:29.022838+00:00,1449,1
2024-05-10 00:01:29.083460+00:00,2721,6
2024-05-10 00:01:29.256460+00:00,946,27
2024-05-10 00:01:29.257543+00:00,7678,23
2024-05-10 00:01:29.332172+00:00,2268,3
2024-05-10 00:01:29.333399+00:00,35,14
2024-05-10 00:01:29.538568+00:00,7686,1
2024-05-10 00:01:29.582449+00:00,1168,100
2024-05-10 00:01:29.582894+00:00,2722,6
2024-05-10 00:01:29.631188+00:00,1764,9
2024-05-10 00:01:29.633428+00:00,7677,19
2024-05-10 00:01:29.654701+00:00,3177,19
2024-05-10 00:01:29.655532+00:00,2747,9
2024-05-10 00:01:29.771363+00:00,590,8
2024-05-10 00:01:29.832225+00:00,34,1
2024-05-10 00:01:29.833112+00:00,2269,2
2024-05-10 00:01:29.833943+00:00,33,2
2024-05-10 00:01:30.083005+00:00,2018,45
2024-05-10 00:01:30.083286+00:00,2269,2
2024-05-10 00:01:30.156767+00:00,294,15
2024-05-10 00:01:30.256910+00:00,1011,44
2024-05-10 00:01:30.291094+00:00,1171,3
2024-05-10 00:01:30.292635+00:00,3114,25
2024-05-10 00:01:30.331863+00:00,2017,14
2024-05-10 00:01:30.333173+00:00,2975,9
2024-05-10 00:01:30.384787+00:00,4437,32
2024-05-10 00:01:30.386610+00:00,433,61
2024-05-10 00:01:30.405705+00:00,599,11
2024-05-10 00:01:30.405972+00:00,4367,3
2024-05-10 00:01:30.406949+00:00,1714,7
2024-05-10 00:01:30.407563+00:00,600,4
2024-05-10 00:01:30.583018+00:00,2724,1
2024-05-10 00:01:30.788604+00:00,2797,5
2024-05-10 00:01:30.832574+00:00,2724,6
2024-05-10 00:01:30.834456+00:00,473,39
2024-05-10 00:01:30.882416+00:00,4049,77
2024-05-10 00:01:30.885416+00:00,2970,6
2024-05-10 00:01:30.885486+00:00,7678,14
2024-05-10 00:01:30.905338+00:00,165,6
2024-05-10 00:01:30.907088+00:00,600,8
2024-05-10 00:01:31.021528+00:00,1650,9
2024-05-10 00:01:31.022089+00:00,97,3
2024-05-10 00:01:31.044555+00:00,1168,12
2024-05-10 00:01:31.046243+00:00,2798,4
2024-05-10 00:01:31.082497+00:00,2725,6
2024-05-10 00:01:31.153745+00:00,1086,2
2024-05-10 00:01:31.253768+00:00,1236,15
2024-05-10 00:01:31.256264+00:00,3677,2
2024-05-10 00:01:31.287918+00:00,3548,10
2024-05-10 00:01:31.382120+00:00,2096,3
2024-05-10 00:01:31.382811+00:00,327,12
2024-05-10 00:01:31.402213+00:00,601,11
2024-05-10 00:01:31.502701+00:00,3638,3
2024-05-10 00:01:31.520352+00:00,99,1
2024-05-10 00:01:31.583834+00:00,2724,5
2024-05-10 00:01:31.631323+00:00,2631,1
2024-05-10 00:01:31.631516+00:00,2034,6
2024-05-10 00:01:31.633652+00:00,7679,1
2024-05-10 00:01:31.634747+00:00,7679,1
2024-05-10 00:01:31.771686+00:00,1652,7
2024-05-10 00:01:31.772484+00:00,99,7
2024-05-10 00:01:31.787269+00:00,3564,1
2024-05-10 00:01:31.834517+00:00,2976,6
2024-05-10 00:01:31.881355+00:00,2631,8
2024-05-10 00:01:31.906552+00:00,4369,7
2024-05-10 00:01:32.003051+00:00,3638,3
2024-05-10 00:01:32.005034+00:00,914,31
2024-05-10 00:01:32.082659+00:00,38,14
2024-05-10 00:01:32.083364+00:00,2725,1
2024-05-10 00:01:32.085036+00:00,2977,9
2024-05-10 00:01:32.131405+00:00,7679,32
2024-05-10 00:01:32.152573+00:00,822,1
2024-05-10 00:01:32.253442+00:00,1247,12
2024-05-10 00:01:32.255224+00:00,165,25
2024-05-10 00:01:32.269868+00:00,100,2
2024-05-10 00:01:32.332305+00:00,2725,4
2024-05-10 00:01:32.382804+00:00,2107,1
2024-05-10 00:01:32.507453+00:00,1177,2
2024-05-10 00:01:32.521082+00:00,1653,13
2024-05-10 00:01:32.587735+00:00,1878,3
2024-05-10 00:01:32.588652+00:00,4455,6
2024-05-10 00:01:32.634364+00:00,4437,217
2024-05-10 00:01:32.654405+00:00,2451,43
2024-05-10 00:01:32.754862+00:00,6987,51
2024-05-10 00:01:32.770506+00:00,99,7
2024-05-10 00:01:32.792944+00:00,7687,18
2024-05-10 00:01:32.832280+00:00,1877,4
2024-05-10 00:01:32.881886+00:00,2108,18
2024-05-10 00:01:33.005827+00:00,3641,1
2024-05-10 00:01:33.007534+00:00,7686,7
2024-05-10 00:01:33.274392+00:00,960,17
2024-05-10 00:01:33.288326+00:00,3230,1
2024-05-10 00:01:33.381987+00:00,1820,1
2024-05-10 00:01:33.503499+00:00,3550,10
2024-05-10 00:01:33.525176+00:00,4011,13
2024-05-10 00:01:33.583084+00:00,1059,1
2024-05-10 00:01:33.654673+00:00,2451,31
2024-05-10 00:01:33.754216+00:00,929,36
2024-05-10 00:01:33.754841+00:00,1011,5
2024-05-10 00:01:33.756496+00:00,3677,2
2024-05-10 00:01:33.778523+00:00,3369,37
2024-05-10 00:01:33.785004+00:00,2233,7
2024-05-10 00:01:33.785977+00:00,17,19
2024-05-10 00:01:33.793112+00:00,3784,7
2024-05-10 00:01:33.793786+00:00,1169,19
2024-05-10 00:01:34.002873+00:00,7020,5
2024-05-10 00:01:34.021323+00:00,1653,1
2024-05-10 00:01:34.082389+00:00,1058,2
2024-05-10 00:01:34.083735+00:00,39,31
2024-05-10 00:01:34.131374+00:00,327,11
2024-05-10 00:01:34.253709+00:00,917,8
2024-05-10 00:01:34.255488+00:00,1178,6
2024-05-10 00:01:34.503726+00:00,917,1
2024-05-10 00:01:34.504561+00:00,931,4
2024-05-10 00:01:34.505033+00:00,2586,3
2024-05-10 00:01:34.523395+00:00,4536,27
2024-05-10 00:01:34.523857+00:00,2940,34
2024-05-10 00:01:34.524669+00:00,1411,4
2024-05-10 00:01:34.532417+00:00,19,6
2024-05-10 00:01:34.539098+00:00,2800,3
2024-05-10 00:01:34.631387+00:00,655,11
2024-05-10 00:01:34.753967+00:00,2586,8
2024-05-10 00:01:34.757378+00:00,7679,1
2024-05-10 00:01:34.769582+00:00,1654,3
2024-05-10 00:01:34.791436+00:00,7684,4
2024-05-10 00:01:34.903620+00:00,1165,3
2024-05-10 00:01:34.904109+00:00,2453,5
2024-05-10 00:01:35.004190+00:00,917,53
2024-05-10 00:01:35.023103+00:00,100,1
2024-05-10 00:01:35.038446+00:00,3785,9
2024-05-10 00:01:35.131900+00:00,655,11
2024-05-10 00:01:35.274088+00:00,100,19
2024-05-10 00:01:35.291716+00:00,2800,2
2024-05-10 00:01:35.385695+00:00,327,3
2024-05-10 00:01:35.402498+00:00,857,19
2024-05-10 00:01:35.546814+00:00,3787,7
2024-05-10 00:01:35.631291+00:00,655,7
2024-05-10 00:01:35.631443+00:00,4032,102
2024-05-10 00:01:35.633810+00:00,327,5
2024-05-10 00:01:35.651882+00:00,3110,9
2024-05-10 00:01:35.755514+00:00,917,94
2024-05-10 00:01:35.761579+00:00,7681,6
2024-05-10 00:01:35.780544+00:00,101,25
2024-05-10 00:01:35.795183+00:00,7684,4
2024-05-10 00:01:35.795554+00:00,7667,10
2024-05-10 00:01:35.836174+00:00,2018,22
2024-05-10 00:01:35.838576+00:00,802,6
2024-05-10 00:01:35.881045+00:00,655,5
2024-05-10 00:01:35.882294+00:00,1822,4
2024-05-10 00:01:35.883195+00:00,327,9
2024-05-10 00:01:36.040226+00:00,2827,25
2024-05-10 00:01:36.082714+00:00,1244,9
2024-05-10 00:01:36.152302+00:00,611,9
2024-05-10 00:01:36.270956+00:00,523,208
2024-05-10 00:01:36.332703+00:00,1058,2
2024-05-10 00:01:36.332950+00:00,3901,1
2024-05-10 00:01:36.335478+00:00,219,34
2024-05-10 00:01:36.505011+00:00,1189,14
2024-05-10 00:01:36.587923+00:00,2254,8
2024-05-10 00:01:36.600347+00:00,4457,7
2024-05-10 00:01:36.755181+00:00,922,30
2024-05-10 00:01:36.787851+00:00,1172,14
2024-05-10 00:01:36.788546+00:00,7687,29
2024-05-10 00:01:36.832898+00:00,2019,30
2024-05-10 00:01:36.835355+00:00,7666,7
2024-05-10 00:01:36.881368+00:00,657,7
2024-05-10 00:01:36.885310+00:00,334,15
2024-05-10 00:01:37.005716+00:00,7681,1
2024-05-10 00:01:37.021248+00:00,103,1
2024-05-10 00:01:37.082068+00:00,4394,14
2024-05-10 00:01:37.130741+00:00,2489,27
2024-05-10 00:01:37.131576+00:00,329,3
2024-05-10 00:01:37.154356+00:00,4370,8
2024-05-10 00:01:37.254758+00:00,922,52
2024-05-10 00:01:37.257456+00:00,1190,16
2024-05-10 00:01:37.269576+00:00,3017,3
2024-05-10 00:01:37.269870+00:00,1411,5
2024-05-10 00:01:37.287984+00:00,1831,342
2024-05-10 00:01:37.333903+00:00,2254,2
2024-05-10 00:01:37.382284+00:00,329,14
2024-05-10 00:01:37.383688+00:00,2970,78
2024-05-10 00:01:37.521752+00:00,1411,4
2024-05-10 00:01:37.526682+00:00,1808,7
2024-05-10 00:01:37.537039+00:00,411,2
2024-05-10 00:01:37.537848+00:00,2802,2
2024-05-10 00:01:37.538282+00:00,7683,5
2024-05-10 00:01:37.652805+00:00,1029,3
2024-05-10 00:01:37.754309+00:00,1011,172
2024-05-10 00:01:37.757761+00:00,1535,2
2024-05-10 00:01:37.881165+00:00,334,2
2024-05-10 00:01:37.881795+00:00,328,1
2024-05-10 00:01:37.905670+00:00,45,5
2024-05-10 00:01:37.906805+00:00,183,3
2024-05-10 00:01:38.081954+00:00,4458,6
2024-05-10 00:01:38.083465+00:00,2019,26
2024-05-10 00:01:38.131104+00:00,633,6
2024-05-10 00:01:38.257809+00:00,7683,4
2024-05-10 00:01:38.266658+00:00,1411,3
2024-05-10 00:01:38.274462+00:00,1655,2
2024-05-10 00:01:38.332827+00:00,5042,9
2024-05-10 00:01:38.333839+00:00,2255,12
2024-05-10 00:01:38.387989+00:00,2033,5
2024-05-10 00:01:38.390116+00:00,329,6
2024-05-10 00:01:38.390821+00:00,2970,77
2024-05-10 00:01:38.400620+00:00,1031,9
2024-05-10 00:01:38.400751+00:00,46,4
2024-05-10 00:01:38.517071+00:00,1411,5
2024-05-10 00:01:38.650975+00:00,1031,16
2024-05-10 00:01:38.653960+00:00,187,22
2024-05-10 00:01:38.772660+00:00,6803,8
2024-05-10 00:01:38.832476+00:00,4458,12
2024-05-10 00:01:38.835107+00:00,486,7
2024-05-10 00:01:38.886806+00:00,330,13
2024-05-10 00:01:38.887617+00:00,4056,21
2024-05-10 00:01:39.038285+00:00,7685,6
2024-05-10 00:01:39.082564+00:00,1196,3
2024-05-10 00:01:39.135495+00:00,2036,5
2024-05-10 00:01:39.137657+00:00,330,13
2024-05-10 00:01:39.154205+00:00,1031,38
2024-05-10 00:01:39.155578+00:00,2451,40
2024-05-10 00:01:39.252539+00:00,922,170
2024-05-10 00:01:39.290920+00:00,2722,1
2024-05-10 00:01:39.333506+00:00,204,87
2024-05-10 00:01:39.386773+00:00,2037,1
2024-05-10 00:01:39.388974+00:00,330,13
2024-05-10 00:01:39.405032+00:00,4371,7
2024-05-10 00:01:39.537443+00:00,7674,7
2024-05-10 00:01:39.634760+00:00,2037,12
2024-05-10 00:01:39.650588+00:00,2451,47
2024-05-10 00:01:39.654814+00:00,292,41
2024-05-10 00:01:39.754153+00:00,958,331
2024-05-10 00:01:39.754376+00:00,2315,1
2024-05-10 00:01:39.766936+00:00,1413,4
2024-05-10 00:01:39.833090+00:00,2020,15
2024-05-10 00:01:40.038188+00:00,2722,3
2024-05-10 00:01:40.084260+00:00,2124,7
2024-05-10 00:01:40.085411+00:00,218,12
2024-05-10 00:01:40.150663+00:00,669,1
2024-05-10 00:01:40.289463+00:00,2723,3
2024-05-10 00:01:40.332117+00:00,2020,1
2024-05-10 00:01:40.400777+00:00,1857,1
2024-05-10 00:01:40.518345+00:00,93,70
2024-05-10 00:01:40.528695+00:00,372,50
2024-05-10 00:01:40.537469+00:00,2830,24
2024-05-10 00:01:40.539432+00:00,2531,25
2024-05-10 00:01:40.584352+00:00,1482,22
2024-05-10 00:01:40.651048+00:00,2448,1
2024-05-10 00:01:40.651280+00:00,669,7
2024-05-10 00:01:40.654621+00:00,188,24
2024-05-10 00:01:40.786704+00:00,2723,1
2024-05-10 00:01:40.831953+00:00,4385,40
2024-05-10 00:01:40.901557+00:00,2448,10
2024-05-10 00:01:40.902159+00:00,669,13
2024-05-10 00:01:40.904384+00:00,1857,3
2024-05-10 00:01:41.003309+00:00,1016,10
2024-05-10 00:01:41.003705+00:00,924,228
2024-05-10 00:01:41.023983+00:00,6803,6
2024-05-10 00:01:41.151985+00:00,2130,2
2024-05-10 00:01:41.272262+00:00,5238,81
2024-05-10 00:01:41.287232+00:00,7685,8
2024-05-10 00:01:41.336426+00:00,2124,5
2024-05-10 00:01:41.383689+00:00,2471,1
2024-05-10 00:01:41.401004+00:00,670,13
2024-05-10 00:01:41.404849+00:00,297,49
2024-05-10 00:01:41.503247+00:00,925,14
2024-05-10 00:01:41.524380+00:00,6804,5
2024-05-10 00:01:41.536962+00:00,412,4
2024-05-10 00:01:41.584648+00:00,1052,242
2024-05-10 00:01:41.587535+00:00,2124,5
2024-05-10 00:01:41.587687+00:00,1557,12
2024-05-10 00:01:41.587820+00:00,7667,7
2024-05-10 00:01:41.650355+00:00,2130,1
2024-05-10 00:01:41.651635+00:00,670,13
2024-05-10 00:01:41.653558+00:00,195,3
2024-05-10 00:01:41.774948+00:00,6804,10
2024-05-10 00:01:41.775393+00:00,2860,8
2024-05-10 00:01:41.787401+00:00,2827,12
2024-05-10 00:01:41.833595+00:00,5042,20
2024-05-10 00:01:41.886656+00:00,342,85
2024-05-10 00:01:41.904960+00:00,2130,7
2024-05-10 00:01:41.905202+00:00,1039,12
2024-05-10 00:01:41.906935+00:00,1857,3
2024-05-10 00:01:42.133320+00:00,1825,4
2024-05-10 00:01:42.257201+00:00,7678,5
2024-05-10 00:01:42.268984+00:00,96,206
2024-05-10 00:01:42.332041+00:00,1481,1
2024-05-10 00:01:42.333442+00:00,1053,179
2024-05-10 00:01:42.336930+00:00,1723,13
2024-05-10 00:01:42.400553+00:00,2131,6
2024-05-10 00:01:42.405394+00:00,4373,50
2024-05-10 00:01:42.406228+00:00,1857,3
2024-05-10 00:01:42.506481+00:00,961,628
2024-05-10 00:01:42.509753+00:00,7678,8
2024-05-10 00:01:42.525180+00:00,745,5
2024-05-10 00:01:42.525663+00:00,2555,14
2024-05-10 00:01:42.590196+00:00,210,76
2024-05-10 00:01:42.590263+00:00,7667,7
2024-05-10 00:01:42.651344+00:00,954,45
2024-05-10 00:01:42.753189+00:00,1016,9
2024-05-10 00:01:42.754519+00:00,1429,10
2024-05-10 00:01:42.755003+00:00,925,142
2024-05-10 00:01:42.758473+00:00,1194,14
2024-05-10 00:01:42.758959+00:00,7683,4
2024-05-10 00:01:42.767523+00:00,2962,38
2024-05-10 00:01:42.836730+00:00,8,14
2024-05-10 00:01:42.886927+00:00,332,1
2024-05-10 00:01:42.889905+00:00,7673,4
2024-05-10 00:01:42.895133+00:00,2315,16
2024-05-10 00:01:42.903287+00:00,330,14
2024-05-10 00:01:42.903413+00:00,1857,2
2024-05-10 00:01:43.007119+00:00,7683,6
2024-05-10 00:01:43.046305+00:00,399,4
2024-05-10 00:01:43.082323+00:00,398,4
2024-05-10 00:01:43.087874+00:00,2393,6
2024-05-10 00:01:43.253671+00:00,2126,3
2024-05-10 00:01:43.258532+00:00,1216,1
2024-05-10 00:01:43.259010+00:00,1195,28
2024-05-10 00:01:43.334286+00:00,1053,1
2024-05-10 00:01:43.336826+00:00,219,3
2024-05-10 00:01:43.337090+00:00,1738,12
2024-05-10 00:01:43.337530+00:00,8,24
2024-05-10 00:01:43.337994+00:00,7668,6
2024-05-10 00:01:43.385015+00:00,2440,3
2024-05-10 00:01:43.505069+00:00,7678,1
2024-05-10 00:01:43.544283+00:00,2436,15
2024-05-10 00:01:43.587572+00:00,1554,23
2024-05-10 00:01:43.588327+00:00,1816,4
2024-05-10 00:01:43.633212+00:00,3823,12
2024-05-10 00:01:43.754111+00:00,2127,2
2024-05-10 00:01:43.767696+00:00,2962,16
2024-05-10 00:01:43.768524+00:00,100,18
2024-05-10 00:01:43.794352+00:00,7685,1
2024-05-10 00:01:43.832413+00:00,869,8
2024-05-10 00:01:43.882556+00:00,332,3
2024-05-10 00:01:44.004396+00:00,930,74
2024-05-10 00:01:44.004528+00:00,1432,31
2024-05-10 00:01:44.051077+00:00,2823,27
2024-05-10 00:01:44.086913+00:00,1609,1
2024-05-10 00:01:44.087111+00:00,7636,1
2024-05-10 00:01:44.087254+00:00,2396,1
2024-05-10 00:01:44.257396+00:00,7684,6
2024-05-10 00:01:44.257972+00:00,7680,4
2024-05-10 00:01:44.333582+00:00,1053,246
2024-05-10 00:01:44.336904+00:00,2396,4
2024-05-10 00:01:44.337011+00:00,7667,10
2024-05-10 00:01:44.384471+00:00,356,80
2024-05-10 00:01:44.401502+00:00,4410,3
2024-05-10 00:01:44.505589+00:00,933,1
2024-05-10 00:01:44.508508+00:00,1196,12
2024-05-10 00:01:44.516725+00:00,1914,1
2024-05-10 00:01:44.549587+00:00,318,4
2024-05-10 00:01:44.552694+00:00,7686,11
2024-05-10 00:01:44.584536+00:00,1066,26
2024-05-10 00:01:44.653811+00:00,610,52
2024-05-10 00:01:44.654477+00:00,7679,3
2024-05-10 00:01:44.753363+00:00,7020,3
2024-05-10 00:01:44.754172+00:00,2128,1
2024-05-10 00:01:44.758720+00:00,7683,5
2024-05-10 00:01:44.766317+00:00,2963,11
2024-05-10 00:01:44.797271+00:00,2824,30
2024-05-10 00:01:44.836500+00:00,2398,1
2024-05-10 00:01:44.900893+00:00,2442,32
2024-05-10 00:01:44.901919+00:00,1038,26
2024-05-10 00:01:44.903783+00:00,193,4
2024-05-10 00:01:45.008520+00:00,1196,21
2024-05-10 00:01:45.045382+00:00,438,20
2024-05-10 00:01:45.086482+00:00,7668,9
2024-05-10 00:01:45.158860+00:00,2450,7
2024-05-10 00:01:45.161368+00:00,193,23
2024-05-10 00:01:45.257345+00:00,2128,3
2024-05-10 00:01:45.269623+00:00,103,14
2024-05-10 00:01:45.271308+00:00,2963,19
2024-05-10 00:01:45.279880+00:00,1449,1
2024-05-10 00:01:45.294411+00:00,2423,3
2024-05-10 00:01:45.404557+00:00,614,10
2024-05-10 00:01:45.503353+00:00,1043,31
2024-05-10 00:01:45.503577+00:00,2129,4
2024-05-10 00:01:45.508112+00:00,6974,3
2024-05-10 00:01:45.508850+00:00,7683,4
2024-05-10 00:01:45.584376+00:00,1066,47
2024-05-10 00:01:45.587376+00:00,7668,9
2024-05-10 00:01:45.661724+00:00,794,20
2024-05-10 00:01:45.661993+00:00,2132,4
2024-05-10 00:01:45.664595+00:00,7681,37
2024-05-10 00:01:45.665426+00:00,192,4
2024-05-10 00:01:45.758048+00:00,3057,12
2024-05-10 00:01:46.005024+00:00,961,889
2024-05-10 00:01:46.157142+00:00,2132,2
2024-05-10 00:01:46.256005+00:00,2541,3
2024-05-10 00:01:46.257481+00:00,4267,87
2024-05-10 00:01:46.293272+00:00,1913,520
2024-05-10 00:01:46.332585+00:00,1067,30
2024-05-10 00:01:46.332871+00:00,1053,1315
2024-05-10 00:01:46.509682+00:00,2130,2
2024-05-10 00:01:46.510773+00:00,7678,5
2024-05-10 00:01:46.512075+00:00,1197,12
2024-05-10 00:01:46.518167+00:00,6807,3
2024-05-10 00:01:46.540676+00:00,1904,15
2024-05-10 00:01:46.588005+00:00,217,3
2024-05-10 00:01:46.657268+00:00,677,1
2024-05-10 00:01:46.658629+00:00,193,8
2024-05-10 00:01:46.660252+00:00,297,34
2024-05-10 00:01:46.790005+00:00,2187,6
2024-05-10 00:01:46.832479+00:00,1067,41
2024-05-10 00:01:46.834172+00:00,217,3
2024-05-10 00:01:46.881557+00:00,570,1
2024-05-10 00:01:46.911893+00:00,2133,1
2024-05-10 00:01:46.915227+00:00,7681,277
2024-05-10 00:01:46.916759+00:00,193,15
2024-05-10 00:01:47.008482+00:00,1197,5
2024-05-10 00:01:47.043061+00:00,1906,11
2024-05-10 00:01:47.044283+00:00,1906,3
2024-05-10 00:01:47.132622+00:00,1581,212
2024-05-10 00:01:47.156019+00:00,2452,61
2024-05-10 00:01:47.156213+00:00,672,58
2024-05-10 00:01:47.259552+00:00,2131,2
2024-05-10 00:01:47.260347+00:00,1198,5
2024-05-10 00:01:47.261830+00:00,7679,4
2024-05-10 00:01:47.262005+00:00,2874,51
2024-05-10 00:01:47.270445+00:00,2232,8
2024-05-10 00:01:47.333266+00:00,217,3
2024-05-10 00:01:47.381877+00:00,376,7
2024-05-10 00:01:47.405460+00:00,2133,4
2024-05-10 00:01:47.406769+00:00,7682,10
2024-05-10 00:01:47.407135+00:00,1676,3
2024-05-10 00:01:47.511604+00:00,166,4
2024-05-10 00:01:47.511779+00:00,1198,21
2024-05-10 00:01:47.517884+00:00,2481,91
2024-05-10 00:01:47.518122+00:00,1914,3
2024-05-10 00:01:47.542336+00:00,2187,6
2024-05-10 00:01:47.542798+00:00,1907,10
2024-05-10 00:01:47.543750+00:00,438,17
2024-05-10 00:01:47.544011+00:00,2426,4
2024-05-10 00:01:47.544225+00:00,2831,21
2024-05-10 00:01:47.584058+00:00,1069,12
2024-05-10 00:01:47.586190+00:00,1581,212
2024-05-10 00:01:47.586486+00:00,2241,2
2024-05-10 00:01:47.632526+00:00,7680,1
2024-05-10 00:01:47.658074+00:00,1677,8
2024-05-10 00:01:47.760124+00:00,7022,19
2024-05-10 00:01:47.763200+00:00,4267,166
2024-05-10 00:01:47.773848+00:00,2863,8
2024-05-10 00:01:47.791924+00:00,438,18
2024-05-10 00:01:47.832603+00:00,2255,3
2024-05-10 00:01:47.882833+00:00,2315,17
2024-05-10 00:01:47.884789+00:00,376,7
2024-05-10 00:01:47.908699+00:00,2456,67
2024-05-10 00:01:48.082540+00:00,2241,2
2024-05-10 00:01:48.152177+00:00,673,8
2024-05-10 00:01:48.258448+00:00,2312,133
2024-05-10 00:01:48.259231+00:00,2541,3
2024-05-10 00:01:48.260817+00:00,421,1
2024-05-10 00:01:48.291353+00:00,2190,1
2024-05-10 00:01:48.333939+00:00,1584,6
2024-05-10 00:01:48.382256+00:00,3822,1
2024-05-10 00:01:48.520316+00:00,2482,268
2024-05-10 00:01:48.521256+00:00,5463,3
2024-05-10 00:01:48.542463+00:00,2190,7
2024-05-10 00:01:48.543924+00:00,43,59
2024-05-10 00:01:48.544235+00:00,384,11
2024-05-10 00:01:48.650862+00:00,673,8
2024-05-10 00:01:48.652391+00:00,4403,24
2024-05-10 00:01:48.755819+00:00,7684,1
2024-05-10 00:01:48.770527+00:00,1914,4
2024-05-10 00:01:48.775497+00:00,678,6
2024-05-10 00:01:48.833962+00:00,7641,228
2024-05-10 00:01:48.834395+00:00,1558,1
2024-05-10 00:01:49.041988+00:00,2191,2
2024-05-10 00:01:49.042331+00:00,2430,1
2024-05-10 00:01:49.156771+00:00,2135,1
2024-05-10 00:01:49.158132+00:00,195,3
2024-05-10 00:01:49.158237+00:00,1858,2
2024-05-10 00:01:49.158393+00:00,297,33
2024-05-10 00:01:49.297617+00:00,1796,7
2024-05-10 00:01:49.299212+00:00,3636,3
2024-05-10 00:01:49.299707+00:00,46,2
2024-05-10 00:01:49.400673+00:00,2135,4
2024-05-10 00:01:49.509406+00:00,942,3
2024-05-10 00:01:49.510550+00:00,7679,1
2024-05-10 00:01:49.511007+00:00,7679,2
2024-05-10 00:01:49.549802+00:00,383,20
2024-05-10 00:01:49.631092+00:00,3822,52
2024-05-10 00:01:49.632543+00:00,4,1
2024-05-10 00:01:49.776034+00:00,4136,17
2024-05-10 00:01:49.784508+00:00,191,6
2024-05-10 00:01:49.805156+00:00,47,3
2024-05-10 00:01:49.832128+00:00,1558,23
2024-05-10 00:01:49.901230+00:00,1858,5
2024-05-10 00:01:50.005285+00:00,942,3
2024-05-10 00:01:50.006148+00:00,7679,2
2024-05-10 00:01:50.027651+00:00,4136,8
2024-05-10 00:01:50.045330+00:00,2430,253
2024-05-10 00:01:50.082594+00:00,1610,4
2024-05-10 00:01:50.134794+00:00,2366,40
2024-05-10 00:01:50.151995+00:00,675,1
2024-05-10 00:01:50.153067+00:00,4476,3
2024-05-10 00:01:50.167101+00:00,675,6
2024-05-10 00:01:50.254395+00:00,7680,1
2024-05-10 00:01:50.291670+00:00,1798,19
2024-05-10 00:01:50.332600+00:00,6297,31
2024-05-10 00:01:50.381901+00:00,1758,3
2024-05-10 00:01:50.383839+00:00,381,238
2024-05-10 00:01:50.400398+00:00,1086,12
2024-05-10 00:01:50.505584+00:00,1670,3
2024-05-10 00:01:50.506490+00:00,7686,3
2024-05-10 00:01:50.525926+00:00,1915,4
2024-05-10 00:01:50.531341+00:00,192,12
2024-05-10 00:01:50.544982+00:00,2192,74
2024-05-10 00:01:50.584229+00:00,1558,14
2024-05-10 00:01:50.650641+00:00,2136,1
2024-05-10 00:01:50.656511+00:00,4406,28
2024-05-10 00:01:50.792305+00:00,2431,64
2024-05-10 00:01:50.832293+00:00,2256,2
2024-05-10 00:01:50.881535+00:00,4510,14
2024-05-10 00:01:51.005349+00:00,1201,8
2024-05-10 00:01:51.025056+00:00,193,11
2024-05-10 00:01:51.131373+00:00,2784,1
2024-05-10 00:01:51.256753+00:00,1201,12
2024-05-10 00:01:51.296223+00:00,2431,1
2024-05-10 00:01:51.302616+00:00,2023,7
2024-05-10 00:01:51.401747+00:00,3133,22
2024-05-10 00:01:51.542659+00:00,1916,1
2024-05-10 00:01:51.542724+00:00,1799,16
2024-05-10 00:01:51.543419+00:00,2431,1
2024-05-10 00:01:51.545668+00:00,2125,3
2024-05-10 00:01:51.633634+00:00,2784,5
2024-05-10 00:01:51.651022+00:00,2556,26
2024-05-10 00:01:51.653785+00:00,1859,4
2024-05-10 00:01:51.774199+00:00,4,1
2024-05-10 00:01:51.881617+00:00,3824,27
2024-05-10 00:01:51.906511+00:00,2462,58
2024-05-10 00:01:51.907356+00:00,2139,4
2024-05-10 00:01:52.043685+00:00,1917,11
2024-05-10 00:01:52.084084+00:00,2257,51
2024-05-10 00:01:52.257258+00:00,947,22
2024-05-10 00:01:52.291341+00:00,412,1
2024-05-10 00:01:52.333472+00:00,4421,18
2024-05-10 00:01:52.336237+00:00,423,151
2024-05-10 00:01:52.382936+00:00,1641,6
2024-05-10 00:01:52.401442+00:00,4406,19
2024-05-10 00:01:52.539633+00:00,2432,184
2024-05-10 00:01:52.757586+00:00,2542,5
2024-05-10 00:01:52.759104+00:00,3682,1
2024-05-10 00:01:52.788509+00:00,45,4
2024-05-10 00:01:52.904659+00:00,298,17
2024-05-10 00:01:53.014990+00:00,3682,4
2024-05-10 00:01:53.019556+00:00,360,1
2024-05-10 00:01:53.039292+00:00,46,3
2024-05-10 00:01:53.132795+00:00,2788,4
2024-05-10 00:01:53.150879+00:00,4479,14
2024-05-10 00:01:53.255444+00:00,2542,22
2024-05-10 00:01:53.332270+00:00,1615,1
2024-05-10 00:01:53.333108+00:00,4242,3
2024-05-10 00:01:53.381711+00:00,7361,9
2024-05-10 00:01:53.401638+00:00,2466,62
2024-05-10 00:01:53.403679+00:00,2089,2
2024-05-10 00:01:53.506367+00:00,948,3
2024-05-10 00:01:53.507508+00:00,744,5
2024-05-10 00:01:53.544143+00:00,1800,22
2024-05-10 00:01:53.545805+00:00,46,3
2024-05-10 00:01:53.546439+00:00,2128,4
2024-05-10 00:01:53.650535+00:00,1087,2
2024-05-10 00:01:53.771092+00:00,360,2
2024-05-10 00:01:53.880945+00:00,1513,1
2024-05-10 00:01:53.900474+00:00,4407,14
2024-05-10 00:01:53.900664+00:00,7672,45
2024-05-10 00:01:53.900846+00:00,5337,9
2024-05-10 00:01:54.083115+00:00,1896,10
2024-05-10 00:01:54.084711+00:00,1618,56
2024-05-10 00:01:54.151464+00:00,2141,1
2024-05-10 00:01:54.152656+00:00,5337,9
2024-05-10 00:01:54.401377+00:00,4479,13
2024-05-10 00:01:54.521307+00:00,4718,43
2024-05-10 00:01:54.542432+00:00,2432,25
2024-05-10 00:01:54.543310+00:00,2856,12
2024-05-10 00:01:54.583495+00:00,1897,15
2024-05-10 00:01:54.585719+00:00,8,23
2024-05-10 00:01:54.832830+00:00,8,4
2024-05-10 00:01:54.881928+00:00,389,32
2024-05-10 00:01:54.900191+00:00,5337,9
2024-05-10 00:01:55.082185+00:00,1071,4
2024-05-10 00:01:55.084672+00:00,8,27
2024-05-10 00:01:55.085764+00:00,1557,21
2024-05-10 00:01:55.152841+00:00,5339,1
2024-05-10 00:01:55.152904+00:00,4418,13
2024-05-10 00:01:55.153545+00:00,2091,1
2024-05-10 00:01:55.275256+00:00,361,4
2024-05-10 00:01:55.296262+00:00,1800,18
2024-05-10 00:01:55.298729+00:00,7444,1
2024-05-10 00:01:55.332248+00:00,3012,3
2024-05-10 00:01:55.336692+00:00,2400,37
2024-05-10 00:01:55.400554+00:00,5339,1
2024-05-10 00:01:55.503801+00:00,963,298
2024-05-10 00:01:55.543450+00:00,2433,259
2024-05-10 00:01:55.767999+00:00,2869,12
2024-05-10 00:01:55.787767+00:00,4055,3
2024-05-10 00:01:55.836869+00:00,1070,31
2024-05-10 00:01:55.882511+00:00,659,51
2024-05-10 00:01:56.151679+00:00,2470,1
2024-05-10 00:01:56.152454+00:00,1088,9
2024-05-10 00:01:56.254852+00:00,964,246
2024-05-10 00:01:56.257287+00:00,2899,99
2024-05-10 00:01:56.257915+00:00,744,9
2024-05-10 00:01:56.289342+00:00,7442,10
2024-05-10 00:01:56.333034+00:00,1900,17
2024-05-10 00:01:56.401224+00:00,2470,2
2024-05-10 00:01:56.517418+00:00,1451,4
2024-05-10 00:01:56.544344+00:00,1801,7
2024-05-10 00:01:56.547366+00:00,2771,1
2024-05-10 00:01:56.585226+00:00,2257,10
2024-05-10 00:01:56.634577+00:00,628,84
2024-05-10 00:01:56.650910+00:00,1089,9
2024-05-10 00:01:56.753423+00:00,963,16
2024-05-10 00:01:56.901848+00:00,2471,55
2024-05-10 00:01:56.904303+00:00,5340,7
2024-05-10 00:01:57.003414+00:00,964,26
2024-05-10 00:01:57.006022+00:00,2903,4
2024-05-10 00:01:57.041868+00:00,1802,18
2024-05-10 00:01:57.085517+00:00,2260,1
2024-05-10 00:01:57.086579+00:00,1078,8
2024-05-10 00:01:57.137651+00:00,7681,30
2024-05-10 00:01:57.151687+00:00,5340,9
2024-05-10 00:01:57.385860+00:00,2637,2
2024-05-10 00:01:57.503624+00:00,2552,24
2024-05-10 00:01:57.591133+00:00,1072,29
2024-05-10 00:01:57.591236+00:00,407,13
2024-05-10 00:01:57.591539+00:00,1078,13
2024-05-10 00:01:57.592658+00:00,2360,9
2024-05-10 00:01:57.595592+00:00,4240,31
2024-05-10 00:01:57.636118+00:00,2791,55
2024-05-10 00:01:57.650624+00:00,2470,1
2024-05-10 00:01:57.769476+00:00,680,1
2024-05-10 00:01:57.787810+00:00,3268,1
2024-05-10 00:01:57.900620+00:00,2469,1
2024-05-10 00:01:57.901142+00:00,4484,4
2024-05-10 00:01:58.017854+00:00,680,1
2024-05-10 00:01:58.044836+00:00,1802,11
2024-05-10 00:01:58.046710+00:00,4055,3
2024-05-10 00:01:58.047157+00:00,673,2
2024-05-10 00:01:58.088353+00:00,407,22
2024-05-10 00:01:58.254156+00:00,1202,2
2024-05-10 00:01:58.293105+00:00,2775,5
2024-05-10 00:01:58.294708+00:00,1801,19
2024-05-10 00:01:58.297008+00:00,4055,3
2024-05-10 00:01:58.344762+00:00,1072,26
2024-05-10 00:01:58.347053+00:00,2127,6
2024-05-10 00:01:58.348941+00:00,6301,15
2024-05-10 00:01:58.543585+00:00,2362,2
2024-05-10 00:01:58.546236+00:00,4055,3
2024-05-10 00:01:58.584553+00:00,181,2
2024-05-10 00:01:58.637386+00:00,3825,26
2024-05-10 00:01:58.639630+00:00,7679,10
2024-05-10 00:01:58.651603+00:00,2419,52
2024-05-10 00:01:58.654065+00:00,1771,4
2024-05-10 00:01:58.755701+00:00,1203,6
2024-05-10 00:01:58.794853+00:00,1800,18
2024-05-10 00:01:58.834566+00:00,2263,1
2024-05-10 00:01:58.834836+00:00,182,1
2024-05-10 00:01:58.882532+00:00,88,1
2024-05-10 00:01:58.905539+00:00,5341,1
2024-05-10 00:01:58.905957+00:00,1772,3
2024-05-10 00:01:59.005214+00:00,747,7
2024-05-10 00:01:59.045465+00:00,2432,223
2024-05-10 00:01:59.086071+00:00,2263,1
2024-05-10 00:01:59.086788+00:00,2362,4
2024-05-10 00:01:59.152280+00:00,2571,22
2024-05-10 00:01:59.255246+00:00,2904,6
2024-05-10 00:01:59.267548+00:00,681,6
2024-05-10 00:01:59.296638+00:00,1800,19
2024-05-10 00:01:59.400886+00:00,4484,8
2024-05-10 00:01:59.402508+00:00,7686,3
2024-05-10 00:01:59.589052+00:00,2363,1
2024-05-10 00:01:59.591668+00:00,1427,31
2024-05-10 00:01:59.900246+00:00,2807,8
2024-05-10 00:02:00.020777+00:00,749,4
2024-05-10 00:02:00.021658+00:00,466,21
2024-05-10 00:02:00.087027+00:00,1082,13
2024-05-10 00:02:00.139410+00:00,391,1
2024-05-10 00:02:00.153611+00:00,1064,28
2024-05-10 00:02:00.156371+00:00,5343,16
2024-05-10 00:02:00.257838+00:00,2909,46
2024-05-10 00:02:00.288065+00:00,988,14
2024-05-10 00:02:00.336752+00:00,2364,4
2024-05-10 00:02:00.387650+00:00,4234,11
2024-05-10 00:02:00.388958+00:00,393,14
2024-05-10 00:02:00.400784+00:00,1012,12
2024-05-10 00:02:00.518594+00:00,682,1
2024-05-10 00:02:00.584239+00:00,6303,22
2024-05-10 00:02:00.651261+00:00,1012,12
2024-05-10 00:02:00.754570+00:00,2909,69
2024-05-10 00:02:00.766948+00:00,682,9
2024-05-10 00:02:00.886248+00:00,5123,6
2024-05-10 00:02:01.134137+00:00,653,1
2024-05-10 00:02:01.134746+00:00,570,1
2024-05-10 00:02:01.152864+00:00,297,14
2024-05-10 00:02:01.400418+00:00,2469,1
2024-05-10 00:02:01.503819+00:00,156,5
2024-05-10 00:02:01.503990+00:00,2125,72
2024-05-10 00:02:01.543003+00:00,2207,1
2024-05-10 00:02:01.545581+00:00,676,56
2024-05-10 00:02:01.634223+00:00,4235,1
2024-05-10 00:02:01.635038+00:00,394,7
2024-05-10 00:02:01.651713+00:00,2470,79
2024-05-10 00:02:01.654142+00:00,4426,3
2024-05-10 00:02:01.753420+00:00,7046,3
2024-05-10 00:02:01.754009+00:00,2481,1
2024-05-10 00:02:01.768970+00:00,684,4
2024-05-10 00:02:01.789937+00:00,5053,1
2024-05-10 00:02:01.791156+00:00,3299,1
2024-05-10 00:02:01.885775+00:00,395,11
2024-05-10 00:02:01.885915+00:00,4235,3
2024-05-10 00:02:02.020706+00:00,4750,1
2024-05-10 00:02:02.022819+00:00,992,2
2024-05-10 00:02:02.046791+00:00,5053,5
2024-05-10 00:02:02.049198+00:00,3300,7
2024-05-10 00:02:02.088546+00:00,2367,30
2024-05-10 00:02:02.089822+00:00,2266,2
2024-05-10 00:02:02.090551+00:00,1380,9
2024-05-10 00:02:02.136416+00:00,380,9
2024-05-10 00:02:02.137880+00:00,2935,6
2024-05-10 00:02:02.138433+00:00,396,11
2024-05-10 00:02:02.151166+00:00,2808,1
2024-05-10 00:02:02.253815+00:00,2126,1
2024-05-10 00:02:02.272746+00:00,24,45
2024-05-10 00:02:02.290301+00:00,2208,1
2024-05-10 00:02:02.400487+00:00,2469,1
2024-05-10 00:02:02.505280+00:00,3506,2
2024-05-10 00:02:02.506432+00:00,1207,1
2024-05-10 00:02:02.542665+00:00,5056,4
2024-05-10 00:02:02.545193+00:00,3300,9
2024-05-10 00:02:02.589317+00:00,3014,1
2024-05-10 00:02:02.639505+00:00,2937,1
2024-05-10 00:02:02.771713+00:00,468,28
2024-05-10 00:02:02.790255+00:00,2209,5
2024-05-10 00:02:02.791408+00:00,3300,1
2024-05-10 00:02:02.888005+00:00,4235,1
2024-05-10 00:02:02.888085+00:00,4081,2
2024-05-10 00:02:02.889672+00:00,396,15
2024-05-10 00:02:02.900978+00:00,2470,73
2024-05-10 00:02:03.005879+00:00,3504,6
2024-05-10 00:02:03.007560+00:00,2127,18
2024-05-10 00:02:03.040666+00:00,3300,4
2024-05-10 00:02:03.135455+00:00,2940,1
2024-05-10 00:02:03.136695+00:00,4235,10
2024-05-10 00:02:03.137006+00:00,4081,32
2024-05-10 00:02:03.152070+00:00,1070,6
2024-05-10 00:02:03.152636+00:00,2808,4
2024-05-10 00:02:03.253306+00:00,3504,6
2024-05-10 00:02:03.253949+00:00,3504,4
2024-05-10 00:02:03.337977+00:00,1084,3
2024-05-10 00:02:03.502936+00:00,2126,7
2024-05-10 00:02:03.503798+00:00,3503,5
2024-05-10 00:02:03.588556+00:00,6305,16
2024-05-10 00:02:03.651862+00:00,154,3
2024-05-10 00:02:03.754080+00:00,3503,4
2024-05-10 00:02:03.833567+00:00,4170,7
2024-05-10 00:02:03.883900+00:00,396,9
2024-05-10 00:02:03.901583+00:00,2471,70
2024-05-10 00:02:03.902402+00:00,2809,4
2024-05-10 00:02:04.002669+00:00,2128,1
2024-05-10 00:02:04.021008+00:00,901,27
2024-05-10 00:02:04.021503+00:00,197,7
2024-05-10 00:02:04.022688+00:00,691,7
2024-05-10 00:02:04.087487+00:00,1596,16
2024-05-10 00:02:04.087739+00:00,6305,1
2024-05-10 00:02:04.087814+00:00,4872,2
2024-05-10 00:02:04.134852+00:00,396,9
2024-05-10 00:02:04.252487+00:00,155,1
2024-05-10 00:02:04.268171+00:00,469,23
2024-05-10 00:02:04.290892+00:00,2852,12
2024-05-10 00:02:04.335355+00:00,3016,12
2024-05-10 00:02:04.400715+00:00,1396,3
2024-05-10 00:02:04.402177+00:00,4426,3
2024-05-10 00:02:04.632073+00:00,4238,9
2024-05-10 00:02:04.650653+00:00,2416,1
2024-05-10 00:02:04.752910+00:00,155,1
2024-05-10 00:02:04.754064+00:00,2126,11
2024-05-10 00:02:04.757455+00:00,6968,3
2024-05-10 00:02:04.840452+00:00,6305,10
2024-05-10 00:02:04.881470+00:00,4238,9
2024-05-10 00:02:04.902441+00:00,1402,8
2024-05-10 00:02:05.002745+00:00,155,2
2024-05-10 00:02:05.031063+00:00,198,3
2024-05-10 00:02:05.036935+00:00,27,12
2024-05-10 00:02:05.038318+00:00,469,20
2024-05-10 00:02:05.043159+00:00,1172,48
2024-05-10 00:02:05.091276+00:00,1811,87
2024-05-10 00:02:05.092365+00:00,1095,20
2024-05-10 00:02:05.095236+00:00,498,4
2024-05-10 00:02:05.151940+00:00,2470,1
2024-05-10 00:02:05.152565+00:00,2809,1
2024-05-10 00:02:05.155410+00:00,1815,13
2024-05-10 00:02:05.382332+00:00,1562,4
2024-05-10 00:02:05.383667+00:00,4431,9
2024-05-10 00:02:05.384329+00:00,398,13
2024-05-10 00:02:05.401308+00:00,1816,12
2024-05-10 00:02:05.503807+00:00,1791,13
2024-05-10 00:02:05.507508+00:00,1204,12
2024-05-10 00:02:05.522147+00:00,198,8
2024-05-10 00:02:05.584753+00:00,4665,4
2024-05-10 00:02:05.631395+00:00,1562,1
2024-05-10 00:02:05.633968+00:00,2941,16
2024-05-10 00:02:05.754755+00:00,2564,23
2024-05-10 00:02:05.756372+00:00,2127,8
2024-05-10 00:02:05.760061+00:00,7678,1
2024-05-10 00:02:05.760432+00:00,170,2
2024-05-10 00:02:05.768051+00:00,198,8
2024-05-10 00:02:05.883294+00:00,4081,165
2024-05-10 00:02:05.902563+00:00,1815,13
2024-05-10 00:02:06.131112+00:00,1563,3
2024-05-10 00:02:06.132739+00:00,2942,1
2024-05-10 00:02:06.254596+00:00,2128,25
2024-05-10 00:02:06.275169+00:00,200,6
2024-05-10 00:02:06.275744+00:00,2553,3
2024-05-10 00:02:06.289709+00:00,2856,23
2024-05-10 00:02:06.382752+00:00,1563,3
2024-05-10 00:02:06.400761+00:00,2470,2
2024-05-10 00:02:06.401650+00:00,5017,15
2024-05-10 00:02:06.405344+00:00,1816,12
2024-05-10 00:02:06.520223+00:00,692,8
2024-05-10 00:02:06.652624+00:00,680,7
2024-05-10 00:02:06.656201+00:00,4426,11
2024-05-10 00:02:06.758699+00:00,172,21
2024-05-10 00:02:06.758996+00:00,18,16
2024-05-10 00:02:06.760269+00:00,7681,23
2024-05-10 00:02:06.770104+00:00,470,1
2024-05-10 00:02:06.833913+00:00,4666,1
2024-05-10 00:02:06.882260+00:00,4242,1
2024-05-10 00:02:06.900861+00:00,679,223
2024-05-10 00:02:06.902508+00:00,1094,24
2024-05-10 00:02:07.026791+00:00,25,1
2024-05-10 00:02:07.027998+00:00,692,8
2024-05-10 00:02:07.029043+00:00,3224,12
2024-05-10 00:02:07.039885+00:00,3188,14
2024-05-10 00:02:07.040533+00:00,3303,1
2024-05-10 00:02:07.085078+00:00,2304,5
2024-05-10 00:02:07.151328+00:00,2811,2
2024-05-10 00:02:07.254221+00:00,967,531
2024-05-10 00:02:07.271223+00:00,2263,4
2024-05-10 00:02:07.272263+00:00,530,11
2024-05-10 00:02:07.288384+00:00,3303,1
2024-05-10 00:02:07.334651+00:00,1522,4
2024-05-10 00:02:07.335077+00:00,1102,1
2024-05-10 00:02:07.382624+00:00,4242,2
2024-05-10 00:02:07.383023+00:00,402,76
2024-05-10 00:02:07.401372+00:00,2473,13
2024-05-10 00:02:07.403845+00:00,297,12
2024-05-10 00:02:07.503435+00:00,2129,1
2024-05-10 00:02:07.507664+00:00,7681,52
2024-05-10 00:02:07.524570+00:00,26,4
2024-05-10 00:02:07.525135+00:00,762,3
2024-05-10 00:02:07.631665+00:00,4433,18
2024-05-10 00:02:07.650905+00:00,2813,5
2024-05-10 00:02:07.754615+00:00,2576,19
2024-05-10 00:02:07.756020+00:00,1205,1
2024-05-10 00:02:07.774047+00:00,471,8
2024-05-10 00:02:07.789638+00:00,2297,1
2024-05-10 00:02:07.790807+00:00,3303,1
2024-05-10 00:02:07.837796+00:00,7684,27
2024-05-10 00:02:07.838494+00:00,6308,6
2024-05-10 00:02:07.902373+00:00,1070,6
2024-05-10 00:02:07.903126+00:00,1096,23
2024-05-10 00:02:07.903403+00:00,2814,1
2024-05-10 00:02:07.906391+00:00,1713,12
2024-05-10 00:02:08.020684+00:00,910,2
2024-05-10 00:02:08.020842+00:00,2490,3
2024-05-10 00:02:08.021263+00:00,762,1
2024-05-10 00:02:08.084654+00:00,2319,9
2024-05-10 00:02:08.153099+00:00,3143,19
2024-05-10 00:02:08.156659+00:00,475,59
2024-05-10 00:02:08.287646+00:00,3303,1
2024-05-10 00:02:08.337166+00:00,4367,44
2024-05-10 00:02:08.383051+00:00,104,18
2024-05-10 00:02:08.502440+00:00,2130,12
2024-05-10 00:02:08.521075+00:00,6750,1
2024-05-10 00:02:08.542378+00:00,3189,11
2024-05-10 00:02:08.584916+00:00,855,3
2024-05-10 00:02:08.631081+00:00,7680,1
2024-05-10 00:02:08.651088+00:00,499,3
2024-05-10 00:02:08.651465+00:00,3965,6
2024-05-10 00:02:08.752958+00:00,3639,6
2024-05-10 00:02:08.753752+00:00,964,46
2024-05-10 00:02:08.774641+00:00,471,1
2024-05-10 00:02:08.775239+00:00,760,2
2024-05-10 00:02:08.775994+00:00,2553,3
2024-05-10 00:02:08.776312+00:00,6750,2
2024-05-10 00:02:08.837441+00:00,6309,20
2024-05-10 00:02:08.881935+00:00,1566,1
2024-05-10 00:02:08.882884+00:00,2945,7
2024-05-10 00:02:08.900807+00:00,5344,5
2024-05-10 00:02:09.002926+00:00,5475,240
2024-05-10 00:02:09.021542+00:00,2490,3
2024-05-10 00:02:09.042284+00:00,1402,6
2024-05-10 00:02:09.042879+00:00,1402,6
2024-05-10 00:02:09.043455+00:00,1402,6
2024-05-10 00:02:09.130434+00:00,4433,7
2024-05-10 00:02:09.157128+00:00,2814,4
2024-05-10 00:02:09.253024+00:00,1205,3
2024-05-10 00:02:09.291622+00:00,1402,6
2024-05-10 00:02:09.403388+00:00,7686,1
2024-05-10 00:02:09.403525+00:00,5345,3
2024-05-10 00:02:09.524099+00:00,1736,22
2024-05-10 00:02:09.531596+00:00,2552,5
2024-05-10 00:02:09.531654+00:00,694,3
2024-05-10 00:02:09.532733+00:00,761,44
2024-05-10 00:02:09.538306+00:00,1402,6
2024-05-10 00:02:09.588000+00:00,849,9
2024-05-10 00:02:09.588430+00:00,2778,20
2024-05-10 00:02:09.632035+00:00,106,12
2024-05-10 00:02:09.650129+00:00,1096,23
2024-05-10 00:02:09.650146+00:00,4076,15
2024-05-10 00:02:09.776851+00:00,540,16
2024-05-10 00:02:09.785105+00:00,695,2
2024-05-10 00:02:09.785566+00:00,472,16
2024-05-10 00:02:09.786311+00:00,2551,6
2024-05-10 00:02:09.788721+00:00,1402,8
2024-05-10 00:02:09.837004+00:00,2321,8
2024-05-10 00:02:09.838088+00:00,2139,2
2024-05-10 00:02:09.838646+00:00,7686,10
2024-05-10 00:02:09.883040+00:00,4433,15
2024-05-10 00:02:09.900412+00:00,2474,10
2024-05-10 00:02:09.901042+00:00,2815,5
2024-05-10 00:02:10.039425+00:00,1402,6
2024-05-10 00:02:10.152253+00:00,2474,10
2024-05-10 00:02:10.253333+00:00,267,16
2024-05-10 00:02:10.288720+00:00,1402,8
2024-05-10 00:02:10.383119+00:00,4431,9
2024-05-10 00:02:10.384410+00:00,472,195
2024-05-10 00:02:10.400566+00:00,2816,4
2024-05-10 00:02:10.503233+00:00,156,1
2024-05-10 00:02:10.504893+00:00,25,17
2024-05-10 00:02:10.521307+00:00,542,11
2024-05-10 00:02:10.524259+00:00,27,1
2024-05-10 00:02:10.584563+00:00,2321,1
2024-05-10 00:02:10.585697+00:00,4670,4
2024-05-10 00:02:10.651101+00:00,2474,1
2024-05-10 00:02:10.651607+00:00,1096,61
2024-05-10 00:02:10.654036+00:00,476,1
2024-05-10 00:02:10.761050+00:00,2131,13
2024-05-10 00:02:10.763616+00:00,7685,349
2024-05-10 00:02:10.777207+00:00,28,17
2024-05-10 00:02:10.837519+00:00,2321,1
2024-05-10 00:02:10.839644+00:00,265,15
2024-05-10 00:02:10.882349+00:00,1771,18
2024-05-10 00:02:11.004182+00:00,156,1
2024-05-10 00:02:11.021035+00:00,946,41
2024-05-10 00:02:11.042883+00:00,2438,7
2024-05-10 00:02:11.044529+00:00,1402,2
2024-05-10 00:02:11.087471+00:00,2322,5
2024-05-10 00:02:11.089787+00:00,2140,1
2024-05-10 00:02:11.131014+00:00,473,1
2024-05-10 00:02:11.152018+00:00,2476,8
2024-05-10 00:02:11.273033+00:00,2263,1
2024-05-10 00:02:11.279199+00:00,27,20
2024-05-10 00:02:11.298147+00:00,2295,85
2024-05-10 00:02:11.300337+00:00,1402,1
2024-05-10 00:02:11.301211+00:00,1402,6
2024-05-10 00:02:11.301906+00:00,1402,6
2024-05-10 00:02:11.344298+00:00,2140,3
2024-05-10 00:02:11.381616+00:00,7667,1
2024-05-10 00:02:11.382790+00:00,4519,18
2024-05-10 00:02:11.506592+00:00,2132,12
2024-05-10 00:02:11.523707+00:00,2263,5
2024-05-10 00:02:11.527322+00:00,765,7
2024-05-10 00:02:11.550762+00:00,4051,4
2024-05-10 00:02:11.550985+00:00,1402,9
2024-05-10 00:02:11.551695+00:00,1402,6
2024-05-10 00:02:11.595764+00:00,2441,11
2024-05-10 00:02:11.601793+00:00,3021,11
2024-05-10 00:02:11.622598+00:00,265,4
2024-05-10 00:02:11.631797+00:00,474,2
2024-05-10 00:02:11.632586+00:00,4434,1
2024-05-10 00:02:11.632784+00:00,2949,8
2024-05-10 00:02:11.651148+00:00,5348,1
2024-05-10 00:02:11.761227+00:00,157,14
2024-05-10 00:02:11.771016+00:00,2263,5
2024-05-10 00:02:11.775362+00:00,27,32
2024-05-10 00:02:11.797224+00:00,1402,6
2024-05-10 00:02:11.838095+00:00,2325,3
2024-05-10 00:02:11.839398+00:00,2140,37
2024-05-10 00:02:11.880859+00:00,2198,4
2024-05-10 00:02:11.905992+00:00,3967,7
2024-05-10 00:02:12.004407+00:00,27,26
2024-05-10 00:02:12.022252+00:00,544,12
2024-05-10 00:02:12.022804+00:00,2264,4
2024-05-10 00:02:12.027745+00:00,1510,3
2024-05-10 00:02:12.131552+00:00,4434,13
2024-05-10 00:02:12.156306+00:00,476,1
2024-05-10 00:02:12.156982+00:00,2131,12
2024-05-10 00:02:12.157922+00:00,476,6
2024-05-10 00:02:12.300361+00:00,1402,6
2024-05-10 00:02:12.301596+00:00,2632,12
2024-05-10 00:02:12.335537+00:00,628,237
2024-05-10 00:02:12.401101+00:00,5059,47
2024-05-10 00:02:12.401859+00:00,3046,2
2024-05-10 00:02:12.511415+00:00,27,27
2024-05-10 00:02:12.524694+00:00,1448,1
2024-05-10 00:02:12.546507+00:00,1403,18
2024-05-10 00:02:12.636938+00:00,7686,8
2024-05-10 00:02:12.638621+00:00,474,2
2024-05-10 00:02:12.650909+00:00,476,6
2024-05-10 00:02:12.755356+00:00,2593,2
2024-05-10 00:02:12.770383+00:00,693,4
2024-05-10 00:02:12.793833+00:00,1181,26
2024-05-10 00:02:12.796330+00:00,1403,10
2024-05-10 00:02:13.027742+00:00,3224,11
2024-05-10 00:02:13.029096+00:00,28,13
2024-05-10 00:02:13.130952+00:00,3035,1
2024-05-10 00:02:13.151926+00:00,2816,5
2024-05-10 00:02:13.156216+00:00,5349,8
2024-05-10 00:02:13.260335+00:00,27,27
2024-05-10 00:02:13.288525+00:00,1181,32
2024-05-10 00:02:13.291120+00:00,274,16
2024-05-10 00:02:13.291322+00:00,1403,18
2024-05-10 00:02:13.338512+00:00,1246,5
2024-05-10 00:02:13.340620+00:00,7684,31
2024-05-10 00:02:13.381831+00:00,3037,7
2024-05-10 00:02:13.383749+00:00,2834,2
2024-05-10 00:02:13.400423+00:00,3153,19
2024-05-10 00:02:13.401213+00:00,3046,4
2024-05-10 00:02:13.403827+00:00,3965,6
2024-05-10 00:02:13.404093+00:00,479,1
2024-05-10 00:02:13.404309+00:00,1862,11
2024-05-10 00:02:13.520285+00:00,30,11
2024-05-10 00:02:13.536993+00:00,1403,15
2024-05-10 00:02:13.538161+00:00,1403,18
2024-05-10 00:02:13.631239+00:00,7669,1
2024-05-10 00:02:13.631808+00:00,958,13
2024-05-10 00:02:13.652022+00:00,3364,12
2024-05-10 00:02:13.654464+00:00,1861,64
2024-05-10 00:02:13.655806+00:00,1862,13
2024-05-10 00:02:13.766480+00:00,4797,3
2024-05-10 00:02:13.787050+00:00,2860,7
2024-05-10 00:02:13.789169+00:00,274,3
2024-05-10 00:02:13.789352+00:00,1403,18
2024-05-10 00:02:13.790267+00:00,1403,18
2024-05-10 00:02:13.833533+00:00,849,3
2024-05-10 00:02:14.017347+00:00,552,13
2024-05-10 00:02:14.021325+00:00,947,17
2024-05-10 00:02:14.037343+00:00,957,14
2024-05-10 00:02:14.037832+00:00,2859,1
2024-05-10 00:02:14.039423+00:00,1404,6
2024-05-10 00:02:14.040636+00:00,1404,16
2024-05-10 00:02:14.154155+00:00,3967,49
2024-05-10 00:02:14.255785+00:00,951,19
2024-05-10 00:02:14.269719+00:00,29,6
2024-05-10 00:02:14.270365+00:00,2662,2
2024-05-10 00:02:14.288127+00:00,1404,13
2024-05-10 00:02:14.289115+00:00,274,34
2024-05-10 00:02:14.289422+00:00,1404,15
2024-05-10 00:02:14.381674+00:00,633,1
2024-05-10 00:02:14.382584+00:00,635,6
2024-05-10 00:02:14.384029+00:00,7669,1
2024-05-10 00:02:14.401180+00:00,1070,11
2024-05-10 00:02:14.402488+00:00,1014,4
2024-05-10 00:02:14.402984+00:00,5350,5
2024-05-10 00:02:14.536887+00:00,2419,6
2024-05-10 00:02:14.538227+00:00,1405,14
2024-05-10 00:02:14.591156+00:00,268,9
2024-05-10 00:02:14.650942+00:00,1014,10
2024-05-10 00:02:14.771211+00:00,770,2
2024-05-10 00:02:14.771905+00:00,2662,2
2024-05-10 00:02:14.772467+00:00,948,17
2024-05-10 00:02:14.787833+00:00,1405,14
2024-05-10 00:02:14.838670+00:00,1247,18
2024-05-10 00:02:14.900599+00:00,3967,5
2024-05-10 00:02:15.023885+00:00,31,1
2024-05-10 00:02:15.038321+00:00,1084,8
2024-05-10 00:02:15.096414+00:00,269,11
2024-05-10 00:02:15.261498+00:00,29,14
2024-05-10 00:02:15.289975+00:00,1084,16
2024-05-10 00:02:15.345325+00:00,635,231
2024-05-10 00:02:15.349286+00:00,269,21
2024-05-10 00:02:15.382214+00:00,2197,2
2024-05-10 00:02:15.401065+00:00,1014,3
2024-05-10 00:02:15.520516+00:00,2662,2
2024-05-10 00:02:15.522148+00:00,38,20
2024-05-10 00:02:15.537121+00:00,2862,8
2024-05-10 00:02:15.585336+00:00,1249,13
2024-05-10 00:02:15.651479+00:00,1861,18
2024-05-10 00:02:15.652355+00:00,5350,6
2024-05-10 00:02:15.652788+00:00,1014,7
2024-05-10 00:02:15.760634+00:00,2917,95
2024-05-10 00:02:15.767314+00:00,4157,11
2024-05-10 00:02:15.771488+00:00,947,3
2024-05-10 00:02:15.786826+00:00,744,3
2024-05-10 00:02:15.840636+00:00,405,15
2024-05-10 00:02:15.880748+00:00,7670,21
2024-05-10 00:02:15.881653+00:00,4121,1
2024-05-10 00:02:15.901293+00:00,2511,10
2024-05-10 00:02:16.018908+00:00,947,1
2024-05-10 00:02:16.037788+00:00,3189,29
2024-05-10 00:02:16.083800+00:00,3101,2
2024-05-10 00:02:16.133821+00:00,4121,6
2024-05-10 00:02:16.152560+00:00,3969,64
2024-05-10 00:02:16.287018+00:00,2861,5
2024-05-10 00:02:16.291259+00:00,4332,5
2024-05-10 00:02:16.400569+00:00,1014,7
2024-05-10 00:02:16.401028+00:00,227,32
2024-05-10 00:02:16.520475+00:00,911,2
2024-05-10 00:02:16.589149+00:00,269,12
2024-05-10 00:02:16.764163+00:00,33,13
2024-05-10 00:02:16.771713+00:00,38,18
2024-05-10 00:02:16.772149+00:00,948,7
2024-05-10 00:02:16.786733+00:00,2773,2
2024-05-10 00:02:16.838277+00:00,4369,2
2024-05-10 00:02:16.840475+00:00,7686,47
2024-05-10 00:02:16.886361+00:00,475,268
2024-05-10 00:02:16.902910+00:00,1015,8
2024-05-10 00:02:17.018306+00:00,926,16
2024-05-10 00:02:17.024185+00:00,694,9
2024-05-10 00:02:17.037221+00:00,486,219
2024-05-10 00:02:17.037844+00:00,2424,4
2024-05-10 00:02:17.131662+00:00,3041,191
2024-05-10 00:02:17.133731+00:00,1775,3
2024-05-10 00:02:17.150687+00:00,2148,13
2024-05-10 00:02:17.151705+00:00,5990,14
2024-05-10 00:02:17.152147+00:00,499,3
2024-05-10 00:02:17.261911+00:00,3648,1
2024-05-10 00:02:17.265516+00:00,2917,121
2024-05-10 00:02:17.267556+00:00,4785,11
2024-05-10 00:02:17.402941+00:00,5993,25
2024-05-10 00:02:17.518668+00:00,39,1
2024-05-10 00:02:17.519750+00:00,1218,1
2024-05-10 00:02:17.519862+00:00,4477,3
2024-05-10 00:02:17.589233+00:00,7686,115
2024-05-10 00:02:17.632375+00:00,3826,17
2024-05-10 00:02:17.651297+00:00,1109,40
2024-05-10 00:02:17.651561+00:00,2481,1
2024-05-10 00:02:17.653395+00:00,5352,4
2024-05-10 00:02:17.668343+00:00,5994,6
2024-05-10 00:02:17.760263+00:00,956,314
2024-05-10 00:02:17.767144+00:00,2901,13
2024-05-10 00:02:17.772747+00:00,697,24
2024-05-10 00:02:17.787344+00:00,2862,22
2024-05-10 00:02:17.788557+00:00,2428,11
2024-05-10 00:02:17.791692+00:00,988,5
2024-05-10 00:02:17.837022+00:00,850,8
2024-05-10 00:02:17.837946+00:00,2719,9
2024-05-10 00:02:17.838638+00:00,407,4
2024-05-10 00:02:18.007283+00:00,30,14
2024-05-10 00:02:18.021883+00:00,39,7
2024-05-10 00:02:18.023034+00:00,948,2
2024-05-10 00:02:18.023305+00:00,40,1
2024-05-10 00:02:18.023385+00:00,5053,9
2024-05-10 00:02:18.038398+00:00,1406,12
2024-05-10 00:02:18.160495+00:00,746,4
2024-05-10 00:02:18.288192+00:00,6595,2
2024-05-10 00:02:18.340688+00:00,267,15
2024-05-10 00:02:18.383281+00:00,3826,17
2024-05-10 00:02:18.386445+00:00,4125,1
2024-05-10 00:02:18.407931+00:00,5351,5
2024-05-10 00:02:18.408002+00:00,5994,15
2024-05-10 00:02:18.507668+00:00,4477,3
2024-05-10 00:02:18.516722+00:00,41,1
2024-05-10 00:02:18.536810+00:00,2438,3
2024-05-10 00:02:18.586928+00:00,7685,28
2024-05-10 00:02:18.656945+00:00,481,227
2024-05-10 00:02:18.759115+00:00,31,14
2024-05-10 00:02:18.759857+00:00,3648,2
2024-05-10 00:02:18.766832+00:00,2267,5
2024-05-10 00:02:18.833599+00:00,890,1
2024-05-10 00:02:18.915824+00:00,1108,1
2024-05-10 00:02:18.916371+00:00,7686,42
2024-05-10 00:02:18.917060+00:00,1078,3
2024-05-10 00:02:18.917548+00:00,4080,7
2024-05-10 00:02:18.920917+00:00,4380,22
2024-05-10 00:02:19.018197+00:00,4157,13
2024-05-10 00:02:19.025041+00:00,2551,3
2024-05-10 00:02:19.025536+00:00,947,6
2024-05-10 00:02:19.038124+00:00,490,5
2024-05-10 00:02:19.038940+00:00,2864,1
2024-05-10 00:02:19.039367+00:00,2438,5
2024-05-10 00:02:19.257463+00:00,3648,69
2024-05-10 00:02:19.266801+00:00,660,3
2024-05-10 00:02:19.267581+00:00,5625,3
2024-05-10 00:02:19.274748+00:00,43,19
2024-05-10 00:02:19.275508+00:00,947,4
2024-05-10 00:02:19.293710+00:00,959,4
2024-05-10 00:02:19.337020+00:00,4176,42
2024-05-10 00:02:19.337811+00:00,269,2
2024-05-10 00:02:19.402266+00:00,1108,4
2024-05-10 00:02:19.536477+00:00,3383,6
2024-05-10 00:02:19.537575+00:00,4050,1
2024-05-10 00:02:19.587960+00:00,4893,1
2024-05-10 00:02:19.656069+00:00,749,1
2024-05-10 00:02:19.658308+00:00,5995,15
2024-05-10 00:02:19.756925+00:00,2915,15
2024-05-10 00:02:19.767409+00:00,2269,12
2024-05-10 00:02:19.774458+00:00,345,38
2024-05-10 00:02:19.775373+00:00,947,22
2024-05-10 00:02:19.776077+00:00,43,3
2024-05-10 00:02:19.835144+00:00,269,20
2024-05-10 00:02:19.905220+00:00,749,12
2024-05-10 00:02:20.006494+00:00,1807,3
2024-05-10 00:02:20.007550+00:00,4482,13
2024-05-10 00:02:20.046439+00:00,745,10
2024-05-10 00:02:20.047837+00:00,1084,15
2024-05-10 00:02:20.140697+00:00,4436,1
2024-05-10 00:02:20.157966+00:00,2511,10
2024-05-10 00:02:20.158279+00:00,949,1
2024-05-10 00:02:20.158904+00:00,949,1
2024-05-10 00:02:20.161814+00:00,5356,1
2024-05-10 00:02:20.259193+00:00,928,16
2024-05-10 00:02:20.260685+00:00,35,20
2024-05-10 00:02:20.267779+00:00,44,1
2024-05-10 00:02:20.268536+00:00,4758,9
2024-05-10 00:02:20.391779+00:00,958,13
2024-05-10 00:02:20.393792+00:00,4436,2
2024-05-10 00:02:20.406495+00:00,949,2
2024-05-10 00:02:20.407217+00:00,2483,1
2024-05-10 00:02:20.407997+00:00,3490,21
2024-05-10 00:02:20.518072+00:00,2265,10
2024-05-10 00:02:20.522702+00:00,2551,3
2024-05-10 00:02:20.537096+00:00,4051,3
2024-05-10 00:02:20.584927+00:00,7677,53
2024-05-10 00:02:20.635518+00:00,475,752
2024-05-10 00:02:20.651735+00:00,950,1
2024-05-10 00:02:20.756161+00:00,2307,3
2024-05-10 00:02:20.767105+00:00,4162,8
2024-05-10 00:02:20.903120+00:00,1109,8
2024-05-10 00:02:21.004368+00:00,6966,1
2024-05-10 00:02:21.018268+00:00,46,1
2024-05-10 00:02:21.038699+00:00,1183,21
2024-05-10 00:02:21.040399+00:00,988,12
2024-05-10 00:02:21.040839+00:00,1120,1
2024-05-10 00:02:21.086837+00:00,3434,3
2024-05-10 00:02:21.087129+00:00,4895,2
2024-05-10 00:02:21.136260+00:00,111,11
2024-05-10 00:02:21.136689+00:00,3828,26
2024-05-10 00:02:21.153030+00:00,750,5
2024-05-10 00:02:21.260854+00:00,1807,5
2024-05-10 00:02:21.261281+00:00,6967,9
2024-05-10 00:02:21.341444+00:00,6309,3
2024-05-10 00:02:21.342979+00:00,7678,52
2024-05-10 00:02:21.382511+00:00,4437,3
2024-05-10 00:02:21.413228+00:00,5998,1
2024-05-10 00:02:21.505074+00:00,930,4
2024-05-10 00:02:21.537542+00:00,2864,12
2024-05-10 00:02:21.591837+00:00,849,18
2024-05-10 00:02:21.635805+00:00,2478,2
2024-05-10 00:02:21.637859+00:00,1776,2
2024-05-10 00:02:21.661074+00:00,1453,43
2024-05-10 00:02:21.661385+00:00,1109,34
2024-05-10 00:02:21.768634+00:00,4761,15
2024-05-10 00:02:21.787144+00:00,3385,5
2024-05-10 00:02:21.788765+00:00,1280,2
2024-05-10 00:02:21.840500+00:00,1610,63
2024-05-10 00:02:21.842612+00:00,278,12
2024-05-10 00:02:21.843321+00:00,897,3
2024-05-10 00:02:21.883596+00:00,276,24
2024-05-10 00:02:21.911930+00:00,1016,39
2024-05-10 00:02:22.007979+00:00,1785,22
2024-05-10 00:02:22.008908+00:00,43,17
2024-05-10 00:02:22.010924+00:00,6967,4
2024-05-10 00:02:22.021983+00:00,48,14
2024-05-10 00:02:22.159463+00:00,2448,1
2024-05-10 00:02:22.161094+00:00,3974,9
2024-05-10 00:02:22.161499+00:00,1907,4
2024-05-10 00:02:22.161566+00:00,5357,253
2024-05-10 00:02:22.286868+00:00,5053,1
2024-05-10 00:02:22.339074+00:00,6311,8
2024-05-10 00:02:22.386081+00:00,2639,1
2024-05-10 00:02:22.388440+00:00,280,15
2024-05-10 00:02:22.408318+00:00,5999,14
2024-05-10 00:02:22.508560+00:00,718,91
2024-05-10 00:02:22.509504+00:00,43,17
2024-05-10 00:02:22.536609+00:00,5053,1
2024-05-10 00:02:22.538408+00:00,2868,11
2024-05-10 00:02:22.541609+00:00,1280,1
2024-05-10 00:02:22.591129+00:00,410,15
2024-05-10 00:02:22.592463+00:00,896,8
2024-05-10 00:02:22.640501+00:00,3831,18
2024-05-10 00:02:22.653878+00:00,1111,2
2024-05-10 00:02:22.766827+00:00,2547,4
2024-05-10 00:02:22.788194+00:00,5053,15
2024-05-10 00:02:22.910716+00:00,4426,3
2024-05-10 00:02:23.007047+00:00,3680,2
2024-05-10 00:02:23.021177+00:00,700,14
2024-05-10 00:02:23.039366+00:00,494,1
2024-05-10 00:02:23.042245+00:00,277,13
2024-05-10 00:02:23.054542+00:00,2299,337
2024-05-10 00:02:23.156089+00:00,3064,5
2024-05-10 00:02:23.158059+00:00,1454,65
2024-05-10 00:02:23.256332+00:00,932,1
2024-05-10 00:02:23.271842+00:00,700,44
2024-05-10 00:02:23.335370+00:00,6314,5
2024-05-10 00:02:23.389158+00:00,3831,16
2024-05-10 00:02:23.391892+00:00,281,23
2024-05-10 00:02:23.403659+00:00,1111,3
2024-05-10 00:02:23.403709+00:00,3065,4
2024-05-10 00:02:23.509334+00:00,932,2
2024-05-10 00:02:23.511943+00:00,3680,2
2024-05-10 00:02:23.516668+00:00,2550,9
2024-05-10 00:02:23.588240+00:00,7669,7
2024-05-10 00:02:23.588743+00:00,897,4
2024-05-10 00:02:23.655618+00:00,4426,3
2024-05-10 00:02:23.655911+00:00,5999,14
2024-05-10 00:02:23.753752+00:00,48,1
2024-05-10 00:02:23.755065+00:00,3681,1
2024-05-10 00:02:23.768928+00:00,700,21
2024-05-10 00:02:23.787038+00:00,4589,3
2024-05-10 00:02:23.886826+00:00,639,9
2024-05-10 00:02:23.888936+00:00,284,23
2024-05-10 00:02:23.904601+00:00,989,6
2024-05-10 00:02:23.906214+00:00,5999,6
2024-05-10 00:02:24.004065+00:00,204,20
2024-05-10 00:02:24.008278+00:00,180,29
2024-05-10 00:02:24.022720+00:00,53,15
2024-05-10 00:02:24.024110+00:00,698,32
2024-05-10 00:02:24.085807+00:00,897,4
2024-05-10 00:02:24.132492+00:00,2640,4
2024-05-10 00:02:24.158312+00:00,3490,14
2024-05-10 00:02:24.270469+00:00,3683,1
2024-05-10 00:02:24.270910+00:00,699,2
2024-05-10 00:02:24.286961+00:00,493,106
2024-05-10 00:02:24.289595+00:00,954,15
2024-05-10 00:02:24.340759+00:00,2831,2
2024-05-10 00:02:24.345730+00:00,2441,4
2024-05-10 00:02:24.404269+00:00,3065,1
2024-05-10 00:02:24.404894+00:00,1111,2
2024-05-10 00:02:24.406129+00:00,2072,11
2024-05-10 00:02:24.505777+00:00,179,25
2024-05-10 00:02:24.518291+00:00,701,4
2024-05-10 00:02:24.541668+00:00,953,18
2024-05-10 00:02:24.591260+00:00,49,38
2024-05-10 00:02:24.594520+00:00,4888,1
2024-05-10 00:02:24.642076+00:00,4439,138
2024-05-10 00:02:24.657866+00:00,277,14
2024-05-10 00:02:24.660315+00:00,6000,14
2024-05-10 00:02:24.754385+00:00,207,27
2024-05-10 00:02:24.788034+00:00,493,181
2024-05-10 00:02:24.835782+00:00,1609,16
2024-05-10 00:02:24.836365+00:00,2832,1
2024-05-10 00:02:24.837500+00:00,897,4
2024-05-10 00:02:24.901763+00:00,1111,4
2024-05-10 00:02:25.023505+00:00,4165,8
2024-05-10 00:02:25.027627+00:00,702,1
2024-05-10 00:02:25.028455+00:00,2482,2
2024-05-10 00:02:25.037941+00:00,5056,1
2024-05-10 00:02:25.038504+00:00,4765,27
2024-05-10 00:02:25.040573+00:00,702,6
2024-05-10 00:02:25.134735+00:00,642,11
2024-05-10 00:02:25.271125+00:00,4166,7
2024-05-10 00:02:25.275042+00:00,3681,2
2024-05-10 00:02:25.288028+00:00,5056,23
2024-05-10 00:02:25.335330+00:00,2832,1
2024-05-10 00:02:25.336389+00:00,2445,13
2024-05-10 00:02:25.383759+00:00,643,14
2024-05-10 00:02:25.412986+00:00,1016,25
2024-05-10 00:02:25.541203+00:00,1168,23
2024-05-10 00:02:25.550141+00:00,496,2
2024-05-10 00:02:25.586949+00:00,755,1
2024-05-10 00:02:25.587954+00:00,2764,1
2024-05-10 00:02:25.588604+00:00,4134,1
2024-05-10 00:02:25.633301+00:00,3829,39
2024-05-10 00:02:25.661443+00:00,4290,14
2024-05-10 00:02:25.661682+00:00,278,13
2024-05-10 00:02:25.666730+00:00,1016,27
2024-05-10 00:02:25.667027+00:00,6000,19
2024-05-10 00:02:25.667762+00:00,3323,81
2024-05-10 00:02:25.754281+00:00,487,9
2024-05-10 00:02:25.756971+00:00,6967,8
2024-05-10 00:02:25.766729+00:00,4788,1
2024-05-10 00:02:25.786330+00:00,2867,30
2024-05-10 00:02:25.846495+00:00,194,18
2024-05-10 00:02:25.848357+00:00,954,3
2024-05-10 00:02:25.880636+00:00,2557,118
2024-05-10 00:02:25.881746+00:00,4493,1
2024-05-10 00:02:26.085249+00:00,2832,2
2024-05-10 00:02:26.086017+00:00,7670,24
2024-05-10 00:02:26.130979+00:00,2643,1
2024-05-10 00:02:26.131700+00:00,643,13
2024-05-10 00:02:26.156171+00:00,278,5
2024-05-10 00:02:26.156440+00:00,7686,42
2024-05-10 00:02:26.268781+00:00,705,2
2024-05-10 00:02:26.288922+00:00,497,1
2024-05-10 00:02:26.346070+00:00,4135,5
2024-05-10 00:02:26.406112+00:00,747,98
2024-05-10 00:02:26.406404+00:00,2818,4
2024-05-10 00:02:26.543283+00:00,953,17
2024-05-10 00:02:26.585220+00:00,1202,156
2024-05-10 00:02:26.585703+00:00,52,29
2024-05-10 00:02:26.589897+00:00,7673,45
2024-05-10 00:02:26.631265+00:00,1138,3
2024-05-10 00:02:26.633360+00:00,3391,96
2024-05-10 00:02:26.754829+00:00,6968,5
2024-05-10 00:02:26.756229+00:00,1313,16
2024-05-10 00:02:26.902077+00:00,755,2
2024-05-10 00:02:27.002677+00:00,208,1
2024-05-10 00:02:27.019677+00:00,914,9
2024-05-10 00:02:27.039245+00:00,2868,3
2024-05-10 00:02:27.131093+00:00,563,4
2024-05-10 00:02:27.159137+00:00,278,1
2024-05-10 00:02:27.159274+00:00,2819,5
2024-05-10 00:02:27.162386+00:00,224,19
2024-05-10 00:02:27.332579+00:00,3022,3
2024-05-10 00:02:27.381518+00:00,434,6
2024-05-10 00:02:27.382283+00:00,563,4
2024-05-10 00:02:27.409222+00:00,2507,5
2024-05-10 00:02:27.410495+00:00,278,14
2024-05-10 00:02:27.413526+00:00,2738,13
2024-05-10 00:02:27.520378+00:00,916,3
2024-05-10 00:02:27.530827+00:00,707,130
2024-05-10 00:02:27.583486+00:00,1609,37
2024-05-10 00:02:27.584913+00:00,1376,9
2024-05-10 00:02:27.585829+00:00,2457,3
2024-05-10 00:02:27.586102+00:00,2755,13
2024-05-10 00:02:27.631811+00:00,434,14
2024-05-10 00:02:27.757475+00:00,1313,14
2024-05-10 00:02:27.789224+00:00,2868,3
2024-05-10 00:02:27.832877+00:00,53,10
2024-05-10 00:02:28.019372+00:00,917,2
2024-05-10 00:02:28.046257+00:00,2954,1
2024-05-10 00:02:28.048449+00:00,4589,5
2024-05-10 00:02:28.082376+00:00,476,9
2024-05-10 00:02:28.155535+00:00,222,14
2024-05-10 00:02:28.293632+00:00,498,106
2024-05-10 00:02:28.295801+00:00,4921,2
2024-05-10 00:02:28.382373+00:00,4144,5
2024-05-10 00:02:28.384227+00:00,6911,9
2024-05-10 00:02:28.385083+00:00,1834,40
2024-05-10 00:02:28.400744+00:00,279,20
2024-05-10 00:02:28.405668+00:00,1954,14
2024-05-10 00:02:28.520520+00:00,917,2
2024-05-10 00:02:28.650393+00:00,2822,5
2024-05-10 00:02:28.652595+00:00,6000,1
2024-05-10 00:02:28.754185+00:00,208,23
2024-05-10 00:02:28.757015+00:00,1373,24
2024-05-10 00:02:28.767087+00:00,4792,6
2024-05-10 00:02:28.801711+00:00,953,17
2024-05-10 00:02:28.832266+00:00,2949,5
2024-05-10 00:02:28.834362+00:00,4145,8
2024-05-10 00:02:28.900133+00:00,756,8
2024-05-10 00:02:28.901161+00:00,1111,16
2024-05-10 00:02:28.902881+00:00,2738,16
2024-05-10 00:02:29.003558+00:00,208,15
2024-05-10 00:02:29.022735+00:00,52,16
2024-05-10 00:02:29.045814+00:00,498,163
2024-05-10 00:02:29.047360+00:00,1184,14
2024-05-10 00:02:29.050429+00:00,4589,14
2024-05-10 00:02:29.131356+00:00,646,12
2024-05-10 00:02:29.268067+00:00,2347,2
2024-05-10 00:02:29.293277+00:00,1507,9
2024-05-10 00:02:29.334144+00:00,2555,3
2024-05-10 00:02:29.335696+00:00,1378,10
2024-05-10 00:02:29.335873+00:00,2460,5
2024-05-10 00:02:29.336304+00:00,2755,1
2024-05-10 00:02:29.401761+00:00,562,28
2024-05-10 00:02:29.403680+00:00,3015,5
2024-05-10 00:02:29.502538+00:00,208,23
2024-05-10 00:02:29.517500+00:00,1444,4
2024-05-10 00:02:29.584245+00:00,1378,10
2024-05-10 00:02:29.755118+00:00,566,9
2024-05-10 00:02:29.767085+00:00,716,3
2024-05-10 00:02:29.771017+00:00,917,1
2024-05-10 00:02:29.832739+00:00,196,7
2024-05-10 00:02:29.834617+00:00,7642,1
2024-05-10 00:02:29.834680+00:00,2755,1
2024-05-10 00:02:29.900497+00:00,6002,1
2024-05-10 00:02:29.901517+00:00,1021,10
2024-05-10 00:02:30.082026+00:00,2557,1
2024-05-10 00:02:30.086897+00:00,7642,7
2024-05-10 00:02:30.152254+00:00,2738,39
2024-05-10 00:02:30.252990+00:00,566,19
2024-05-10 00:02:30.267289+00:00,2277,15
2024-05-10 00:02:30.333743+00:00,2557,16
2024-05-10 00:02:30.334208+00:00,52,18
2024-05-10 00:02:30.337792+00:00,5076,3
2024-05-10 00:02:30.543282+00:00,1509,25
2024-05-10 00:02:30.543530+00:00,2516,295
2024-05-10 00:02:30.583272+00:00,2950,5
2024-05-10 00:02:30.584299+00:00,1216,114
2024-05-10 00:02:30.632689+00:00,3829,69
2024-05-10 00:02:30.755800+00:00,210,27
2024-05-10 00:02:30.766736+00:00,4793,5
2024-05-10 00:02:30.797654+00:00,1401,10
2024-05-10 00:02:30.798341+00:00,1401,7
2024-05-10 00:02:30.832644+00:00,2385,247
2024-05-10 00:02:30.881131+00:00,3726,6
2024-05-10 00:02:30.881691+00:00,4501,11
2024-05-10 00:02:30.883711+00:00,6915,4
2024-05-10 00:02:31.002685+00:00,485,3
2024-05-10 00:02:31.044792+00:00,1509,25
2024-05-10 00:02:31.045413+00:00,1401,1
2024-05-10 00:02:31.046358+00:00,1401,10
2024-05-10 00:02:31.082235+00:00,2563,14
2024-05-10 00:02:31.132578+00:00,648,10
2024-05-10 00:02:31.132863+00:00,2561,4
2024-05-10 00:02:31.133126+00:00,4003,42
2024-05-10 00:02:31.136011+00:00,6915,8
2024-05-10 00:02:31.151706+00:00,279,13
2024-05-10 00:02:31.155635+00:00,970,1
2024-05-10 00:02:31.253605+00:00,632,3
2024-05-10 00:02:31.253839+00:00,209,14
2024-05-10 00:02:31.288137+00:00,1401,10
2024-05-10 00:02:31.288491+00:00,950,15
2024-05-10 00:02:31.383341+00:00,1268,24
2024-05-10 00:02:31.384481+00:00,2561,18
2024-05-10 00:02:31.387338+00:00,435,4
2024-05-10 00:02:31.388673+00:00,1836,43
2024-05-10 00:02:31.400329+00:00,2831,3
2024-05-10 00:02:31.404123+00:00,6005,16
2024-05-10 00:02:31.518607+00:00,914,9
2024-05-10 00:02:31.540356+00:00,1404,21
2024-05-10 00:02:31.584534+00:00,58,16
2024-05-10 00:02:31.586887+00:00,5076,3
2024-05-10 00:02:31.632223+00:00,1140,3
2024-05-10 00:02:31.769347+00:00,2831,12
2024-05-10 00:02:31.833234+00:00,4396,10
2024-05-10 00:02:31.906664+00:00,2086,2
2024-05-10 00:02:31.906872+00:00,224,21
2024-05-10 00:02:32.018413+00:00,1267,16
2024-05-10 00:02:32.083745+00:00,2613,22
2024-05-10 00:02:32.083919+00:00,57,7
2024-05-10 00:02:32.131638+00:00,655,1
2024-05-10 00:02:32.155418+00:00,2738,13
2024-05-10 00:02:32.155545+00:00,1209,2
2024-05-10 00:02:32.268696+00:00,53,17
2024-05-10 00:02:32.332297+00:00,57,1
2024-05-10 00:02:32.334197+00:00,7644,11
2024-05-10 00:02:32.382555+00:00,7684,3
2024-05-10 00:02:32.382854+00:00,3166,22
2024-05-10 00:02:32.404785+00:00,2335,3
2024-05-10 00:02:32.503737+00:00,213,17
2024-05-10 00:02:32.519413+00:00,415,3
2024-05-10 00:02:32.539101+00:00,1404,14
2024-05-10 00:02:32.590381+00:00,56,14
2024-05-10 00:02:32.636170+00:00,2172,1
2024-05-10 00:02:32.636654+00:00,1253,19
2024-05-10 00:02:32.638674+00:00,6918,9
2024-05-10 00:02:32.655419+00:00,104,14
2024-05-10 00:02:32.656084+00:00,2086,2
2024-05-10 00:02:32.772569+00:00,55,24
2024-05-10 00:02:32.832386+00:00,1610,4
2024-05-10 00:02:32.834357+00:00,5076,3
2024-05-10 00:02:32.882786+00:00,3727,7
2024-05-10 00:02:33.042429+00:00,2875,22
2024-05-10 00:02:33.083386+00:00,55,18
2024-05-10 00:02:33.293034+00:00,2135,8
2024-05-10 00:02:33.294780+00:00,951,26
2024-05-10 00:02:33.332922+00:00,2618,8
2024-05-10 00:02:33.406982+00:00,2087,2
2024-05-10 00:02:33.503782+00:00,3108,4
2024-05-10 00:02:33.542048+00:00,1184,18
2024-05-10 00:02:33.630703+00:00,3828,54
2024-05-10 00:02:34.002892+00:00,714,93
2024-05-10 00:02:34.025633+00:00,360,31
2024-05-10 00:02:34.082199+00:00,278,21
2024-05-10 00:02:34.151800+00:00,861,12
2024-05-10 00:02:34.156451+00:00,1266,255
2024-05-10 00:02:34.272941+00:00,1070,7
2024-05-10 00:02:34.293544+00:00,4381,2
2024-05-10 00:02:34.296774+00:00,1162,4
2024-05-10 00:02:34.401837+00:00,7153,1003
2024-05-10 00:02:34.518412+00:00,298,279
2024-05-10 00:02:34.523386+00:00,917,2
2024-05-10 00:02:34.543206+00:00,1513,23
2024-05-10 00:02:34.543361+00:00,1186,16
2024-05-10 00:02:34.545167+00:00,1161,1
2024-05-10 00:02:34.545722+00:00,1405,12
2024-05-10 00:02:34.583263+00:00,1909,3
2024-05-10 00:02:34.832137+00:00,56,1
2024-05-10 00:02:34.881520+00:00,6528,3
2024-05-10 00:02:34.901516+00:00,6009,11
2024-05-10 00:02:35.007719+00:00,711,21
2024-05-10 00:02:35.041955+00:00,1405,12
2024-05-10 00:02:35.042710+00:00,1405,12
2024-05-10 00:02:35.043384+00:00,1405,7
2024-05-10 00:02:35.082543+00:00,56,11
2024-05-10 00:02:35.083237+00:00,2624,17
2024-05-10 00:02:35.084061+00:00,1981,3
2024-05-10 00:02:35.132317+00:00,113,13
2024-05-10 00:02:35.133564+00:00,3153,9
2024-05-10 00:02:35.134083+00:00,6920,6
2024-05-10 00:02:35.134592+00:00,4691,20
2024-05-10 00:02:35.152073+00:00,6010,1
2024-05-10 00:02:35.259772+00:00,711,21
2024-05-10 00:02:35.291161+00:00,1514,4
2024-05-10 00:02:35.293120+00:00,1405,12
2024-05-10 00:02:35.332113+00:00,4370,6
2024-05-10 00:02:35.332426+00:00,1107,9
2024-05-10 00:02:35.401333+00:00,939,14
2024-05-10 00:02:35.506803+00:00,213,16
2024-05-10 00:02:35.545120+00:00,1405,12
2024-05-10 00:02:35.545560+00:00,1161,1
2024-05-10 00:02:35.637143+00:00,1258,15
2024-05-10 00:02:35.638660+00:00,6920,2
2024-05-10 00:02:35.639325+00:00,4530,9
2024-05-10 00:02:35.767694+00:00,426,28
2024-05-10 00:02:35.768642+00:00,2281,12
2024-05-10 00:02:35.774164+00:00,1825,4
2024-05-10 00:02:35.790163+00:00,1187,2
2024-05-10 00:02:35.791680+00:00,4909,12
2024-05-10 00:02:35.836181+00:00,2757,86
2024-05-10 00:02:35.836661+00:00,1110,1
2024-05-10 00:02:35.887607+00:00,112,24
2024-05-10 00:02:35.900830+00:00,6011,4
2024-05-10 00:02:36.037168+00:00,1406,14
2024-05-10 00:02:36.081808+00:00,4373,6
2024-05-10 00:02:36.083257+00:00,3412,3
2024-05-10 00:02:36.140350+00:00,3187,24
2024-05-10 00:02:36.142965+00:00,6920,12
2024-05-10 00:02:36.254364+00:00,6962,3
2024-05-10 00:02:36.269073+00:00,917,2
2024-05-10 00:02:36.287700+00:00,1186,15
2024-05-10 00:02:36.289630+00:00,1162,1
2024-05-10 00:02:36.332225+00:00,1113,1
2024-05-10 00:02:36.402003+00:00,104,20
2024-05-10 00:02:36.517252+00:00,2680,14
2024-05-10 00:02:36.521876+00:00,33,2
2024-05-10 00:02:36.536500+00:00,1407,12
2024-05-10 00:02:36.585118+00:00,1113,1
2024-05-10 00:02:36.759269+00:00,2831,106
2024-05-10 00:02:36.766773+00:00,1844,1
2024-05-10 00:02:36.786685+00:00,4046,3
2024-05-10 00:02:36.833887+00:00,1113,17
2024-05-10 00:02:36.885634+00:00,6925,54
2024-05-10 00:02:37.040021+00:00,755,1
2024-05-10 00:02:37.040221+00:00,1164,1
2024-05-10 00:02:37.082155+00:00,1221,156
2024-05-10 00:02:37.135822+00:00,4530,9
2024-05-10 00:02:37.152852+00:00,6012,1
2024-05-10 00:02:37.253805+00:00,33,2
2024-05-10 00:02:37.286990+00:00,228,18
2024-05-10 00:02:37.288032+00:00,1179,23
2024-05-10 00:02:37.333064+00:00,3426,3
2024-05-10 00:02:37.400801+00:00,752,15
2024-05-10 00:02:37.524597+00:00,7584,45
2024-05-10 00:02:37.539642+00:00,4046,3
2024-05-10 00:02:37.540173+00:00,754,2
2024-05-10 00:02:37.583529+00:00,203,16
2024-05-10 00:02:37.585238+00:00,1632,217
2024-05-10 00:02:37.757490+00:00,2833,1
2024-05-10 00:02:37.766705+00:00,2680,11
2024-05-10 00:02:37.788474+00:00,1179,41
2024-05-10 00:02:37.790355+00:00,1163,1
2024-05-10 00:02:37.901256+00:00,3681,110
2024-05-10 00:02:37.901479+00:00,4391,11
2024-05-10 00:02:38.038570+00:00,1162,6
2024-05-10 00:02:38.133170+00:00,113,12
2024-05-10 00:02:38.134229+00:00,4776,2
2024-05-10 00:02:38.151696+00:00,1765,2
2024-05-10 00:02:38.153472+00:00,106,15
2024-05-10 00:02:38.272053+00:00,368,22
2024-05-10 00:02:38.286960+00:00,4046,3
2024-05-10 00:02:38.287571+00:00,1162,5
2024-05-10 00:02:38.332965+00:00,1115,13
2024-05-10 00:02:38.400581+00:00,6015,3
2024-05-10 00:02:38.517101+00:00,4294,415
2024-05-10 00:02:38.522934+00:00,1070,7
2024-05-10 00:02:38.537916+00:00,4590,12
2024-05-10 00:02:38.538541+00:00,1162,5
2024-05-10 00:02:38.633678+00:00,416,82
2024-05-10 00:02:38.767349+00:00,2284,12
2024-05-10 00:02:38.787692+00:00,2899,30
2024-05-10 00:02:38.790411+00:00,4045,4
2024-05-10 00:02:38.790516+00:00,749,7
2024-05-10 00:02:38.894194+00:00,6932,59
2024-05-10 00:02:39.018121+00:00,143,208
2024-05-10 00:02:39.038586+00:00,229,17
2024-05-10 00:02:39.082539+00:00,7685,9
2024-05-10 00:02:39.293348+00:00,1164,1
2024-05-10 00:02:39.401167+00:00,2913,3
2024-05-10 00:02:39.537678+00:00,2899,19
2024-05-10 00:02:39.538557+00:00,1180,6
2024-05-10 00:02:39.584513+00:00,1253,60
2024-05-10 00:02:39.634503+00:00,4500,111
2024-05-10 00:02:39.768039+00:00,2495,1
2024-05-10 00:02:40.082050+00:00,58,2
2024-05-10 00:02:40.083131+00:00,2947,8
2024-05-10 00:02:40.152456+00:00,940,3
2024-05-10 00:02:40.153178+00:00,7686,37
2024-05-10 00:02:40.258911+00:00,3059,34
2024-05-10 00:02:40.272880+00:00,2286,9
2024-05-10 00:02:40.277570+00:00,201,60
2024-05-10 00:02:40.288918+00:00,747,9
2024-05-10 00:02:40.332570+00:00,58,6
2024-05-10 00:02:40.385416+00:00,4237,1
2024-05-10 00:02:40.403216+00:00,3971,4
2024-05-10 00:02:40.524291+00:00,1067,6
2024-05-10 00:02:40.583786+00:00,4877,17
2024-05-10 00:02:40.587081+00:00,2541,22
2024-05-10 00:02:40.636595+00:00,6940,57
2024-05-10 00:02:40.652823+00:00,7591,39
2024-05-10 00:02:40.655504+00:00,1113,3
2024-05-10 00:02:40.655875+00:00,3971,3
2024-05-10 00:02:40.754338+00:00,2283,3
2024-05-10 00:02:40.758084+00:00,2372,142
2024-05-10 00:02:40.771395+00:00,744,63
2024-05-10 00:02:40.787448+00:00,1164,82
2024-05-10 00:02:40.832405+00:00,60,1
2024-05-10 00:02:40.833651+00:00,2506,8
2024-05-10 00:02:40.900750+00:00,1768,2
2024-05-10 00:02:41.002609+00:00,629,12
2024-05-10 00:02:41.030023+00:00,203,10
2024-05-10 00:02:41.139748+00:00,3829,50
2024-05-10 00:02:41.151862+00:00,2912,24
2024-05-10 00:02:41.254826+00:00,581,288
2024-05-10 00:02:41.257395+00:00,7679,1
2024-05-10 00:02:41.280895+00:00,1414,9
2024-05-10 00:02:41.281310+00:00,7588,39
2024-05-10 00:02:41.288409+00:00,2494,82
2024-05-10 00:02:41.333102+00:00,60,27
2024-05-10 00:02:41.386467+00:00,7678,3
2024-05-10 00:02:41.386518+00:00,4239,4
2024-05-10 00:02:41.523118+00:00,2287,8
2024-05-10 00:02:41.529595+00:00,204,9
2024-05-10 00:02:41.536823+00:00,4592,5
2024-05-10 00:02:41.537047+00:00,950,16
2024-05-10 00:02:41.537777+00:00,1166,4
2024-05-10 00:02:41.584865+00:00,498,16
2024-05-10 00:02:41.586538+00:00,7684,23
2024-05-10 00:02:41.636319+00:00,1678,40
2024-05-10 00:02:41.650709+00:00,3051,4
2024-05-10 00:02:41.651571+00:00,3971,3
2024-05-10 00:02:41.904038+00:00,1768,3
2024-05-10 00:02:41.905270+00:00,861,19
2024-05-10 00:02:42.002479+00:00,2835,1
2024-05-10 00:02:42.025227+00:00,204,13
2024-05-10 00:02:42.025453+00:00,2497,19
2024-05-10 00:02:42.082329+00:00,2510,2
2024-05-10 00:02:42.145328+00:00,7671,18
2024-05-10 00:02:42.151520+00:00,3052,3
2024-05-10 00:02:42.152092+00:00,941,3
2024-05-10 00:02:42.153580+00:00,2816,18
2024-05-10 00:02:42.269101+00:00,4290,1
2024-05-10 00:02:42.287172+00:00,7684,1
2024-05-10 00:02:42.290069+00:00,950,13
2024-05-10 00:02:42.332508+00:00,62,6
2024-05-10 00:02:42.387938+00:00,3829,41
2024-05-10 00:02:42.389238+00:00,1678,43
2024-05-10 00:02:42.389645+00:00,1114,12
2024-05-10 00:02:42.400672+00:00,1768,3
2024-05-10 00:02:42.520377+00:00,2288,7
2024-05-10 00:02:42.521073+00:00,4289,6
2024-05-10 00:02:42.587499+00:00,1636,2
2024-05-10 00:02:42.588347+00:00,2510,15
2024-05-10 00:02:42.641959+00:00,1678,8
2024-05-10 00:02:42.651042+00:00,1767,1
2024-05-10 00:02:42.653762+00:00,104,1
2024-05-10 00:02:42.771802+00:00,2290,5
2024-05-10 00:02:42.776099+00:00,204,9
2024-05-10 00:02:42.787512+00:00,950,19
2024-05-10 00:02:42.895036+00:00,433,86
2024-05-10 00:02:42.901946+00:00,4695,10
2024-05-10 00:02:42.904619+00:00,104,13
2024-05-10 00:02:43.031980+00:00,204,6
2024-05-10 00:02:43.032223+00:00,2497,89
2024-05-10 00:02:43.037057+00:00,2899,3
2024-05-10 00:02:43.082805+00:00,1635,1
2024-05-10 00:02:43.139885+00:00,4505,60
2024-05-10 00:02:43.142561+00:00,7670,1
2024-05-10 00:02:43.142807+00:00,6949,30
2024-05-10 00:02:43.152604+00:00,7679,8
2024-05-10 00:02:43.152810+00:00,3176,39
2024-05-10 00:02:43.153763+00:00,975,9
2024-05-10 00:02:43.157459+00:00,3600,59
2024-05-10 00:02:43.268864+00:00,7591,15
2024-05-10 00:02:43.269185+00:00,1412,44
2024-05-10 00:02:43.334594+00:00,2511,14
2024-05-10 00:02:43.335072+00:00,7671,10
2024-05-10 00:02:43.403294+00:00,3974,224
2024-05-10 00:02:43.503194+00:00,7684,1
2024-05-10 00:02:43.583014+00:00,63,21
2024-05-10 00:02:43.584649+00:00,898,1
2024-05-10 00:02:43.585098+00:00,1635,2
2024-05-10 00:02:43.586167+00:00,500,11
2024-05-10 00:02:43.651439+00:00,1702,33
2024-05-10 00:02:43.787281+00:00,480,1
2024-05-10 00:02:43.788907+00:00,3662,9
2024-05-10 00:02:43.832587+00:00,2512,4
2024-05-10 00:02:43.833694+00:00,500,11
2024-05-10 00:02:43.888236+00:00,3830,33
2024-05-10 00:02:43.902405+00:00,757,44
2024-05-10 00:02:44.022317+00:00,2292,5
2024-05-10 00:02:44.027446+00:00,916,3
2024-05-10 00:02:44.028057+00:00,3449,2
2024-05-10 00:02:44.039965+00:00,4592,5
2024-05-10 00:02:44.087681+00:00,1636,1
2024-05-10 00:02:44.135563+00:00,7684,1
2024-05-10 00:02:44.151961+00:00,1459,6
2024-05-10 00:02:44.153321+00:00,1954,3
2024-05-10 00:02:44.153768+00:00,2387,9
2024-05-10 00:02:44.255243+00:00,7039,1
2024-05-10 00:02:44.269069+00:00,4290,1
2024-05-10 00:02:44.386421+00:00,7673,17
2024-05-10 00:02:44.387511+00:00,4240,1
2024-05-10 00:02:44.401835+00:00,1955,17
2024-05-10 00:02:44.503104+00:00,2138,2
2024-05-10 00:02:44.520346+00:00,3464,3
2024-05-10 00:02:44.583658+00:00,61,87
2024-05-10 00:02:44.584167+00:00,1614,4
2024-05-10 00:02:44.585136+00:00,1127,21
2024-05-10 00:02:44.636498+00:00,434,1
2024-05-10 00:02:44.637278+00:00,3154,5
2024-05-10 00:02:44.638091+00:00,7684,1
2024-05-10 00:02:44.651985+00:00,4390,11
2024-05-10 00:02:44.652112+00:00,1972,13
2024-05-10 00:02:44.772209+00:00,6449,6
2024-05-10 00:02:44.777104+00:00,1003,3
2024-05-10 00:02:45.021427+00:00,4771,3
2024-05-10 00:02:45.025293+00:00,1340,25
2024-05-10 00:02:45.037395+00:00,2900,13
2024-05-10 00:02:45.037523+00:00,3664,7
2024-05-10 00:02:45.038591+00:00,4594,9
2024-05-10 00:02:45.082526+00:00,61,18
2024-05-10 00:02:45.083281+00:00,1614,3
2024-05-10 00:02:45.137290+00:00,4240,10
2024-05-10 00:02:45.257410+00:00,3068,1
2024-05-10 00:02:45.332326+00:00,1661,3
2024-05-10 00:02:45.336150+00:00,2513,1
2024-05-10 00:02:45.392595+00:00,1917,1
2024-05-10 00:02:45.393939+00:00,3191,15
2024-05-10 00:02:45.394132+00:00,7685,8
2024-05-10 00:02:45.400535+00:00,976,22
2024-05-10 00:02:45.402587+00:00,105,13
2024-05-10 00:02:45.520255+00:00,1828,3
2024-05-10 00:02:45.582745+00:00,1127,10
2024-05-10 00:02:45.583717+00:00,1614,3
2024-05-10 00:02:45.588193+00:00,1661,17
2024-05-10 00:02:45.640270+00:00,4837,15
2024-05-10 00:02:45.641153+00:00,7669,13
2024-05-10 00:02:45.643913+00:00,4696,546
2024-05-10 00:02:45.835611+00:00,7686,1
2024-05-10 00:02:45.837120+00:00,2513,9
2024-05-10 00:02:45.900863+00:00,4295,4
2024-05-10 00:02:46.004240+00:00,67,37
2024-05-10 00:02:46.027778+00:00,1829,2
2024-05-10 00:02:46.027794+00:00,2493,3
2024-05-10 00:02:46.029143+00:00,1339,21
2024-05-10 00:02:46.029913+00:00,1005,11
2024-05-10 00:02:46.086118+00:00,1661,432
2024-05-10 00:02:46.135409+00:00,3830,13
2024-05-10 00:02:46.135963+00:00,1078,3
2024-05-10 00:02:46.137429+00:00,7686,8
2024-05-10 00:02:46.263432+00:00,2160,8
2024-05-10 00:02:46.264927+00:00,1515,9
2024-05-10 00:02:46.265134+00:00,2378,1
2024-05-10 00:02:46.287664+00:00,2331,13
2024-05-10 00:02:46.332399+00:00,2187,18
2024-05-10 00:02:46.388757+00:00,7684,13
2024-05-10 00:02:46.401678+00:00,4390,13
2024-05-10 00:02:46.511972+00:00,829,17
2024-05-10 00:02:46.526859+00:00,3463,32
2024-05-10 00:02:46.536976+00:00,4772,2
2024-05-10 00:02:46.586035+00:00,4897,6
2024-05-10 00:02:46.587178+00:00,1661,13
2024-05-10 00:02:46.603170+00:00,2188,17
2024-05-10 00:02:46.635020+00:00,7039,2
2024-05-10 00:02:46.635923+00:00,1919,28
2024-05-10 00:02:46.652742+00:00,105,7
2024-05-10 00:02:46.756151+00:00,3979,1
2024-05-10 00:02:46.757345+00:00,1663,32
2024-05-10 00:02:46.903010+00:00,105,13
2024-05-10 00:02:46.903494+00:00,1059,2
2024-05-10 00:02:47.020399+00:00,1005,19
2024-05-10 00:02:47.038239+00:00,4045,13
2024-05-10 00:02:47.038821+00:00,4081,1
2024-05-10 00:02:47.082942+00:00,1265,24
2024-05-10 00:02:47.136906+00:00,7671,25
2024-05-10 00:02:47.138523+00:00,7677,9
2024-05-10 00:02:47.153678+00:00,7685,7
2024-05-10 00:02:47.274793+00:00,1008,19
2024-05-10 00:02:47.332396+00:00,2188,15
2024-05-10 00:02:47.333123+00:00,66,14
2024-05-10 00:02:47.333689+00:00,1134,16
2024-05-10 00:02:47.336308+00:00,1662,12
2024-05-10 00:02:47.388549+00:00,1547,9
2024-05-10 00:02:47.390596+00:00,4530,9
2024-05-10 00:02:47.401571+00:00,1438,18
2024-05-10 00:02:47.403186+00:00,4389,11
2024-05-10 00:02:47.518936+00:00,1830,1
2024-05-10 00:02:47.582702+00:00,1617,3
2024-05-10 00:02:47.582951+00:00,741,7
2024-05-10 00:02:47.584517+00:00,4396,15
2024-05-10 00:02:47.638106+00:00,1078,3
2024-05-10 00:02:47.786947+00:00,3671,2
2024-05-10 00:02:47.832144+00:00,2188,9
2024-05-10 00:02:47.833383+00:00,741,7
2024-05-10 00:02:47.833560+00:00,66,22
2024-05-10 00:02:47.893581+00:00,764,15
2024-05-10 00:02:47.897782+00:00,7669,111
2024-05-10 00:02:48.085024+00:00,4902,3
2024-05-10 00:02:48.085601+00:00,2519,3
2024-05-10 00:02:48.134085+00:00,2330,7
2024-05-10 00:02:48.154414+00:00,7677,6
2024-05-10 00:02:48.261907+00:00,3983,79
2024-05-10 00:02:48.275362+00:00,2508,3
2024-05-10 00:02:48.282328+00:00,1014,9
2024-05-10 00:02:48.282846+00:00,733,69
2024-05-10 00:02:48.332147+00:00,1616,5
2024-05-10 00:02:48.332873+00:00,2189,12
2024-05-10 00:02:48.519550+00:00,2509,3
2024-05-10 00:02:48.523537+00:00,3464,31
2024-05-10 00:02:48.537083+00:00,1422,56
2024-05-10 00:02:48.585617+00:00,66,30
2024-05-10 00:02:48.832405+00:00,1980,2
2024-05-10 00:02:48.884233+00:00,3829,53
2024-05-10 00:02:48.903022+00:00,7679,1
2024-05-10 00:02:48.909901+00:00,1955,13
2024-05-10 00:02:49.038180+00:00,1176,22
2024-05-10 00:02:49.041098+00:00,4054,4
2024-05-10 00:02:49.082707+00:00,1033,9
2024-05-10 00:02:49.136307+00:00,1078,3
2024-05-10 00:02:49.137461+00:00,7670,15
2024-05-10 00:02:49.272271+00:00,2508,3
2024-05-10 00:02:49.331871+00:00,1980,2
2024-05-10 00:02:49.384315+00:00,2329,3
2024-05-10 00:02:49.401785+00:00,104,28
2024-05-10 00:02:49.541077+00:00,739,2
2024-05-10 00:02:49.584334+00:00,67,37
2024-05-10 00:02:49.585123+00:00,1980,2
2024-05-10 00:02:49.636211+00:00,3086,12
2024-05-10 00:02:49.650527+00:00,1957,1
2024-05-10 00:02:49.756348+00:00,1517,5
2024-05-10 00:02:49.773587+00:00,2229,2
2024-05-10 00:02:49.786459+00:00,1174,46
2024-05-10 00:02:49.786795+00:00,2520,1
2024-05-10 00:02:49.831912+00:00,743,7
2024-05-10 00:02:49.887995+00:00,113,13
2024-05-10 00:02:49.890110+00:00,7678,8
2024-05-10 00:02:49.890580+00:00,4533,1
2024-05-10 00:02:50.012156+00:00,3453,20
2024-05-10 00:02:50.015517+00:00,2163,10
2024-05-10 00:02:50.037680+00:00,1797,5
2024-05-10 00:02:50.038090+00:00,3907,10
2024-05-10 00:02:50.257515+00:00,992,6
2024-05-10 00:02:50.257745+00:00,2164,8
2024-05-10 00:02:50.274317+00:00,4085,418
2024-05-10 00:02:50.333521+00:00,7678,23
2024-05-10 00:02:50.536824+00:00,3907,26
2024-05-10 00:02:50.540138+00:00,2652,15
2024-05-10 00:02:50.583776+00:00,2189,1
2024-05-10 00:02:50.585720+00:00,4918,11
2024-05-10 00:02:50.652814+00:00,1959,1
2024-05-10 00:02:50.787902+00:00,1174,12
2024-05-10 00:02:50.832764+00:00,7678,9
2024-05-10 00:02:50.835195+00:00,4504,1
2024-05-10 00:02:50.889978+00:00,295,24
2024-05-10 00:02:50.890696+00:00,1547,9
2024-05-10 00:02:50.900573+00:00,2902,3
2024-05-10 00:02:50.904603+00:00,1960,1
2024-05-10 00:02:50.905464+00:00,1960,1
2024-05-10 00:02:50.906911+00:00,108,26
2024-05-10 00:02:51.004564+00:00,3984,65
2024-05-10 00:02:51.005360+00:00,1521,5
2024-05-10 00:02:51.036565+00:00,1797,45
2024-05-10 00:02:51.037616+00:00,1498,3
2024-05-10 00:02:51.082937+00:00,2190,11
2024-05-10 00:02:51.084855+00:00,2452,3
2024-05-10 00:02:51.135754+00:00,4533,9
2024-05-10 00:02:51.151556+00:00,2902,3
2024-05-10 00:02:51.156012+00:00,1961,1
2024-05-10 00:02:51.267057+00:00,1338,6
2024-05-10 00:02:51.288002+00:00,1499,2
2024-05-10 00:02:51.333321+00:00,373,19
2024-05-10 00:02:51.386947+00:00,4032,8
2024-05-10 00:02:51.388210+00:00,7671,1
2024-05-10 00:02:51.404753+00:00,1961,1
2024-05-10 00:02:51.512295+00:00,832,41
2024-05-10 00:02:51.515832+00:00,2189,9
2024-05-10 00:02:51.518465+00:00,1013,4
2024-05-10 00:02:51.538468+00:00,1798,37
2024-05-10 00:02:51.583536+00:00,2190,16
2024-05-10 00:02:51.585016+00:00,744,2
2024-05-10 00:02:51.637339+00:00,4534,1
2024-05-10 00:02:51.637539+00:00,7672,8
2024-05-10 00:02:51.758663+00:00,1566,4
2024-05-10 00:02:51.787655+00:00,3907,19
2024-05-10 00:02:51.833337+00:00,4130,30
2024-05-10 00:02:51.909004+00:00,764,40
2024-05-10 00:02:51.909505+00:00,1961,1
2024-05-10 00:02:51.909687+00:00,108,17
2024-05-10 00:02:52.008095+00:00,551,7
2024-05-10 00:02:52.010104+00:00,2190,1
2024-05-10 00:02:52.010835+00:00,870,3
2024-05-10 00:02:52.019019+00:00,1011,12
2024-05-10 00:02:52.135959+00:00,113,12
2024-05-10 00:02:52.137614+00:00,4534,4
2024-05-10 00:02:52.156385+00:00,1962,2
2024-05-10 00:02:52.156617+00:00,113,12
2024-05-10 00:02:52.401491+00:00,2904,9
2024-05-10 00:02:52.536838+00:00,744,2
2024-05-10 00:02:52.589247+00:00,2192,1
