block,ordinal,plan_id,total_rows,active_count,shape,replica,max_fraction,cv,expert_ids,counts,latency_us
0,0,r256_a4_zipf_rep0,256,4,zipf,0,0.4765625,0.551653232622179,6;27;28;50,122;62;41;31,321.9200074672699
0,1,r256_a4_uniform_rep1,256,4,uniform,1,0.25,0.0,36;50;54;61,64;64;64;64,295.6160008907318
0,2,r256_a4_linear_skew_rep0,256,4,linear_skew,0,0.3984375,0.44373349441134147,6;27;28;50,102;77;51;26,281.5040051937103
0,3,r32_a2_linear_skew_rep2,32,2,linear_skew,2,0.65625,0.3125,1;48,21;11,165.0560051202774
0,4,r128_a2_zipf_rep1,128,2,zipf,1,0.6640625,0.328125,38;42,85;43,161.40800714492798
0,5,r128_a8_zipf_rep2,128,8,zipf,2,0.3515625,0.7551903733496608,0;6;9;12;25;45;56;60,45;23;16;12;10;8;7;7,492.0639991760254
0,6,r128_a4_hot50_rep0,128,4,hot50,0,0.4921875,0.5594535559365049,37;40;48;52,63;22;22;21,294.5919930934906
0,7,r256_a1_linear_skew_rep1,256,1,linear_skew,1,1.0,0.0,13,256,130.3039938211441
0,8,r128_a16_zipf_rep0,128,16,zipf,0,0.265625,0.967236721283885,11;12;13;17;18;22;24;33;41;43;47;50;57;60;62;63,34;18;12;9;8;6;6;5;5;4;4;4;4;3;3;3,932.7999949455261
0,9,r64_a2_uniform_rep0,64,2,uniform,0,0.5,0.0,16;17,32;32,168.60799491405487
0,10,r256_a2_linear_skew_rep0,256,2,linear_skew,0,0.6640625,0.328125,4;62,170;86,162.91199624538422
0,11,r32_a1_uniform_rep0,32,1,uniform,0,1.0,0.0,37,32,115.90400338172913
0,12,r256_a2_uniform_rep1,256,2,uniform,1,0.5,0.0,1;5,128;128,155.45600652694702
0,13,r128_a8_zipf_rep0,128,8,zipf,0,0.3515625,0.7551903733496608,2;4;14;17;27;37;53;57,45;23;16;12;10;8;7;7,490.5279874801636
0,14,r32_a8_uniform_rep2,32,8,uniform,2,0.125,0.0,4;10;18;29;34;60;61;63,4;4;4;4;4;4;4;4,472.79998660087585
0,15,r128_a8_uniform_rep0,128,8,uniform,0,0.125,0.0,2;4;14;17;27;37;53;57,16;16;16;16;16;16;16;16,467.5840139389038
0,16,r64_a1_zipf_rep0,64,1,zipf,0,1.0,0.0,39,64,113.34399878978729
0,17,r32_a1_uniform_rep2,32,1,uniform,2,1.0,0.0,10,32,111.84000223875046
0,18,r32_a16_linear_skew_rep1,32,16,linear_skew,1,0.09375,0.3535533905932738,2;10;13;18;19;24;27;28;29;42;43;45;47;48;57;59,3;3;3;3;2;2;2;2;2;2;2;2;1;1;1;1,912.1599793434143
0,19,r256_a2_hot50_rep1,256,2,hot50,1,0.5,0.0,1;5,128;128,154.94400262832642
0,20,r64_a1_hot50_rep0,64,1,hot50,0,1.0,0.0,39,64,109.95200276374817
0,21,r128_a4_linear_skew_rep2,128,4,linear_skew,2,0.3984375,0.44028133761266786,0;11;15;55,51;38;26;13,282.49600529670715
0,22,r128_a1_uniform_rep1,128,1,uniform,1,1.0,0.0,48,128,104.12800312042236
0,23,r32_a8_hot50_rep1,32,8,hot50,1,0.40625,0.8569568250501305,12;15;17;18;39;41;47;58,13;3;3;3;3;3;2;2,473.34399819374084
0,24,r128_a4_zipf_rep0,128,4,zipf,0,0.46875,0.5326268921581034,37;40;48;52,60;31;21;16,278.9439857006073
0,25,r64_a4_zipf_rep0,64,4,zipf,0,0.46875,0.5284854539152426,9;42;56;58,30;15;11;8,266.1759853363037
0,26,r32_a2_uniform_rep2,32,2,uniform,2,0.5,0.0,1;48,16;16,151.5520066022873
0,27,r256_a2_uniform_rep0,256,2,uniform,0,0.5,0.0,4;62,128;128,151.93599462509155
0,28,r128_a4_uniform_rep0,128,4,uniform,0,0.25,0.0,37;40;48;52,32;32;32;32,280.09599447250366
0,29,r32_a1_zipf_rep0,32,1,zipf,0,1.0,0.0,37,32,108.47999900579453
0,30,r256_a2_uniform_rep2,256,2,uniform,2,0.5,0.0,27;45,128;128,149.85600113868713
0,31,r256_a8_uniform_rep0,256,8,uniform,0,0.125,0.0,0;5;10;21;27;34;36;50,32;32;32;32;32;32;32;32,521.4080214500427
0,32,r64_a1_linear_skew_rep0,64,1,linear_skew,0,1.0,0.0,39,64,107.87200182676315
0,33,r256_a8_hot50_rep2,256,8,hot50,2,0.48828125,1.0985386244347533,19;23;28;37;55;57;58;60,125;19;19;19;19;19;18;18,512.8960013389587
0,34,r64_a4_zipf_rep1,64,4,zipf,1,0.46875,0.5284854539152426,8;9;28;49,30;15;11;8,266.78401231765747
0,35,r32_a2_zipf_rep1,32,2,zipf,1,0.65625,0.3125,8;20,21;11,159.19999778270721
0,36,r256_a4_linear_skew_rep1,256,4,linear_skew,1,0.3984375,0.44373349441134147,36;50;54;61,102;77;51;26,270.7520127296448
0,37,r64_a8_linear_skew_rep2,64,8,linear_skew,2,0.203125,0.42389562394532926,1;5;18;35;46;56;59;60,13;12;10;9;7;6;4;3,477.31199860572815
0,38,r128_a2_uniform_rep1,128,2,uniform,1,0.5,0.0,38;42,64;64,164.8000031709671
0,39,r64_a2_zipf_rep1,64,2,zipf,1,0.65625,0.3125,4;5,42;22,162.62400150299072
0,40,r64_a8_linear_skew_rep1,64,8,linear_skew,1,0.203125,0.42389562394532926,1;10;12;17;30;31;42;43,13;12;10;9;7;6;4;3,477.2160053253174
0,41,r128_a8_zipf_rep1,128,8,zipf,1,0.3515625,0.7551903733496608,5;19;32;34;38;49;54;55,45;23;16;12;10;8;7;7,485.0560128688812
0,42,r64_a2_hot50_rep0,64,2,hot50,0,0.5,0.0,16;17,32;32,164.35199975967407
0,43,r64_a4_zipf_rep2,64,4,zipf,2,0.46875,0.5284854539152426,11;20;46;57,30;15;11;8,265.24800062179565
0,44,r64_a8_hot50_rep0,64,8,hot50,0,0.453125,0.9921567416492215,7;11;36;41;44;47;48;51,29;5;5;5;5;5;5;5,485.8880043029785
0,45,r256_a16_uniform_rep1,256,16,uniform,1,0.0625,0.0,7;16;19;20;21;25;27;34;35;36;40;47;56;57;60;63,16;16;16;16;16;16;16;16;16;16;16;16;16;16;16;16,896.3840007781982
0,46,r128_a8_linear_skew_rep2,128,8,linear_skew,2,0.21875,0.4810876349481454,0;6;9;12;25;45;56;60,28;24;21;18;14;11;8;4,502.1759867668152
0,47,r128_a4_linear_skew_rep1,128,4,linear_skew,1,0.3984375,0.44028133761266786,5;9;41;59,51;38;26;13,278.9120078086853
0,48,r64_a16_zipf_rep1,64,16,zipf,1,0.234375,0.8244316223920575,15;18;20;28;29;31;35;36;39;44;45;50;52;53;54;59,15;8;6;5;4;3;3;3;3;2;2;2;2;2;2;2,898.9440202713013
0,49,r32_a2_zipf_rep0,32,2,zipf,0,0.65625,0.3125,7;54,21;11,159.10400450229645
0,50,r64_a4_linear_skew_rep0,64,4,linear_skew,0,0.390625,0.4192627457812106,9;42;56;58,25;19;13;7,270.7839906215668
0,51,r32_a16_zipf_rep2,32,16,zipf,2,0.1875,0.6123724356957945,2;4;11;15;18;19;23;30;32;39;45;47;53;54;58;60,6;3;3;2;2;2;2;2;2;2;1;1;1;1;1;1,903.007984161377
0,52,r256_a8_zipf_rep0,256,8,zipf,0,0.359375,0.7842131307081003,0;5;10;21;27;34;36;50,92;47;32;24;19;16;14;12,502.8799772262573
0,53,r128_a16_uniform_rep2,128,16,uniform,2,0.0625,0.0,2;3;4;5;10;12;24;25;30;36;39;49;55;56;59;60,8;8;8;8;8;8;8;8;8;8;8;8;8;8;8;8,900.160014629364
0,54,r64_a2_linear_skew_rep2,64,2,linear_skew,2,0.65625,0.3125,45;50,42;22,165.43999314308167
0,55,r64_a1_zipf_rep2,64,1,zipf,2,1.0,0.0,58,64,112.67200112342834
0,56,r256_a2_hot50_rep0,256,2,hot50,0,0.5,0.0,4;62,128;128,153.82400155067444
0,57,r64_a2_linear_skew_rep1,64,2,linear_skew,1,0.65625,0.3125,4;5,42;22,163.58399391174316
0,58,r64_a2_hot50_rep2,64,2,hot50,2,0.5,0.0,45;50,32;32,161.02400422096252
0,59,r32_a16_linear_skew_rep2,32,16,linear_skew,2,0.09375,0.3535533905932738,2;4;11;15;18;19;23;30;32;39;45;47;53;54;58;60,3;3;3;3;2;2;2;2;2;2;2;2;1;1;1;1,893.5359716415405
0,60,r32_a1_uniform_rep1,32,1,uniform,1,1.0,0.0,45,32,121.08799815177917
0,61,r32_a16_hot50_rep1,32,16,hot50,1,0.28125,0.9354143466934853,2;10;13;18;19;24;27;28;29;42;43;45;47;48;57;59,9;2;2;2;2;2;2;2;2;1;1;1;1;1;1;1,904.3520092964172
0,62,r128_a8_hot50_rep0,128,8,hot50,0,0.4765625,1.0634187204483472,2;4;14;17;27;37;53;57,61;10;10;10;10;9;9;9,486.36800050735474
0,63,r32_a4_zipf_rep2,32,4,zipf,2,0.4375,0.46770717334674267,10;17;31;45,14;8;6;4,257.34400749206543
0,64,r64_a8_uniform_rep2,64,8,uniform,2,0.125,0.0,1;5;18;35;46;56;59;60,8;8;8;8;8;8;8;8,471.9040095806122
0,65,r256_a16_linear_skew_rep1,256,16,linear_skew,1,0.11328125,0.5019493251315316,7;16;19;20;21;25;27;34;35;36;40;47;56;57;60;63,29;27;26;24;22;20;19;17;15;13;12;10;8;6;5;3,973.5360145568848
0,66,r128_a2_uniform_rep0,128,2,uniform,0,0.5,0.0,9;32,64;64,167.55199432373047
0,67,r256_a8_hot50_rep0,256,8,hot50,0,0.48828125,1.0985386244347533,0;5;10;21;27;34;36;50,125;19;19;19;19;19;18;18,516.9600248336792
0,68,r128_a8_linear_skew_rep0,128,8,linear_skew,0,0.21875,0.4810876349481454,2;4;14;17;27;37;53;57,28;24;21;18;14;11;8;4,503.52001190185547
0,69,r32_a8_linear_skew_rep0,32,8,linear_skew,0,0.1875,0.375,2;11;19;21;22;41;43;52,6;6;5;4;4;3;2;2,470.71999311447144
0,70,r32_a2_hot50_rep2,32,2,hot50,2,0.5,0.0,1;48,16;16,151.71200037002563
0,71,r256_a16_uniform_rep2,256,16,uniform,2,0.0625,0.0,1;4;5;14;19;23;25;33;35;37;42;45;52;53;57;59,16;16;16;16;16;16;16;16;16;16;16;16;16;16;16;16,893.1840062141418
0,72,r128_a8_linear_skew_rep1,128,8,linear_skew,1,0.21875,0.4810876349481454,5;19;32;34;38;49;54;55,28;24;21;18;14;11;8;4,496.288001537323
0,73,r128_a2_linear_skew_rep2,128,2,linear_skew,2,0.6640625,0.328125,23;32,85;43,159.90400314331055
0,74,r256_a2_zipf_rep0,256,2,zipf,0,0.6640625,0.328125,4;62,170;86,166.30400717258453
0,75,r32_a8_hot50_rep2,32,8,hot50,2,0.40625,0.8569568250501305,4;10;18;29;34;60;61;63,13;3;3;3;3;3;2;2,473.31199049949646
0,76,r32_a4_uniform_rep2,32,4,uniform,2,0.25,0.0,10;17;31;45,8;8;8;8,258.87998938560486
0,77,r256_a2_hot50_rep2,256,2,hot50,2,0.5,0.0,27;45,128;128,152.8320014476776
0,78,r64_a2_linear_skew_rep0,64,2,linear_skew,0,0.65625,0.3125,16;17,42;22,164.2560064792633
0,79,r128_a2_hot50_rep1,128,2,hot50,1,0.5,0.0,38;42,64;64,167.1680063009262
0,80,r128_a1_zipf_rep0,128,1,zipf,0,1.0,0.0,48,128,106.9440022110939
0,81,r64_a4_hot50_rep2,64,4,hot50,2,0.484375,0.5412658773652742,11;20;46;57,31;11;11;11,266.27200841903687
0,82,r64_a1_hot50_rep1,64,1,hot50,1,1.0,0.0,24,64,108.89600217342377
0,83,r128_a16_uniform_rep0,128,16,uniform,0,0.0625,0.0,11;12;13;17;18;22;24;33;41;43;47;50;57;60;62;63,8;8;8;8;8;8;8;8;8;8;8;8;8;8;8;8,892.4480080604553
0,84,r32_a1_hot50_rep1,32,1,hot50,1,1.0,0.0,45,32,109.8880022764206
0,85,r128_a1_linear_skew_rep2,128,1,linear_skew,2,1.0,0.0,38,128,104.67199981212616
0,86,r128_a1_linear_skew_rep1,128,1,linear_skew,1,1.0,0.0,48,128,101.50399804115295
0,87,r256_a8_linear_skew_rep2,256,8,linear_skew,2,0.21875,0.4876402041977261,19;23;28;37;55;57;58;60,56;49;42;35;29;22;15;8,510.43200492858887
0,88,r32_a16_hot50_rep0,32,16,hot50,0,0.28125,0.9354143466934853,3;4;5;7;8;9;15;19;21;23;25;30;36;38;45;62,9;2;2;2;2;2;2;2;2;1;1;1;1;1;1;1,903.7439823150635
0,89,r32_a1_zipf_rep1,32,1,zipf,1,1.0,0.0,45,32,112.92800307273865
0,90,r32_a8_uniform_rep0,32,8,uniform,0,0.125,0.0,2;11;19;21;22;41;43;52,4;4;4;4;4;4;4;4,477.24801301956177
0,91,r32_a4_zipf_rep1,32,4,zipf,1,0.4375,0.46770717334674267,22;32;37;45,14;8;6;4,258.5279941558838
0,92,r64_a1_linear_skew_rep1,64,1,linear_skew,1,1.0,0.0,24,64,108.41599851846695
0,93,r64_a8_zipf_rep2,64,8,zipf,2,0.34375,0.7207851621669248,1;5;18;35;46;56;59;60,22;11;8;6;5;4;4;4,484.1279983520508
0,94,r64_a8_zipf_rep0,64,8,zipf,0,0.34375,0.7207851621669248,7;11;36;41;44;47;48;51,22;11;8;6;5;4;4;4,483.8719964027405
0,95,r256_a1_hot50_rep2,256,1,hot50,2,1.0,0.0,34,256,115.32799899578094
0,96,r32_a16_uniform_rep1,32,16,uniform,1,0.0625,0.0,2;10;13;18;19;24;27;28;29;42;43;45;47;48;57;59,2;2;2;2;2;2;2;2;2;2;2;2;2;2;2;2,1736.2560033798218
0,97,r128_a2_zipf_rep0,128,2,zipf,0,0.6640625,0.328125,9;32,85;43,253.1520128250122
0,98,r32_a2_linear_skew_rep1,32,2,linear_skew,1,0.65625,0.3125,8;20,21;11,235.52000522613525
0,99,r256_a2_linear_skew_rep2,256,2,linear_skew,2,0.6640625,0.328125,27;45,170;86,498.879998922348
0,100,r256_a1_uniform_rep2,256,1,uniform,2,1.0,0.0,34,256,529.2800068855286
0,101,r32_a8_hot50_rep0,32,8,hot50,0,0.40625,0.8569568250501305,2;11;19;21;22;41;43;52,13;3;3;3;3;3;2;2,2968.89591217041
0,102,r128_a2_uniform_rep2,128,2,uniform,2,0.5,0.0,23;32,64;64,1122.048020362854
0,103,r64_a8_hot50_rep2,64,8,hot50,2,0.453125,0.9921567416492215,1;5;18;35;46;56;59;60,29;5;5;5;5;5;5;5,1841.8879508972168
0,104,r128_a16_hot50_rep2,128,16,hot50,2,0.4453125,1.5823736126465204,2;3;4;5;10;12;24;25;30;36;39;49;55;56;59;60,57;5;5;5;5;5;5;5;5;5;5;5;4;4;4;4,1034.175992012024
0,105,r64_a4_linear_skew_rep2,64,4,linear_skew,2,0.390625,0.4192627457812106,11;20;46;57,25;19;13;7,284.89598631858826
0,106,r64_a1_uniform_rep0,64,1,uniform,0,1.0,0.0,39,64,121.11999839544296
0,107,r128_a2_zipf_rep2,128,2,zipf,2,0.6640625,0.328125,23;32,85;43,163.455992937088
0,108,r256_a2_linear_skew_rep1,256,2,linear_skew,1,0.6640625,0.328125,1;5,170;86,166.75199568271637
0,109,r64_a16_hot50_rep0,64,16,hot50,0,0.390625,1.3607213160673275,3;8;9;10;16;19;23;25;26;27;33;36;51;55;57;59,25;3;3;3;3;3;3;3;3;3;2;2;2;2;2;2,914.4960045814514
0,110,r64_a16_uniform_rep1,64,16,uniform,1,0.0625,0.0,15;18;20;28;29;31;35;36;39;44;45;50;52;53;54;59,4;4;4;4;4;4;4;4;4;4;4;4;4;4;4;4,904.6720266342163
0,111,r128_a1_zipf_rep2,128,1,zipf,2,1.0,0.0,38,128,109.6000000834465
0,112,r32_a2_uniform_rep0,32,2,uniform,0,0.5,0.0,7;54,16;16,151.8400013446808
0,113,r128_a4_hot50_rep1,128,4,hot50,1,0.4921875,0.5594535559365049,5;9;41;59,63;22;22;21,291.6159927845001
0,114,r32_a4_zipf_rep0,32,4,zipf,0,0.4375,0.46770717334674267,5;35;54;57,14;8;6;4,261.50399446487427
0,115,r128_a8_uniform_rep2,128,8,uniform,2,0.125,0.0,0;6;9;12;25;45;56;60,16;16;16;16;16;16;16;16,560.7039928436279
0,116,r256_a8_zipf_rep2,256,8,zipf,2,0.359375,0.7842131307081003,19;23;28;37;55;57;58;60,92;47;32;24;19;16;14;12,616.2239909172058
0,117,r256_a1_linear_skew_rep0,256,1,linear_skew,0,1.0,0.0,62,256,139.93600010871887
0,118,r32_a8_linear_skew_rep2,32,8,linear_skew,2,0.1875,0.375,4;10;18;29;34;60;61;63,6;6;5;4;4;3;2;2,582.8160047531128
0,119,r256_a16_zipf_rep0,256,16,zipf,0,0.28125,1.0404419884116558,0;1;3;11;12;15;17;18;22;35;42;47;50;57;58;59,72;37;25;19;15;13;11;10;9;8;7;7;6;6;6;5,1142.3039436340332
0,120,r64_a2_hot50_rep1,64,2,hot50,1,0.5,0.0,4;5,32;32,204.0960043668747
0,121,r64_a16_linear_skew_rep1,64,16,linear_skew,1,0.109375,0.4330127018922193,15;18;20;28;29;31;35;36;39;44;45;50;52;53;54;59,7;6;6;6;5;5;5;4;4;3;3;3;2;2;2;1,1164.3199920654297
0,122,r64_a2_uniform_rep1,64,2,uniform,1,0.5,0.0,4;5,32;32,202.84800231456757
0,123,r256_a4_hot50_rep0,256,4,hot50,0,0.49609375,0.5683291712335379,6;27;28;50,127;43;43;43,341.5679931640625
0,124,r64_a2_uniform_rep2,64,2,uniform,2,0.5,0.0,45;50,32;32,202.43200659751892
0,125,r256_a16_linear_skew_rep0,256,16,linear_skew,0,0.11328125,0.5019493251315316,0;1;3;11;12;15;17;18;22;35;42;47;50;57;58;59,29;27;26;24;22;20;19;17;15;13;12;10;8;6;5;3,1178.9120435714722
0,126,r128_a2_linear_skew_rep1,128,2,linear_skew,1,0.6640625,0.328125,38;42,85;43,196.44799828529358
0,127,r128_a16_linear_skew_rep2,128,16,linear_skew,2,0.109375,0.4759858191164943,2;3;4;5;10;12;24;25;30;36;39;49;55;56;59;60,14;13;13;12;11;10;9;8;8;7;6;5;4;3;3;2,1144.5120573043823
0,128,r64_a16_zipf_rep2,64,16,zipf,2,0.234375,0.8244316223920575,0;5;8;14;25;27;33;34;35;36;40;42;43;46;50;56,15;8;6;5;4;3;3;3;3;2;2;2;2;2;2;2,1112.4800443649292
0,129,r256_a16_linear_skew_rep2,256,16,linear_skew,2,0.11328125,0.5019493251315316,1;4;5;14;19;23;25;33;35;37;42;45;52;53;57;59,29;27;26;24;22;20;19;17;15;13;12;10;8;6;5;3,967.3280119895935
0,130,r256_a8_linear_skew_rep1,256,8,linear_skew,1,0.21875,0.4876402041977261,17;27;29;32;33;41;54;58,56;49;42;35;29;22;15;8,517.1840190887451
0,131,r256_a1_hot50_rep1,256,1,hot50,1,1.0,0.0,13,256,122.40000069141388
0,132,r128_a1_hot50_rep0,128,1,hot50,0,1.0,0.0,48,128,106.20799660682678
0,133,r256_a1_zipf_rep1,256,1,zipf,1,1.0,0.0,13,256,109.76000130176544
0,134,r32_a4_uniform_rep1,32,4,uniform,1,0.25,0.0,22;32;37;45,8;8;8;8,260.9280049800873
0,135,r256_a8_linear_skew_rep0,256,8,linear_skew,0,0.21875,0.4876402041977261,0;5;10;21;27;34;36;50,56;49;42;35;29;22;15;8,534.2720150947571
0,136,r256_a8_hot50_rep1,256,8,hot50,1,0.48828125,1.0985386244347533,17;27;29;32;33;41;54;58,125;19;19;19;19;19;18;18,519.1680192947388
0,137,r64_a8_uniform_rep0,64,8,uniform,0,0.125,0.0,7;11;36;41;44;47;48;51,8;8;8;8;8;8;8;8,472.03201055526733
0,138,r256_a4_uniform_rep2,256,4,uniform,2,0.25,0.0,0;22;24;46,64;64;64;64,278.8800001144409
0,139,r128_a4_hot50_rep2,128,4,hot50,2,0.4921875,0.5594535559365049,0;11;15;55,63;22;22;21,280.44798970222473
0,140,r64_a4_linear_skew_rep1,64,4,linear_skew,1,0.390625,0.4192627457812106,8;9;28;49,25;19;13;7,274.4640111923218
0,141,r32_a4_hot50_rep0,32,4,hot50,0,0.46875,0.5077524002897476,5;35;54;57,15;6;6;5,256.1599910259247
0,142,r128_a4_uniform_rep1,128,4,uniform,1,0.25,0.0,5;9;41;59,32;32;32;32,280.8319926261902
0,143,r32_a16_linear_skew_rep0,32,16,linear_skew,0,0.09375,0.3535533905932738,3;4;5;7;8;9;15;19;21;23;25;30;36;38;45;62,3;3;3;3;2;2;2;2;2;2;2;2;1;1;1;1,892.8319811820984
0,144,r64_a16_uniform_rep0,64,16,uniform,0,0.0625,0.0,3;8;9;10;16;19;23;25;26;27;33;36;51;55;57;59,4;4;4;4;4;4;4;4;4;4;4;4;4;4;4;4,918.3040261268616
0,145,r32_a4_hot50_rep2,32,4,hot50,2,0.46875,0.5077524002897476,10;17;31;45,15;6;6;5,262.59198784828186
0,146,r128_a16_hot50_rep0,128,16,hot50,0,0.4453125,1.5823736126465204,11;12;13;17;18;22;24;33;41;43;47;50;57;60;62;63,57;5;5;5;5;5;5;5;5;5;5;5;4;4;4;4,906.8800210952759
0,147,r32_a16_uniform_rep0,32,16,uniform,0,0.0625,0.0,3;4;5;7;8;9;15;19;21;23;25;30;36;38;45;62,2;2;2;2;2;2;2;2;2;2;2;2;2;2;2;2,892.2240138053894
0,148,r64_a1_uniform_rep1,64,1,uniform,1,1.0,0.0,24,64,113.69600147008896
0,149,r128_a1_uniform_rep0,128,1,uniform,0,1.0,0.0,48,128,103.80800068378448
0,150,r64_a4_hot50_rep0,64,4,hot50,0,0.484375,0.5412658773652742,9;42;56;58,31;11;11;11,272.99201488494873
0,151,r256_a4_zipf_rep2,256,4,zipf,2,0.4765625,0.551653232622179,0;22;24;46,122;62;41;31,275.32801032066345
0,152,r128_a16_zipf_rep1,128,16,zipf,1,0.265625,0.967236721283885,3;6;12;15;21;27;30;33;40;42;45;46;48;52;60;62,34;18;12;9;8;6;6;5;5;4;4;4;4;3;3;3,934.719979763031
0,153,r256_a16_zipf_rep2,256,16,zipf,2,0.28125,1.0404419884116558,1;4;5;14;19;23;25;33;35;37;42;45;52;53;57;59,72;37;25;19;15;13;11;10;9;8;7;7;6;6;6;5,929.6320080757141
0,154,r256_a1_zipf_rep2,256,1,zipf,2,1.0,0.0,34,256,118.65600198507309
0,155,r128_a1_hot50_rep2,128,1,hot50,2,1.0,0.0,38,128,103.00800204277039
0,156,r64_a1_zipf_rep1,64,1,zipf,1,1.0,0.0,24,64,108.03200304508209
0,157,r32_a1_hot50_rep0,32,1,hot50,0,1.0,0.0,37,32,110.84800213575363
0,158,r256_a16_hot50_rep1,256,16,hot50,1,0.47265625,1.6944302139657448,7;16;19;20;21;25;27;34;35;36;40;47;56;57;60;63,121;9;9;9;9;9;9;9;9;9;9;9;9;9;9;9,903.3920168876648
0,159,r256_a8_uniform_rep2,256,8,uniform,2,0.125,0.0,19;23;28;37;55;57;58;60,32;32;32;32;32;32;32;32,520.9280252456665
0,160,r256_a8_zipf_rep1,256,8,zipf,1,0.359375,0.7842131307081003,17;27;29;32;33;41;54;58,92;47;32;24;19;16;14;12,508.2240104675293
0,161,r128_a16_hot50_rep1,128,16,hot50,1,0.4453125,1.5823736126465204,3;6;12;15;21;27;30;33;40;42;45;46;48;52;60;62,57;5;5;5;5;5;5;5;5;5;5;5;4;4;4;4,904.0639996528625
0,162,r32_a4_hot50_rep1,32,4,hot50,1,0.46875,0.5077524002897476,22;32;37;45,15;6;6;5,259.71201062202454
0,163,r32_a4_uniform_rep0,32,4,uniform,0,0.25,0.0,5;35;54;57,8;8;8;8,255.10400533676147
0,164,r64_a8_zipf_rep1,64,8,zipf,1,0.34375,0.7207851621669248,1;10;12;17;30;31;42;43,22;11;8;6;5;4;4;4,479.13599014282227
0,165,r32_a16_hot50_rep2,32,16,hot50,2,0.28125,0.9354143466934853,2;4;11;15;18;19;23;30;32;39;45;47;53;54;58;60,9;2;2;2;2;2;2;2;2;1;1;1;1;1;1;1,892.2240138053894
0,166,r64_a16_uniform_rep2,64,16,uniform,2,0.0625,0.0,0;5;8;14;25;27;33;34;35;36;40;42;43;46;50;56,4;4;4;4;4;4;4;4;4;4;4;4;4;4;4;4,912.5440120697021
0,167,r256_a2_zipf_rep2,256,2,zipf,2,0.6640625,0.328125,27;45,170;86,175.7120043039322
0,168,r64_a4_uniform_rep0,64,4,uniform,0,0.25,0.0,9;42;56;58,16;16;16;16,259.42400097846985
0,169,r64_a16_hot50_rep1,64,16,hot50,1,0.390625,1.3607213160673275,15;18;20;28;29;31;35;36;39;44;45;50;52;53;54;59,25;3;3;3;3;3;3;3;3;3;2;2;2;2;2;2,905.023992061615
0,170,r128_a1_hot50_rep1,128,1,hot50,1,1.0,0.0,48,128,108.41599851846695
0,171,r64_a16_hot50_rep2,64,16,hot50,2,0.390625,1.3607213160673275,0;5;8;14;25;27;33;34;35;36;40;42;43;46;50;56,25;3;3;3;3;3;3;3;3;3;2;2;2;2;2;2,902.463972568512
0,172,r128_a8_hot50_rep2,128,8,hot50,2,0.4765625,1.0634187204483472,0;6;9;12;25;45;56;60,61;10;10;10;10;9;9;9,479.36001420021057
0,173,r64_a16_linear_skew_rep2,64,16,linear_skew,2,0.109375,0.4330127018922193,0;5;8;14;25;27;33;34;35;36;40;42;43;46;50;56,7;6;6;6;5;5;5;4;4;3;3;3;2;2;2;1,898.2719779014587
0,174,r128_a4_zipf_rep1,128,4,zipf,1,0.46875,0.5326268921581034,5;9;41;59,60;31;21;16,307.0720136165619
0,175,r128_a2_hot50_rep0,128,2,hot50,0,0.5,0.0,9;32,64;64,165.98400473594666
0,176,r256_a16_zipf_rep1,256,16,zipf,1,0.28125,1.0404419884116558,7;16;19;20;21;25;27;34;35;36;40;47;56;57;60;63,72;37;25;19;15;13;11;10;9;8;7;7;6;6;6;5,929.9520254135132
0,177,r32_a1_linear_skew_rep0,32,1,linear_skew,0,1.0,0.0,37,32,116.48000031709671
0,178,r128_a16_linear_skew_rep0,128,16,linear_skew,0,0.109375,0.4759858191164943,11;12;13;17;18;22;24;33;41;43;47;50;57;60;62;63,14;13;13;12;11;10;9;8;8;7;6;5;4;3;3;2,903.9040207862854
0,179,r32_a4_linear_skew_rep1,32,4,linear_skew,1,0.375,0.3644344934278313,22;32;37;45,12;9;7;4,259.8400115966797
0,180,r32_a1_zipf_rep2,32,1,zipf,2,1.0,0.0,10,32,110.6560006737709
0,181,r64_a8_uniform_rep1,64,8,uniform,1,0.125,0.0,1;10;12;17;30;31;42;43,8;8;8;8;8;8;8;8,472.83199429512024
0,182,r256_a4_hot50_rep2,256,4,hot50,2,0.49609375,0.5683291712335379,0;22;24;46,127;43;43;43,277.8240144252777
0,183,r256_a4_zipf_rep1,256,4,zipf,1,0.4765625,0.551653232622179,36;50;54;61,122;62;41;31,275.7120132446289
0,184,r32_a1_hot50_rep2,32,1,hot50,2,1.0,0.0,10,32,109.76000130176544
0,185,r64_a2_zipf_rep2,64,2,zipf,2,0.65625,0.3125,45;50,42;22,165.95199704170227
0,186,r256_a4_uniform_rep0,256,4,uniform,0,0.25,0.0,6;27;28;50,64;64;64;64,279.58399057388306
0,187,r64_a1_hot50_rep2,64,1,hot50,2,1.0,0.0,58,64,107.10400342941284
0,188,r32_a1_linear_skew_rep2,32,1,linear_skew,2,1.0,0.0,10,32,107.07200318574905
0,189,r256_a2_zipf_rep1,256,2,zipf,1,0.6640625,0.328125,1;5,170;86,163.13600540161133
0,190,r64_a4_uniform_rep1,64,4,uniform,1,0.25,0.0,8;9;28;49,16;16;16;16,258.91199707984924
0,191,r128_a1_zipf_rep1,128,1,zipf,1,1.0,0.0,48,128,102.7199998497963
0,192,r64_a1_linear_skew_rep2,64,1,linear_skew,2,1.0,0.0,58,64,107.26399719715118
0,193,r128_a2_hot50_rep2,128,2,hot50,2,0.5,0.0,23;32,64;64,163.32800686359406
0,194,r256_a1_uniform_rep1,256,1,uniform,1,1.0,0.0,13,256,111.42399907112122
0,195,r128_a4_uniform_rep2,128,4,uniform,2,0.25,0.0,0;11;15;55,32;32;32;32,279.90400791168213
0,196,r256_a1_linear_skew_rep2,256,1,linear_skew,2,1.0,0.0,34,256,107.744000852108
0,197,r32_a1_linear_skew_rep1,32,1,linear_skew,1,1.0,0.0,45,32,109.0880036354065
0,198,r256_a8_uniform_rep1,256,8,uniform,1,0.125,0.0,17;27;29;32;33;41;54;58,32;32;32;32;32;32;32;32,517.4400210380554
0,199,r64_a16_linear_skew_rep0,64,16,linear_skew,0,0.109375,0.4330127018922193,3;8;9;10;16;19;23;25;26;27;33;36;51;55;57;59,7;6;6;6;5;5;5;4;4;3;3;3;2;2;2;1,906.175971031189
0,200,r32_a16_zipf_rep1,32,16,zipf,1,0.1875,0.6123724356957945,2;10;13;18;19;24;27;28;29;42;43;45;47;48;57;59,6;3;3;2;2;2;2;2;2;2;1;1;1;1;1;1,900.9600281715393
0,201,r32_a8_uniform_rep1,32,8,uniform,1,0.125,0.0,12;15;17;18;39;41;47;58,4;4;4;4;4;4;4;4,471.1039960384369
0,202,r128_a16_uniform_rep1,128,16,uniform,1,0.0625,0.0,3;6;12;15;21;27;30;33;40;42;45;46;48;52;60;62,8;8;8;8;8;8;8;8;8;8;8;8;8;8;8;8,901.9839763641357
0,203,r256_a1_hot50_rep0,256,1,hot50,0,1.0,0.0,62,256,115.42399972677231
0,204,r64_a2_zipf_rep0,64,2,zipf,0,0.65625,0.3125,16;17,42;22,165.3439998626709
0,205,r256_a4_linear_skew_rep2,256,4,linear_skew,2,0.3984375,0.44373349441134147,0;22;24;46,102;77;51;26,273.9520072937012
0,206,r256_a16_uniform_rep0,256,16,uniform,0,0.0625,0.0,0;1;3;11;12;15;17;18;22;35;42;47;50;57;58;59,16;16;16;16;16;16;16;16;16;16;16;16;16;16;16;16,894.5599794387817
0,207,r128_a4_zipf_rep2,128,4,zipf,2,0.46875,0.5326268921581034,0;11;15;55,60;31;21;16,287.9999876022339
0,208,r64_a8_linear_skew_rep0,64,8,linear_skew,0,0.203125,0.42389562394532926,7;11;36;41;44;47;48;51,13;12;10;9;7;6;4;3,473.82399439811707
0,209,r256_a16_hot50_rep2,256,16,hot50,2,0.47265625,1.6944302139657448,1;4;5;14;19;23;25;33;35;37;42;45;52;53;57;59,121;9;9;9;9;9;9;9;9;9;9;9;9;9;9;9,901.6640186309814
0,210,r256_a1_zipf_rep0,256,1,zipf,0,1.0,0.0,62,256,114.75200206041336
0,211,r256_a4_hot50_rep1,256,4,hot50,1,0.49609375,0.5683291712335379,36;50;54;61,127;43;43;43,278.75199913978577
0,212,r32_a16_zipf_rep0,32,16,zipf,0,0.1875,0.6123724356957945,3;4;5;7;8;9;15;19;21;23;25;30;36;38;45;62,6;3;3;2;2;2;2;2;2;2;1;1;1;1;1;1,897.1199989318848
0,213,r32_a8_zipf_rep1,32,8,zipf,1,0.3125,0.6123724356957945,12;15;17;18;39;41;47;58,10;5;4;3;3;3;2;2,473.2480049133301
0,214,r32_a8_linear_skew_rep1,32,8,linear_skew,1,0.1875,0.375,12;15;17;18;39;41;47;58,6;6;5;4;4;3;2;2,466.8799936771393
0,215,r32_a2_hot50_rep0,32,2,hot50,0,0.5,0.0,7;54,16;16,156.25600516796112
0,216,r256_a16_hot50_rep0,256,16,hot50,0,0.47265625,1.6944302139657448,0;1;3;11;12;15;17;18;22;35;42;47;50;57;58;59,121;9;9;9;9;9;9;9;9;9;9;9;9;9;9;9,905.6000113487244
0,217,r32_a8_zipf_rep0,32,8,zipf,0,0.3125,0.6123724356957945,2;11;19;21;22;41;43;52,10;5;4;3;3;3;2;2,471.74400091171265
0,218,r32_a2_hot50_rep1,32,2,hot50,1,0.5,0.0,8;20,16;16,151.36000514030457
0,219,r128_a2_linear_skew_rep0,128,2,linear_skew,0,0.6640625,0.328125,9;32,85;43,160.8320027589798
0,220,r32_a2_linear_skew_rep0,32,2,linear_skew,0,0.65625,0.3125,7;54,21;11,159.55199301242828
0,221,r128_a4_linear_skew_rep0,128,4,linear_skew,0,0.3984375,0.44028133761266786,37;40;48;52,51;38;26;13,275.7759988307953
0,222,r64_a8_hot50_rep1,64,8,hot50,1,0.453125,0.9921567416492215,1;10;12;17;30;31;42;43,29;5;5;5;5;5;5;5,480.51199316978455
0,223,r32_a4_linear_skew_rep2,32,4,linear_skew,2,0.375,0.3644344934278313,10;17;31;45,12;9;7;4,256.0639977455139
0,224,r128_a1_uniform_rep2,128,1,uniform,2,1.0,0.0,38,128,104.22399640083313
0,225,r32_a2_zipf_rep2,32,2,zipf,2,0.65625,0.3125,1;48,21;11,157.02399611473083
0,226,r64_a4_hot50_rep1,64,4,hot50,1,0.484375,0.5412658773652742,8;9;28;49,31;11;11;11,264.67201113700867
0,227,r128_a1_linear_skew_rep0,128,1,linear_skew,0,1.0,0.0,48,128,101.72799974679947
0,228,r32_a2_uniform_rep1,32,2,uniform,1,0.5,0.0,8;20,16;16,160.44799983501434
0,229,r64_a1_uniform_rep2,64,1,uniform,2,1.0,0.0,58,64,108.47999900579453
0,230,r128_a16_linear_skew_rep1,128,16,linear_skew,1,0.109375,0.4759858191164943,3;6;12;15;21;27;30;33;40;42;45;46;48;52;60;62,14;13;13;12;11;10;9;8;8;7;6;5;4;3;3;2,903.2319784164429
0,231,r32_a8_zipf_rep2,32,8,zipf,2,0.3125,0.6123724356957945,4;10;18;29;34;60;61;63,10;5;4;3;3;3;2;2,476.22400522232056
0,232,r256_a1_uniform_rep0,256,1,uniform,0,1.0,0.0,62,256,113.18399757146835
0,233,r128_a8_uniform_rep1,128,8,uniform,1,0.125,0.0,5;19;32;34;38;49;54;55,16;16;16;16;16;16;16;16,474.4639992713928
0,234,r32_a16_uniform_rep2,32,16,uniform,2,0.0625,0.0,2;4;11;15;18;19;23;30;32;39;45;47;53;54;58;60,2;2;2;2;2;2;2;2;2;2;2;2;2;2;2;2,899.3279933929443
0,235,r128_a8_hot50_rep1,128,8,hot50,1,0.4765625,1.0634187204483472,5;19;32;34;38;49;54;55,61;10;10;10;10;9;9;9,482.5280010700226
0,236,r64_a4_uniform_rep2,64,4,uniform,2,0.25,0.0,11;20;46;57,16;16;16;16,257.1519911289215
0,237,r128_a16_zipf_rep2,128,16,zipf,2,0.265625,0.967236721283885,2;3;4;5;10;12;24;25;30;36;39;49;55;56;59;60,34;18;12;9;8;6;6;5;5;4;4;4;4;3;3;3,911.7439985275269
0,238,r64_a16_zipf_rep0,64,16,zipf,0,0.234375,0.8244316223920575,3;8;9;10;16;19;23;25;26;27;33;36;51;55;57;59,15;8;6;5;4;3;3;3;3;2;2;2;2;2;2;2,898.688018321991
0,239,r32_a4_linear_skew_rep0,32,4,linear_skew,0,0.375,0.3644344934278313,5;35;54;57,12;9;7;4,259.42400097846985
1,0,r32_a1_uniform_rep2,32,1,uniform,2,1.0,0.0,10,32,117.08799749612808
1,1,r128_a8_linear_skew_rep1,128,8,linear_skew,1,0.21875,0.4810876349481454,5;19;32;34;38;49;54;55,28;24;21;18;14;11;8;4,501.5680193901062
1,2,r128_a1_hot50_rep1,128,1,hot50,1,1.0,0.0,48,128,105.8880016207695
1,3,r128_a8_uniform_rep2,128,8,uniform,2,0.125,0.0,0;6;9;12;25;45;56;60,16;16;16;16;16;16;16;16,471.1039960384369
1,4,r256_a8_linear_skew_rep0,256,8,linear_skew,0,0.21875,0.4876402041977261,0;5;10;21;27;34;36;50,56;49;42;35;29;22;15;8,516.9919729232788
1,5,r64_a8_hot50_rep1,64,8,hot50,1,0.453125,0.9921567416492215,1;10;12;17;30;31;42;43,29;5;5;5;5;5;5;5,478.7839949131012
1,6,r32_a1_linear_skew_rep0,32,1,linear_skew,0,1.0,0.0,37,32,111.87200248241425
1,7,r64_a16_uniform_rep1,64,16,uniform,1,0.0625,0.0,15;18;20;28;29;31;35;36;39;44;45;50;52;53;54;59,4;4;4;4;4;4;4;4;4;4;4;4;4;4;4;4,899.7759819030762
1,8,r64_a2_hot50_rep0,64,2,hot50,0,0.5,0.0,16;17,32;32,165.18400609493256
1,9,r32_a16_uniform_rep2,32,16,uniform,2,0.0625,0.0,2;4;11;15;18;19;23;30;32;39;45;47;53;54;58;60,2;2;2;2;2;2;2;2;2;2;2;2;2;2;2;2,896.8960046768188
1,10,r32_a2_zipf_rep0,32,2,zipf,0,0.65625,0.3125,7;54,21;11,160.8320027589798
1,11,r128_a1_hot50_rep2,128,1,hot50,2,1.0,0.0,38,128,102.46399790048599
1,12,r128_a2_uniform_rep0,128,2,uniform,0,0.5,0.0,9;32,64;64,161.53599321842194
1,13,r32_a4_uniform_rep1,32,4,uniform,1,0.25,0.0,22;32;37;45,8;8;8;8,256.99201226234436
1,14,r32_a16_zipf_rep1,32,16,zipf,1,0.1875,0.6123724356957945,2;10;13;18;19;24;27;28;29;42;43;45;47;48;57;59,6;3;3;2;2;2;2;2;2;2;1;1;1;1;1;1,892.9280042648315
1,15,r64_a8_linear_skew_rep1,64,8,linear_skew,1,0.203125,0.42389562394532926,1;10;12;17;30;31;42;43,13;12;10;9;7;6;4;3,474.43199157714844
1,16,r256_a1_uniform_rep2,256,1,uniform,2,1.0,0.0,34,256,114.23999816179276
1,17,r32_a4_zipf_rep0,32,4,zipf,0,0.4375,0.46770717334674267,5;35;54;57,14;8;6;4,258.8160037994385
1,18,r128_a16_uniform_rep2,128,16,uniform,2,0.0625,0.0,2;3;4;5;10;12;24;25;30;36;39;49;55;56;59;60,8;8;8;8;8;8;8;8;8;8;8;8;8;8;8;8,893.9520120620728
1,19,r64_a16_linear_skew_rep1,64,16,linear_skew,1,0.109375,0.4330127018922193,15;18;20;28;29;31;35;36;39;44;45;50;52;53;54;59,7;6;6;6;5;5;5;4;4;3;3;3;2;2;2;1,902.0159840583801
1,20,r32_a16_uniform_rep1,32,16,uniform,1,0.0625,0.0,2;10;13;18;19;24;27;28;29;42;43;45;47;48;57;59,2;2;2;2;2;2;2;2;2;2;2;2;2;2;2;2,900.0639915466309
1,21,r256_a8_uniform_rep0,256,8,uniform,0,0.125,0.0,0;5;10;21;27;34;36;50,32;32;32;32;32;32;32;32,523.2319831848145
1,22,r32_a2_linear_skew_rep2,32,2,linear_skew,2,0.65625,0.3125,1;48,21;11,159.743994474411
1,23,r256_a16_zipf_rep0,256,16,zipf,0,0.28125,1.0404419884116558,0;1;3;11;12;15;17;18;22;35;42;47;50;57;58;59,72;37;25;19;15;13;11;10;9;8;7;7;6;6;6;5,924.3519902229309
1,24,r256_a8_hot50_rep1,256,8,hot50,1,0.48828125,1.0985386244347533,17;27;29;32;33;41;54;58,125;19;19;19;19;19;18;18,515.5839920043945
1,25,r128_a2_linear_skew_rep0,128,2,linear_skew,0,0.6640625,0.328125,9;32,85;43,160.8320027589798
1,26,r32_a2_uniform_rep0,32,2,uniform,0,0.5,0.0,7;54,16;16,157.151997089386
1,27,r32_a4_linear_skew_rep2,32,4,linear_skew,2,0.375,0.3644344934278313,10;17;31;45,12;9;7;4,259.8400115966797
1,28,r64_a2_linear_skew_rep2,64,2,linear_skew,2,0.65625,0.3125,45;50,42;22,163.5199934244156
1,29,r256_a4_uniform_rep1,256,4,uniform,1,0.25,0.0,36;50;54;61,64;64;64;64,282.9760015010834
1,30,r64_a8_uniform_rep2,64,8,uniform,2,0.125,0.0,1;5;18;35;46;56;59;60,8;8;8;8;8;8;8;8,475.5200147628784
1,31,r64_a8_hot50_rep0,64,8,hot50,0,0.453125,0.9921567416492215,7;11;36;41;44;47;48;51,29;5;5;5;5;5;5;5,483.90400409698486
1,32,r64_a2_uniform_rep1,64,2,uniform,1,0.5,0.0,4;5,32;32,165.82399606704712
1,33,r64_a16_hot50_rep1,64,16,hot50,1,0.390625,1.3607213160673275,15;18;20;28;29;31;35;36;39;44;45;50;52;53;54;59,25;3;3;3;3;3;3;3;3;3;2;2;2;2;2;2,902.2079706192017
1,34,r32_a8_linear_skew_rep2,32,8,linear_skew,2,0.1875,0.375,4;10;18;29;34;60;61;63,6;6;5;4;4;3;2;2,467.9360091686249
1,35,r32_a8_uniform_rep0,32,8,uniform,0,0.125,0.0,2;11;19;21;22;41;43;52,4;4;4;4;4;4;4;4,469.37599778175354
1,36,r128_a1_uniform_rep1,128,1,uniform,1,1.0,0.0,48,128,107.80800133943558
1,37,r128_a16_linear_skew_rep0,128,16,linear_skew,0,0.109375,0.4759858191164943,11;12;13;17;18;22;24;33;41;43;47;50;57;60;62;63,14;13;13;12;11;10;9;8;8;7;6;5;4;3;3;2,908.8000059127808
1,38,r256_a1_hot50_rep0,256,1,hot50,0,1.0,0.0,62,256,117.63200163841248
1,39,r32_a8_linear_skew_rep0,32,8,linear_skew,0,0.1875,0.375,2;11;19;21;22;41;43;52,6;6;5;4;4;3;2;2,482.62399435043335
1,40,r32_a1_zipf_rep2,32,1,zipf,2,1.0,0.0,10,32,111.80800199508667
1,41,r64_a16_zipf_rep0,64,16,zipf,0,0.234375,0.8244316223920575,3;8;9;10;16;19;23;25;26;27;33;36;51;55;57;59,15;8;6;5;4;3;3;3;3;2;2;2;2;2;2;2,906.719982624054
1,42,r128_a2_linear_skew_rep1,128,2,linear_skew,1,0.6640625,0.328125,38;42,85;43,162.52799332141876
1,43,r64_a1_uniform_rep1,64,1,uniform,1,1.0,0.0,24,64,109.82400178909302
1,44,r64_a2_hot50_rep2,64,2,hot50,2,0.5,0.0,45;50,32;32,165.27999937534332
1,45,r128_a8_zipf_rep0,128,8,zipf,0,0.3515625,0.7551903733496608,2;4;14;17;27;37;53;57,45;23;16;12;10;8;7;7,488.12800645828247
1,46,r128_a8_hot50_rep2,128,8,hot50,2,0.4765625,1.0634187204483472,0;6;9;12;25;45;56;60,61;10;10;10;10;9;9;9,485.3120148181915
1,47,r128_a16_hot50_rep1,128,16,hot50,1,0.4453125,1.5823736126465204,3;6;12;15;21;27;30;33;40;42;45;46;48;52;60;62,57;5;5;5;5;5;5;5;5;5;5;5;4;4;4;4,915.9359931945801
1,48,r256_a1_zipf_rep0,256,1,zipf,0,1.0,0.0,62,256,115.80800265073776
1,49,r256_a16_hot50_rep1,256,16,hot50,1,0.47265625,1.6944302139657448,7;16;19;20;21;25;27;34;35;36;40;47;56;57;60;63,121;9;9;9;9;9;9;9;9;9;9;9;9;9;9;9,918.2080030441284
1,50,r128_a8_hot50_rep1,128,8,hot50,1,0.4765625,1.0634187204483472,5;19;32;34;38;49;54;55,61;10;10;10;10;9;9;9,487.199991941452
1,51,r64_a1_uniform_rep2,64,1,uniform,2,1.0,0.0,58,64,112.0000034570694
1,52,r128_a2_zipf_rep1,128,2,zipf,1,0.6640625,0.328125,38;42,85;43,160.12799739837646
1,53,r128_a4_hot50_rep1,128,4,hot50,1,0.4921875,0.5594535559365049,5;9;41;59,63;22;22;21,284.9920094013214
1,54,r256_a2_linear_skew_rep0,256,2,linear_skew,0,0.6640625,0.328125,4;62,170;86,164.57599401474
1,55,r64_a8_uniform_rep0,64,8,uniform,0,0.125,0.0,7;11;36;41;44;47;48;51,8;8;8;8;8;8;8;8,476.54399275779724
1,56,r256_a16_zipf_rep2,256,16,zipf,2,0.28125,1.0404419884116558,1;4;5;14;19;23;25;33;35;37;42;45;52;53;57;59,72;37;25;19;15;13;11;10;9;8;7;7;6;6;6;5,938.1759762763977
1,57,r32_a8_uniform_rep1,32,8,uniform,1,0.125,0.0,12;15;17;18;39;41;47;58,4;4;4;4;4;4;4;4,486.01600527763367
1,58,r256_a4_linear_skew_rep1,256,4,linear_skew,1,0.3984375,0.44373349441134147,36;50;54;61,102;77;51;26,278.3679962158203
1,59,r64_a4_hot50_rep2,64,4,hot50,2,0.484375,0.5412658773652742,11;20;46;57,31;11;11;11,268.70399713516235
1,60,r64_a4_linear_skew_rep2,64,4,linear_skew,2,0.390625,0.4192627457812106,11;20;46;57,25;19;13;7,270.143985748291
1,61,r32_a2_uniform_rep2,32,2,uniform,2,0.5,0.0,1;48,16;16,153.24799716472626
1,62,r128_a4_zipf_rep1,128,4,zipf,1,0.46875,0.5326268921581034,5;9;41;59,60;31;21;16,279.1360020637512
1,63,r128_a4_uniform_rep1,128,4,uniform,1,0.25,0.0,5;9;41;59,32;32;32;32,280.12800216674805
1,64,r256_a1_hot50_rep1,256,1,hot50,1,1.0,0.0,13,256,114.9120032787323
1,65,r256_a8_hot50_rep2,256,8,hot50,2,0.48828125,1.0985386244347533,19;23;28;37;55;57;58;60,125;19;19;19;19;19;18;18,516.9919729232788
1,66,r32_a16_linear_skew_rep1,32,16,linear_skew,1,0.09375,0.3535533905932738,2;10;13;18;19;24;27;28;29;42;43;45;47;48;57;59,3;3;3;3;2;2;2;2;2;2;2;2;1;1;1;1,908.1599712371826
1,67,r64_a2_uniform_rep0,64,2,uniform,0,0.5,0.0,16;17,32;32,165.92000424861908
1,68,r128_a4_zipf_rep0,128,4,zipf,0,0.46875,0.5326268921581034,37;40;48;52,60;31;21;16,279.32798862457275
1,69,r256_a2_uniform_rep0,256,2,uniform,0,0.5,0.0,4;62,128;128,154.91199493408203
1,70,r32_a4_linear_skew_rep0,32,4,linear_skew,0,0.375,0.3644344934278313,5;35;54;57,12;9;7;4,257.4400007724762
1,71,r64_a4_zipf_rep0,64,4,zipf,0,0.46875,0.5284854539152426,9;42;56;58,30;15;11;8,273.50398898124695
1,72,r128_a1_uniform_rep2,128,1,uniform,2,1.0,0.0,38,128,105.79200088977814
1,73,r64_a1_zipf_rep2,64,1,zipf,2,1.0,0.0,58,64,107.96800255775452
1,74,r64_a8_zipf_rep1,64,8,zipf,1,0.34375,0.7207851621669248,1;10;12;17;30;31;42;43,22;11;8;6;5;4;4;4,483.487993478775
1,75,r128_a1_linear_skew_rep2,128,1,linear_skew,2,1.0,0.0,38,128,101.43999755382538
1,76,r128_a2_hot50_rep2,128,2,hot50,2,0.5,0.0,23;32,64;64,162.33600676059723
1,77,r256_a4_hot50_rep0,256,4,hot50,0,0.49609375,0.5683291712335379,6;27;28;50,127;43;43;43,275.9999930858612
1,78,r128_a2_uniform_rep1,128,2,uniform,1,0.5,0.0,38;42,64;64,161.82400286197662
1,79,r256_a8_zipf_rep1,256,8,zipf,1,0.359375,0.7842131307081003,17;27;29;32;33;41;54;58,92;47;32;24;19;16;14;12,509.18400287628174
1,80,r128_a16_hot50_rep2,128,16,hot50,2,0.4453125,1.5823736126465204,2;3;4;5;10;12;24;25;30;36;39;49;55;56;59;60,57;5;5;5;5;5;5;5;5;5;5;5;4;4;4;4,909.1519713401794
1,81,r256_a1_uniform_rep0,256,1,uniform,0,1.0,0.0,62,256,112.92800307273865
1,82,r64_a1_linear_skew_rep1,64,1,linear_skew,1,1.0,0.0,24,64,115.13599753379822
1,83,r32_a1_uniform_rep0,32,1,uniform,0,1.0,0.0,37,32,111.00800335407257
1,84,r32_a1_uniform_rep1,32,1,uniform,1,1.0,0.0,45,32,108.89600217342377
1,85,r64_a2_hot50_rep1,64,2,hot50,1,0.5,0.0,4;5,32;32,161.05599701404572
1,86,r256_a2_uniform_rep1,256,2,uniform,1,0.5,0.0,1;5,128;128,153.05599570274353
1,87,r128_a2_linear_skew_rep2,128,2,linear_skew,2,0.6640625,0.328125,23;32,85;43,155.96799552440643
1,88,r256_a2_linear_skew_rep1,256,2,linear_skew,1,0.6640625,0.328125,1;5,170;86,158.91200304031372
1,89,r64_a16_uniform_rep0,64,16,uniform,0,0.0625,0.0,3;8;9;10;16;19;23;25;26;27;33;36;51;55;57;59,4;4;4;4;4;4;4;4;4;4;4;4;4;4;4;4,909.4079732894897
1,90,r256_a1_zipf_rep2,256,1,zipf,2,1.0,0.0,34,256,112.09599673748016
1,91,r256_a2_zipf_rep2,256,2,zipf,2,0.6640625,0.328125,27;45,170;86,160.288006067276
1,92,r256_a1_uniform_rep1,256,1,uniform,1,1.0,0.0,13,256,108.57599973678589
1,93,r64_a2_uniform_rep2,64,2,uniform,2,0.5,0.0,45;50,32;32,166.07999801635742
1,94,r64_a8_linear_skew_rep2,64,8,linear_skew,2,0.203125,0.42389562394532926,1;5;18;35;46;56;59;60,13;12;10;9;7;6;4;3,476.608008146286
1,95,r256_a2_zipf_rep0,256,2,zipf,0,0.6640625,0.328125,4;62,170;86,159.39199924468994
1,96,r64_a8_uniform_rep1,64,8,uniform,1,0.125,0.0,1;10;12;17;30;31;42;43,8;8;8;8;8;8;8;8,474.8159945011139
1,97,r64_a1_uniform_rep0,64,1,uniform,0,1.0,0.0,39,64,110.27199774980545
1,98,r64_a4_linear_skew_rep0,64,4,linear_skew,0,0.390625,0.4192627457812106,9;42;56;58,25;19;13;7,329.0559947490692
1,99,r64_a4_uniform_rep1,64,4,uniform,1,0.25,0.0,8;9;28;49,16;16;16;16,262.719988822937
1,100,r64_a4_hot50_rep1,64,4,hot50,1,0.484375,0.5412658773652742,8;9;28;49,31;11;11;11,269.3119943141937
1,101,r256_a4_zipf_rep0,256,4,zipf,0,0.4765625,0.551653232622179,6;27;28;50,122;62;41;31,280.4799973964691
1,102,r64_a16_zipf_rep2,64,16,zipf,2,0.234375,0.8244316223920575,0;5;8;14;25;27;33;34;35;36;40;42;43;46;50;56,15;8;6;5;4;3;3;3;3;2;2;2;2;2;2;2,908.735990524292
1,103,r32_a1_hot50_rep0,32,1,hot50,0,1.0,0.0,37,32,113.95200341939926
1,104,r128_a16_zipf_rep2,128,16,zipf,2,0.265625,0.967236721283885,2;3;4;5;10;12;24;25;30;36;39;49;55;56;59;60,34;18;12;9;8;6;6;5;5;4;4;4;4;3;3;3,914.9119853973389
1,105,r64_a4_uniform_rep2,64,4,uniform,2,0.25,0.0,11;20;46;57,16;16;16;16,257.5039863586426
1,106,r128_a8_linear_skew_rep2,128,8,linear_skew,2,0.21875,0.4810876349481454,0;6;9;12;25;45;56;60,28;24;21;18;14;11;8;4,498.27200174331665
1,107,r256_a16_hot50_rep0,256,16,hot50,0,0.47265625,1.6944302139657448,0;1;3;11;12;15;17;18;22;35;42;47;50;57;58;59,121;9;9;9;9;9;9;9;9;9;9;9;9;9;9;9,906.4639806747437
1,108,r128_a4_hot50_rep2,128,4,hot50,2,0.4921875,0.5594535559365049,0;11;15;55,63;22;22;21,282.04798698425293
1,109,r32_a4_hot50_rep1,32,4,hot50,1,0.46875,0.5077524002897476,22;32;37;45,15;6;6;5,259.5199942588806
1,110,r32_a4_zipf_rep1,32,4,zipf,1,0.4375,0.46770717334674267,22;32;37;45,14;8;6;4,254.4960081577301
1,111,r32_a8_uniform_rep2,32,8,uniform,2,0.125,0.0,4;10;18;29;34;60;61;63,4;4;4;4;4;4;4;4,469.4719910621643
1,112,r256_a16_uniform_rep2,256,16,uniform,2,0.0625,0.0,1;4;5;14;19;23;25;33;35;37;42;45;52;53;57;59,16;16;16;16;16;16;16;16;16;16;16;16;16;16;16;16,891.103982925415
1,113,r64_a4_uniform_rep0,64,4,uniform,0,0.25,0.0,9;42;56;58,16;16;16;16,259.64799523353577
1,114,r128_a4_linear_skew_rep0,128,4,linear_skew,0,0.3984375,0.44028133761266786,37;40;48;52,51;38;26;13,280.89600801467896
1,115,r32_a2_hot50_rep2,32,2,hot50,2,0.5,0.0,1;48,16;16,150.30400454998016
1,116,r32_a8_zipf_rep1,32,8,zipf,1,0.3125,0.6123724356957945,12;15;17;18;39;41;47;58,10;5;4;3;3;3;2;2,480.0319969654083
1,117,r128_a1_hot50_rep0,128,1,hot50,0,1.0,0.0,48,128,106.1440035700798
1,118,r128_a8_linear_skew_rep0,128,8,linear_skew,0,0.21875,0.4810876349481454,2;4;14;17;27;37;53;57,28;24;21;18;14;11;8;4,500.0320076942444
1,119,r256_a8_hot50_rep0,256,8,hot50,0,0.48828125,1.0985386244347533,0;5;10;21;27;34;36;50,125;19;19;19;19;19;18;18,513.5359764099121
1,120,r32_a1_hot50_rep1,32,1,hot50,1,1.0,0.0,45,32,112.09599673748016
1,121,r32_a4_uniform_rep2,32,4,uniform,2,0.25,0.0,10;17;31;45,8;8;8;8,259.0720057487488
1,122,r32_a16_linear_skew_rep2,32,16,linear_skew,2,0.09375,0.3535533905932738,2;4;11;15;18;19;23;30;32;39;45;47;53;54;58;60,3;3;3;3;2;2;2;2;2;2;2;2;1;1;1;1,901.7599821090698
1,123,r64_a2_zipf_rep2,64,2,zipf,2,0.65625,0.3125,45;50,42;22,165.27999937534332
1,124,r128_a4_hot50_rep0,128,4,hot50,0,0.4921875,0.5594535559365049,37;40;48;52,63;22;22;21,281.792014837265
1,125,r128_a4_linear_skew_rep1,128,4,linear_skew,1,0.3984375,0.44028133761266786,5;9;41;59,51;38;26;13,277.40800380706787
1,126,r128_a16_uniform_rep0,128,16,uniform,0,0.0625,0.0,11;12;13;17;18;22;24;33;41;43;47;50;57;60;62;63,8;8;8;8;8;8;8;8;8;8;8;8;8;8;8;8,903.1680226325989
1,127,r256_a1_hot50_rep2,256,1,hot50,2,1.0,0.0,34,256,117.0559972524643
1,128,r64_a8_linear_skew_rep0,64,8,linear_skew,0,0.203125,0.42389562394532926,7;11;36;41;44;47;48;51,13;12;10;9;7;6;4;3,481.9200038909912
1,129,r256_a4_linear_skew_rep0,256,4,linear_skew,0,0.3984375,0.44373349441134147,6;27;28;50,102;77;51;26,274.3679881095886
1,130,r64_a16_hot50_rep2,64,16,hot50,2,0.390625,1.3607213160673275,0;5;8;14;25;27;33;34;35;36;40;42;43;46;50;56,25;3;3;3;3;3;3;3;3;3;2;2;2;2;2;2,906.3360095024109
1,131,r256_a8_linear_skew_rep1,256,8,linear_skew,1,0.21875,0.4876402041977261,17;27;29;32;33;41;54;58,56;49;42;35;29;22;15;8,524.3520140647888
1,132,r32_a8_hot50_rep2,32,8,hot50,2,0.40625,0.8569568250501305,4;10;18;29;34;60;61;63,13;3;3;3;3;3;2;2,471.74400091171265
1,133,r128_a1_uniform_rep0,128,1,uniform,0,1.0,0.0,48,128,104.86400127410889
1,134,r128_a16_linear_skew_rep2,128,16,linear_skew,2,0.109375,0.4759858191164943,2;3;4;5;10;12;24;25;30;36;39;49;55;56;59;60,14;13;13;12;11;10;9;8;8;7;6;5;4;3;3;2,914.463996887207
1,135,r256_a16_uniform_rep0,256,16,uniform,0,0.0625,0.0,0;1;3;11;12;15;17;18;22;35;42;47;50;57;58;59,16;16;16;16;16;16;16;16;16;16;16;16;16;16;16;16,902.9759764671326
1,136,r64_a1_linear_skew_rep0,64,1,linear_skew,0,1.0,0.0,39,64,110.23999750614166
1,137,r256_a2_linear_skew_rep2,256,2,linear_skew,2,0.6640625,0.328125,27;45,170;86,164.57599401474
1,138,r128_a1_zipf_rep1,128,1,zipf,1,1.0,0.0,48,128,101.9200012087822
1,139,r256_a2_hot50_rep0,256,2,hot50,0,0.5,0.0,4;62,128;128,151.8079936504364
1,140,r64_a8_zipf_rep0,64,8,zipf,0,0.34375,0.7207851621669248,7;11;36;41;44;47;48;51,22;11;8;6;5;4;4;4,484.0640127658844
1,141,r256_a8_uniform_rep2,256,8,uniform,2,0.125,0.0,19;23;28;37;55;57;58;60,32;32;32;32;32;32;32;32,520.6720232963562
1,142,r32_a8_zipf_rep2,32,8,zipf,2,0.3125,0.6123724356957945,4;10;18;29;34;60;61;63,10;5;4;3;3;3;2;2,477.34400629997253
1,143,r32_a2_hot50_rep0,32,2,hot50,0,0.5,0.0,7;54,16;16,151.13599598407745
1,144,r128_a4_zipf_rep2,128,4,zipf,2,0.46875,0.5326268921581034,0;11;15;55,60;31;21;16,278.81601452827454
1,145,r256_a8_zipf_rep0,256,8,zipf,0,0.359375,0.7842131307081003,0;5;10;21;27;34;36;50,92;47;32;24;19;16;14;12,503.2320022583008
1,146,r32_a2_linear_skew_rep1,32,2,linear_skew,1,0.65625,0.3125,8;20,21;11,158.9439958333969
1,147,r128_a4_uniform_rep2,128,4,uniform,2,0.25,0.0,0;11;15;55,32;32;32;32,279.87200021743774
1,148,r256_a16_linear_skew_rep0,256,16,linear_skew,0,0.11328125,0.5019493251315316,0;1;3;11;12;15;17;18;22;35;42;47;50;57;58;59,29;27;26;24;22;20;19;17;15;13;12;10;8;6;5;3,958.9440226554871
1,149,r128_a1_linear_skew_rep0,128,1,linear_skew,0,1.0,0.0,48,128,106.20799660682678
1,150,r256_a1_linear_skew_rep1,256,1,linear_skew,1,1.0,0.0,13,256,112.47999966144562
1,151,r64_a16_zipf_rep1,64,16,zipf,1,0.234375,0.8244316223920575,15;18;20;28;29;31;35;36;39;44;45;50;52;53;54;59,15;8;6;5;4;3;3;3;3;2;2;2;2;2;2;2,908.191978931427
1,152,r128_a16_zipf_rep1,128,16,zipf,1,0.265625,0.967236721283885,3;6;12;15;21;27;30;33;40;42;45;46;48;52;60;62,34;18;12;9;8;6;6;5;5;4;4;4;4;3;3;3,922.5280284881592
1,153,r32_a16_uniform_rep0,32,16,uniform,0,0.0625,0.0,3;4;5;7;8;9;15;19;21;23;25;30;36;38;45;62,2;2;2;2;2;2;2;2;2;2;2;2;2;2;2;2,899.9999761581421
1,154,r256_a8_uniform_rep1,256,8,uniform,1,0.125,0.0,17;27;29;32;33;41;54;58,32;32;32;32;32;32;32;32,517.6960229873657
1,155,r32_a4_zipf_rep2,32,4,zipf,2,0.4375,0.46770717334674267,10;17;31;45,14;8;6;4,257.82400369644165
1,156,r64_a8_hot50_rep2,64,8,hot50,2,0.453125,0.9921567416492215,1;5;18;35;46;56;59;60,29;5;5;5;5;5;5;5,475.45599937438965
1,157,r128_a16_uniform_rep1,128,16,uniform,1,0.0625,0.0,3;6;12;15;21;27;30;33;40;42;45;46;48;52;60;62,8;8;8;8;8;8;8;8;8;8;8;8;8;8;8;8,892.8959965705872
1,158,r256_a4_zipf_rep2,256,4,zipf,2,0.4765625,0.551653232622179,0;22;24;46,122;62;41;31,278.30401062965393
1,159,r128_a16_hot50_rep0,128,16,hot50,0,0.4453125,1.5823736126465204,11;12;13;17;18;22;24;33;41;43;47;50;57;60;62;63,57;5;5;5;5;5;5;5;5;5;5;5;4;4;4;4,910.207986831665
1,160,r128_a2_zipf_rep0,128,2,zipf,0,0.6640625,0.328125,9;32,85;43,161.28000617027283
1,161,r128_a2_hot50_rep1,128,2,hot50,1,0.5,0.0,38;42,64;64,163.61600160598755
1,162,r256_a16_linear_skew_rep2,256,16,linear_skew,2,0.11328125,0.5019493251315316,1;4;5;14;19;23;25;33;35;37;42;45;52;53;57;59,29;27;26;24;22;20;19;17;15;13;12;10;8;6;5;3,959.2959880828857
1,163,r32_a16_zipf_rep2,32,16,zipf,2,0.1875,0.6123724356957945,2;4;11;15;18;19;23;30;32;39;45;47;53;54;58;60,6;3;3;2;2;2;2;2;2;2;1;1;1;1;1;1,899.0399837493896
1,164,r32_a1_zipf_rep0,32,1,zipf,0,1.0,0.0,37,32,117.08799749612808
1,165,r128_a2_hot50_rep0,128,2,hot50,0,0.5,0.0,9;32,64;64,164.57599401474
1,166,r128_a1_zipf_rep2,128,1,zipf,2,1.0,0.0,38,128,104.12800312042236
1,167,r256_a1_linear_skew_rep0,256,1,linear_skew,0,1.0,0.0,62,256,112.86400258541107
1,168,r128_a16_zipf_rep0,128,16,zipf,0,0.265625,0.967236721283885,11;12;13;17;18;22;24;33;41;43;47;50;57;60;62;63,34;18;12;9;8;6;6;5;5;4;4;4;4;3;3;3,915.4239892959595
1,169,r256_a8_zipf_rep2,256,8,zipf,2,0.359375,0.7842131307081003,19;23;28;37;55;57;58;60,92;47;32;24;19;16;14;12,501.24800205230713
1,170,r256_a4_linear_skew_rep2,256,4,linear_skew,2,0.3984375,0.44373349441134147,0;22;24;46,102;77;51;26,270.24000883102417
1,171,r32_a16_hot50_rep0,32,16,hot50,0,0.28125,0.9354143466934853,3;4;5;7;8;9;15;19;21;23;25;30;36;38;45;62,9;2;2;2;2;2;2;2;2;1;1;1;1;1;1;1,890.55997133255
1,172,r256_a2_uniform_rep2,256,2,uniform,2,0.5,0.0,27;45,128;128,153.9520025253296
1,173,r64_a1_hot50_rep2,64,1,hot50,2,1.0,0.0,58,64,110.88000237941742
1,174,r32_a4_hot50_rep0,32,4,hot50,0,0.46875,0.5077524002897476,5;35;54;57,15;6;6;5,258.08000564575195
1,175,r64_a4_linear_skew_rep1,64,4,linear_skew,1,0.390625,0.4192627457812106,8;9;28;49,25;19;13;7,275.90399980545044
1,176,r32_a4_uniform_rep0,32,4,uniform,0,0.25,0.0,5;35;54;57,8;8;8;8,256.7040026187897
1,177,r128_a8_hot50_rep0,128,8,hot50,0,0.4765625,1.0634187204483472,2;4;14;17;27;37;53;57,61;10;10;10;10;9;9;9,485.3439927101135
1,178,r256_a2_zipf_rep1,256,2,zipf,1,0.6640625,0.328125,1;5,170;86,163.58399391174316
1,179,r128_a8_uniform_rep1,128,8,uniform,1,0.125,0.0,5;19;32;34;38;49;54;55,16;16;16;16;16;16;16;16,467.9679870605469
1,180,r128_a16_linear_skew_rep1,128,16,linear_skew,1,0.109375,0.4759858191164943,3;6;12;15;21;27;30;33;40;42;45;46;48;52;60;62,14;13;13;12;11;10;9;8;8;7;6;5;4;3;3;2,939.8080110549927
1,181,r256_a4_hot50_rep2,256,4,hot50,2,0.49609375,0.5683291712335379,0;22;24;46,127;43;43;43,283.4559977054596
1,182,r32_a16_hot50_rep2,32,16,hot50,2,0.28125,0.9354143466934853,2;4;11;15;18;19;23;30;32;39;45;47;53;54;58;60,9;2;2;2;2;2;2;2;2;1;1;1;1;1;1;1,890.1439905166626
1,183,r64_a2_zipf_rep0,64,2,zipf,0,0.65625,0.3125,16;17,42;22,165.43999314308167
1,184,r32_a2_linear_skew_rep0,32,2,linear_skew,0,0.65625,0.3125,7;54,21;11,157.72800147533417
1,185,r128_a2_uniform_rep2,128,2,uniform,2,0.5,0.0,23;32,64;64,161.85599565505981
1,186,r32_a4_linear_skew_rep1,32,4,linear_skew,1,0.375,0.3644344934278313,22;32;37;45,12;9;7;4,259.5199942588806
1,187,r32_a16_linear_skew_rep0,32,16,linear_skew,0,0.09375,0.3535533905932738,3;4;5;7;8;9;15;19;21;23;25;30;36;38;45;62,3;3;3;3;2;2;2;2;2;2;2;2;1;1;1;1,900.8640050888062
1,188,r64_a4_zipf_rep1,64,4,zipf,1,0.46875,0.5284854539152426,8;9;28;49,30;15;11;8,269.8880136013031
1,189,r256_a4_uniform_rep2,256,4,uniform,2,0.25,0.0,0;22;24;46,64;64;64;64,283.1999957561493
1,190,r32_a1_hot50_rep2,32,1,hot50,2,1.0,0.0,10,32,113.47199976444244
1,191,r64_a1_hot50_rep1,64,1,hot50,1,1.0,0.0,24,64,107.87200182676315
1,192,r64_a16_linear_skew_rep2,64,16,linear_skew,2,0.109375,0.4330127018922193,0;5;8;14;25;27;33;34;35;36;40;42;43;46;50;56,7;6;6;6;5;5;5;4;4;3;3;3;2;2;2;1,903.2959938049316
1,193,r256_a16_zipf_rep1,256,16,zipf,1,0.28125,1.0404419884116558,7;16;19;20;21;25;27;34;35;36;40;47;56;57;60;63,72;37;25;19;15;13;11;10;9;8;7;7;6;6;6;5,922.8479862213135
1,194,r64_a1_zipf_rep0,64,1,zipf,0,1.0,0.0,39,64,110.59200018644333
1,195,r256_a16_uniform_rep1,256,16,uniform,1,0.0625,0.0,7;16;19;20;21;25;27;34;35;36;40;47;56;57;60;63,16;16;16;16;16;16;16;16;16;16;16;16;16;16;16;16,907.584011554718
1,196,r32_a16_hot50_rep1,32,16,hot50,1,0.28125,0.9354143466934853,2;10;13;18;19;24;27;28;29;42;43;45;47;48;57;59,9;2;2;2;2;2;2;2;2;1;1;1;1;1;1;1,890.2400135993958
1,197,r32_a4_hot50_rep2,32,4,hot50,2,0.46875,0.5077524002897476,10;17;31;45,15;6;6;5,256.415992975235
1,198,r32_a1_linear_skew_rep1,32,1,linear_skew,1,1.0,0.0,45,32,110.43199896812439
1,199,r256_a4_hot50_rep1,256,4,hot50,1,0.49609375,0.5683291712335379,36;50;54;61,127;43;43;43,282.5919985771179
1,200,r32_a2_hot50_rep1,32,2,hot50,1,0.5,0.0,8;20,16;16,154.4319987297058
1,201,r64_a1_hot50_rep0,64,1,hot50,0,1.0,0.0,39,64,108.89600217342377
1,202,r128_a8_zipf_rep2,128,8,zipf,2,0.3515625,0.7551903733496608,0;6;9;12;25;45;56;60,45;23;16;12;10;8;7;7,484.25599932670593
1,203,r64_a16_linear_skew_rep0,64,16,linear_skew,0,0.109375,0.4330127018922193,3;8;9;10;16;19;23;25;26;27;33;36;51;55;57;59,7;6;6;6;5;5;5;4;4;3;3;3;2;2;2;1,903.6160111427307
1,204,r64_a2_linear_skew_rep0,64,2,linear_skew,0,0.65625,0.3125,16;17,42;22,171.2000072002411
1,205,r128_a8_zipf_rep1,128,8,zipf,1,0.3515625,0.7551903733496608,5;19;32;34;38;49;54;55,45;23;16;12;10;8;7;7,489.72800374031067
1,206,r32_a8_zipf_rep0,32,8,zipf,0,0.3125,0.6123724356957945,2;11;19;21;22;41;43;52,10;5;4;3;3;3;2;2,474.94399547576904
1,207,r64_a2_zipf_rep1,64,2,zipf,1,0.65625,0.3125,4;5,42;22,164.22399878501892
1,208,r256_a4_zipf_rep1,256,4,zipf,1,0.4765625,0.551653232622179,36;50;54;61,122;62;41;31,277.18400955200195
1,209,r32_a1_linear_skew_rep2,32,1,linear_skew,2,1.0,0.0,10,32,109.92000252008438
1,210,r64_a1_linear_skew_rep2,64,1,linear_skew,2,1.0,0.0,58,64,106.84800148010254
1,211,r64_a1_zipf_rep1,64,1,zipf,1,1.0,0.0,24,64,107.51999914646149
1,212,r32_a2_zipf_rep1,32,2,zipf,1,0.65625,0.3125,8;20,21;11,158.11200439929962
1,213,r32_a2_zipf_rep2,32,2,zipf,2,0.65625,0.3125,1;48,21;11,156.6080003976822
1,214,r64_a4_hot50_rep0,64,4,hot50,0,0.484375,0.5412658773652742,9;42;56;58,31;11;11;11,265.8880054950714
1,215,r256_a2_hot50_rep2,256,2,hot50,2,0.5,0.0,27;45,128;128,153.76000106334686
1,216,r256_a16_linear_skew_rep1,256,16,linear_skew,1,0.11328125,0.5019493251315316,7;16;19;20;21;25;27;34;35;36;40;47;56;57;60;63,29;27;26;24;22;20;19;17;15;13;12;10;8;6;5;3,955.4240107536316
1,217,r128_a2_zipf_rep2,128,2,zipf,2,0.6640625,0.328125,23;32,85;43,159.39199924468994
1,218,r64_a8_zipf_rep2,64,8,zipf,2,0.34375,0.7207851621669248,1;5;18;35;46;56;59;60,22;11;8;6;5;4;4;4,482.84798860549927
1,219,r128_a1_zipf_rep0,128,1,zipf,0,1.0,0.0,48,128,104.3199971318245
1,220,r32_a2_uniform_rep1,32,2,uniform,1,0.5,0.0,8;20,16;16,152.19199657440186
1,221,r64_a2_linear_skew_rep1,64,2,linear_skew,1,0.65625,0.3125,4;5,42;22,163.7759953737259
1,222,r128_a4_uniform_rep0,128,4,uniform,0,0.25,0.0,37;40;48;52,32;32;32;32,283.7119996547699
1,223,r32_a16_zipf_rep0,32,16,zipf,0,0.1875,0.6123724356957945,3;4;5;7;8;9;15;19;21;23;25;30;36;38;45;62,6;3;3;2;2;2;2;2;2;2;1;1;1;1;1;1,895.039975643158
1,224,r32_a8_linear_skew_rep1,32,8,linear_skew,1,0.1875,0.375,12;15;17;18;39;41;47;58,6;6;5;4;4;3;2;2,470.20798921585083
1,225,r256_a16_hot50_rep2,256,16,hot50,2,0.47265625,1.6944302139657448,1;4;5;14;19;23;25;33;35;37;42;45;52;53;57;59,121;9;9;9;9;9;9;9;9;9;9;9;9;9;9;9,908.7679982185364
1,226,r256_a8_linear_skew_rep2,256,8,linear_skew,2,0.21875,0.4876402041977261,19;23;28;37;55;57;58;60,56;49;42;35;29;22;15;8,514.6880149841309
1,227,r32_a1_zipf_rep1,32,1,zipf,1,1.0,0.0,45,32,112.38399893045425
1,228,r256_a2_hot50_rep1,256,2,hot50,1,0.5,0.0,1;5,128;128,153.50399911403656
1,229,r256_a1_zipf_rep1,256,1,zipf,1,1.0,0.0,13,256,113.0559965968132
1,230,r64_a16_hot50_rep0,64,16,hot50,0,0.390625,1.3607213160673275,3;8;9;10;16;19;23;25;26;27;33;36;51;55;57;59,25;3;3;3;3;3;3;3;3;3;2;2;2;2;2;2,905.7919979095459
1,231,r128_a1_linear_skew_rep1,128,1,linear_skew,1,1.0,0.0,48,128,105.05600273609161
1,232,r128_a4_linear_skew_rep2,128,4,linear_skew,2,0.3984375,0.44028133761266786,0;11;15;55,51;38;26;13,280.09599447250366
1,233,r64_a16_uniform_rep2,64,16,uniform,2,0.0625,0.0,0;5;8;14;25;27;33;34;35;36;40;42;43;46;50;56,4;4;4;4;4;4;4;4;4;4;4;4;4;4;4;4,899.0399837493896
1,234,r32_a8_hot50_rep1,32,8,hot50,1,0.40625,0.8569568250501305,12;15;17;18;39;41;47;58,13;3;3;3;3;3;2;2,471.19998931884766
1,235,r128_a8_uniform_rep0,128,8,uniform,0,0.125,0.0,2;4;14;17;27;37;53;57,16;16;16;16;16;16;16;16,476.1280119419098
1,236,r32_a8_hot50_rep0,32,8,hot50,0,0.40625,0.8569568250501305,2;11;19;21;22;41;43;52,13;3;3;3;3;3;2;2,474.17598962783813
1,237,r64_a4_zipf_rep2,64,4,zipf,2,0.46875,0.5284854539152426,11;20;46;57,30;15;11;8,266.975998878479
1,238,r256_a1_linear_skew_rep2,256,1,linear_skew,2,1.0,0.0,34,256,113.21599781513214
1,239,r256_a4_uniform_rep0,256,4,uniform,0,0.25,0.0,6;27;28;50,64;64;64;64,279.7119915485382
2,0,r64_a16_zipf_rep0,64,16,zipf,0,0.234375,0.8244316223920575,3;8;9;10;16;19;23;25;26;27;33;36;51;55;57;59,15;8;6;5;4;3;3;3;3;2;2;2;2;2;2;2,900.4799723625183
2,1,r64_a4_uniform_rep2,64,4,uniform,2,0.25,0.0,11;20;46;57,16;16;16;16,258.4640085697174
2,2,r128_a2_uniform_rep2,128,2,uniform,2,0.5,0.0,23;32,64;64,162.1440052986145
2,3,r256_a16_linear_skew_rep1,256,16,linear_skew,1,0.11328125,0.5019493251315316,7;16;19;20;21;25;27;34;35;36;40;47;56;57;60;63,29;27;26;24;22;20;19;17;15;13;12;10;8;6;5;3,954.7839760780334
2,4,r128_a8_uniform_rep2,128,8,uniform,2,0.125,0.0,0;6;9;12;25;45;56;60,16;16;16;16;16;16;16;16,476.48000717163086
2,5,r256_a1_hot50_rep0,256,1,hot50,0,1.0,0.0,62,256,113.21599781513214
2,6,r32_a8_linear_skew_rep0,32,8,linear_skew,0,0.1875,0.375,2;11;19;21;22;41;43;52,6;6;5;4;4;3;2;2,471.2960124015808
2,7,r64_a2_uniform_rep0,64,2,uniform,0,0.5,0.0,16;17,32;32,164.09599781036377
2,8,r64_a1_zipf_rep1,64,1,zipf,1,1.0,0.0,24,64,107.04000294208527
2,9,r64_a4_zipf_rep2,64,4,zipf,2,0.46875,0.5284854539152426,11;20;46;57,30;15;11;8,263.9999985694885
2,10,r64_a1_uniform_rep1,64,1,uniform,1,1.0,0.0,24,64,105.27999699115753
2,11,r128_a16_uniform_rep2,128,16,uniform,2,0.0625,0.0,2;3;4;5;10;12;24;25;30;36;39;49;55;56;59;60,8;8;8;8;8;8;8;8;8;8;8;8;8;8;8;8,893.0559754371643
2,12,r32_a4_hot50_rep1,32,4,hot50,1,0.46875,0.5077524002897476,22;32;37;45,15;6;6;5,264.22399282455444
2,13,r64_a8_zipf_rep1,64,8,zipf,1,0.34375,0.7207851621669248,1;10;12;17;30;31;42;43,22;11;8;6;5;4;4;4,480.22401332855225
2,14,r64_a1_zipf_rep2,64,1,zipf,2,1.0,0.0,58,64,109.0560033917427
2,15,r128_a16_hot50_rep0,128,16,hot50,0,0.4453125,1.5823736126465204,11;12;13;17;18;22;24;33;41;43;47;50;57;60;62;63,57;5;5;5;5;5;5;5;5;5;5;5;4;4;4;4,917.0240163803101
2,16,r64_a4_linear_skew_rep2,64,4,linear_skew,2,0.390625,0.4192627457812106,11;20;46;57,25;19;13;7,272.70400524139404
2,17,r256_a16_hot50_rep2,256,16,hot50,2,0.47265625,1.6944302139657448,1;4;5;14;19;23;25;33;35;37;42;45;52;53;57;59,121;9;9;9;9;9;9;9;9;9;9;9;9;9;9;9,904.6080112457275
2,18,r256_a16_zipf_rep2,256,16,zipf,2,0.28125,1.0404419884116558,1;4;5;14;19;23;25;33;35;37;42;45;52;53;57;59,72;37;25;19;15;13;11;10;9;8;7;7;6;6;6;5,919.5839762687683
2,19,r64_a1_uniform_rep2,64,1,uniform,2,1.0,0.0,58,64,110.04800349473953
2,20,r256_a4_zipf_rep0,256,4,zipf,0,0.4765625,0.551653232622179,6;27;28;50,122;62;41;31,280.16000986099243
2,21,r256_a8_zipf_rep1,256,8,zipf,1,0.359375,0.7842131307081003,17;27;29;32;33;41;54;58,92;47;32;24;19;16;14;12,500.63997507095337
2,22,r256_a1_linear_skew_rep2,256,1,linear_skew,2,1.0,0.0,34,256,113.98400366306305
2,23,r64_a1_hot50_rep1,64,1,hot50,1,1.0,0.0,24,64,109.3439981341362
2,24,r32_a2_linear_skew_rep2,32,2,linear_skew,2,0.65625,0.3125,1;48,21;11,157.9200029373169
2,25,r256_a4_linear_skew_rep0,256,4,linear_skew,0,0.3984375,0.44373349441134147,6;27;28;50,102;77;51;26,277.7920067310333
2,26,r32_a1_uniform_rep1,32,1,uniform,1,1.0,0.0,45,32,110.04800349473953
2,27,r256_a8_uniform_rep0,256,8,uniform,0,0.125,0.0,0;5;10;21;27;34;36;50,32;32;32;32;32;32;32;32,516.0639882087708
2,28,r128_a8_hot50_rep0,128,8,hot50,0,0.4765625,1.0634187204483472,2;4;14;17;27;37;53;57,61;10;10;10;10;9;9;9,487.42398619651794
2,29,r256_a16_zipf_rep0,256,16,zipf,0,0.28125,1.0404419884116558,0;1;3;11;12;15;17;18;22;35;42;47;50;57;58;59,72;37;25;19;15;13;11;10;9;8;7;7;6;6;6;5,923.3279824256897
2,30,r128_a4_hot50_rep1,128,4,hot50,1,0.4921875,0.5594535559365049,5;9;41;59,63;22;22;21,285.0880026817322
2,31,r256_a8_hot50_rep0,256,8,hot50,0,0.48828125,1.0985386244347533,0;5;10;21;27;34;36;50,125;19;19;19;19;19;18;18,511.07197999954224
2,32,r256_a2_linear_skew_rep0,256,2,linear_skew,0,0.6640625,0.328125,4;62,170;86,162.36799955368042
2,33,r256_a1_hot50_rep1,256,1,hot50,1,1.0,0.0,13,256,109.02400314807892
2,34,r128_a1_zipf_rep0,128,1,zipf,0,1.0,0.0,48,128,102.20800340175629
2,35,r32_a4_hot50_rep2,32,4,hot50,2,0.46875,0.5077524002897476,10;17;31;45,15;6;6;5,255.93599677085876
2,36,r256_a8_uniform_rep2,256,8,uniform,2,0.125,0.0,19;23;28;37;55;57;58;60,32;32;32;32;32;32;32;32,525.8880257606506
2,37,r128_a16_zipf_rep0,128,16,zipf,0,0.265625,0.967236721283885,11;12;13;17;18;22;24;33;41;43;47;50;57;60;62;63,34;18;12;9;8;6;6;5;5;4;4;4;4;3;3;3,911.1040234565735
2,38,r256_a1_zipf_rep1,256,1,zipf,1,1.0,0.0,13,256,111.32799834012985
2,39,r64_a1_linear_skew_rep0,64,1,linear_skew,0,1.0,0.0,39,64,108.83200168609619
2,40,r256_a4_zipf_rep1,256,4,zipf,1,0.4765625,0.551653232622179,36;50;54;61,122;62;41;31,279.5200049877167
2,41,r64_a2_zipf_rep0,64,2,zipf,0,0.65625,0.3125,16;17,42;22,164.73600268363953
2,42,r32_a1_linear_skew_rep2,32,1,linear_skew,2,1.0,0.0,10,32,107.29599744081497
2,43,r64_a1_hot50_rep0,64,1,hot50,0,1.0,0.0,39,64,105.56799918413162
2,44,r32_a4_linear_skew_rep2,32,4,linear_skew,2,0.375,0.3644344934278313,10;17;31;45,12;9;7;4,257.6639950275421
2,45,r256_a8_linear_skew_rep0,256,8,linear_skew,0,0.21875,0.4876402041977261,0;5;10;21;27;34;36;50,56;49;42;35;29;22;15;8,505.0560235977173
2,46,r32_a16_linear_skew_rep1,32,16,linear_skew,1,0.09375,0.3535533905932738,2;10;13;18;19;24;27;28;29;42;43;45;47;48;57;59,3;3;3;3;2;2;2;2;2;2;2;2;1;1;1;1,903.5199880599976
2,47,r256_a2_zipf_rep2,256,2,zipf,2,0.6640625,0.328125,27;45,170;86,163.16799819469452
2,48,r128_a8_zipf_rep0,128,8,zipf,0,0.3515625,0.7551903733496608,2;4;14;17;27;37;53;57,45;23;16;12;10;8;7;7,483.68000984191895
2,49,r32_a1_uniform_rep0,32,1,uniform,0,1.0,0.0,37,32,109.63200032711029
2,50,r32_a16_hot50_rep0,32,16,hot50,0,0.28125,0.9354143466934853,3;4;5;7;8;9;15;19;21;23;25;30;36;38;45;62,9;2;2;2;2;2;2;2;2;1;1;1;1;1;1;1,895.8399891853333
2,51,r128_a1_uniform_rep1,128,1,uniform,1,1.0,0.0,48,128,105.50399869680405
2,52,r256_a1_linear_skew_rep1,256,1,linear_skew,1,1.0,0.0,13,256,110.944002866745
2,53,r64_a16_uniform_rep2,64,16,uniform,2,0.0625,0.0,0;5;8;14;25;27;33;34;35;36;40;42;43;46;50;56,4;4;4;4;4;4;4;4;4;4;4;4;4;4;4;4,904.0319919586182
2,54,r32_a4_zipf_rep1,32,4,zipf,1,0.4375,0.46770717334674267,22;32;37;45,14;8;6;4,257.60000944137573
2,55,r128_a8_linear_skew_rep1,128,8,linear_skew,1,0.21875,0.4810876349481454,5;19;32;34;38;49;54;55,28;24;21;18;14;11;8;4,499.58398938179016
2,56,r128_a2_hot50_rep0,128,2,hot50,0,0.5,0.0,9;32,64;64,164.2879992723465
2,57,r32_a2_hot50_rep0,32,2,hot50,0,0.5,0.0,7;54,16;16,158.87999534606934
2,58,r256_a2_uniform_rep2,256,2,uniform,2,0.5,0.0,27;45,128;128,153.34400534629822
2,59,r256_a1_uniform_rep0,256,1,uniform,0,1.0,0.0,62,256,111.7120012640953
2,60,r256_a16_zipf_rep1,256,16,zipf,1,0.28125,1.0404419884116558,7;16;19;20;21;25;27;34;35;36;40;47;56;57;60;63,72;37;25;19;15;13;11;10;9;8;7;7;6;6;6;5,925.6960153579712
2,61,r64_a1_linear_skew_rep2,64,1,linear_skew,2,1.0,0.0,58,64,111.32799834012985
2,62,r64_a1_hot50_rep2,64,1,hot50,2,1.0,0.0,58,64,107.26399719715118
2,63,r128_a16_linear_skew_rep0,128,16,linear_skew,0,0.109375,0.4759858191164943,11;12;13;17;18;22;24;33;41;43;47;50;57;60;62;63,14;13;13;12;11;10;9;8;8;7;6;5;4;3;3;2,1117.1200275421143
2,64,r64_a16_hot50_rep0,64,16,hot50,0,0.390625,1.3607213160673275,3;8;9;10;16;19;23;25;26;27;33;36;51;55;57;59,25;3;3;3;3;3;3;3;3;3;2;2;2;2;2;2,1112.9599809646606
2,65,r256_a1_linear_skew_rep0,256,1,linear_skew,0,1.0,0.0,62,256,157.85600244998932
2,66,r32_a2_zipf_rep0,32,2,zipf,0,0.65625,0.3125,7;54,21;11,195.51999866962433
2,67,r128_a16_hot50_rep2,128,16,hot50,2,0.4453125,1.5823736126465204,2;3;4;5;10;12;24;25;30;36;39;49;55;56;59;60,57;5;5;5;5;5;5;5;5;5;5;5;4;4;4;4,1127.5839805603027
2,68,r64_a8_linear_skew_rep2,64,8,linear_skew,2,0.203125,0.42389562394532926,1;5;18;35;46;56;59;60,13;12;10;9;7;6;4;3,612.5119924545288
2,69,r128_a1_linear_skew_rep0,128,1,linear_skew,0,1.0,0.0,48,128,125.05599856376648
2,70,r32_a2_uniform_rep2,32,2,uniform,2,0.5,0.0,1;48,16;16,184.9920004606247
2,71,r256_a4_linear_skew_rep2,256,4,linear_skew,2,0.3984375,0.44373349441134147,0;22;24;46,102;77;51;26,334.0800106525421
2,72,r64_a4_hot50_rep2,64,4,hot50,2,0.484375,0.5412658773652742,11;20;46;57,31;11;11;11,326.1120021343231
2,73,r64_a4_uniform_rep1,64,4,uniform,1,0.25,0.0,8;9;28;49,16;16;16;16,315.71200489997864
2,74,r32_a4_hot50_rep0,32,4,hot50,0,0.46875,0.5077524002897476,5;35;54;57,15;6;6;5,313.56799602508545
2,75,r128_a8_linear_skew_rep0,128,8,linear_skew,0,0.21875,0.4810876349481454,2;4;14;17;27;37;53;57,28;24;21;18;14;11;8;4,637.1840238571167
2,76,r128_a8_hot50_rep2,128,8,hot50,2,0.4765625,1.0634187204483472,0;6;9;12;25;45;56;60,61;10;10;10;10;9;9;9,589.4399881362915
2,77,r32_a1_zipf_rep0,32,1,zipf,0,1.0,0.0,37,32,132.4480026960373
2,78,r64_a8_zipf_rep0,64,8,zipf,0,0.34375,0.7207851621669248,7;11;36;41;44;47;48;51,22;11;8;6;5;4;4;4,591.2960171699524
2,79,r128_a16_linear_skew_rep2,128,16,linear_skew,2,0.109375,0.4759858191164943,2;3;4;5;10;12;24;25;30;36;39;49;55;56;59;60,14;13;13;12;11;10;9;8;8;7;6;5;4;3;3;2,1062.4959468841553
2,80,r32_a4_uniform_rep2,32,4,uniform,2,0.25,0.0,10;17;31;45,8;8;8;8,257.2160065174103
2,81,r128_a1_linear_skew_rep2,128,1,linear_skew,2,1.0,0.0,38,128,101.6319990158081
2,82,r64_a8_linear_skew_rep1,64,8,linear_skew,1,0.203125,0.42389562394532926,1;10;12;17;30;31;42;43,13;12;10;9;7;6;4;3,475.1040041446686
2,83,r64_a2_zipf_rep2,64,2,zipf,2,0.65625,0.3125,45;50,42;22,168.89600455760956
2,84,r32_a2_zipf_rep2,32,2,zipf,2,0.65625,0.3125,1;48,21;11,158.01599621772766
2,85,r128_a8_uniform_rep0,128,8,uniform,0,0.125,0.0,2;4;14;17;27;37;53;57,16;16;16;16;16;16;16;16,469.34399008750916
2,86,r64_a2_linear_skew_rep2,64,2,linear_skew,2,0.65625,0.3125,45;50,42;22,162.62400150299072
2,87,r256_a16_uniform_rep2,256,16,uniform,2,0.0625,0.0,1;4;5;14;19;23;25;33;35;37;42;45;52;53;57;59,16;16;16;16;16;16;16;16;16;16;16;16;16;16;16;16,896.3519930839539
2,88,r128_a4_linear_skew_rep1,128,4,linear_skew,1,0.3984375,0.44028133761266786,5;9;41;59,51;38;26;13,279.4240117073059
2,89,r256_a2_uniform_rep1,256,2,uniform,1,0.5,0.0,1;5,128;128,151.32799744606018
2,90,r128_a2_zipf_rep2,128,2,zipf,2,0.6640625,0.328125,23;32,85;43,157.9200029373169
2,91,r128_a2_zipf_rep0,128,2,zipf,0,0.6640625,0.328125,9;32,85;43,156.19200468063354
2,92,r32_a1_hot50_rep1,32,1,hot50,1,1.0,0.0,45,32,108.96000266075134
2,93,r64_a4_hot50_rep1,64,4,hot50,1,0.484375,0.5412658773652742,8;9;28;49,31;11;11;11,265.0879919528961
2,94,r256_a8_uniform_rep1,256,8,uniform,1,0.125,0.0,17;27;29;32;33;41;54;58,32;32;32;32;32;32;32;32,511.3919973373413
2,95,r128_a4_linear_skew_rep0,128,4,linear_skew,0,0.3984375,0.44028133761266786,37;40;48;52,51;38;26;13,287.4239981174469
2,96,r256_a16_hot50_rep1,256,16,hot50,1,0.47265625,1.6944302139657448,7;16;19;20;21;25;27;34;35;36;40;47;56;57;60;63,121;9;9;9;9;9;9;9;9;9;9;9;9;9;9;9,898.7839818000793
2,97,r256_a2_linear_skew_rep1,256,2,linear_skew,1,0.6640625,0.328125,1;5,170;86,164.15999829769135
2,98,r128_a8_zipf_rep2,128,8,zipf,2,0.3515625,0.7551903733496608,0;6;9;12;25;45;56;60,45;23;16;12;10;8;7;7,487.42398619651794
2,99,r128_a16_zipf_rep1,128,16,zipf,1,0.265625,0.967236721283885,3;6;12;15;21;27;30;33;40;42;45;46;48;52;60;62,34;18;12;9;8;6;6;5;5;4;4;4;4;3;3;3,911.3919734954834
2,100,r256_a2_linear_skew_rep2,256,2,linear_skew,2,0.6640625,0.328125,27;45,170;86,162.4639928340912
2,101,r128_a8_uniform_rep1,128,8,uniform,1,0.125,0.0,5;19;32;34;38;49;54;55,16;16;16;16;16;16;16;16,471.42401337623596
2,102,r64_a1_zipf_rep0,64,1,zipf,0,1.0,0.0,39,64,109.92000252008438
2,103,r32_a2_uniform_rep1,32,2,uniform,1,0.5,0.0,8;20,16;16,150.94399452209473
2,104,r32_a8_zipf_rep1,32,8,zipf,1,0.3125,0.6123724356957945,12;15;17;18;39;41;47;58,10;5;4;3;3;3;2;2,500.2880096435547
2,105,r256_a8_hot50_rep1,256,8,hot50,1,0.48828125,1.0985386244347533,17;27;29;32;33;41;54;58,125;19;19;19;19;19;18;18,515.3279900550842
2,106,r32_a8_hot50_rep1,32,8,hot50,1,0.40625,0.8569568250501305,12;15;17;18;39;41;47;58,13;3;3;3;3;3;2;2,468.57601404190063
2,107,r32_a16_uniform_rep1,32,16,uniform,1,0.0625,0.0,2;10;13;18;19;24;27;28;29;42;43;45;47;48;57;59,2;2;2;2;2;2;2;2;2;2;2;2;2;2;2;2,895.039975643158
2,108,r32_a1_linear_skew_rep0,32,1,linear_skew,0,1.0,0.0,37,32,111.84000223875046
2,109,r256_a4_zipf_rep2,256,4,zipf,2,0.4765625,0.551653232622179,0;22;24;46,122;62;41;31,277.6319980621338
2,110,r32_a2_hot50_rep2,32,2,hot50,2,0.5,0.0,1;48,16;16,150.4960060119629
2,111,r32_a1_zipf_rep2,32,1,zipf,2,1.0,0.0,10,32,113.11999708414078
2,112,r64_a16_hot50_rep1,64,16,hot50,1,0.390625,1.3607213160673275,15;18;20;28;29;31;35;36;39;44;45;50;52;53;54;59,25;3;3;3;3;3;3;3;3;3;2;2;2;2;2;2,907.3600172996521
2,113,r64_a2_hot50_rep2,64,2,hot50,2,0.5,0.0,45;50,32;32,166.17600619792938
2,114,r128_a4_linear_skew_rep2,128,4,linear_skew,2,0.3984375,0.44028133761266786,0;11;15;55,51;38;26;13,279.4240117073059
2,115,r256_a1_uniform_rep1,256,1,uniform,1,1.0,0.0,13,256,114.17599767446518
2,116,r128_a1_zipf_rep1,128,1,zipf,1,1.0,0.0,48,128,102.91200131177902
2,117,r64_a4_uniform_rep0,64,4,uniform,0,0.25,0.0,9;42;56;58,16;16;16;16,259.68000292778015
2,118,r256_a2_hot50_rep0,256,2,hot50,0,0.5,0.0,4;62,128;128,152.0639955997467
2,119,r128_a2_hot50_rep1,128,2,hot50,1,0.5,0.0,38;42,64;64,162.52799332141876
2,120,r32_a16_hot50_rep2,32,16,hot50,2,0.28125,0.9354143466934853,2;4;11;15;18;19;23;30;32;39;45;47;53;54;58;60,9;2;2;2;2;2;2;2;2;1;1;1;1;1;1;1,892.799973487854
2,121,r64_a8_hot50_rep0,64,8,hot50,0,0.453125,0.9921567416492215,7;11;36;41;44;47;48;51,29;5;5;5;5;5;5;5,478.39999198913574
2,122,r64_a8_uniform_rep1,64,8,uniform,1,0.125,0.0,1;10;12;17;30;31;42;43,8;8;8;8;8;8;8;8,469.08798813819885
2,123,r32_a2_linear_skew_rep1,32,2,linear_skew,1,0.65625,0.3125,8;20,21;11,156.54399991035461
2,124,r64_a16_zipf_rep2,64,16,zipf,2,0.234375,0.8244316223920575,0;5;8;14;25;27;33;34;35;36;40;42;43;46;50;56,15;8;6;5;4;3;3;3;3;2;2;2;2;2;2;2,900.2559781074524
2,125,r32_a8_zipf_rep2,32,8,zipf,2,0.3125,0.6123724356957945,4;10;18;29;34;60;61;63,10;5;4;3;3;3;2;2,471.74400091171265
2,126,r256_a16_uniform_rep1,256,16,uniform,1,0.0625,0.0,7;16;19;20;21;25;27;34;35;36;40;47;56;57;60;63,16;16;16;16;16;16;16;16;16;16;16;16;16;16;16;16,3580.8000564575195
2,127,r32_a16_linear_skew_rep2,32,16,linear_skew,2,0.09375,0.3535533905932738,2;4;11;15;18;19;23;30;32;39;45;47;53;54;58;60,3;3;3;3;2;2;2;2;2;2;2;2;1;1;1;1,5473.79207611084
2,128,r128_a1_linear_skew_rep1,128,1,linear_skew,1,1.0,0.0,48,128,1069.375991821289
2,129,r128_a1_uniform_rep2,128,1,uniform,2,1.0,0.0,38,128,1091.7439460754395
2,130,r64_a16_linear_skew_rep1,64,16,linear_skew,1,0.109375,0.4330127018922193,15;18;20;28;29;31;35;36;39;44;45;50;52;53;54;59,7;6;6;6;5;5;5;4;4;3;3;3;2;2;2;1,1875.2959966659546
2,131,r32_a4_linear_skew_rep0,32,4,linear_skew,0,0.375,0.3644344934278313,5;35;54;57,12;9;7;4,272.15999364852905
2,132,r64_a1_linear_skew_rep1,64,1,linear_skew,1,1.0,0.0,24,64,115.32799899578094
2,133,r32_a4_uniform_rep0,32,4,uniform,0,0.25,0.0,5;35;54;57,8;8;8;8,258.4959864616394
2,134,r256_a4_hot50_rep0,256,4,hot50,0,0.49609375,0.5683291712335379,6;27;28;50,127;43;43;43,282.04798698425293
2,135,r32_a2_uniform_rep0,32,2,uniform,0,0.5,0.0,7;54,16;16,155.4879993200302
2,136,r32_a1_uniform_rep2,32,1,uniform,2,1.0,0.0,10,32,113.56800049543381
2,137,r256_a8_hot50_rep2,256,8,hot50,2,0.48828125,1.0985386244347533,19;23;28;37;55;57;58;60,125;19;19;19;19;19;18;18,525.8240103721619
2,138,r128_a1_hot50_rep2,128,1,hot50,2,1.0,0.0,38,128,104.96000200510025
2,139,r64_a8_uniform_rep0,64,8,uniform,0,0.125,0.0,7;11;36;41;44;47;48;51,8;8;8;8;8;8;8;8,477.728009223938
2,140,r32_a1_zipf_rep1,32,1,zipf,1,1.0,0.0,45,32,109.37599837779999
2,141,r256_a1_zipf_rep0,256,1,zipf,0,1.0,0.0,62,256,119.00799721479416
2,142,r32_a8_hot50_rep2,32,8,hot50,2,0.40625,0.8569568250501305,4;10;18;29;34;60;61;63,13;3;3;3;3;3;2;2,479.96801137924194
2,143,r256_a2_uniform_rep0,256,2,uniform,0,0.5,0.0,4;62,128;128,153.50399911403656
2,144,r32_a2_linear_skew_rep0,32,2,linear_skew,0,0.65625,0.3125,7;54,21;11,159.36000645160675
2,145,r32_a16_uniform_rep0,32,16,uniform,0,0.0625,0.0,3;4;5;7;8;9;15;19;21;23;25;30;36;38;45;62,2;2;2;2;2;2;2;2;2;2;2;2;2;2;2;2,890.8479809761047
2,146,r64_a8_zipf_rep2,64,8,zipf,2,0.34375,0.7207851621669248,1;5;18;35;46;56;59;60,22;11;8;6;5;4;4;4,486.5280091762543
2,147,r256_a8_linear_skew_rep2,256,8,linear_skew,2,0.21875,0.4876402041977261,19;23;28;37;55;57;58;60,56;49;42;35;29;22;15;8,515.8720016479492
2,148,r64_a2_hot50_rep0,64,2,hot50,0,0.5,0.0,16;17,32;32,160.64000129699707
2,149,r64_a16_linear_skew_rep2,64,16,linear_skew,2,0.109375,0.4330127018922193,0;5;8;14;25;27;33;34;35;36;40;42;43;46;50;56,7;6;6;6;5;5;5;4;4;3;3;3;2;2;2;1,900.8640050888062
2,150,r256_a2_hot50_rep2,256,2,hot50,2,0.5,0.0,27;45,128;128,151.67999267578125
2,151,r128_a4_uniform_rep2,128,4,uniform,2,0.25,0.0,0;11;15;55,32;32;32;32,278.7199914455414
2,152,r128_a2_linear_skew_rep2,128,2,linear_skew,2,0.6640625,0.328125,23;32,85;43,157.6640009880066
2,153,r64_a8_linear_skew_rep0,64,8,linear_skew,0,0.203125,0.42389562394532926,7;11;36;41;44;47;48;51,13;12;10;9;7;6;4;3,472.31999039649963
2,154,r128_a2_linear_skew_rep0,128,2,linear_skew,0,0.6640625,0.328125,9;32,85;43,157.6640009880066
2,155,r64_a4_zipf_rep0,64,4,zipf,0,0.46875,0.5284854539152426,9;42;56;58,30;15;11;8,263.2319927215576
2,156,r128_a4_zipf_rep0,128,4,zipf,0,0.46875,0.5326268921581034,37;40;48;52,60;31;21;16,275.7120132446289
2,157,r64_a8_hot50_rep1,64,8,hot50,1,0.453125,0.9921567416492215,1;10;12;17;30;31;42;43,29;5;5;5;5;5;5;5,473.88800978660583
2,158,r128_a16_uniform_rep1,128,16,uniform,1,0.0625,0.0,3;6;12;15;21;27;30;33;40;42;45;46;48;52;60;62,8;8;8;8;8;8;8;8;8;8;8;8;8;8;8;8,900.3520011901855
2,159,r32_a1_hot50_rep2,32,1,hot50,2,1.0,0.0,10,32,111.29599809646606
2,160,r256_a2_zipf_rep0,256,2,zipf,0,0.6640625,0.328125,4;62,170;86,163.32800686359406
2,161,r128_a2_zipf_rep1,128,2,zipf,1,0.6640625,0.328125,38;42,85;43,157.79200196266174
2,162,r32_a2_zipf_rep1,32,2,zipf,1,0.65625,0.3125,8;20,21;11,157.1200042963028
2,163,r64_a2_linear_skew_rep0,64,2,linear_skew,0,0.65625,0.3125,16;17,42;22,160.99199652671814
2,164,r64_a4_linear_skew_rep0,64,4,linear_skew,0,0.390625,0.4192627457812106,9;42;56;58,25;19;13;7,269.1519856452942
2,165,r256_a8_zipf_rep2,256,8,zipf,2,0.359375,0.7842131307081003,19;23;28;37;55;57;58;60,92;47;32;24;19;16;14;12,504.32002544403076
2,166,r256_a2_hot50_rep1,256,2,hot50,1,0.5,0.0,1;5,128;128,151.5199989080429
2,167,r256_a4_linear_skew_rep1,256,4,linear_skew,1,0.3984375,0.44373349441134147,36;50;54;61,102;77;51;26,270.112007856369
2,168,r256_a4_hot50_rep2,256,4,hot50,2,0.49609375,0.5683291712335379,0;22;24;46,127;43;43;43,278.1760096549988
2,169,r32_a8_zipf_rep0,32,8,zipf,0,0.3125,0.6123724356957945,2;11;19;21;22;41;43;52,10;5;4;3;3;3;2;2,472.76800870895386
2,170,r128_a16_uniform_rep0,128,16,uniform,0,0.0625,0.0,11;12;13;17;18;22;24;33;41;43;47;50;57;60;62;63,8;8;8;8;8;8;8;8;8;8;8;8;8;8;8;8,902.7519822120667
2,171,r128_a1_hot50_rep1,128,1,hot50,1,1.0,0.0,48,128,107.2319969534874
2,172,r64_a16_linear_skew_rep0,64,16,linear_skew,0,0.109375,0.4330127018922193,3;8;9;10;16;19;23;25;26;27;33;36;51;55;57;59,7;6;6;6;5;5;5;4;4;3;3;3;2;2;2;1,901.3760089874268
2,173,r32_a1_hot50_rep0,32,1,hot50,0,1.0,0.0,37,32,111.00800335407257
2,174,r64_a2_uniform_rep1,64,2,uniform,1,0.5,0.0,4;5,32;32,162.88000345230103
2,175,r32_a8_uniform_rep0,32,8,uniform,0,0.125,0.0,2;11;19;21;22;41;43;52,4;4;4;4;4;4;4;4,471.1039960384369
2,176,r64_a2_uniform_rep2,64,2,uniform,2,0.5,0.0,45;50,32;32,162.7199947834015
2,177,r128_a2_linear_skew_rep1,128,2,linear_skew,1,0.6640625,0.328125,38;42,85;43,162.59199380874634
2,178,r128_a8_zipf_rep1,128,8,zipf,1,0.3515625,0.7551903733496608,5;19;32;34;38;49;54;55,45;23;16;12;10;8;7;7,482.2080135345459
2,179,r64_a1_uniform_rep0,64,1,uniform,0,1.0,0.0,39,64,108.09600353240967
2,180,r32_a8_linear_skew_rep1,32,8,linear_skew,1,0.1875,0.375,12;15;17;18;39;41;47;58,6;6;5;4;4;3;2;2,467.0720100402832
2,181,r128_a2_uniform_rep1,128,2,uniform,1,0.5,0.0,38;42,64;64,163.10399770736694
2,182,r256_a4_uniform_rep0,256,4,uniform,0,0.25,0.0,6;27;28;50,64;64;64;64,278.27200293540955
2,183,r32_a16_hot50_rep1,32,16,hot50,1,0.28125,0.9354143466934853,2;10;13;18;19;24;27;28;29;42;43;45;47;48;57;59,9;2;2;2;2;2;2;2;2;1;1;1;1;1;1;1,887.8719806671143
2,184,r64_a16_hot50_rep2,64,16,hot50,2,0.390625,1.3607213160673275,0;5;8;14;25;27;33;34;35;36;40;42;43;46;50;56,25;3;3;3;3;3;3;3;3;3;2;2;2;2;2;2,905.6959748268127
2,185,r32_a4_zipf_rep0,32,4,zipf,0,0.4375,0.46770717334674267,5;35;54;57,14;8;6;4,256.8640112876892
2,186,r64_a2_hot50_rep1,64,2,hot50,1,0.5,0.0,4;5,32;32,162.432000041008
2,187,r32_a16_linear_skew_rep0,32,16,linear_skew,0,0.09375,0.3535533905932738,3;4;5;7;8;9;15;19;21;23;25;30;36;38;45;62,3;3;3;3;2;2;2;2;2;2;2;2;1;1;1;1,880.8320164680481
2,188,r256_a1_uniform_rep2,256,1,uniform,2,1.0,0.0,34,256,115.29599875211716
2,189,r128_a2_uniform_rep0,128,2,uniform,0,0.5,0.0,9;32,64;64,164.76799547672272
2,190,r256_a1_hot50_rep2,256,1,hot50,2,1.0,0.0,34,256,108.5439994931221
2,191,r128_a8_hot50_rep1,128,8,hot50,1,0.4765625,1.0634187204483472,5;19;32;34;38;49;54;55,61;10;10;10;10;9;9;9,485.2159917354584
2,192,r64_a4_hot50_rep0,64,4,hot50,0,0.484375,0.5412658773652742,9;42;56;58,31;11;11;11,267.5839960575104
2,193,r64_a16_uniform_rep1,64,16,uniform,1,0.0625,0.0,15;18;20;28;29;31;35;36;39;44;45;50;52;53;54;59,4;4;4;4;4;4;4;4;4;4;4;4;4;4;4;4,901.4400243759155
2,194,r128_a1_uniform_rep0,128,1,uniform,0,1.0,0.0,48,128,103.74400019645691
2,195,r32_a16_zipf_rep2,32,16,zipf,2,0.1875,0.6123724356957945,2;4;11;15;18;19;23;30;32;39;45;47;53;54;58;60,6;3;3;2;2;2;2;2;2;2;1;1;1;1;1;1,888.8959884643555
2,196,r256_a4_uniform_rep1,256,4,uniform,1,0.25,0.0,36;50;54;61,64;64;64;64,281.8560004234314
2,197,r256_a4_uniform_rep2,256,4,uniform,2,0.25,0.0,0;22;24;46,64;64;64;64,279.07198667526245
2,198,r256_a16_hot50_rep0,256,16,hot50,0,0.47265625,1.6944302139657448,0;1;3;11;12;15;17;18;22;35;42;47;50;57;58;59,121;9;9;9;9;9;9;9;9;9;9;9;9;9;9;9,910.0480079650879
2,199,r256_a16_linear_skew_rep2,256,16,linear_skew,2,0.11328125,0.5019493251315316,1;4;5;14;19;23;25;33;35;37;42;45;52;53;57;59,29;27;26;24;22;20;19;17;15;13;12;10;8;6;5;3,954.1119933128357
2,200,r256_a16_linear_skew_rep0,256,16,linear_skew,0,0.11328125,0.5019493251315316,0;1;3;11;12;15;17;18;22;35;42;47;50;57;58;59,29;27;26;24;22;20;19;17;15;13;12;10;8;6;5;3,944.9599981307983
2,201,r256_a16_uniform_rep0,256,16,uniform,0,0.0625,0.0,0;1;3;11;12;15;17;18;22;35;42;47;50;57;58;59,16;16;16;16;16;16;16;16;16;16;16;16;16;16;16;16,892.73601770401
2,202,r32_a8_uniform_rep1,32,8,uniform,1,0.125,0.0,12;15;17;18;39;41;47;58,4;4;4;4;4;4;4;4,468.03200244903564
2,203,r128_a16_hot50_rep1,128,16,hot50,1,0.4453125,1.5823736126465204,3;6;12;15;21;27;30;33;40;42;45;46;48;52;60;62,57;5;5;5;5;5;5;5;5;5;5;5;4;4;4;4,912.7039909362793
2,204,r256_a2_zipf_rep1,256,2,zipf,1,0.6640625,0.328125,1;5,170;86,163.61600160598755
2,205,r64_a16_uniform_rep0,64,16,uniform,0,0.0625,0.0,3;8;9;10;16;19;23;25;26;27;33;36;51;55;57;59,4;4;4;4;4;4;4;4;4;4;4;4;4;4;4;4,894.4000005722046
2,206,r64_a8_uniform_rep2,64,8,uniform,2,0.125,0.0,1;5;18;35;46;56;59;60,8;8;8;8;8;8;8;8,469.184011220932
2,207,r32_a16_zipf_rep1,32,16,zipf,1,0.1875,0.6123724356957945,2;10;13;18;19;24;27;28;29;42;43;45;47;48;57;59,6;3;3;2;2;2;2;2;2;2;1;1;1;1;1;1,889.1199827194214
2,208,r32_a8_uniform_rep2,32,8,uniform,2,0.125,0.0,4;10;18;29;34;60;61;63,4;4;4;4;4;4;4;4,468.7359929084778
2,209,r64_a2_zipf_rep1,64,2,zipf,1,0.65625,0.3125,4;5,42;22,165.72800278663635
2,210,r64_a16_zipf_rep1,64,16,zipf,1,0.234375,0.8244316223920575,15;18;20;28;29;31;35;36;39;44;45;50;52;53;54;59,15;8;6;5;4;3;3;3;3;2;2;2;2;2;2;2,905.5039882659912
2,211,r256_a8_zipf_rep0,256,8,zipf,0,0.359375,0.7842131307081003,0;5;10;21;27;34;36;50,92;47;32;24;19;16;14;12,502.3679733276367
2,212,r32_a1_linear_skew_rep1,32,1,linear_skew,1,1.0,0.0,45,32,113.43999952077866
2,213,r32_a8_linear_skew_rep2,32,8,linear_skew,2,0.1875,0.375,4;10;18;29;34;60;61;63,6;6;5;4;4;3;2;2,470.40000557899475
2,214,r32_a16_uniform_rep2,32,16,uniform,2,0.0625,0.0,2;4;11;15;18;19;23;30;32;39;45;47;53;54;58;60,2;2;2;2;2;2;2;2;2;2;2;2;2;2;2;2,894.6880102157593
2,215,r128_a8_linear_skew_rep2,128,8,linear_skew,2,0.21875,0.4810876349481454,0;6;9;12;25;45;56;60,28;24;21;18;14;11;8;4,497.21598625183105
2,216,r32_a4_zipf_rep2,32,4,zipf,2,0.4375,0.46770717334674267,10;17;31;45,14;8;6;4,257.4400007724762
2,217,r32_a4_linear_skew_rep1,32,4,linear_skew,1,0.375,0.3644344934278313,22;32;37;45,12;9;7;4,254.91198897361755
2,218,r128_a16_zipf_rep2,128,16,zipf,2,0.265625,0.967236721283885,2;3;4;5;10;12;24;25;30;36;39;49;55;56;59;60,34;18;12;9;8;6;6;5;5;4;4;4;4;3;3;3,916.3200259208679
2,219,r64_a2_linear_skew_rep1,64,2,linear_skew,1,0.65625,0.3125,4;5,42;22,163.90399634838104
2,220,r32_a4_uniform_rep1,32,4,uniform,1,0.25,0.0,22;32;37;45,8;8;8;8,261.82401180267334
2,221,r128_a16_linear_skew_rep1,128,16,linear_skew,1,0.109375,0.4759858191164943,3;6;12;15;21;27;30;33;40;42;45;46;48;52;60;62,14;13;13;12;11;10;9;8;8;7;6;5;4;3;3;2,901.6960263252258
2,222,r64_a4_linear_skew_rep1,64,4,linear_skew,1,0.390625,0.4192627457812106,8;9;28;49,25;19;13;7,273.24798703193665
2,223,r32_a16_zipf_rep0,32,16,zipf,0,0.1875,0.6123724356957945,3;4;5;7;8;9;15;19;21;23;25;30;36;38;45;62,6;3;3;2;2;2;2;2;2;2;1;1;1;1;1;1,893.5359716415405
2,224,r64_a4_zipf_rep1,64,4,zipf,1,0.46875,0.5284854539152426,8;9;28;49,30;15;11;8,269.6320116519928
2,225,r128_a4_hot50_rep2,128,4,hot50,2,0.4921875,0.5594535559365049,0;11;15;55,63;22;22;21,290.6239926815033
2,226,r128_a1_zipf_rep2,128,1,zipf,2,1.0,0.0,38,128,107.87200182676315
2,227,r128_a4_zipf_rep2,128,4,zipf,2,0.46875,0.5326268921581034,0;11;15;55,60;31;21;16,278.1440019607544
2,228,r256_a4_hot50_rep1,256,4,hot50,1,0.49609375,0.5683291712335379,36;50;54;61,127;43;43;43,277.3120105266571
2,229,r128_a4_uniform_rep0,128,4,uniform,0,0.25,0.0,37;40;48;52,32;32;32;32,281.3760042190552
2,230,r128_a4_hot50_rep0,128,4,hot50,0,0.4921875,0.5594535559365049,37;40;48;52,63;22;22;21,278.30401062965393
2,231,r128_a4_zipf_rep1,128,4,zipf,1,0.46875,0.5326268921581034,5;9;41;59,60;31;21;16,276.8639922142029
2,232,r128_a4_uniform_rep1,128,4,uniform,1,0.25,0.0,5;9;41;59,32;32;32;32,277.47198939323425
2,233,r256_a1_zipf_rep2,256,1,zipf,2,1.0,0.0,34,256,115.52000045776367
2,234,r128_a2_hot50_rep2,128,2,hot50,2,0.5,0.0,23;32,64;64,165.0560051202774
2,235,r64_a8_hot50_rep2,64,8,hot50,2,0.453125,0.9921567416492215,1;5;18;35;46;56;59;60,29;5;5;5;5;5;5;5,480.6720018386841
2,236,r32_a2_hot50_rep1,32,2,hot50,1,0.5,0.0,8;20,16;16,150.30400454998016
2,237,r128_a1_hot50_rep0,128,1,hot50,0,1.0,0.0,48,128,103.80800068378448
2,238,r32_a8_hot50_rep0,32,8,hot50,0,0.40625,0.8569568250501305,2;11;19;21;22;41;43;52,13;3;3;3;3;3;2;2,472.06398844718933
2,239,r256_a8_linear_skew_rep1,256,8,linear_skew,1,0.21875,0.4876402041977261,17;27;29;32;33;41;54;58,56;49;42;35;29;22;15;8,524.832010269165
3,0,r64_a8_uniform_rep1,64,8,uniform,1,0.125,0.0,1;10;12;17;30;31;42;43,8;8;8;8;8;8;8;8,479.0079891681671
3,1,r256_a16_zipf_rep0,256,16,zipf,0,0.28125,1.0404419884116558,0;1;3;11;12;15;17;18;22;35;42;47;50;57;58;59,72;37;25;19;15;13;11;10;9;8;7;7;6;6;6;5,933.0559968948364
3,2,r32_a8_linear_skew_rep1,32,8,linear_skew,1,0.1875,0.375,12;15;17;18;39;41;47;58,6;6;5;4;4;3;2;2,474.016010761261
3,3,r64_a2_hot50_rep2,64,2,hot50,2,0.5,0.0,45;50,32;32,165.43999314308167
3,4,r128_a1_zipf_rep0,128,1,zipf,0,1.0,0.0,48,128,106.6880002617836
3,5,r64_a1_zipf_rep0,64,1,zipf,0,1.0,0.0,39,64,107.68000036478043
3,6,r256_a2_zipf_rep2,256,2,zipf,2,0.6640625,0.328125,27;45,170;86,163.29599916934967
3,7,r32_a2_hot50_rep0,32,2,hot50,0,0.5,0.0,7;54,16;16,152.0639955997467
3,8,r128_a16_uniform_rep0,128,16,uniform,0,0.0625,0.0,11;12;13;17;18;22;24;33;41;43;47;50;57;60;62;63,8;8;8;8;8;8;8;8;8;8;8;8;8;8;8;8,903.1680226325989
3,9,r128_a16_uniform_rep1,128,16,uniform,1,0.0625,0.0,3;6;12;15;21;27;30;33;40;42;45;46;48;52;60;62,8;8;8;8;8;8;8;8;8;8;8;8;8;8;8;8,907.3280096054077
3,10,r32_a8_hot50_rep0,32,8,hot50,0,0.40625,0.8569568250501305,2;11;19;21;22;41;43;52,13;3;3;3;3;3;2;2,473.05598855018616
3,11,r64_a2_uniform_rep2,64,2,uniform,2,0.5,0.0,45;50,32;32,166.04800522327423
3,12,r256_a1_hot50_rep0,256,1,hot50,0,1.0,0.0,62,256,113.47199976444244
3,13,r32_a16_hot50_rep0,32,16,hot50,0,0.28125,0.9354143466934853,3;4;5;7;8;9;15;19;21;23;25;30;36;38;45;62,9;2;2;2;2;2;2;2;2;1;1;1;1;1;1;1,905.1200151443481
3,14,r256_a8_zipf_rep0,256,8,zipf,0,0.359375,0.7842131307081003,0;5;10;21;27;34;36;50,92;47;32;24;19;16;14;12,509.4720125198364
3,15,r256_a8_hot50_rep0,256,8,hot50,0,0.48828125,1.0985386244347533,0;5;10;21;27;34;36;50,125;19;19;19;19;19;18;18,520.4480290412903
3,16,r256_a2_hot50_rep0,256,2,hot50,0,0.5,0.0,4;62,128;128,152.63999998569489
3,17,r32_a1_linear_skew_rep0,32,1,linear_skew,0,1.0,0.0,37,32,112.19199746847153
3,18,r64_a1_zipf_rep1,64,1,zipf,1,1.0,0.0,24,64,114.3679991364479
3,19,r64_a8_linear_skew_rep1,64,8,linear_skew,1,0.203125,0.42389562394532926,1;10;12;17;30;31;42;43,13;12;10;9;7;6;4;3,474.91198778152466
3,20,r64_a1_uniform_rep1,64,1,uniform,1,1.0,0.0,24,64,111.32799834012985
3,21,r256_a16_linear_skew_rep0,256,16,linear_skew,0,0.11328125,0.5019493251315316,0;1;3;11;12;15;17;18;22;35;42;47;50;57;58;59,29;27;26;24;22;20;19;17;15;13;12;10;8;6;5;3,955.7440280914307
3,22,r32_a8_zipf_rep1,32,8,zipf,1,0.3125,0.6123724356957945,12;15;17;18;39;41;47;58,10;5;4;3;3;3;2;2,473.28001260757446
3,23,r256_a16_zipf_rep2,256,16,zipf,2,0.28125,1.0404419884116558,1;4;5;14;19;23;25;33;35;37;42;45;52;53;57;59,72;37;25;19;15;13;11;10;9;8;7;7;6;6;6;5,927.7120232582092
3,24,r64_a4_zipf_rep0,64,4,zipf,0,0.46875,0.5284854539152426,9;42;56;58,30;15;11;8,265.4399871826172
3,25,r256_a16_hot50_rep1,256,16,hot50,1,0.47265625,1.6944302139657448,7;16;19;20;21;25;27;34;35;36;40;47;56;57;60;63,121;9;9;9;9;9;9;9;9;9;9;9;9;9;9;9,907.3600172996521
3,26,r256_a16_uniform_rep0,256,16,uniform,0,0.0625,0.0,0;1;3;11;12;15;17;18;22;35;42;47;50;57;58;59,16;16;16;16;16;16;16;16;16;16;16;16;16;16;16;16,897.6320028305054
3,27,r64_a2_uniform_rep1,64,2,uniform,1,0.5,0.0,4;5,32;32,163.7440025806427
3,28,r128_a8_uniform_rep2,128,8,uniform,2,0.125,0.0,0;6;9;12;25;45;56;60,16;16;16;16;16;16;16;16,465.56800603866577
3,29,r32_a2_zipf_rep1,32,2,zipf,1,0.65625,0.3125,8;20,21;11,156.19200468063354
3,30,r128_a1_uniform_rep2,128,1,uniform,2,1.0,0.0,38,128,104.00000214576721
3,31,r256_a2_uniform_rep2,256,2,uniform,2,0.5,0.0,27;45,128;128,150.176003575325
3,32,r64_a16_uniform_rep1,64,16,uniform,1,0.0625,0.0,15;18;20;28;29;31;35;36;39;44;45;50;52;53;54;59,4;4;4;4;4;4;4;4;4;4;4;4;4;4;4;4,897.7919816970825
3,33,r128_a8_linear_skew_rep0,128,8,linear_skew,0,0.21875,0.4810876349481454,2;4;14;17;27;37;53;57,28;24;21;18;14;11;8;4,501.6639828681946
3,34,r128_a4_zipf_rep0,128,4,zipf,0,0.46875,0.5326268921581034,37;40;48;52,60;31;21;16,282.943993806839
3,35,r128_a1_zipf_rep2,128,1,zipf,2,1.0,0.0,38,128,104.19200360774994
3,36,r128_a8_zipf_rep0,128,8,zipf,0,0.3515625,0.7551903733496608,2;4;14;17;27;37;53;57,45;23;16;12;10;8;7;7,486.62400245666504
3,37,r64_a16_zipf_rep2,64,16,zipf,2,0.234375,0.8244316223920575,0;5;8;14;25;27;33;34;35;36;40;42;43;46;50;56,15;8;6;5;4;3;3;3;3;2;2;2;2;2;2;2,898.9120125770569
3,38,r32_a2_linear_skew_rep0,32,2,linear_skew,0,0.65625,0.3125,7;54,21;11,158.9760035276413
3,39,r256_a4_linear_skew_rep2,256,4,linear_skew,2,0.3984375,0.44373349441134147,0;22;24;46,102;77;51;26,272.0000147819519
3,40,r256_a1_uniform_rep2,256,1,uniform,2,1.0,0.0,34,256,115.48800021409988
3,41,r256_a4_uniform_rep2,256,4,uniform,2,0.25,0.0,0;22;24;46,64;64;64;64,279.5200049877167
3,42,r32_a4_hot50_rep1,32,4,hot50,1,0.46875,0.5077524002897476,22;32;37;45,15;6;6;5,257.82400369644165
3,43,r128_a1_zipf_rep1,128,1,zipf,1,1.0,0.0,48,128,101.98400169610977
3,44,r128_a4_uniform_rep0,128,4,uniform,0,0.25,0.0,37;40;48;52,32;32;32;32,280.70399165153503
3,45,r128_a2_hot50_rep1,128,2,hot50,1,0.5,0.0,38;42,64;64,163.10399770736694
3,46,r256_a8_uniform_rep1,256,8,uniform,1,0.125,0.0,17;27;29;32;33;41;54;58,32;32;32;32;32;32;32;32,536.2560153007507
3,47,r256_a4_uniform_rep0,256,4,uniform,0,0.25,0.0,6;27;28;50,64;64;64;64,281.3760042190552
3,48,r256_a2_zipf_rep0,256,2,zipf,0,0.6640625,0.328125,4;62,170;86,163.96799683570862
3,49,r256_a8_hot50_rep2,256,8,hot50,2,0.48828125,1.0985386244347533,19;23;28;37;55;57;58;60,125;19;19;19;19;19;18;18,516.1280035972595
3,50,r256_a8_linear_skew_rep0,256,8,linear_skew,0,0.21875,0.4876402041977261,0;5;10;21;27;34;36;50,56;49;42;35;29;22;15;8,505.3120255470276
3,51,r32_a8_uniform_rep1,32,8,uniform,1,0.125,0.0,12;15;17;18;39;41;47;58,4;4;4;4;4;4;4;4,469.8239862918854
3,52,r32_a1_uniform_rep1,32,1,uniform,1,1.0,0.0,45,32,114.9120032787323
3,53,r32_a4_hot50_rep0,32,4,hot50,0,0.46875,0.5077524002897476,5;35;54;57,15;6;6;5,255.90398907661438
3,54,r128_a4_zipf_rep1,128,4,zipf,1,0.46875,0.5326268921581034,5;9;41;59,60;31;21;16,276.0320007801056
3,55,r256_a4_linear_skew_rep1,256,4,linear_skew,1,0.3984375,0.44373349441134147,36;50;54;61,102;77;51;26,270.55999636650085
3,56,r32_a4_linear_skew_rep1,32,4,linear_skew,1,0.375,0.3644344934278313,22;32;37;45,12;9;7;4,254.88001108169556
3,57,r32_a1_hot50_rep2,32,1,hot50,2,1.0,0.0,10,32,108.99200290441513
3,58,r32_a4_zipf_rep0,32,4,zipf,0,0.4375,0.46770717334674267,5;35;54;57,14;8;6;4,254.91198897361755
3,59,r128_a1_hot50_rep1,128,1,hot50,1,1.0,0.0,48,128,112.86400258541107
3,60,r64_a16_uniform_rep2,64,16,uniform,2,0.0625,0.0,0;5;8;14;25;27;33;34;35;36;40;42;43;46;50;56,4;4;4;4;4;4;4;4;4;4;4;4;4;4;4;4,899.8720049858093
3,61,r128_a8_uniform_rep1,128,8,uniform,1,0.125,0.0,5;19;32;34;38;49;54;55,16;16;16;16;16;16;16;16,470.4959988594055
3,62,r32_a2_linear_skew_rep1,32,2,linear_skew,1,0.65625,0.3125,8;20,21;11,157.44000673294067
3,63,r64_a2_zipf_rep0,64,2,zipf,0,0.65625,0.3125,16;17,42;22,160.99199652671814
3,64,r64_a2_zipf_rep2,64,2,zipf,2,0.65625,0.3125,45;50,42;22,159.32799875736237
3,65,r256_a1_zipf_rep2,256,1,zipf,2,1.0,0.0,34,256,111.48799955844879
3,66,r64_a2_linear_skew_rep0,64,2,linear_skew,0,0.65625,0.3125,16;17,42;22,161.8880033493042
3,67,r64_a2_hot50_rep0,64,2,hot50,0,0.5,0.0,16;17,32;32,157.56799280643463
3,68,r32_a8_hot50_rep2,32,8,hot50,2,0.40625,0.8569568250501305,4;10;18;29;34;60;61;63,13;3;3;3;3;3;2;2,471.2960124015808
3,69,r128_a16_uniform_rep2,128,16,uniform,2,0.0625,0.0,2;3;4;5;10;12;24;25;30;36;39;49;55;56;59;60,8;8;8;8;8;8;8;8;8;8;8;8;8;8;8;8,892.2560214996338
3,70,r128_a16_linear_skew_rep1,128,16,linear_skew,1,0.109375,0.4759858191164943,3;6;12;15;21;27;30;33;40;42;45;46;48;52;60;62,14;13;13;12;11;10;9;8;8;7;6;5;4;3;3;2,904.1919708251953
3,71,r256_a1_uniform_rep0,256,1,uniform,0,1.0,0.0,62,256,114.14399743080139
3,72,r32_a8_zipf_rep2,32,8,zipf,2,0.3125,0.6123724356957945,4;10;18;29;34;60;61;63,10;5;4;3;3;3;2;2,469.4400131702423
3,73,r256_a8_zipf_rep2,256,8,zipf,2,0.359375,0.7842131307081003,19;23;28;37;55;57;58;60,92;47;32;24;19;16;14;12,496.16000056266785
3,74,r128_a1_uniform_rep0,128,1,uniform,0,1.0,0.0,48,128,103.29599678516388
3,75,r32_a2_zipf_rep0,32,2,zipf,0,0.65625,0.3125,7;54,21;11,156.3519984483719
3,76,r256_a1_linear_skew_rep0,256,1,linear_skew,0,1.0,0.0,62,256,107.39199817180634
3,77,r64_a8_uniform_rep0,64,8,uniform,0,0.125,0.0,7;11;36;41;44;47;48;51,8;8;8;8;8;8;8;8,473.4399914741516
3,78,r32_a4_zipf_rep1,32,4,zipf,1,0.4375,0.46770717334674267,22;32;37;45,14;8;6;4,263.90400528907776
3,79,r32_a1_zipf_rep1,32,1,zipf,1,1.0,0.0,45,32,109.47199910879135
3,80,r64_a8_uniform_rep2,64,8,uniform,2,0.125,0.0,1;5;18;35;46;56;59;60,8;8;8;8;8;8;8;8,467.45601296424866
3,81,r256_a2_uniform_rep0,256,2,uniform,0,0.5,0.0,4;62,128;128,155.39200603961945
3,82,r128_a16_zipf_rep0,128,16,zipf,0,0.265625,0.967236721283885,11;12;13;17;18;22;24;33;41;43;47;50;57;60;62;63,34;18;12;9;8;6;6;5;5;4;4;4;4;3;3;3,908.9599847793579
3,83,r32_a1_zipf_rep2,32,1,zipf,2,1.0,0.0,10,32,108.73600095510483
3,84,r64_a1_hot50_rep0,64,1,hot50,0,1.0,0.0,39,64,109.37599837779999
3,85,r128_a2_uniform_rep0,128,2,uniform,0,0.5,0.0,9;32,64;64,165.95199704170227
3,86,r64_a1_linear_skew_rep1,64,1,linear_skew,1,1.0,0.0,24,64,104.96000200510025
3,87,r128_a16_linear_skew_rep0,128,16,linear_skew,0,0.109375,0.4759858191164943,11;12;13;17;18;22;24;33;41;43;47;50;57;60;62;63,14;13;13;12;11;10;9;8;8;7;6;5;4;3;3;2,895.2959775924683
3,88,r32_a1_hot50_rep0,32,1,hot50,0,1.0,0.0,37,32,111.13599687814713
3,89,r64_a16_hot50_rep2,64,16,hot50,2,0.390625,1.3607213160673275,0;5;8;14;25;27;33;34;35;36;40;42;43;46;50;56,25;3;3;3;3;3;3;3;3;3;2;2;2;2;2;2,904.8960208892822
3,90,r32_a4_linear_skew_rep0,32,4,linear_skew,0,0.375,0.3644344934278313,5;35;54;57,12;9;7;4,257.3759853839874
3,91,r256_a2_linear_skew_rep2,256,2,linear_skew,2,0.6640625,0.328125,27;45,170;86,160.5439931154251
3,92,r32_a2_zipf_rep2,32,2,zipf,2,0.65625,0.3125,1;48,21;11,157.95199573040009
3,93,r64_a16_hot50_rep0,64,16,hot50,0,0.390625,1.3607213160673275,3;8;9;10;16;19;23;25;26;27;33;36;51;55;57;59,25;3;3;3;3;3;3;3;3;3;2;2;2;2;2;2,895.3920006752014
3,94,r32_a2_hot50_rep1,32,2,hot50,1,0.5,0.0,8;20,16;16,152.0320028066635
3,95,r64_a8_hot50_rep2,64,8,hot50,2,0.453125,0.9921567416492215,1;5;18;35;46;56;59;60,29;5;5;5;5;5;5;5,473.7280011177063
3,96,r256_a4_hot50_rep0,256,4,hot50,0,0.49609375,0.5683291712335379,6;27;28;50,127;43;43;43,277.536004781723
3,97,r64_a8_linear_skew_rep2,64,8,linear_skew,2,0.203125,0.42389562394532926,1;5;18;35;46;56;59;60,13;12;10;9;7;6;4;3,472.06398844718933
3,98,r256_a1_zipf_rep0,256,1,zipf,0,1.0,0.0,62,256,113.15199732780457
3,99,r32_a16_zipf_rep2,32,16,zipf,2,0.1875,0.6123724356957945,2;4;11;15;18;19;23;30;32;39;45;47;53;54;58;60,6;3;3;2;2;2;2;2;2;2;1;1;1;1;1;1,896.7040181159973
3,100,r128_a1_hot50_rep0,128,1,hot50,0,1.0,0.0,48,128,103.71199995279312
3,101,r256_a8_zipf_rep1,256,8,zipf,1,0.359375,0.7842131307081003,17;27;29;32;33;41;54;58,92;47;32;24;19;16;14;12,506.3999891281128
3,102,r32_a1_linear_skew_rep2,32,1,linear_skew,2,1.0,0.0,10,32,107.87200182676315
3,103,r128_a4_linear_skew_rep0,128,4,linear_skew,0,0.3984375,0.44028133761266786,37;40;48;52,51;38;26;13,276.16000175476074
3,104,r32_a1_uniform_rep2,32,1,uniform,2,1.0,0.0,10,32,104.89600151777267
3,105,r256_a2_hot50_rep1,256,2,hot50,1,0.5,0.0,1;5,128;128,150.94399452209473
3,106,r256_a1_linear_skew_rep2,256,1,linear_skew,2,1.0,0.0,34,256,107.87200182676315
3,107,r128_a2_uniform_rep2,128,2,uniform,2,0.5,0.0,23;32,64;64,161.98399662971497
3,108,r64_a4_hot50_rep1,64,4,hot50,1,0.484375,0.5412658773652742,8;9;28;49,31;11;11;11,265.1199996471405
3,109,r128_a8_linear_skew_rep1,128,8,linear_skew,1,0.21875,0.4810876349481454,5;19;32;34;38;49;54;55,28;24;21;18;14;11;8;4,495.5199956893921
3,110,r32_a16_linear_skew_rep2,32,16,linear_skew,2,0.09375,0.3535533905932738,2;4;11;15;18;19;23;30;32;39;45;47;53;54;58;60,3;3;3;3;2;2;2;2;2;2;2;2;1;1;1;1,885.6959939002991
3,111,r128_a2_uniform_rep1,128,2,uniform,1,0.5,0.0,38;42,64;64,164.12800550460815
3,112,r32_a8_zipf_rep0,32,8,zipf,0,0.3125,0.6123724356957945,2;11;19;21;22;41;43;52,10;5;4;3;3;3;2;2,467.48799085617065
3,113,r256_a16_linear_skew_rep1,256,16,linear_skew,1,0.11328125,0.5019493251315316,7;16;19;20;21;25;27;34;35;36;40;47;56;57;60;63,29;27;26;24;22;20;19;17;15;13;12;10;8;6;5;3,957.9200148582458
3,114,r256_a1_linear_skew_rep1,256,1,linear_skew,1,1.0,0.0,13,256,114.17599767446518
3,115,r32_a4_uniform_rep1,32,4,uniform,1,0.25,0.0,22;32;37;45,8;8;8;8,258.6880028247833
3,116,r32_a8_uniform_rep2,32,8,uniform,2,0.125,0.0,4;10;18;29;34;60;61;63,4;4;4;4;4;4;4;4,469.8239862918854
3,117,r32_a1_linear_skew_rep1,32,1,linear_skew,1,1.0,0.0,45,32,108.64000022411346
3,118,r64_a4_linear_skew_rep2,64,4,linear_skew,2,0.390625,0.4192627457812106,11;20;46;57,25;19;13;7,269.27998661994934
3,119,r128_a4_uniform_rep1,128,4,uniform,1,0.25,0.0,5;9;41;59,32;32;32;32,279.3920040130615
3,120,r32_a16_linear_skew_rep0,32,16,linear_skew,0,0.09375,0.3535533905932738,3;4;5;7;8;9;15;19;21;23;25;30;36;38;45;62,3;3;3;3;2;2;2;2;2;2;2;2;1;1;1;1,890.6239867210388
3,121,r256_a16_zipf_rep1,256,16,zipf,1,0.28125,1.0404419884116558,7;16;19;20;21;25;27;34;35;36;40;47;56;57;60;63,72;37;25;19;15;13;11;10;9;8;7;7;6;6;6;5,928.1600117683411
3,122,r256_a4_hot50_rep1,256,4,hot50,1,0.49609375,0.5683291712335379,36;50;54;61,127;43;43;43,277.5999903678894
3,123,r32_a8_hot50_rep1,32,8,hot50,1,0.40625,0.8569568250501305,12;15;17;18;39;41;47;58,13;3;3;3;3;3;2;2,469.5039987564087
3,124,r128_a2_zipf_rep1,128,2,zipf,1,0.6640625,0.328125,38;42,85;43,159.0079963207245
3,125,r128_a8_zipf_rep2,128,8,zipf,2,0.3515625,0.7551903733496608,0;6;9;12;25;45;56;60,45;23;16;12;10;8;7;7,487.2959852218628
3,126,r256_a8_linear_skew_rep2,256,8,linear_skew,2,0.21875,0.4876402041977261,19;23;28;37;55;57;58;60,56;49;42;35;29;22;15;8,505.5360198020935
3,127,r256_a8_uniform_rep2,256,8,uniform,2,0.125,0.0,19;23;28;37;55;57;58;60,32;32;32;32;32;32;32;32,510.6559991836548
3,128,r256_a4_zipf_rep1,256,4,zipf,1,0.4765625,0.551653232622179,36;50;54;61,122;62;41;31,275.8080065250397
3,129,r128_a16_linear_skew_rep2,128,16,linear_skew,2,0.109375,0.4759858191164943,2;3;4;5;10;12;24;25;30;36;39;49;55;56;59;60,14;13;13;12;11;10;9;8;8;7;6;5;4;3;3;2,897.8880047798157
3,130,r256_a2_linear_skew_rep0,256,2,linear_skew,0,0.6640625,0.328125,4;62,170;86,167.77600347995758
3,131,r64_a16_linear_skew_rep1,64,16,linear_skew,1,0.109375,0.4330127018922193,15;18;20;28;29;31;35;36;39;44;45;50;52;53;54;59,7;6;6;6;5;5;5;4;4;3;3;3;2;2;2;1,901.311993598938
3,132,r128_a2_hot50_rep2,128,2,hot50,2,0.5,0.0,23;32,64;64,164.06400501728058
3,133,r32_a16_linear_skew_rep1,32,16,linear_skew,1,0.09375,0.3535533905932738,2;10;13;18;19;24;27;28;29;42;43;45;47;48;57;59,3;3;3;3;2;2;2;2;2;2;2;2;1;1;1;1,892.6399946212769
3,134,r128_a8_hot50_rep1,128,8,hot50,1,0.4765625,1.0634187204483472,5;19;32;34;38;49;54;55,61;10;10;10;10;9;9;9,481.85598850250244
3,135,r64_a16_zipf_rep1,64,16,zipf,1,0.234375,0.8244316223920575,15;18;20;28;29;31;35;36;39;44;45;50;52;53;54;59,15;8;6;5;4;3;3;3;3;2;2;2;2;2;2;2,895.359992980957
3,136,r128_a1_linear_skew_rep0,128,1,linear_skew,0,1.0,0.0,48,128,108.57599973678589
3,137,r128_a2_linear_skew_rep1,128,2,linear_skew,1,0.6640625,0.328125,38;42,85;43,160.73599457740784
3,138,r128_a4_hot50_rep0,128,4,hot50,0,0.4921875,0.5594535559365049,37;40;48;52,63;22;22;21,288.4800136089325
3,139,r32_a16_zipf_rep1,32,16,zipf,1,0.1875,0.6123724356957945,2;10;13;18;19;24;27;28;29;42;43;45;47;48;57;59,6;3;3;2;2;2;2;2;2;2;1;1;1;1;1;1,896.3840007781982
3,140,r64_a4_hot50_rep2,64,4,hot50,2,0.484375,0.5412658773652742,11;20;46;57,31;11;11;11,268.38400959968567
3,141,r64_a4_hot50_rep0,64,4,hot50,0,0.484375,0.5412658773652742,9;42;56;58,31;11;11;11,265.76000452041626
3,142,r256_a4_linear_skew_rep0,256,4,linear_skew,0,0.3984375,0.44373349441134147,6;27;28;50,102;77;51;26,274.4640111923218
3,143,r64_a8_zipf_rep1,64,8,zipf,1,0.34375,0.7207851621669248,1;10;12;17;30;31;42;43,22;11;8;6;5;4;4;4,479.36001420021057
3,144,r64_a4_linear_skew_rep0,64,4,linear_skew,0,0.390625,0.4192627457812106,9;42;56;58,25;19;13;7,271.39198780059814
3,145,r128_a4_uniform_rep2,128,4,uniform,2,0.25,0.0,0;11;15;55,32;32;32;32,280.7680070400238
3,146,r128_a8_uniform_rep0,128,8,uniform,0,0.125,0.0,2;4;14;17;27;37;53;57,16;16;16;16;16;16;16;16,472.351998090744
3,147,r32_a2_uniform_rep0,32,2,uniform,0,0.5,0.0,7;54,16;16,150.27199685573578
3,148,r256_a16_linear_skew_rep2,256,16,linear_skew,2,0.11328125,0.5019493251315316,1;4;5;14;19;23;25;33;35;37;42;45;52;53;57;59,29;27;26;24;22;20;19;17;15;13;12;10;8;6;5;3,963.9679789543152
3,149,r32_a1_zipf_rep0,32,1,zipf,0,1.0,0.0,37,32,113.56800049543381
3,150,r32_a16_hot50_rep2,32,16,hot50,2,0.28125,0.9354143466934853,2;4;11;15;18;19;23;30;32;39;45;47;53;54;58;60,9;2;2;2;2;2;2;2;2;1;1;1;1;1;1;1,893.5999870300293
3,151,r128_a16_hot50_rep1,128,16,hot50,1,0.4453125,1.5823736126465204,3;6;12;15;21;27;30;33;40;42;45;46;48;52;60;62,57;5;5;5;5;5;5;5;5;5;5;5;4;4;4;4,910.9439849853516
3,152,r64_a8_zipf_rep2,64,8,zipf,2,0.34375,0.7207851621669248,1;5;18;35;46;56;59;60,22;11;8;6;5;4;4;4,478.7200093269348
3,153,r32_a1_uniform_rep0,32,1,uniform,0,1.0,0.0,37,32,111.35999858379364
3,154,r64_a2_hot50_rep1,64,2,hot50,1,0.5,0.0,4;5,32;32,162.62400150299072
3,155,r64_a8_zipf_rep0,64,8,zipf,0,0.34375,0.7207851621669248,7;11;36;41;44;47;48;51,22;11;8;6;5;4;4;4,483.0720126628876
3,156,r32_a4_zipf_rep2,32,4,zipf,2,0.4375,0.46770717334674267,10;17;31;45,14;8;6;4,257.6960027217865
3,157,r256_a16_uniform_rep2,256,16,uniform,2,0.0625,0.0,1;4;5;14;19;23;25;33;35;37;42;45;52;53;57;59,16;16;16;16;16;16;16;16;16;16;16;16;16;16;16;16,900.3520011901855
3,158,r32_a2_linear_skew_rep2,32,2,linear_skew,2,0.65625,0.3125,1;48,21;11,161.3759994506836
3,159,r64_a16_uniform_rep0,64,16,uniform,0,0.0625,0.0,3;8;9;10;16;19;23;25;26;27;33;36;51;55;57;59,4;4;4;4;4;4;4;4;4;4;4;4;4;4;4;4,892.8639888763428
3,160,r64_a2_uniform_rep0,64,2,uniform,0,0.5,0.0,16;17,32;32,163.71199488639832
3,161,r256_a4_hot50_rep2,256,4,hot50,2,0.49609375,0.5683291712335379,0;22;24;46,127;43;43;43,277.1199941635132
3,162,r128_a4_zipf_rep2,128,4,zipf,2,0.46875,0.5326268921581034,0;11;15;55,60;31;21;16,275.2000093460083
3,163,r256_a4_zipf_rep2,256,4,zipf,2,0.4765625,0.551653232622179,0;22;24;46,122;62;41;31,275.2639949321747
3,164,r128_a2_zipf_rep2,128,2,zipf,2,0.6640625,0.328125,23;32,85;43,158.720001578331
3,165,r32_a16_uniform_rep0,32,16,uniform,0,0.0625,0.0,3;4;5;7;8;9;15;19;21;23;25;30;36;38;45;62,2;2;2;2;2;2;2;2;2;2;2;2;2;2;2;2,894.5279717445374
3,166,r256_a16_hot50_rep0,256,16,hot50,0,0.47265625,1.6944302139657448,0;1;3;11;12;15;17;18;22;35;42;47;50;57;58;59,121;9;9;9;9;9;9;9;9;9;9;9;9;9;9;9,900.1920223236084
3,167,r256_a1_hot50_rep2,256,1,hot50,2,1.0,0.0,34,256,117.8240031003952
3,168,r128_a4_linear_skew_rep1,128,4,linear_skew,1,0.3984375,0.44028133761266786,5;9;41;59,51;38;26;13,277.8240144252777
3,169,r64_a4_uniform_rep2,64,4,uniform,2,0.25,0.0,11;20;46;57,16;16;16;16,259.2960000038147
3,170,r64_a1_linear_skew_rep2,64,1,linear_skew,2,1.0,0.0,58,64,110.944002866745
3,171,r128_a16_hot50_rep0,128,16,hot50,0,0.4453125,1.5823736126465204,11;12;13;17;18;22;24;33;41;43;47;50;57;60;62;63,57;5;5;5;5;5;5;5;5;5;5;5;4;4;4;4,905.4719805717468
3,172,r32_a4_linear_skew_rep2,32,4,linear_skew,2,0.375,0.3644344934278313,10;17;31;45,12;9;7;4,258.5600018501282
3,173,r128_a2_linear_skew_rep2,128,2,linear_skew,2,0.6640625,0.328125,23;32,85;43,157.60000050067902
3,174,r32_a2_uniform_rep2,32,2,uniform,2,0.5,0.0,1;48,16;16,148.5760062932968
3,175,r128_a1_hot50_rep2,128,1,hot50,2,1.0,0.0,38,128,101.98400169610977
3,176,r64_a4_linear_skew_rep1,64,4,linear_skew,1,0.390625,0.4192627457812106,8;9;28;49,25;19;13;7,274.1760015487671
3,177,r256_a2_zipf_rep1,256,2,zipf,1,0.6640625,0.328125,1;5,170;86,160.863995552063
3,178,r64_a8_hot50_rep1,64,8,hot50,1,0.453125,0.9921567416492215,1;10;12;17;30;31;42;43,29;5;5;5;5;5;5;5,475.6479859352112
3,179,r64_a1_zipf_rep2,64,1,zipf,2,1.0,0.0,58,64,107.96800255775452
3,180,r64_a4_zipf_rep1,64,4,zipf,1,0.46875,0.5284854539152426,8;9;28;49,30;15;11;8,264.22399282455444
3,181,r128_a2_linear_skew_rep0,128,2,linear_skew,0,0.6640625,0.328125,9;32,85;43,157.3760062456131
3,182,r64_a2_zipf_rep1,64,2,zipf,1,0.65625,0.3125,4;5,42;22,161.24799847602844
3,183,r64_a1_linear_skew_rep0,64,1,linear_skew,0,1.0,0.0,39,64,106.75200074911118
3,184,r32_a2_uniform_rep1,32,2,uniform,1,0.5,0.0,8;20,16;16,149.08799529075623
3,185,r256_a4_zipf_rep0,256,4,zipf,0,0.4765625,0.551653232622179,6;27;28;50,122;62;41;31,275.87199211120605
3,186,r128_a8_hot50_rep0,128,8,hot50,0,0.4765625,1.0634187204483472,2;4;14;17;27;37;53;57,61;10;10;10;10;9;9;9,478.68800163269043
3,187,r64_a4_uniform_rep1,64,4,uniform,1,0.25,0.0,8;9;28;49,16;16;16;16,254.88001108169556
3,188,r32_a16_zipf_rep0,32,16,zipf,0,0.1875,0.6123724356957945,3;4;5;7;8;9;15;19;21;23;25;30;36;38;45;62,6;3;3;2;2;2;2;2;2;2;1;1;1;1;1;1,906.4319729804993
3,189,r32_a8_linear_skew_rep0,32,8,linear_skew,0,0.1875,0.375,2;11;19;21;22;41;43;52,6;6;5;4;4;3;2;2,472.9599952697754
3,190,r128_a1_linear_skew_rep1,128,1,linear_skew,1,1.0,0.0,48,128,104.16000336408615
3,191,r128_a2_hot50_rep0,128,2,hot50,0,0.5,0.0,9;32,64;64,163.71199488639832
3,192,r32_a4_hot50_rep2,32,4,hot50,2,0.46875,0.5077524002897476,10;17;31;45,15;6;6;5,254.59200143814087
3,193,r128_a16_zipf_rep1,128,16,zipf,1,0.265625,0.967236721283885,3;6;12;15;21;27;30;33;40;42;45;46;48;52;60;62,34;18;12;9;8;6;6;5;5;4;4;4;4;3;3;3,909.1200232505798
3,194,r128_a16_hot50_rep2,128,16,hot50,2,0.4453125,1.5823736126465204,2;3;4;5;10;12;24;25;30;36;39;49;55;56;59;60,57;5;5;5;5;5;5;5;5;5;5;5;4;4;4;4,901.4719724655151
3,195,r256_a1_hot50_rep1,256,1,hot50,1,1.0,0.0,13,256,112.89600282907486
3,196,r32_a16_uniform_rep1,32,16,uniform,1,0.0625,0.0,2;10;13;18;19;24;27;28;29;42;43;45;47;48;57;59,2;2;2;2;2;2;2;2;2;2;2;2;2;2;2;2,898.9760279655457
3,197,r256_a16_hot50_rep2,256,16,hot50,2,0.47265625,1.6944302139657448,1;4;5;14;19;23;25;33;35;37;42;45;52;53;57;59,121;9;9;9;9;9;9;9;9;9;9;9;9;9;9;9,908.0640077590942
3,198,r64_a1_hot50_rep1,64,1,hot50,1,1.0,0.0,24,64,109.69600081443787
3,199,r64_a1_uniform_rep2,64,1,uniform,2,1.0,0.0,58,64,106.23999685049057
3,200,r128_a8_linear_skew_rep2,128,8,linear_skew,2,0.21875,0.4810876349481454,0;6;9;12;25;45;56;60,28;24;21;18;14;11;8;4,498.49599599838257
3,201,r32_a4_uniform_rep2,32,4,uniform,2,0.25,0.0,10;17;31;45,8;8;8;8,256.54399394989014
3,202,r128_a4_hot50_rep1,128,4,hot50,1,0.4921875,0.5594535559365049,5;9;41;59,63;22;22;21,281.47199749946594
3,203,r32_a2_hot50_rep2,32,2,hot50,2,0.5,0.0,1;48,16;16,154.6880006790161
3,204,r256_a1_uniform_rep1,256,1,uniform,1,1.0,0.0,13,256,110.01600325107574
3,205,r256_a16_uniform_rep1,256,16,uniform,1,0.0625,0.0,7;16;19;20;21;25;27;34;35;36;40;47;56;57;60;63,16;16;16;16;16;16;16;16;16;16;16;16;16;16;16;16,899.7120261192322
3,206,r64_a16_hot50_rep1,64,16,hot50,1,0.390625,1.3607213160673275,15;18;20;28;29;31;35;36;39;44;45;50;52;53;54;59,25;3;3;3;3;3;3;3;3;3;2;2;2;2;2;2,908.0640077590942
3,207,r64_a16_linear_skew_rep0,64,16,linear_skew,0,0.109375,0.4330127018922193,3;8;9;10;16;19;23;25;26;27;33;36;51;55;57;59,7;6;6;6;5;5;5;4;4;3;3;3;2;2;2;1,907.6799750328064
3,208,r64_a16_linear_skew_rep2,64,16,linear_skew,2,0.109375,0.4330127018922193,0;5;8;14;25;27;33;34;35;36;40;42;43;46;50;56,7;6;6;6;5;5;5;4;4;3;3;3;2;2;2;1,898.8479971885681
3,209,r256_a2_hot50_rep2,256,2,hot50,2,0.5,0.0,27;45,128;128,152.99199521541595
3,210,r32_a4_uniform_rep0,32,4,uniform,0,0.25,0.0,5;35;54;57,8;8;8;8,257.9199969768524
3,211,r128_a4_hot50_rep2,128,4,hot50,2,0.4921875,0.5594535559365049,0;11;15;55,63;22;22;21,288.4480059146881
3,212,r64_a8_hot50_rep0,64,8,hot50,0,0.453125,0.9921567416492215,7;11;36;41;44;47;48;51,29;5;5;5;5;5;5;5,476.1599898338318
3,213,r128_a8_hot50_rep2,128,8,hot50,2,0.4765625,1.0634187204483472,0;6;9;12;25;45;56;60,61;10;10;10;10;9;9;9,484.5440089702606
3,214,r256_a1_zipf_rep1,256,1,zipf,1,1.0,0.0,13,256,113.34399878978729
3,215,r64_a4_zipf_rep2,64,4,zipf,2,0.46875,0.5284854539152426,11;20;46;57,30;15;11;8,267.7119970321655
3,216,r64_a1_uniform_rep0,64,1,uniform,0,1.0,0.0,39,64,108.86400192975998
3,217,r128_a8_zipf_rep1,128,8,zipf,1,0.3515625,0.7551903733496608,5;19;32;34;38;49;54;55,45;23;16;12;10;8;7;7,484.73599553108215
3,218,r256_a8_hot50_rep1,256,8,hot50,1,0.48828125,1.0985386244347533,17;27;29;32;33;41;54;58,125;19;19;19;19;19;18;18,511.4240050315857
3,219,r128_a4_linear_skew_rep2,128,4,linear_skew,2,0.3984375,0.44028133761266786,0;11;15;55,51;38;26;13,274.27199482917786
3,220,r64_a16_zipf_rep0,64,16,zipf,0,0.234375,0.8244316223920575,3;8;9;10;16;19;23;25;26;27;33;36;51;55;57;59,15;8;6;5;4;3;3;3;3;2;2;2;2;2;2;2,895.0080275535583
3,221,r256_a8_linear_skew_rep1,256,8,linear_skew,1,0.21875,0.4876402041977261,17;27;29;32;33;41;54;58,56;49;42;35;29;22;15;8,510.49602031707764
3,222,r256_a4_uniform_rep1,256,4,uniform,1,0.25,0.0,36;50;54;61,64;64;64;64,280.12800216674805
3,223,r64_a2_linear_skew_rep2,64,2,linear_skew,2,0.65625,0.3125,45;50,42;22,168.38400065898895
3,224,r32_a16_uniform_rep2,32,16,uniform,2,0.0625,0.0,2;4;11;15;18;19;23;30;32;39;45;47;53;54;58;60,2;2;2;2;2;2;2;2;2;2;2;2;2;2;2;2,895.6800103187561
3,225,r64_a1_hot50_rep2,64,1,hot50,2,1.0,0.0,58,64,110.23999750614166
3,226,r128_a1_linear_skew_rep2,128,1,linear_skew,2,1.0,0.0,38,128,103.71199995279312
3,227,r32_a8_linear_skew_rep2,32,8,linear_skew,2,0.1875,0.375,4;10;18;29;34;60;61;63,6;6;5;4;4;3;2;2,468.83198618888855
3,228,r256_a2_uniform_rep1,256,2,uniform,1,0.5,0.0,1;5,128;128,158.84800255298615
3,229,r128_a2_zipf_rep0,128,2,zipf,0,0.6640625,0.328125,9;32,85;43,158.39999914169312
3,230,r64_a2_linear_skew_rep1,64,2,linear_skew,1,0.65625,0.3125,4;5,42;22,160.70400178432465
3,231,r256_a8_uniform_rep0,256,8,uniform,0,0.125,0.0,0;5;10;21;27;34;36;50,32;32;32;32;32;32;32;32,511.7120146751404
3,232,r64_a8_linear_skew_rep0,64,8,linear_skew,0,0.203125,0.42389562394532926,7;11;36;41;44;47;48;51,13;12;10;9;7;6;4;3,471.16801142692566
3,233,r32_a1_hot50_rep1,32,1,hot50,1,1.0,0.0,45,32,109.50399935245514
3,234,r32_a8_uniform_rep0,32,8,uniform,0,0.125,0.0,2;11;19;21;22;41;43;52,4;4;4;4;4;4;4;4,474.17598962783813
3,235,r128_a16_zipf_rep2,128,16,zipf,2,0.265625,0.967236721283885,2;3;4;5;10;12;24;25;30;36;39;49;55;56;59;60,34;18;12;9;8;6;6;5;5;4;4;4;4;3;3;3,907.4879884719849
3,236,r32_a16_hot50_rep1,32,16,hot50,1,0.28125,0.9354143466934853,2;10;13;18;19;24;27;28;29;42;43;45;47;48;57;59,9;2;2;2;2;2;2;2;2;1;1;1;1;1;1;1,889.9199962615967
3,237,r128_a1_uniform_rep1,128,1,uniform,1,1.0,0.0,48,128,105.53599894046783
3,238,r64_a4_uniform_rep0,64,4,uniform,0,0.25,0.0,9;42;56;58,16;16;16;16,255.90398907661438
3,239,r256_a2_linear_skew_rep1,256,2,linear_skew,1,0.6640625,0.328125,1;5,170;86,163.13600540161133
4,0,r64_a16_hot50_rep0,64,16,hot50,0,0.390625,1.3607213160673275,3;8;9;10;16;19;23;25;26;27;33;36;51;55;57;59,25;3;3;3;3;3;3;3;3;3;2;2;2;2;2;2,906.9120287895203
4,1,r32_a1_uniform_rep1,32,1,uniform,1,1.0,0.0,45,32,110.68800091743469
4,2,r32_a1_zipf_rep0,32,1,zipf,0,1.0,0.0,37,32,107.26399719715118
4,3,r128_a2_hot50_rep1,128,2,hot50,1,0.5,0.0,38;42,64;64,162.91199624538422
4,4,r128_a16_hot50_rep1,128,16,hot50,1,0.4453125,1.5823736126465204,3;6;12;15;21;27;30;33;40;42;45;46;48;52;60;62,57;5;5;5;5;5;5;5;5;5;5;5;4;4;4;4,914.2400026321411
4,5,r128_a1_hot50_rep2,128,1,hot50,2,1.0,0.0,38,128,101.43999755382538
4,6,r32_a4_hot50_rep0,32,4,hot50,0,0.46875,0.5077524002897476,5;35;54;57,15;6;6;5,258.2080066204071
4,7,r32_a8_uniform_rep0,32,8,uniform,0,0.125,0.0,2;11;19;21;22;41;43;52,4;4;4;4;4;4;4;4,468.35198998451233
4,8,r128_a4_zipf_rep0,128,4,zipf,0,0.46875,0.5326268921581034,37;40;48;52,60;31;21;16,275.90399980545044
4,9,r32_a16_hot50_rep0,32,16,hot50,0,0.28125,0.9354143466934853,3;4;5;7;8;9;15;19;21;23;25;30;36;38;45;62,9;2;2;2;2;2;2;2;2;1;1;1;1;1;1;1,1101.2159585952759
4,10,r64_a8_hot50_rep0,64,8,hot50,0,0.453125,0.9921567416492215,7;11;36;41;44;47;48;51,29;5;5;5;5;5;5;5,588.6080265045166
4,11,r32_a2_hot50_rep1,32,2,hot50,1,0.5,0.0,8;20,16;16,186.36800348758698
4,12,r32_a1_linear_skew_rep0,32,1,linear_skew,0,1.0,0.0,37,32,134.91199910640717
4,13,r32_a2_zipf_rep2,32,2,zipf,2,0.65625,0.3125,1;48,21;11,194.43200528621674
4,14,r32_a4_linear_skew_rep2,32,4,linear_skew,2,0.375,0.3644344934278313,10;17;31;45,12;9;7;4,316.0319924354553
4,15,r256_a16_zipf_rep2,256,16,zipf,2,0.28125,1.0404419884116558,1;4;5;14;19;23;25;33;35;37;42;45;52;53;57;59,72;37;25;19;15;13;11;10;9;8;7;7;6;6;6;5,1148.1599807739258
4,16,r64_a2_hot50_rep0,64,2,hot50,0,0.5,0.0,16;17,32;32,204.96000349521637
4,17,r128_a4_hot50_rep1,128,4,hot50,1,0.4921875,0.5594535559365049,5;9;41;59,63;22;22;21,346.3039994239807
4,18,r32_a16_zipf_rep0,32,16,zipf,0,0.1875,0.6123724356957945,3;4;5;7;8;9;15;19;21;23;25;30;36;38;45;62,6;3;3;2;2;2;2;2;2;2;1;1;1;1;1;1,1094.815969467163
4,19,r64_a1_uniform_rep0,64,1,uniform,0,1.0,0.0,39,64,134.0160071849823
4,20,r128_a8_uniform_rep0,128,8,uniform,0,0.125,0.0,2;4;14;17;27;37;53;57,16;16;16;16;16;16;16;16,595.52001953125
4,21,r128_a8_hot50_rep1,128,8,hot50,1,0.4765625,1.0634187204483472,5;19;32;34;38;49;54;55,61;10;10;10;10;9;9;9,591.264009475708
4,22,r256_a8_uniform_rep2,256,8,uniform,2,0.125,0.0,19;23;28;37;55;57;58;60,32;32;32;32;32;32;32;32,637.8880143165588
4,23,r128_a8_linear_skew_rep1,128,8,linear_skew,1,0.21875,0.4810876349481454,5;19;32;34;38;49;54;55,28;24;21;18;14;11;8;4,615.0079965591431
4,24,r128_a2_zipf_rep1,128,2,zipf,1,0.6640625,0.328125,38;42,85;43,194.30400431156158
4,25,r64_a2_linear_skew_rep2,64,2,linear_skew,2,0.65625,0.3125,45;50,42;22,200.32000541687012
4,26,r64_a1_uniform_rep1,64,1,uniform,1,1.0,0.0,24,64,132.38400220870972
4,27,r64_a2_hot50_rep2,64,2,hot50,2,0.5,0.0,45;50,32;32,196.79999351501465
4,28,r64_a8_uniform_rep1,64,8,uniform,1,0.125,0.0,1;10;12;17;30;31;42;43,8;8;8;8;8;8;8;8,475.6160080432892
4,29,r64_a16_hot50_rep1,64,16,hot50,1,0.390625,1.3607213160673275,15;18;20;28;29;31;35;36;39;44;45;50;52;53;54;59,25;3;3;3;3;3;3;3;3;3;2;2;2;2;2;2,924.5439767837524
4,30,r64_a1_linear_skew_rep1,64,1,linear_skew,1,1.0,0.0,24,64,109.8880022764206
4,31,r32_a4_uniform_rep2,32,4,uniform,2,0.25,0.0,10;17;31;45,8;8;8;8,257.3759853839874
4,32,r64_a2_zipf_rep0,64,2,zipf,0,0.65625,0.3125,16;17,42;22,162.75200247764587
4,33,r32_a2_uniform_rep2,32,2,uniform,2,0.5,0.0,1;48,16;16,150.4960060119629
4,34,r128_a1_hot50_rep1,128,1,hot50,1,1.0,0.0,48,128,101.88800096511841
4,35,r128_a2_uniform_rep1,128,2,uniform,1,0.5,0.0,38;42,64;64,160.5760008096695
4,36,r256_a8_linear_skew_rep1,256,8,linear_skew,1,0.21875,0.4876402041977261,17;27;29;32;33;41;54;58,56;49;42;35;29;22;15;8,505.3759813308716
4,37,r64_a16_uniform_rep2,64,16,uniform,2,0.0625,0.0,0;5;8;14;25;27;33;34;35;36;40;42;43;46;50;56,4;4;4;4;4;4;4;4;4;4;4;4;4;4;4;4,903.3600091934204
4,38,r128_a16_zipf_rep2,128,16,zipf,2,0.265625,0.967236721283885,2;3;4;5;10;12;24;25;30;36;39;49;55;56;59;60,34;18;12;9;8;6;6;5;5;4;4;4;4;3;3;3,1153.5999774932861
4,39,r64_a4_linear_skew_rep2,64,4,linear_skew,2,0.390625,0.4192627457812106,11;20;46;57,25;19;13;7,285.69599986076355
4,40,r128_a8_zipf_rep0,128,8,zipf,0,0.3515625,0.7551903733496608,2;4;14;17;27;37;53;57,45;23;16;12;10;8;7;7,520.3199982643127
4,41,r64_a2_uniform_rep0,64,2,uniform,0,0.5,0.0,16;17,32;32,423.96798729896545
4,42,r64_a1_uniform_rep2,64,1,uniform,2,1.0,0.0,58,64,157.6640009880066
4,43,r32_a16_uniform_rep0,32,16,uniform,0,0.0625,0.0,3;4;5;7;8;9;15;19;21;23;25;30;36;38;45;62,2;2;2;2;2;2;2;2;2;2;2;2;2;2;2;2,1249.6320009231567
4,44,r64_a4_zipf_rep0,64,4,zipf,0,0.46875,0.5284854539152426,9;42;56;58,30;15;11;8,275.8080065250397
4,45,r64_a16_uniform_rep1,64,16,uniform,1,0.0625,0.0,15;18;20;28;29;31;35;36;39;44;45;50;52;53;54;59,4;4;4;4;4;4;4;4;4;4;4;4;4;4;4;4,920.7040071487427
4,46,r64_a1_zipf_rep2,64,1,zipf,2,1.0,0.0,58,64,116.95999652147293
4,47,r256_a8_zipf_rep1,256,8,zipf,1,0.359375,0.7842131307081003,17;27;29;32;33;41;54;58,92;47;32;24;19;16;14;12,506.24001026153564
4,48,r32_a4_uniform_rep0,32,4,uniform,0,0.25,0.0,5;35;54;57,8;8;8;8,261.56800985336304
4,49,r64_a16_zipf_rep0,64,16,zipf,0,0.234375,0.8244316223920575,3;8;9;10;16;19;23;25;26;27;33;36;51;55;57;59,15;8;6;5;4;3;3;3;3;2;2;2;2;2;2;2,905.1839709281921
4,50,r32_a4_uniform_rep1,32,4,uniform,1,0.25,0.0,22;32;37;45,8;8;8;8,261.85598969459534
4,51,r64_a2_zipf_rep2,64,2,zipf,2,0.65625,0.3125,45;50,42;22,165.8879965543747
4,52,r128_a1_linear_skew_rep1,128,1,linear_skew,1,1.0,0.0,48,128,106.88000172376633
4,53,r256_a2_uniform_rep0,256,2,uniform,0,0.5,0.0,4;62,128;128,156.15999698638916
4,54,r128_a4_uniform_rep1,128,4,uniform,1,0.25,0.0,5;9;41;59,32;32;32;32,283.07199478149414
4,55,r64_a4_zipf_rep1,64,4,zipf,1,0.46875,0.5284854539152426,8;9;28;49,30;15;11;8,264.41600918769836
4,56,r256_a2_zipf_rep0,256,2,zipf,0,0.6640625,0.328125,4;62,170;86,165.6319946050644
4,57,r32_a16_zipf_rep1,32,16,zipf,1,0.1875,0.6123724356957945,2;10;13;18;19;24;27;28;29;42;43;45;47;48;57;59,6;3;3;2;2;2;2;2;2;2;1;1;1;1;1;1,905.2159786224365
4,58,r128_a8_linear_skew_rep2,128,8,linear_skew,2,0.21875,0.4810876349481454,0;6;9;12;25;45;56;60,28;24;21;18;14;11;8;4,502.3040175437927
4,59,r128_a8_uniform_rep2,128,8,uniform,2,0.125,0.0,0;6;9;12;25;45;56;60,16;16;16;16;16;16;16;16,470.0480103492737
4,60,r128_a16_uniform_rep0,128,16,uniform,0,0.0625,0.0,11;12;13;17;18;22;24;33;41;43;47;50;57;60;62;63,8;8;8;8;8;8;8;8;8;8;8;8;8;8;8;8,896.2560296058655
4,61,r128_a4_hot50_rep2,128,4,hot50,2,0.4921875,0.5594535559365049,0;11;15;55,63;22;22;21,284.12801027297974
4,62,r256_a4_zipf_rep2,256,4,zipf,2,0.4765625,0.551653232622179,0;22;24;46,122;62;41;31,281.1200022697449
4,63,r256_a1_linear_skew_rep0,256,1,linear_skew,0,1.0,0.0,62,256,116.48000031709671
4,64,r128_a1_zipf_rep0,128,1,zipf,0,1.0,0.0,48,128,101.72799974679947
4,65,r128_a4_zipf_rep2,128,4,zipf,2,0.46875,0.5326268921581034,0;11;15;55,60;31;21;16,278.27200293540955
4,66,r64_a4_zipf_rep2,64,4,zipf,2,0.46875,0.5284854539152426,11;20;46;57,30;15;11;8,272.4800109863281
4,67,r64_a8_zipf_rep1,64,8,zipf,1,0.34375,0.7207851621669248,1;10;12;17;30;31;42;43,22;11;8;6;5;4;4;4,479.8400104045868
4,68,r64_a8_uniform_rep2,64,8,uniform,2,0.125,0.0,1;5;18;35;46;56;59;60,8;8;8;8;8;8;8;8,470.0160026550293
4,69,r128_a16_linear_skew_rep0,128,16,linear_skew,0,0.109375,0.4759858191164943,11;12;13;17;18;22;24;33;41;43;47;50;57;60;62;63,14;13;13;12;11;10;9;8;8;7;6;5;4;3;3;2,904.4479727745056
4,70,r256_a2_zipf_rep2,256,2,zipf,2,0.6640625,0.328125,27;45,170;86,162.75200247764587
4,71,r32_a1_zipf_rep1,32,1,zipf,1,1.0,0.0,45,32,110.84800213575363
4,72,r32_a8_hot50_rep2,32,8,hot50,2,0.40625,0.8569568250501305,4;10;18;29;34;60;61;63,13;3;3;3;3;3;2;2,470.304012298584
4,73,r128_a16_hot50_rep2,128,16,hot50,2,0.4453125,1.5823736126465204,2;3;4;5;10;12;24;25;30;36;39;49;55;56;59;60,57;5;5;5;5;5;5;5;5;5;5;5;4;4;4;4,907.039999961853
4,74,r32_a16_hot50_rep2,32,16,hot50,2,0.28125,0.9354143466934853,2;4;11;15;18;19;23;30;32;39;45;47;53;54;58;60,9;2;2;2;2;2;2;2;2;1;1;1;1;1;1;1,897.7599740028381
4,75,r128_a8_hot50_rep0,128,8,hot50,0,0.4765625,1.0634187204483472,2;4;14;17;27;37;53;57,61;10;10;10;10;9;9;9,480.6079864501953
4,76,r64_a8_hot50_rep2,64,8,hot50,2,0.453125,0.9921567416492215,1;5;18;35;46;56;59;60,29;5;5;5;5;5;5;5,475.0719964504242
4,77,r32_a8_uniform_rep2,32,8,uniform,2,0.125,0.0,4;10;18;29;34;60;61;63,4;4;4;4;4;4;4;4,469.2479968070984
4,78,r256_a4_linear_skew_rep0,256,4,linear_skew,0,0.3984375,0.44373349441134147,6;27;28;50,102;77;51;26,271.9680070877075
4,79,r256_a1_zipf_rep2,256,1,zipf,2,1.0,0.0,34,256,113.82400244474411
4,80,r32_a1_linear_skew_rep2,32,1,linear_skew,2,1.0,0.0,10,32,109.43999886512756
4,81,r64_a1_hot50_rep1,64,1,hot50,1,1.0,0.0,24,64,107.10400342941284
4,82,r256_a4_zipf_rep0,256,4,zipf,0,0.4765625,0.551653232622179,6;27;28;50,122;62;41;31,276.44801139831543
4,83,r32_a16_linear_skew_rep1,32,16,linear_skew,1,0.09375,0.3535533905932738,2;10;13;18;19;24;27;28;29;42;43;45;47;48;57;59,3;3;3;3;2;2;2;2;2;2;2;2;1;1;1;1,897.1840143203735
4,84,r256_a4_hot50_rep0,256,4,hot50,0,0.49609375,0.5683291712335379,6;27;28;50,127;43;43;43,284.67199206352234
4,85,r128_a1_uniform_rep1,128,1,uniform,1,1.0,0.0,48,128,103.42399775981903
4,86,r64_a16_uniform_rep0,64,16,uniform,0,0.0625,0.0,3;8;9;10;16;19;23;25;26;27;33;36;51;55;57;59,4;4;4;4;4;4;4;4;4;4;4;4;4;4;4;4,897.4400162696838
4,87,r256_a8_uniform_rep0,256,8,uniform,0,0.125,0.0,0;5;10;21;27;34;36;50,32;32;32;32;32;32;32;32,514.6880149841309
4,88,r64_a8_linear_skew_rep0,64,8,linear_skew,0,0.203125,0.42389562394532926,7;11;36;41;44;47;48;51,13;12;10;9;7;6;4;3,475.5200147628784
4,89,r256_a16_linear_skew_rep2,256,16,linear_skew,2,0.11328125,0.5019493251315316,1;4;5;14;19;23;25;33;35;37;42;45;52;53;57;59,29;27;26;24;22;20;19;17;15;13;12;10;8;6;5;3,954.4320106506348
4,90,r256_a16_zipf_rep1,256,16,zipf,1,0.28125,1.0404419884116558,7;16;19;20;21;25;27;34;35;36;40;47;56;57;60;63,72;37;25;19;15;13;11;10;9;8;7;7;6;6;6;5,1052.6399612426758
4,91,r128_a4_zipf_rep1,128,4,zipf,1,0.46875,0.5326268921581034,5;9;41;59,60;31;21;16,284.31999683380127
4,92,r32_a8_linear_skew_rep1,32,8,linear_skew,1,0.1875,0.375,12;15;17;18;39;41;47;58,6;6;5;4;4;3;2;2,470.20798921585083
4,93,r32_a16_uniform_rep2,32,16,uniform,2,0.0625,0.0,2;4;11;15;18;19;23;30;32;39;45;47;53;54;58;60,2;2;2;2;2;2;2;2;2;2;2;2;2;2;2;2,893.9200043678284
4,94,r64_a4_hot50_rep2,64,4,hot50,2,0.484375,0.5412658773652742,11;20;46;57,31;11;11;11,268.0000066757202
4,95,r32_a4_zipf_rep0,32,4,zipf,0,0.4375,0.46770717334674267,5;35;54;57,14;8;6;4,257.88798928260803
4,96,r32_a2_linear_skew_rep0,32,2,linear_skew,0,0.65625,0.3125,7;54,21;11,160.70400178432465
4,97,r128_a16_hot50_rep0,128,16,hot50,0,0.4453125,1.5823736126465204,11;12;13;17;18;22;24;33;41;43;47;50;57;60;62;63,57;5;5;5;5;5;5;5;5;5;5;5;4;4;4;4,917.5360202789307
4,98,r256_a1_linear_skew_rep1,256,1,linear_skew,1,1.0,0.0,13,256,122.52800166606903
4,99,r128_a1_zipf_rep1,128,1,zipf,1,1.0,0.0,48,128,104.032002389431
4,100,r32_a8_hot50_rep1,32,8,hot50,1,0.40625,0.8569568250501305,12;15;17;18;39;41;47;58,13;3;3;3;3;3;2;2,470.2720046043396
4,101,r128_a1_linear_skew_rep0,128,1,linear_skew,0,1.0,0.0,48,128,101.72799974679947
4,102,r64_a16_linear_skew_rep0,64,16,linear_skew,0,0.109375,0.4330127018922193,3;8;9;10;16;19;23;25;26;27;33;36;51;55;57;59,7;6;6;6;5;5;5;4;4;3;3;3;2;2;2;1,902.1440148353577
4,103,r64_a2_linear_skew_rep1,64,2,linear_skew,1,0.65625,0.3125,4;5,42;22,167.04000532627106
4,104,r256_a8_zipf_rep0,256,8,zipf,0,0.359375,0.7842131307081003,0;5;10;21;27;34;36;50,92;47;32;24;19;16;14;12,500.95999240875244
4,105,r32_a4_hot50_rep2,32,4,hot50,2,0.46875,0.5077524002897476,10;17;31;45,15;6;6;5,256.0960054397583
4,106,r128_a8_zipf_rep1,128,8,zipf,1,0.3515625,0.7551903733496608,5;19;32;34;38;49;54;55,45;23;16;12;10;8;7;7,482.4639856815338
4,107,r32_a8_zipf_rep1,32,8,zipf,1,0.3125,0.6123724356957945,12;15;17;18;39;41;47;58,10;5;4;3;3;3;2;2,467.26399660110474
4,108,r128_a16_uniform_rep1,128,16,uniform,1,0.0625,0.0,3;6;12;15;21;27;30;33;40;42;45;46;48;52;60;62,8;8;8;8;8;8;8;8;8;8;8;8;8;8;8;8,901.6960263252258
4,109,r128_a16_linear_skew_rep2,128,16,linear_skew,2,0.109375,0.4759858191164943,2;3;4;5;10;12;24;25;30;36;39;49;55;56;59;60,14;13;13;12;11;10;9;8;8;7;6;5;4;3;3;2,900.3520011901855
4,110,r256_a2_linear_skew_rep0,256,2,linear_skew,0,0.6640625,0.328125,4;62,170;86,168.2240068912506
4,111,r64_a8_hot50_rep1,64,8,hot50,1,0.453125,0.9921567416492215,1;10;12;17;30;31;42;43,29;5;5;5;5;5;5;5,484.0959906578064
4,112,r64_a16_hot50_rep2,64,16,hot50,2,0.390625,1.3607213160673275,0;5;8;14;25;27;33;34;35;36;40;42;43;46;50;56,25;3;3;3;3;3;3;3;3;3;2;2;2;2;2;2,910.8160138130188
4,113,r128_a8_hot50_rep2,128,8,hot50,2,0.4765625,1.0634187204483472,0;6;9;12;25;45;56;60,61;10;10;10;10;9;9;9,477.3760139942169
4,114,r64_a16_linear_skew_rep1,64,16,linear_skew,1,0.109375,0.4330127018922193,15;18;20;28;29;31;35;36;39;44;45;50;52;53;54;59,7;6;6;6;5;5;5;4;4;3;3;3;2;2;2;1,906.3040018081665
4,115,r128_a8_zipf_rep2,128,8,zipf,2,0.3515625,0.7551903733496608,0;6;9;12;25;45;56;60,45;23;16;12;10;8;7;7,487.744003534317
4,116,r128_a16_uniform_rep2,128,16,uniform,2,0.0625,0.0,2;3;4;5;10;12;24;25;30;36;39;49;55;56;59;60,8;8;8;8;8;8;8;8;8;8;8;8;8;8;8;8,892.5759792327881
4,117,r256_a2_zipf_rep1,256,2,zipf,1,0.6640625,0.328125,1;5,170;86,162.33600676059723
4,118,r128_a8_linear_skew_rep0,128,8,linear_skew,0,0.21875,0.4810876349481454,2;4;14;17;27;37;53;57,28;24;21;18;14;11;8;4,497.3439872264862
4,119,r256_a8_hot50_rep2,256,8,hot50,2,0.48828125,1.0985386244347533,19;23;28;37;55;57;58;60,125;19;19;19;19;19;18;18,515.4240131378174
4,120,r256_a1_zipf_rep1,256,1,zipf,1,1.0,0.0,13,256,115.23199826478958
4,121,r32_a4_hot50_rep1,32,4,hot50,1,0.46875,0.5077524002897476,22;32;37;45,15;6;6;5,257.9840123653412
4,122,r64_a4_linear_skew_rep0,64,4,linear_skew,0,0.390625,0.4192627457812106,9;42;56;58,25;19;13;7,277.3439884185791
4,123,r256_a16_uniform_rep0,256,16,uniform,0,0.0625,0.0,0;1;3;11;12;15;17;18;22;35;42;47;50;57;58;59,16;16;16;16;16;16;16;16;16;16;16;16;16;16;16;16,905.4719805717468
4,124,r64_a8_uniform_rep0,64,8,uniform,0,0.125,0.0,7;11;36;41;44;47;48;51,8;8;8;8;8;8;8;8,473.88800978660583
4,125,r64_a2_hot50_rep1,64,2,hot50,1,0.5,0.0,4;5,32;32,163.61600160598755
4,126,r32_a2_hot50_rep2,32,2,hot50,2,0.5,0.0,1;48,16;16,148.80000054836273
4,127,r256_a4_uniform_rep0,256,4,uniform,0,0.25,0.0,6;27;28;50,64;64;64;64,278.9759933948517
4,128,r32_a1_uniform_rep0,32,1,uniform,0,1.0,0.0,37,32,111.51999980211258
4,129,r32_a4_zipf_rep2,32,4,zipf,2,0.4375,0.46770717334674267,10;17;31;45,14;8;6;4,256.73601031303406
4,130,r32_a4_linear_skew_rep1,32,4,linear_skew,1,0.375,0.3644344934278313,22;32;37;45,12;9;7;4,257.7280104160309
4,131,r128_a4_uniform_rep0,128,4,uniform,0,0.25,0.0,37;40;48;52,32;32;32;32,279.7439992427826
4,132,r32_a8_linear_skew_rep0,32,8,linear_skew,0,0.1875,0.375,2;11;19;21;22;41;43;52,6;6;5;4;4;3;2;2,469.7920083999634
4,133,r128_a1_linear_skew_rep2,128,1,linear_skew,2,1.0,0.0,38,128,104.99200224876404
4,134,r32_a2_zipf_rep0,32,2,zipf,0,0.65625,0.3125,7;54,21;11,160.22400557994843
4,135,r256_a16_linear_skew_rep0,256,16,linear_skew,0,0.11328125,0.5019493251315316,0;1;3;11;12;15;17;18;22;35;42;47;50;57;58;59,29;27;26;24;22;20;19;17;15;13;12;10;8;6;5;3,961.0239863395691
4,136,r256_a8_linear_skew_rep0,256,8,linear_skew,0,0.21875,0.4876402041977261,0;5;10;21;27;34;36;50,56;49;42;35;29;22;15;8,515.7759785652161
4,137,r256_a4_uniform_rep2,256,4,uniform,2,0.25,0.0,0;22;24;46,64;64;64;64,279.61599826812744
4,138,r128_a1_uniform_rep0,128,1,uniform,0,1.0,0.0,48,128,102.9760017991066
4,139,r128_a1_hot50_rep0,128,1,hot50,0,1.0,0.0,48,128,99.80800002813339
4,140,r256_a8_uniform_rep1,256,8,uniform,1,0.125,0.0,17;27;29;32;33;41;54;58,32;32;32;32;32;32;32;32,517.5039768218994
4,141,r256_a1_uniform_rep1,256,1,uniform,1,1.0,0.0,13,256,112.41599917411804
4,142,r64_a16_zipf_rep2,64,16,zipf,2,0.234375,0.8244316223920575,0;5;8;14;25;27;33;34;35;36;40;42;43;46;50;56,15;8;6;5;4;3;3;3;3;2;2;2;2;2;2;2,901.2479782104492
4,143,r256_a16_uniform_rep2,256,16,uniform,2,0.0625,0.0,1;4;5;14;19;23;25;33;35;37;42;45;52;53;57;59,16;16;16;16;16;16;16;16;16;16;16;16;16;16;16;16,903.7759900093079
4,144,r64_a8_linear_skew_rep2,64,8,linear_skew,2,0.203125,0.42389562394532926,1;5;18;35;46;56;59;60,13;12;10;9;7;6;4;3,476.03198885917664
4,145,r32_a8_zipf_rep2,32,8,zipf,2,0.3125,0.6123724356957945,4;10;18;29;34;60;61;63,10;5;4;3;3;3;2;2,476.608008146286
4,146,r64_a1_linear_skew_rep2,64,1,linear_skew,2,1.0,0.0,58,64,112.76800185441971
4,147,r256_a4_uniform_rep1,256,4,uniform,1,0.25,0.0,36;50;54;61,64;64;64;64,280.41601181030273
4,148,r256_a8_linear_skew_rep2,256,8,linear_skew,2,0.21875,0.4876402041977261,19;23;28;37;55;57;58;60,56;49;42;35;29;22;15;8,509.0240240097046
4,149,r256_a1_hot50_rep2,256,1,hot50,2,1.0,0.0,34,256,110.68800091743469
4,150,r256_a1_uniform_rep2,256,1,uniform,2,1.0,0.0,34,256,106.20799660682678
4,151,r256_a4_linear_skew_rep1,256,4,linear_skew,1,0.3984375,0.44373349441134147,36;50;54;61,102;77;51;26,275.4879891872406
4,152,r64_a1_zipf_rep1,64,1,zipf,1,1.0,0.0,24,64,107.42399841547012
4,153,r32_a1_zipf_rep2,32,1,zipf,2,1.0,0.0,10,32,107.00800269842148
4,154,r64_a4_uniform_rep1,64,4,uniform,1,0.25,0.0,8;9;28;49,16;16;16;16,260.0319981575012
4,155,r256_a4_zipf_rep1,256,4,zipf,1,0.4765625,0.551653232622179,36;50;54;61,122;62;41;31,281.69599175453186
4,156,r64_a8_zipf_rep2,64,8,zipf,2,0.34375,0.7207851621669248,1;5;18;35;46;56;59;60,22;11;8;6;5;4;4;4,480.70400953292847
4,157,r128_a1_zipf_rep2,128,1,zipf,2,1.0,0.0,38,128,103.74400019645691
4,158,r128_a4_linear_skew_rep0,128,4,linear_skew,0,0.3984375,0.44028133761266786,37;40;48;52,51;38;26;13,278.0480086803436
4,159,r256_a16_hot50_rep0,256,16,hot50,0,0.47265625,1.6944302139657448,0;1;3;11;12;15;17;18;22;35;42;47;50;57;58;59,121;9;9;9;9;9;9;9;9;9;9;9;9;9;9;9,2938.2081031799316
4,160,r32_a4_linear_skew_rep0,32,4,linear_skew,0,0.375,0.3644344934278313,5;35;54;57,12;9;7;4,991.1680221557617
4,161,r256_a16_hot50_rep2,256,16,hot50,2,0.47265625,1.6944302139657448,1;4;5;14;19;23;25;33;35;37;42;45;52;53;57;59,121;9;9;9;9;9;9;9;9;9;9;9;9;9;9;9,5826.943874359131
4,162,r128_a4_hot50_rep0,128,4,hot50,0,0.4921875,0.5594535559365049,37;40;48;52,63;22;22;21,1210.2080583572388
4,163,r64_a1_hot50_rep2,64,1,hot50,2,1.0,0.0,58,64,416.54399037361145
4,164,r128_a4_uniform_rep2,128,4,uniform,2,0.25,0.0,0;11;15;55,32;32;32;32,1038.7200117111206
4,165,r32_a8_linear_skew_rep2,32,8,linear_skew,2,0.1875,0.375,4;10;18;29;34;60;61;63,6;6;5;4;4;3;2;2,749.4080066680908
4,166,r32_a2_linear_skew_rep1,32,2,linear_skew,1,0.65625,0.3125,8;20,21;11,166.4000004529953
4,167,r128_a4_linear_skew_rep1,128,4,linear_skew,1,0.3984375,0.44028133761266786,5;9;41;59,51;38;26;13,294.94398832321167
4,168,r32_a16_zipf_rep2,32,16,zipf,2,0.1875,0.6123724356957945,2;4;11;15;18;19;23;30;32;39;45;47;53;54;58;60,6;3;3;2;2;2;2;2;2;2;1;1;1;1;1;1,905.888020992279
4,169,r32_a1_linear_skew_rep1,32,1,linear_skew,1,1.0,0.0,45,32,119.23199892044067
4,170,r32_a8_zipf_rep0,32,8,zipf,0,0.3125,0.6123724356957945,2;11;19;21;22;41;43;52,10;5;4;3;3;3;2;2,478.7519872188568
4,171,r64_a4_hot50_rep0,64,4,hot50,0,0.484375,0.5412658773652742,9;42;56;58,31;11;11;11,272.15999364852905
4,172,r128_a16_zipf_rep1,128,16,zipf,1,0.265625,0.967236721283885,3;6;12;15;21;27;30;33;40;42;45;46;48;52;60;62,34;18;12;9;8;6;6;5;5;4;4;4;4;3;3;3,923.520028591156
4,173,r64_a1_zipf_rep0,64,1,zipf,0,1.0,0.0,39,64,113.40799927711487
4,174,r64_a1_linear_skew_rep0,64,1,linear_skew,0,1.0,0.0,39,64,107.35999792814255
4,175,r256_a2_uniform_rep2,256,2,uniform,2,0.5,0.0,27;45,128;128,155.71199357509613
4,176,r256_a16_hot50_rep1,256,16,hot50,1,0.47265625,1.6944302139657448,7;16;19;20;21;25;27;34;35;36;40;47;56;57;60;63,121;9;9;9;9;9;9;9;9;9;9;9;9;9;9;9,911.4879965782166
4,177,r32_a16_linear_skew_rep2,32,16,linear_skew,2,0.09375,0.3535533905932738,2;4;11;15;18;19;23;30;32;39;45;47;53;54;58;60,3;3;3;3;2;2;2;2;2;2;2;2;1;1;1;1,909.5680117607117
4,178,r256_a1_hot50_rep0,256,1,hot50,0,1.0,0.0,62,256,120.03199756145477
4,179,r256_a1_uniform_rep0,256,1,uniform,0,1.0,0.0,62,256,109.76000130176544
4,180,r256_a4_hot50_rep1,256,4,hot50,1,0.49609375,0.5683291712335379,36;50;54;61,127;43;43;43,279.90400791168213
4,181,r32_a16_linear_skew_rep0,32,16,linear_skew,0,0.09375,0.3535533905932738,3;4;5;7;8;9;15;19;21;23;25;30;36;38;45;62,3;3;3;3;2;2;2;2;2;2;2;2;1;1;1;1,903.9679765701294
4,182,r64_a16_linear_skew_rep2,64,16,linear_skew,2,0.109375,0.4330127018922193,0;5;8;14;25;27;33;34;35;36;40;42;43;46;50;56,7;6;6;6;5;5;5;4;4;3;3;3;2;2;2;1,912.5120043754578
4,183,r32_a4_zipf_rep1,32,4,zipf,1,0.4375,0.46770717334674267,22;32;37;45,14;8;6;4,260.8320116996765
4,184,r256_a16_linear_skew_rep1,256,16,linear_skew,1,0.11328125,0.5019493251315316,7;16;19;20;21;25;27;34;35;36;40;47;56;57;60;63,29;27;26;24;22;20;19;17;15;13;12;10;8;6;5;3,979.3599843978882
4,185,r32_a16_uniform_rep1,32,16,uniform,1,0.0625,0.0,2;10;13;18;19;24;27;28;29;42;43;45;47;48;57;59,2;2;2;2;2;2;2;2;2;2;2;2;2;2;2;2,912.1279716491699
4,186,r256_a1_linear_skew_rep2,256,1,linear_skew,2,1.0,0.0,34,256,120.80000340938568
4,187,r128_a2_linear_skew_rep2,128,2,linear_skew,2,0.6640625,0.328125,23;32,85;43,162.432000041008
4,188,r64_a8_zipf_rep0,64,8,zipf,0,0.34375,0.7207851621669248,7;11;36;41;44;47;48;51,22;11;8;6;5;4;4;4,491.5519952774048
4,189,r64_a2_zipf_rep1,64,2,zipf,1,0.65625,0.3125,4;5,42;22,166.9120043516159
4,190,r64_a4_uniform_rep0,64,4,uniform,0,0.25,0.0,9;42;56;58,16;16;16;16,258.7839961051941
4,191,r32_a1_uniform_rep2,32,1,uniform,2,1.0,0.0,10,32,112.96000331640244
4,192,r32_a2_linear_skew_rep2,32,2,linear_skew,2,0.65625,0.3125,1;48,21;11,162.75200247764587
4,193,r32_a2_zipf_rep1,32,2,zipf,1,0.65625,0.3125,8;20,21;11,159.16800498962402
4,194,r256_a2_linear_skew_rep2,256,2,linear_skew,2,0.6640625,0.328125,27;45,170;86,163.42400014400482
4,195,r128_a2_hot50_rep2,128,2,hot50,2,0.5,0.0,23;32,64;64,163.5199934244156
4,196,r128_a16_zipf_rep0,128,16,zipf,0,0.265625,0.967236721283885,11;12;13;17;18;22;24;33;41;43;47;50;57;60;62;63,34;18;12;9;8;6;6;5;5;4;4;4;4;3;3;3,918.8799858093262
4,197,r32_a2_uniform_rep0,32,2,uniform,0,0.5,0.0,7;54,16;16,152.99199521541595
4,198,r256_a1_hot50_rep1,256,1,hot50,1,1.0,0.0,13,256,111.10399663448334
4,199,r64_a2_uniform_rep1,64,2,uniform,1,0.5,0.0,4;5,32;32,165.3439998626709
4,200,r64_a4_hot50_rep1,64,4,hot50,1,0.484375,0.5412658773652742,8;9;28;49,31;11;11;11,266.59199595451355
4,201,r128_a2_uniform_rep2,128,2,uniform,2,0.5,0.0,23;32,64;64,164.19200599193573
4,202,r32_a1_hot50_rep1,32,1,hot50,1,1.0,0.0,45,32,110.01600325107574
4,203,r64_a2_linear_skew_rep0,64,2,linear_skew,0,0.65625,0.3125,16;17,42;22,166.4000004529953
4,204,r256_a2_hot50_rep1,256,2,hot50,1,0.5,0.0,1;5,128;128,152.51199901103973
4,205,r256_a1_zipf_rep0,256,1,zipf,0,1.0,0.0,62,256,108.67200046777725
4,206,r32_a8_hot50_rep0,32,8,hot50,0,0.40625,0.8569568250501305,2;11;19;21;22;41;43;52,13;3;3;3;3;3;2;2,476.608008146286
4,207,r256_a2_linear_skew_rep1,256,2,linear_skew,1,0.6640625,0.328125,1;5,170;86,160.7999950647354
4,208,r32_a16_hot50_rep1,32,16,hot50,1,0.28125,0.9354143466934853,2;10;13;18;19;24;27;28;29;42;43;45;47;48;57;59,9;2;2;2;2;2;2;2;2;1;1;1;1;1;1;1,892.0959830284119
4,209,r128_a2_hot50_rep0,128,2,hot50,0,0.5,0.0,9;32,64;64,165.3759926557541
4,210,r256_a4_hot50_rep2,256,4,hot50,2,0.49609375,0.5683291712335379,0;22;24;46,127;43;43;43,282.6240062713623
4,211,r256_a2_hot50_rep2,256,2,hot50,2,0.5,0.0,27;45,128;128,152.92799472808838
4,212,r64_a2_uniform_rep2,64,2,uniform,2,0.5,0.0,45;50,32;32,164.95999693870544
4,213,r128_a1_uniform_rep2,128,1,uniform,2,1.0,0.0,38,128,104.25599664449692
4,214,r256_a2_uniform_rep1,256,2,uniform,1,0.5,0.0,1;5,128;128,150.62400698661804
4,215,r128_a2_linear_skew_rep0,128,2,linear_skew,0,0.6640625,0.328125,9;32,85;43,157.3760062456131
4,216,r32_a1_hot50_rep0,32,1,hot50,0,1.0,0.0,37,32,109.47199910879135
4,217,r64_a4_linear_skew_rep1,64,4,linear_skew,1,0.390625,0.4192627457812106,8;9;28;49,25;19;13;7,272.6399898529053
4,218,r32_a8_uniform_rep1,32,8,uniform,1,0.125,0.0,12;15;17;18;39;41;47;58,4;4;4;4;4;4;4;4,472.1600115299225
4,219,r256_a8_zipf_rep2,256,8,zipf,2,0.359375,0.7842131307081003,19;23;28;37;55;57;58;60,92;47;32;24;19;16;14;12,500.5120038986206
4,220,r256_a2_hot50_rep0,256,2,hot50,0,0.5,0.0,4;62,128;128,150.39999783039093
4,221,r256_a16_zipf_rep0,256,16,zipf,0,0.28125,1.0404419884116558,0;1;3;11;12;15;17;18;22;35;42;47;50;57;58;59,72;37;25;19;15;13;11;10;9;8;7;7;6;6;6;5,924.7360229492188
4,222,r32_a2_uniform_rep1,32,2,uniform,1,0.5,0.0,8;20,16;16,154.6880006790161
4,223,r256_a4_linear_skew_rep2,256,4,linear_skew,2,0.3984375,0.44373349441134147,0;22;24;46,102;77;51;26,272.2240090370178
4,224,r64_a4_uniform_rep2,64,4,uniform,2,0.25,0.0,11;20;46;57,16;16;16;16,266.04801416397095
4,225,r256_a8_hot50_rep1,256,8,hot50,1,0.48828125,1.0985386244347533,17;27;29;32;33;41;54;58,125;19;19;19;19;19;18;18,514.5919919013977
4,226,r32_a1_hot50_rep2,32,1,hot50,2,1.0,0.0,10,32,110.43199896812439
4,227,r128_a2_zipf_rep2,128,2,zipf,2,0.6640625,0.328125,23;32,85;43,159.10400450229645
4,228,r128_a16_linear_skew_rep1,128,16,linear_skew,1,0.109375,0.4759858191164943,3;6;12;15;21;27;30;33;40;42;45;46;48;52;60;62,14;13;13;12;11;10;9;8;8;7;6;5;4;3;3;2,902.944028377533
4,229,r128_a2_zipf_rep0,128,2,zipf,0,0.6640625,0.328125,9;32,85;43,158.9439958333969
4,230,r256_a8_hot50_rep0,256,8,hot50,0,0.48828125,1.0985386244347533,0;5;10;21;27;34;36;50,125;19;19;19;19;19;18;18,510.72001457214355
4,231,r128_a4_linear_skew_rep2,128,4,linear_skew,2,0.3984375,0.44028133761266786,0;11;15;55,51;38;26;13,279.00800108909607
4,232,r128_a2_uniform_rep0,128,2,uniform,0,0.5,0.0,9;32,64;64,162.84799575805664
4,233,r64_a8_linear_skew_rep1,64,8,linear_skew,1,0.203125,0.42389562394532926,1;10;12;17;30;31;42;43,13;12;10;9;7;6;4;3,474.4639992713928
4,234,r128_a8_uniform_rep1,128,8,uniform,1,0.125,0.0,5;19;32;34;38;49;54;55,16;16;16;16;16;16;16;16,478.33600640296936
4,235,r64_a1_hot50_rep0,64,1,hot50,0,1.0,0.0,39,64,110.84800213575363
4,236,r64_a16_zipf_rep1,64,16,zipf,1,0.234375,0.8244316223920575,15;18;20;28;29;31;35;36;39;44;45;50;52;53;54;59,15;8;6;5;4;3;3;3;3;2;2;2;2;2;2;2,904.416024684906
4,237,r128_a2_linear_skew_rep1,128,2,linear_skew,1,0.6640625,0.328125,38;42,85;43,159.90400314331055
4,238,r256_a16_uniform_rep1,256,16,uniform,1,0.0625,0.0,7;16;19;20;21;25;27;34;35;36;40;47;56;57;60;63,16;16;16;16;16;16;16;16;16;16;16;16;16;16;16;16,903.1680226325989
4,239,r32_a2_hot50_rep0,32,2,hot50,0,0.5,0.0,7;54,16;16,151.0079950094223
5,0,r128_a16_zipf_rep1,128,16,zipf,1,0.265625,0.967236721283885,3;6;12;15;21;27;30;33;40;42;45;46;48;52;60;62,34;18;12;9;8;6;6;5;5;4;4;4;4;3;3;3,912.6080274581909
5,1,r64_a4_zipf_rep1,64,4,zipf,1,0.46875,0.5284854539152426,8;9;28;49,30;15;11;8,267.8399980068207
5,2,r32_a2_linear_skew_rep2,32,2,linear_skew,2,0.65625,0.3125,1;48,21;11,156.8319946527481
5,3,r64_a1_linear_skew_rep1,64,1,linear_skew,1,1.0,0.0,24,64,111.55200004577637
5,4,r128_a8_uniform_rep2,128,8,uniform,2,0.125,0.0,0;6;9;12;25;45;56;60,16;16;16;16;16;16;16;16,466.7840003967285
5,5,r32_a1_linear_skew_rep0,32,1,linear_skew,0,1.0,0.0,37,32,108.31999778747559
5,6,r128_a2_zipf_rep1,128,2,zipf,1,0.6640625,0.328125,38;42,85;43,157.6319932937622
5,7,r256_a1_linear_skew_rep1,256,1,linear_skew,1,1.0,0.0,13,256,113.88800293207169
5,8,r256_a4_uniform_rep0,256,4,uniform,0,0.25,0.0,6;27;28;50,64;64;64;64,281.66401386260986
5,9,r256_a8_hot50_rep1,256,8,hot50,1,0.48828125,1.0985386244347533,17;27;29;32;33;41;54;58,125;19;19;19;19;19;18;18,513.2160186767578
5,10,r256_a4_zipf_rep2,256,4,zipf,2,0.4765625,0.551653232622179,0;22;24;46,122;62;41;31,277.2800028324127
5,11,r128_a1_hot50_rep1,128,1,hot50,1,1.0,0.0,48,128,102.52799838781357
5,12,r32_a4_linear_skew_rep0,32,4,linear_skew,0,0.375,0.3644344934278313,5;35;54;57,12;9;7;4,261.1199915409088
5,13,r32_a8_linear_skew_rep1,32,8,linear_skew,1,0.1875,0.375,12;15;17;18;39;41;47;58,6;6;5;4;4;3;2;2,469.9519872665405
5,14,r64_a8_hot50_rep1,64,8,hot50,1,0.453125,0.9921567416492215,1;10;12;17;30;31;42;43,29;5;5;5;5;5;5;5,477.3760139942169
5,15,r256_a8_zipf_rep2,256,8,zipf,2,0.359375,0.7842131307081003,19;23;28;37;55;57;58;60,92;47;32;24;19;16;14;12,502.1759867668152
5,16,r256_a1_zipf_rep0,256,1,zipf,0,1.0,0.0,62,256,111.58400028944016
5,17,r64_a16_hot50_rep0,64,16,hot50,0,0.390625,1.3607213160673275,3;8;9;10;16;19;23;25;26;27;33;36;51;55;57;59,25;3;3;3;3;3;3;3;3;3;2;2;2;2;2;2,900.6720185279846
5,18,r128_a8_linear_skew_rep1,128,8,linear_skew,1,0.21875,0.4810876349481454,5;19;32;34;38;49;54;55,28;24;21;18;14;11;8;4,496.38399481773376
5,19,r32_a16_hot50_rep2,32,16,hot50,2,0.28125,0.9354143466934853,2;4;11;15;18;19;23;30;32;39;45;47;53;54;58;60,9;2;2;2;2;2;2;2;2;1;1;1;1;1;1;1,895.2959775924683
5,20,r128_a1_linear_skew_rep1,128,1,linear_skew,1,1.0,0.0,48,128,106.59199953079224
5,21,r32_a2_linear_skew_rep1,32,2,linear_skew,1,0.65625,0.3125,8;20,21;11,157.95199573040009
5,22,r128_a16_uniform_rep2,128,16,uniform,2,0.0625,0.0,2;3;4;5;10;12;24;25;30;36;39;49;55;56;59;60,8;8;8;8;8;8;8;8;8;8;8;8;8;8;8;8,894.5599794387817
5,23,r128_a4_zipf_rep1,128,4,zipf,1,0.46875,0.5326268921581034,5;9;41;59,60;31;21;16,287.3919904232025
5,24,r32_a8_hot50_rep1,32,8,hot50,1,0.40625,0.8569568250501305,12;15;17;18;39;41;47;58,13;3;3;3;3;3;2;2,469.5360064506531
5,25,r128_a2_zipf_rep2,128,2,zipf,2,0.6640625,0.328125,23;32,85;43,157.47199952602386
5,26,r256_a1_uniform_rep2,256,1,uniform,2,1.0,0.0,34,256,110.27199774980545
5,27,r64_a1_zipf_rep0,64,1,zipf,0,1.0,0.0,39,64,106.97600245475769
5,28,r128_a16_hot50_rep1,128,16,hot50,1,0.4453125,1.5823736126465204,3;6;12;15;21;27;30;33;40;42;45;46;48;52;60;62,57;5;5;5;5;5;5;5;5;5;5;5;4;4;4;4,915.9039855003357
5,29,r128_a16_zipf_rep2,128,16,zipf,2,0.265625,0.967236721283885,2;3;4;5;10;12;24;25;30;36;39;49;55;56;59;60,34;18;12;9;8;6;6;5;5;4;4;4;4;3;3;3,911.9679927825928
5,30,r128_a2_uniform_rep1,128,2,uniform,1,0.5,0.0,38;42,64;64,166.75199568271637
5,31,r64_a4_linear_skew_rep2,64,4,linear_skew,2,0.390625,0.4192627457812106,11;20;46;57,25;19;13;7,272.5760042667389
5,32,r256_a2_uniform_rep2,256,2,uniform,2,0.5,0.0,27;45,128;128,152.8960019350052
5,33,r64_a4_uniform_rep0,64,4,uniform,0,0.25,0.0,9;42;56;58,16;16;16;16,259.2639923095703
5,34,r256_a4_uniform_rep2,256,4,uniform,2,0.25,0.0,0;22;24;46,64;64;64;64,285.7919931411743
5,35,r64_a8_hot50_rep2,64,8,hot50,2,0.453125,0.9921567416492215,1;5;18;35;46;56;59;60,29;5;5;5;5;5;5;5,478.2719910144806
5,36,r64_a2_uniform_rep2,64,2,uniform,2,0.5,0.0,45;50,32;32,162.9759967327118
5,37,r256_a16_hot50_rep1,256,16,hot50,1,0.47265625,1.6944302139657448,7;16;19;20;21;25;27;34;35;36;40;47;56;57;60;63,121;9;9;9;9;9;9;9;9;9;9;9;9;9;9;9,904.5119881629944
5,38,r256_a4_hot50_rep1,256,4,hot50,1,0.49609375,0.5683291712335379,36;50;54;61,127;43;43;43,279.61599826812744
5,39,r128_a8_linear_skew_rep2,128,8,linear_skew,2,0.21875,0.4810876349481454,0;6;9;12;25;45;56;60,28;24;21;18;14;11;8;4,501.24800205230713
5,40,r128_a1_uniform_rep0,128,1,uniform,0,1.0,0.0,48,128,106.91200196743011
5,41,r256_a1_linear_skew_rep2,256,1,linear_skew,2,1.0,0.0,34,256,113.02399635314941
5,42,r128_a16_linear_skew_rep0,128,16,linear_skew,0,0.109375,0.4759858191164943,11;12;13;17;18;22;24;33;41;43;47;50;57;60;62;63,14;13;13;12;11;10;9;8;8;7;6;5;4;3;3;2,901.7919898033142
5,43,r64_a1_uniform_rep1,64,1,uniform,1,1.0,0.0,24,64,115.90400338172913
5,44,r64_a1_hot50_rep0,64,1,hot50,0,1.0,0.0,39,64,108.64000022411346
5,45,r32_a8_zipf_rep1,32,8,zipf,1,0.3125,0.6123724356957945,12;15;17;18;39;41;47;58,10;5;4;3;3;3;2;2,471.96799516677856
5,46,r64_a16_uniform_rep2,64,16,uniform,2,0.0625,0.0,0;5;8;14;25;27;33;34;35;36;40;42;43;46;50;56,4;4;4;4;4;4;4;4;4;4;4;4;4;4;4;4,899.0399837493896
5,47,r128_a2_hot50_rep1,128,2,hot50,1,0.5,0.0,38;42,64;64,164.70399498939514
5,48,r32_a4_linear_skew_rep2,32,4,linear_skew,2,0.375,0.3644344934278313,10;17;31;45,12;9;7;4,257.7280104160309
5,49,r32_a8_linear_skew_rep2,32,8,linear_skew,2,0.1875,0.375,4;10;18;29;34;60;61;63,6;6;5;4;4;3;2;2,472.4479913711548
5,50,r128_a2_linear_skew_rep0,128,2,linear_skew,0,0.6640625,0.328125,9;32,85;43,162.33600676059723
5,51,r64_a8_zipf_rep1,64,8,zipf,1,0.34375,0.7207851621669248,1;10;12;17;30;31;42;43,22;11;8;6;5;4;4;4,480.9280037879944
5,52,r256_a1_hot50_rep2,256,1,hot50,2,1.0,0.0,34,256,111.7120012640953
5,53,r128_a1_uniform_rep1,128,1,uniform,1,1.0,0.0,48,128,103.87200117111206
5,54,r64_a1_zipf_rep1,64,1,zipf,1,1.0,0.0,24,64,106.46399855613708
5,55,r256_a2_hot50_rep1,256,2,hot50,1,0.5,0.0,1;5,128;128,152.38399803638458
5,56,r32_a8_hot50_rep2,32,8,hot50,2,0.40625,0.8569568250501305,4;10;18;29;34;60;61;63,13;3;3;3;3;3;2;2,476.063996553421
5,57,r256_a4_zipf_rep1,256,4,zipf,1,0.4765625,0.551653232622179,36;50;54;61,122;62;41;31,278.6880135536194
5,58,r32_a4_hot50_rep2,32,4,hot50,2,0.46875,0.5077524002897476,10;17;31;45,15;6;6;5,263.7439966201782
5,59,r256_a16_zipf_rep0,256,16,zipf,0,0.28125,1.0404419884116558,0;1;3;11;12;15;17;18;22;35;42;47;50;57;58;59,72;37;25;19;15;13;11;10;9;8;7;7;6;6;6;5,918.6879992485046
5,60,r64_a2_zipf_rep2,64,2,zipf,2,0.65625,0.3125,45;50,42;22,162.9440039396286
5,61,r64_a8_uniform_rep2,64,8,uniform,2,0.125,0.0,1;5;18;35;46;56;59;60,8;8;8;8;8;8;8;8,469.6959853172302
5,62,r64_a2_uniform_rep0,64,2,uniform,0,0.5,0.0,16;17,32;32,163.61600160598755
5,63,r32_a4_zipf_rep2,32,4,zipf,2,0.4375,0.46770717334674267,10;17;31;45,14;8;6;4,253.9840042591095
5,64,r128_a16_hot50_rep0,128,16,hot50,0,0.4453125,1.5823736126465204,11;12;13;17;18;22;24;33;41;43;47;50;57;60;62;63,57;5;5;5;5;5;5;5;5;5;5;5;4;4;4;4,901.7599821090698
5,65,r32_a4_zipf_rep1,32,4,zipf,1,0.4375,0.46770717334674267,22;32;37;45,14;8;6;4,263.10399174690247
5,66,r64_a4_linear_skew_rep1,64,4,linear_skew,1,0.390625,0.4192627457812106,8;9;28;49,25;19;13;7,273.0880081653595
5,67,r32_a2_hot50_rep1,32,2,hot50,1,0.5,0.0,8;20,16;16,152.38399803638458
5,68,r256_a16_linear_skew_rep1,256,16,linear_skew,1,0.11328125,0.5019493251315316,7;16;19;20;21;25;27;34;35;36;40;47;56;57;60;63,29;27;26;24;22;20;19;17;15;13;12;10;8;6;5;3,952.4160027503967
5,69,r32_a16_linear_skew_rep0,32,16,linear_skew,0,0.09375,0.3535533905932738,3;4;5;7;8;9;15;19;21;23;25;30;36;38;45;62,3;3;3;3;2;2;2;2;2;2;2;2;1;1;1;1,892.73601770401
5,70,r128_a2_uniform_rep2,128,2,uniform,2,0.5,0.0,23;32,64;64,164.76799547672272
5,71,r256_a16_uniform_rep0,256,16,uniform,0,0.0625,0.0,0;1;3;11;12;15;17;18;22;35;42;47;50;57;58;59,16;16;16;16;16;16;16;16;16;16;16;16;16;16;16;16,893.3119773864746
5,72,r32_a2_uniform_rep0,32,2,uniform,0,0.5,0.0,7;54,16;16,149.53599870204926
5,73,r64_a4_hot50_rep0,64,4,hot50,0,0.484375,0.5412658773652742,9;42;56;58,31;11;11;11,293.4400141239166
5,74,r32_a16_uniform_rep1,32,16,uniform,1,0.0625,0.0,2;10;13;18;19;24;27;28;29;42;43;45;47;48;57;59,2;2;2;2;2;2;2;2;2;2;2;2;2;2;2;2,910.3999733924866
5,75,r64_a8_uniform_rep0,64,8,uniform,0,0.125,0.0,7;11;36;41;44;47;48;51,8;8;8;8;8;8;8;8,478.08000445365906
5,76,r128_a1_linear_skew_rep2,128,1,linear_skew,2,1.0,0.0,38,128,110.46399921178818
5,77,r128_a16_linear_skew_rep1,128,16,linear_skew,1,0.109375,0.4759858191164943,3;6;12;15;21;27;30;33;40;42;45;46;48;52;60;62,14;13;13;12;11;10;9;8;8;7;6;5;4;3;3;2,906.0800075531006
5,78,r64_a2_hot50_rep0,64,2,hot50,0,0.5,0.0,16;17,32;32,168.2240068912506
5,79,r64_a2_uniform_rep1,64,2,uniform,1,0.5,0.0,4;5,32;32,163.55200111865997
5,80,r256_a4_linear_skew_rep1,256,4,linear_skew,1,0.3984375,0.44373349441134147,36;50;54;61,102;77;51;26,272.67199754714966
5,81,r128_a4_linear_skew_rep2,128,4,linear_skew,2,0.3984375,0.44028133761266786,0;11;15;55,51;38;26;13,275.9360074996948
5,82,r64_a4_hot50_rep1,64,4,hot50,1,0.484375,0.5412658773652742,8;9;28;49,31;11;11;11,263.93601298332214
5,83,r32_a4_zipf_rep0,32,4,zipf,0,0.4375,0.46770717334674267,5;35;54;57,14;8;6;4,263.2319927215576
5,84,r64_a1_hot50_rep2,64,1,hot50,2,1.0,0.0,58,64,110.01600325107574
5,85,r256_a8_linear_skew_rep2,256,8,linear_skew,2,0.21875,0.4876402041977261,19;23;28;37;55;57;58;60,56;49;42;35;29;22;15;8,505.3439736366272
5,86,r64_a1_uniform_rep2,64,1,uniform,2,1.0,0.0,58,64,107.26399719715118
5,87,r32_a4_hot50_rep0,32,4,hot50,0,0.46875,0.5077524002897476,5;35;54;57,15;6;6;5,254.5279860496521
5,88,r256_a16_linear_skew_rep0,256,16,linear_skew,0,0.11328125,0.5019493251315316,0;1;3;11;12;15;17;18;22;35;42;47;50;57;58;59,29;27;26;24;22;20;19;17;15;13;12;10;8;6;5;3,952.0320296287537
5,89,r256_a16_uniform_rep1,256,16,uniform,1,0.0625,0.0,7;16;19;20;21;25;27;34;35;36;40;47;56;57;60;63,16;16;16;16;16;16;16;16;16;16;16;16;16;16;16;16,896.5759873390198
5,90,r32_a2_linear_skew_rep0,32,2,linear_skew,0,0.65625,0.3125,7;54,21;11,160.19199788570404
5,91,r64_a2_linear_skew_rep2,64,2,linear_skew,2,0.65625,0.3125,45;50,42;22,162.9440039396286
5,92,r32_a16_zipf_rep1,32,16,zipf,1,0.1875,0.6123724356957945,2;10;13;18;19;24;27;28;29;42;43;45;47;48;57;59,6;3;3;2;2;2;2;2;2;2;1;1;1;1;1;1,903.9040207862854
5,93,r32_a4_uniform_rep1,32,4,uniform,1,0.25,0.0,22;32;37;45,8;8;8;8,258.4959864616394
5,94,r256_a2_hot50_rep2,256,2,hot50,2,0.5,0.0,27;45,128;128,153.28000485897064
5,95,r64_a4_linear_skew_rep0,64,4,linear_skew,0,0.390625,0.4192627457812106,9;42;56;58,25;19;13;7,270.4960107803345
5,96,r128_a4_zipf_rep2,128,4,zipf,2,0.46875,0.5326268921581034,0;11;15;55,60;31;21;16,275.32801032066345
5,97,r128_a2_uniform_rep0,128,2,uniform,0,0.5,0.0,9;32,64;64,163.42400014400482
5,98,r32_a2_zipf_rep2,32,2,zipf,2,0.65625,0.3125,1;48,21;11,155.71199357509613
5,99,r32_a8_zipf_rep2,32,8,zipf,2,0.3125,0.6123724356957945,4;10;18;29;34;60;61;63,10;5;4;3;3;3;2;2,469.08798813819885
5,100,r64_a16_zipf_rep1,64,16,zipf,1,0.234375,0.8244316223920575,15;18;20;28;29;31;35;36;39;44;45;50;52;53;54;59,15;8;6;5;4;3;3;3;3;2;2;2;2;2;2;2,900.6400108337402
5,101,r32_a16_uniform_rep0,32,16,uniform,0,0.0625,0.0,3;4;5;7;8;9;15;19;21;23;25;30;36;38;45;62,2;2;2;2;2;2;2;2;2;2;2;2;2;2;2;2,900.3199934959412
5,102,r128_a8_zipf_rep2,128,8,zipf,2,0.3515625,0.7551903733496608,0;6;9;12;25;45;56;60,45;23;16;12;10;8;7;7,485.50400137901306
5,103,r64_a2_zipf_rep0,64,2,zipf,0,0.65625,0.3125,16;17,42;22,164.0319973230362
5,104,r64_a16_linear_skew_rep2,64,16,linear_skew,2,0.109375,0.4330127018922193,0;5;8;14;25;27;33;34;35;36;40;42;43;46;50;56,7;6;6;6;5;5;5;4;4;3;3;3;2;2;2;1,898.4320163726807
5,105,r32_a2_uniform_rep2,32,2,uniform,2,0.5,0.0,1;48,16;16,152.73599326610565
5,106,r64_a8_zipf_rep2,64,8,zipf,2,0.34375,0.7207851621669248,1;5;18;35;46;56;59;60,22;11;8;6;5;4;4;4,475.19999742507935
5,107,r32_a4_uniform_rep0,32,4,uniform,0,0.25,0.0,5;35;54;57,8;8;8;8,254.88001108169556
5,108,r256_a1_uniform_rep1,256,1,uniform,1,1.0,0.0,13,256,118.72000247240067
5,109,r64_a16_linear_skew_rep0,64,16,linear_skew,0,0.109375,0.4330127018922193,3;8;9;10;16;19;23;25;26;27;33;36;51;55;57;59,7;6;6;6;5;5;5;4;4;3;3;3;2;2;2;1,896.7679738998413
5,110,r64_a2_linear_skew_rep0,64,2,linear_skew,0,0.65625,0.3125,16;17,42;22,169.63200271129608
5,111,r32_a1_uniform_rep2,32,1,uniform,2,1.0,0.0,10,32,110.33599823713303
5,112,r32_a2_zipf_rep0,32,2,zipf,0,0.65625,0.3125,7;54,21;11,157.24800527095795
5,113,r256_a2_zipf_rep2,256,2,zipf,2,0.6640625,0.328125,27;45,170;86,162.11199760437012
5,114,r64_a4_zipf_rep2,64,4,zipf,2,0.46875,0.5284854539152426,11;20;46;57,30;15;11;8,265.6640112400055
5,115,r32_a16_uniform_rep2,32,16,uniform,2,0.0625,0.0,2;4;11;15;18;19;23;30;32;39;45;47;53;54;58;60,2;2;2;2;2;2;2;2;2;2;2;2;2;2;2;2,898.144006729126
5,116,r256_a4_hot50_rep0,256,4,hot50,0,0.49609375,0.5683291712335379,6;27;28;50,127;43;43;43,280.09599447250366
5,117,r32_a4_linear_skew_rep1,32,4,linear_skew,1,0.375,0.3644344934278313,22;32;37;45,12;9;7;4,255.87201118469238
5,118,r256_a8_uniform_rep1,256,8,uniform,1,0.125,0.0,17;27;29;32;33;41;54;58,32;32;32;32;32;32;32;32,514.3359899520874
5,119,r128_a4_uniform_rep1,128,4,uniform,1,0.25,0.0,5;9;41;59,32;32;32;32,281.72799944877625
5,120,r256_a1_hot50_rep0,256,1,hot50,0,1.0,0.0,62,256,113.37599903345108
5,121,r128_a8_linear_skew_rep0,128,8,linear_skew,0,0.21875,0.4810876349481454,2;4;14;17;27;37;53;57,28;24;21;18;14;11;8;4,500.8320212364197
5,122,r64_a2_linear_skew_rep1,64,2,linear_skew,1,0.65625,0.3125,4;5,42;22,170.30400037765503
5,123,r128_a4_hot50_rep1,128,4,hot50,1,0.4921875,0.5594535559365049,5;9;41;59,63;22;22;21,282.20799565315247
5,124,r64_a4_zipf_rep0,64,4,zipf,0,0.46875,0.5284854539152426,9;42;56;58,30;15;11;8,262.4639868736267
5,125,r256_a16_hot50_rep2,256,16,hot50,2,0.47265625,1.6944302139657448,1;4;5;14;19;23;25;33;35;37;42;45;52;53;57;59,121;9;9;9;9;9;9;9;9;9;9;9;9;9;9;9,903.2959938049316
5,126,r32_a16_hot50_rep1,32,16,hot50,1,0.28125,0.9354143466934853,2;10;13;18;19;24;27;28;29;42;43;45;47;48;57;59,9;2;2;2;2;2;2;2;2;1;1;1;1;1;1;1,890.0799751281738
5,127,r32_a1_hot50_rep0,32,1,hot50,0,1.0,0.0,37,32,113.40799927711487
5,128,r128_a2_hot50_rep2,128,2,hot50,2,0.5,0.0,23;32,64;64,164.0319973230362
5,129,r32_a2_uniform_rep1,32,2,uniform,1,0.5,0.0,8;20,16;16,151.36000514030457
5,130,r64_a16_uniform_rep0,64,16,uniform,0,0.0625,0.0,3;8;9;10;16;19;23;25;26;27;33;36;51;55;57;59,4;4;4;4;4;4;4;4;4;4;4;4;4;4;4;4,900.8960127830505
5,131,r256_a2_hot50_rep0,256,2,hot50,0,0.5,0.0,4;62,128;128,166.07999801635742
5,132,r32_a8_uniform_rep1,32,8,uniform,1,0.125,0.0,12;15;17;18;39;41;47;58,4;4;4;4;4;4;4;4,469.08798813819885
5,133,r128_a1_zipf_rep2,128,1,zipf,2,1.0,0.0,38,128,104.63999956846237
5,134,r128_a1_linear_skew_rep0,128,1,linear_skew,0,1.0,0.0,48,128,100.99200159311295
5,135,r64_a2_hot50_rep1,64,2,hot50,1,0.5,0.0,4;5,32;32,163.7440025806427
5,136,r128_a16_linear_skew_rep2,128,16,linear_skew,2,0.109375,0.4759858191164943,2;3;4;5;10;12;24;25;30;36;39;49;55;56;59;60,14;13;13;12;11;10;9;8;8;7;6;5;4;3;3;2,903.4559726715088
5,137,r64_a8_linear_skew_rep0,64,8,linear_skew,0,0.203125,0.42389562394532926,7;11;36;41;44;47;48;51,13;12;10;9;7;6;4;3,479.74398732185364
5,138,r64_a8_uniform_rep1,64,8,uniform,1,0.125,0.0,1;10;12;17;30;31;42;43,8;8;8;8;8;8;8;8,468.095988035202
5,139,r256_a8_zipf_rep0,256,8,zipf,0,0.359375,0.7842131307081003,0;5;10;21;27;34;36;50,92;47;32;24;19;16;14;12,503.07202339172363
5,140,r256_a4_uniform_rep1,256,4,uniform,1,0.25,0.0,36;50;54;61,64;64;64;64,282.6240062713623
5,141,r128_a1_zipf_rep1,128,1,zipf,1,1.0,0.0,48,128,103.04000228643417
5,142,r64_a1_uniform_rep0,64,1,uniform,0,1.0,0.0,39,64,111.61600053310394
5,143,r256_a8_zipf_rep1,256,8,zipf,1,0.359375,0.7842131307081003,17;27;29;32;33;41;54;58,92;47;32;24;19;16;14;12,497.95201420783997
5,144,r256_a2_linear_skew_rep0,256,2,linear_skew,0,0.6640625,0.328125,4;62,170;86,164.86400365829468
5,145,r256_a8_uniform_rep0,256,8,uniform,0,0.125,0.0,0;5;10;21;27;34;36;50,32;32;32;32;32;32;32;32,516.6079998016357
5,146,r64_a16_zipf_rep2,64,16,zipf,2,0.234375,0.8244316223920575,0;5;8;14;25;27;33;34;35;36;40;42;43;46;50;56,15;8;6;5;4;3;3;3;3;2;2;2;2;2;2;2,897.4720239639282
5,147,r32_a1_zipf_rep0,32,1,zipf,0,1.0,0.0,37,32,111.58400028944016
5,148,r32_a2_hot50_rep0,32,2,hot50,0,0.5,0.0,7;54,16;16,151.39199793338776
5,149,r32_a1_linear_skew_rep2,32,1,linear_skew,2,1.0,0.0,10,32,106.81600123643875
5,150,r64_a2_hot50_rep2,64,2,hot50,2,0.5,0.0,45;50,32;32,167.10400581359863
5,151,r32_a1_hot50_rep1,32,1,hot50,1,1.0,0.0,45,32,105.27999699115753
5,152,r128_a1_hot50_rep2,128,1,hot50,2,1.0,0.0,38,128,100.67199915647507
5,153,r64_a16_hot50_rep2,64,16,hot50,2,0.390625,1.3607213160673275,0;5;8;14;25;27;33;34;35;36;40;42;43;46;50;56,25;3;3;3;3;3;3;3;3;3;2;2;2;2;2;2,904.4479727745056
5,154,r128_a8_hot50_rep2,128,8,hot50,2,0.4765625,1.0634187204483472,0;6;9;12;25;45;56;60,61;10;10;10;10;9;9;9,479.99998927116394
5,155,r256_a8_linear_skew_rep0,256,8,linear_skew,0,0.21875,0.4876402041977261,0;5;10;21;27;34;36;50,56;49;42;35;29;22;15;8,511.6159915924072
5,156,r256_a1_uniform_rep0,256,1,uniform,0,1.0,0.0,62,256,111.90400272607803
5,157,r32_a16_linear_skew_rep1,32,16,linear_skew,1,0.09375,0.3535533905932738,2;10;13;18;19;24;27;28;29;42;43;45;47;48;57;59,3;3;3;3;2;2;2;2;2;2;2;2;1;1;1;1,899.5839953422546
5,158,r64_a2_zipf_rep1,64,2,zipf,1,0.65625,0.3125,4;5,42;22,165.69599509239197
5,159,r64_a1_linear_skew_rep0,64,1,linear_skew,0,1.0,0.0,39,64,108.19199681282043
5,160,r256_a2_linear_skew_rep2,256,2,linear_skew,2,0.6640625,0.328125,27;45,170;86,160.5760008096695
5,161,r128_a1_hot50_rep0,128,1,hot50,0,1.0,0.0,48,128,101.82400047779083
5,162,r32_a1_zipf_rep2,32,1,zipf,2,1.0,0.0,10,32,107.19999670982361
5,163,r32_a8_zipf_rep0,32,8,zipf,0,0.3125,0.6123724356957945,2;11;19;21;22;41;43;52,10;5;4;3;3;3;2;2,476.8640100955963
5,164,r128_a2_linear_skew_rep1,128,2,linear_skew,1,0.6640625,0.328125,38;42,85;43,159.07199680805206
5,165,r32_a16_zipf_rep0,32,16,zipf,0,0.1875,0.6123724356957945,3;4;5;7;8;9;15;19;21;23;25;30;36;38;45;62,6;3;3;2;2;2;2;2;2;2;1;1;1;1;1;1,896.6400027275085
5,166,r32_a16_hot50_rep0,32,16,hot50,0,0.28125,0.9354143466934853,3;4;5;7;8;9;15;19;21;23;25;30;36;38;45;62,9;2;2;2;2;2;2;2;2;1;1;1;1;1;1;1,881.5680146217346
5,167,r256_a8_hot50_rep0,256,8,hot50,0,0.48828125,1.0985386244347533,0;5;10;21;27;34;36;50,125;19;19;19;19;19;18;18,519.3279981613159
5,168,r256_a1_linear_skew_rep0,256,1,linear_skew,0,1.0,0.0,62,256,112.38399893045425
5,169,r128_a8_uniform_rep0,128,8,uniform,0,0.125,0.0,2;4;14;17;27;37;53;57,16;16;16;16;16;16;16;16,471.807986497879
5,170,r64_a4_uniform_rep1,64,4,uniform,1,0.25,0.0,8;9;28;49,16;16;16;16,257.02399015426636
5,171,r32_a1_zipf_rep1,32,1,zipf,1,1.0,0.0,45,32,109.15199667215347
5,172,r256_a16_uniform_rep2,256,16,uniform,2,0.0625,0.0,1;4;5;14;19;23;25;33;35;37;42;45;52;53;57;59,16;16;16;16;16;16;16;16;16;16;16;16;16;16;16;16,898.7200260162354
5,173,r128_a4_hot50_rep0,128,4,hot50,0,0.4921875,0.5594535559365049,37;40;48;52,63;22;22;21,291.456013917923
5,174,r64_a16_linear_skew_rep1,64,16,linear_skew,1,0.109375,0.4330127018922193,15;18;20;28;29;31;35;36;39;44;45;50;52;53;54;59,7;6;6;6;5;5;5;4;4;3;3;3;2;2;2;1,898.4000086784363
5,175,r128_a2_hot50_rep0,128,2,hot50,0,0.5,0.0,9;32,64;64,165.3439998626709
5,176,r32_a8_linear_skew_rep0,32,8,linear_skew,0,0.1875,0.375,2;11;19;21;22;41;43;52,6;6;5;4;4;3;2;2,468.2239890098572
5,177,r256_a1_zipf_rep1,256,1,zipf,1,1.0,0.0,13,256,111.07199639081955
5,178,r256_a16_hot50_rep0,256,16,hot50,0,0.47265625,1.6944302139657448,0;1;3;11;12;15;17;18;22;35;42;47;50;57;58;59,121;9;9;9;9;9;9;9;9;9;9;9;9;9;9;9,900.5439877510071
5,179,r128_a2_linear_skew_rep2,128,2,linear_skew,2,0.6640625,0.328125,23;32,85;43,162.01600432395935
5,180,r64_a8_zipf_rep0,64,8,zipf,0,0.34375,0.7207851621669248,7;11;36;41;44;47;48;51,22;11;8;6;5;4;4;4,479.42399978637695
5,181,r256_a8_uniform_rep2,256,8,uniform,2,0.125,0.0,19;23;28;37;55;57;58;60,32;32;32;32;32;32;32;32,516.319990158081
5,182,r128_a16_hot50_rep2,128,16,hot50,2,0.4453125,1.5823736126465204,2;3;4;5;10;12;24;25;30;36;39;49;55;56;59;60,57;5;5;5;5;5;5;5;5;5;5;5;4;4;4;4,914.7199988365173
5,183,r64_a4_uniform_rep2,64,4,uniform,2,0.25,0.0,11;20;46;57,16;16;16;16,259.71201062202454
5,184,r128_a16_uniform_rep0,128,16,uniform,0,0.0625,0.0,11;12;13;17;18;22;24;33;41;43;47;50;57;60;62;63,8;8;8;8;8;8;8;8;8;8;8;8;8;8;8;8,895.1039910316467
5,185,r64_a8_linear_skew_rep1,64,8,linear_skew,1,0.203125,0.42389562394532926,1;10;12;17;30;31;42;43,13;12;10;9;7;6;4;3,476.4159917831421
5,186,r32_a16_linear_skew_rep2,32,16,linear_skew,2,0.09375,0.3535533905932738,2;4;11;15;18;19;23;30;32;39;45;47;53;54;58;60,3;3;3;3;2;2;2;2;2;2;2;2;1;1;1;1,892.192006111145
5,187,r128_a8_uniform_rep1,128,8,uniform,1,0.125,0.0,5;19;32;34;38;49;54;55,16;16;16;16;16;16;16;16,474.2079973220825
5,188,r256_a2_zipf_rep1,256,2,zipf,1,0.6640625,0.328125,1;5,170;86,163.55200111865997
5,189,r64_a16_zipf_rep0,64,16,zipf,0,0.234375,0.8244316223920575,3;8;9;10;16;19;23;25;26;27;33;36;51;55;57;59,15;8;6;5;4;3;3;3;3;2;2;2;2;2;2;2,901.9200205802917
5,190,r32_a2_hot50_rep2,32,2,hot50,2,0.5,0.0,1;48,16;16,151.58399939537048
5,191,r256_a2_uniform_rep0,256,2,uniform,0,0.5,0.0,4;62,128;128,151.74399316310883
5,192,r256_a4_linear_skew_rep2,256,4,linear_skew,2,0.3984375,0.44373349441134147,0;22;24;46,102;77;51;26,269.8880136013031
5,193,r32_a8_uniform_rep0,32,8,uniform,0,0.125,0.0,2;11;19;21;22;41;43;52,4;4;4;4;4;4;4;4,564.1599893569946
5,194,r128_a4_linear_skew_rep0,128,4,linear_skew,0,0.3984375,0.44028133761266786,37;40;48;52,51;38;26;13,341.8560028076172
5,195,r128_a1_zipf_rep0,128,1,zipf,0,1.0,0.0,48,128,132.1280002593994
5,196,r256_a4_zipf_rep0,256,4,zipf,0,0.4765625,0.551653232622179,6;27;28;50,122;62;41;31,339.6480083465576
5,197,r64_a16_uniform_rep1,64,16,uniform,1,0.0625,0.0,15;18;20;28;29;31;35;36;39;44;45;50;52;53;54;59,4;4;4;4;4;4;4;4;4;4;4;4;4;4;4;4,1143.7439918518066
5,198,r128_a4_uniform_rep0,128,4,uniform,0,0.25,0.0,37;40;48;52,32;32;32;32,347.104012966156
5,199,r128_a16_uniform_rep1,128,16,uniform,1,0.0625,0.0,3;6;12;15;21;27;30;33;40;42;45;46;48;52;60;62,8;8;8;8;8;8;8;8;8;8;8;8;8;8;8;8,1123.039960861206
5,200,r128_a4_zipf_rep0,128,4,zipf,0,0.46875,0.5326268921581034,37;40;48;52,60;31;21;16,341.63200855255127
5,201,r32_a1_hot50_rep2,32,1,hot50,2,1.0,0.0,10,32,134.46399569511414
5,202,r256_a1_hot50_rep1,256,1,hot50,1,1.0,0.0,13,256,134.33599472045898
5,203,r64_a1_hot50_rep1,64,1,hot50,1,1.0,0.0,24,64,129.4720023870468
5,204,r64_a1_zipf_rep2,64,1,zipf,2,1.0,0.0,58,64,129.56799566745758
5,205,r256_a16_zipf_rep2,256,16,zipf,2,0.28125,1.0404419884116558,1;4;5;14;19;23;25;33;35;37;42;45;52;53;57;59,72;37;25;19;15;13;11;10;9;8;7;7;6;6;6;5,1175.935983657837
5,206,r32_a2_zipf_rep1,32,2,zipf,1,0.65625,0.3125,8;20,21;11,195.5839991569519
5,207,r128_a4_uniform_rep2,128,4,uniform,2,0.25,0.0,0;11;15;55,32;32;32;32,347.23201394081116
5,208,r256_a16_linear_skew_rep2,256,16,linear_skew,2,0.11328125,0.5019493251315316,1;4;5;14;19;23;25;33;35;37;42;45;52;53;57;59,29;27;26;24;22;20;19;17;15;13;12;10;8;6;5;3,1178.7840127944946
5,209,r128_a8_hot50_rep0,128,8,hot50,0,0.4765625,1.0634187204483472,2;4;14;17;27;37;53;57,61;10;10;10;10;9;9;9,595.0080156326294
5,210,r128_a8_zipf_rep1,128,8,zipf,1,0.3515625,0.7551903733496608,5;19;32;34;38;49;54;55,45;23;16;12;10;8;7;7,574.6240019798279
5,211,r128_a8_hot50_rep1,128,8,hot50,1,0.4765625,1.0634187204483472,5;19;32;34;38;49;54;55,61;10;10;10;10;9;9;9,474.4639992713928
5,212,r32_a8_uniform_rep2,32,8,uniform,2,0.125,0.0,4;10;18;29;34;60;61;63,4;4;4;4;4;4;4;4,501.8560290336609
5,213,r256_a8_hot50_rep2,256,8,hot50,2,0.48828125,1.0985386244347533,19;23;28;37;55;57;58;60,125;19;19;19;19;19;18;18,510.49602031707764
5,214,r128_a2_zipf_rep0,128,2,zipf,0,0.6640625,0.328125,9;32,85;43,156.76799416542053
5,215,r64_a8_linear_skew_rep2,64,8,linear_skew,2,0.203125,0.42389562394532926,1;5;18;35;46;56;59;60,13;12;10;9;7;6;4;3,473.6959934234619
5,216,r32_a1_uniform_rep0,32,1,uniform,0,1.0,0.0,37,32,112.03200370073318
5,217,r128_a8_zipf_rep0,128,8,zipf,0,0.3515625,0.7551903733496608,2;4;14;17;27;37;53;57,45;23;16;12;10;8;7;7,488.5439872741699
5,218,r32_a16_zipf_rep2,32,16,zipf,2,0.1875,0.6123724356957945,2;4;11;15;18;19;23;30;32;39;45;47;53;54;58;60,6;3;3;2;2;2;2;2;2;2;1;1;1;1;1;1,893.3759927749634
5,219,r32_a4_hot50_rep1,32,4,hot50,1,0.46875,0.5077524002897476,22;32;37;45,15;6;6;5,257.31199979782104
5,220,r64_a8_hot50_rep0,64,8,hot50,0,0.453125,0.9921567416492215,7;11;36;41;44;47;48;51,29;5;5;5;5;5;5;5,479.36001420021057
5,221,r32_a4_uniform_rep2,32,4,uniform,2,0.25,0.0,10;17;31;45,8;8;8;8,272.70400524139404
5,222,r256_a2_zipf_rep0,256,2,zipf,0,0.6640625,0.328125,4;62,170;86,162.4639928340912
5,223,r64_a4_hot50_rep2,64,4,hot50,2,0.484375,0.5412658773652742,11;20;46;57,31;11;11;11,263.42400908470154
5,224,r64_a16_hot50_rep1,64,16,hot50,1,0.390625,1.3607213160673275,15;18;20;28;29;31;35;36;39;44;45;50;52;53;54;59,25;3;3;3;3;3;3;3;3;3;2;2;2;2;2;2,898.0159759521484
5,225,r256_a8_linear_skew_rep1,256,8,linear_skew,1,0.21875,0.4876402041977261,17;27;29;32;33;41;54;58,56;49;42;35;29;22;15;8,504.67199087142944
5,226,r32_a1_linear_skew_rep1,32,1,linear_skew,1,1.0,0.0,45,32,110.23999750614166
5,227,r128_a1_uniform_rep2,128,1,uniform,2,1.0,0.0,38,128,101.21600329875946
5,228,r64_a1_linear_skew_rep2,64,1,linear_skew,2,1.0,0.0,58,64,106.55999928712845
5,229,r128_a4_linear_skew_rep1,128,4,linear_skew,1,0.3984375,0.44028133761266786,5;9;41;59,51;38;26;13,275.90399980545044
5,230,r256_a4_linear_skew_rep0,256,4,linear_skew,0,0.3984375,0.44373349441134147,6;27;28;50,102;77;51;26,272.15999364852905
5,231,r256_a1_zipf_rep2,256,1,zipf,2,1.0,0.0,34,256,109.82400178909302
5,232,r128_a16_zipf_rep0,128,16,zipf,0,0.265625,0.967236721283885,11;12;13;17;18;22;24;33;41;43;47;50;57;60;62;63,34;18;12;9;8;6;6;5;5;4;4;4;4;3;3;3,929.6000003814697
5,233,r256_a16_zipf_rep1,256,16,zipf,1,0.28125,1.0404419884116558,7;16;19;20;21;25;27;34;35;36;40;47;56;57;60;63,72;37;25;19;15;13;11;10;9;8;7;7;6;6;6;5,923.4880208969116
5,234,r128_a4_hot50_rep2,128,4,hot50,2,0.4921875,0.5594535559365049,0;11;15;55,63;22;22;21,284.5759987831116
5,235,r256_a2_uniform_rep1,256,2,uniform,1,0.5,0.0,1;5,128;128,152.319997549057
5,236,r256_a2_linear_skew_rep1,256,2,linear_skew,1,0.6640625,0.328125,1;5,170;86,159.55199301242828
5,237,r32_a1_uniform_rep1,32,1,uniform,1,1.0,0.0,45,32,108.35199803113937
5,238,r32_a8_hot50_rep0,32,8,hot50,0,0.40625,0.8569568250501305,2;11;19;21;22;41;43;52,13;3;3;3;3;3;2;2,469.92000937461853
5,239,r256_a4_hot50_rep2,256,4,hot50,2,0.49609375,0.5683291712335379,0;22;24;46,127;43;43;43,277.98399329185486
6,0,r128_a4_uniform_rep2,128,4,uniform,2,0.25,0.0,0;11;15;55,32;32;32;32,289.5039916038513
6,1,r32_a8_hot50_rep2,32,8,hot50,2,0.40625,0.8569568250501305,4;10;18;29;34;60;61;63,13;3;3;3;3;3;2;2,471.52000665664673
6,2,r128_a1_uniform_rep2,128,1,uniform,2,1.0,0.0,38,128,102.39999741315842
6,3,r32_a2_linear_skew_rep1,32,2,linear_skew,1,0.65625,0.3125,8;20,21;11,157.9200029373169
6,4,r64_a2_uniform_rep0,64,2,uniform,0,0.5,0.0,16;17,32;32,168.7999963760376
6,5,r256_a16_uniform_rep0,256,16,uniform,0,0.0625,0.0,0;1;3;11;12;15;17;18;22;35;42;47;50;57;58;59,16;16;16;16;16;16;16;16;16;16;16;16;16;16;16;16,892.799973487854
6,6,r256_a4_linear_skew_rep1,256,4,linear_skew,1,0.3984375,0.44373349441134147,36;50;54;61,102;77;51;26,275.64799785614014
6,7,r64_a2_linear_skew_rep2,64,2,linear_skew,2,0.65625,0.3125,45;50,42;22,162.62400150299072
6,8,r128_a4_hot50_rep0,128,4,hot50,0,0.4921875,0.5594535559365049,37;40;48;52,63;22;22;21,281.1200022697449
6,9,r32_a8_zipf_rep1,32,8,zipf,1,0.3125,0.6123724356957945,12;15;17;18;39;41;47;58,10;5;4;3;3;3;2;2,473.4399914741516
6,10,r128_a2_hot50_rep0,128,2,hot50,0,0.5,0.0,9;32,64;64,165.3120070695877
6,11,r32_a8_linear_skew_rep2,32,8,linear_skew,2,0.1875,0.375,4;10;18;29;34;60;61;63,6;6;5;4;4;3;2;2,470.43201327323914
6,12,r64_a1_hot50_rep0,64,1,hot50,0,1.0,0.0,39,64,109.02400314807892
6,13,r256_a4_uniform_rep2,256,4,uniform,2,0.25,0.0,0;22;24;46,64;64;64;64,281.6320061683655
6,14,r128_a16_uniform_rep1,128,16,uniform,1,0.0625,0.0,3;6;12;15;21;27;30;33;40;42;45;46;48;52;60;62,8;8;8;8;8;8;8;8;8;8;8;8;8;8;8;8,906.1440229415894
6,15,r256_a8_linear_skew_rep1,256,8,linear_skew,1,0.21875,0.4876402041977261,17;27;29;32;33;41;54;58,56;49;42;35;29;22;15;8,507.23201036453247
6,16,r32_a16_uniform_rep1,32,16,uniform,1,0.0625,0.0,2;10;13;18;19;24;27;28;29;42;43;45;47;48;57;59,2;2;2;2;2;2;2;2;2;2;2;2;2;2;2;2,892.6720023155212
6,17,r32_a4_uniform_rep2,32,4,uniform,2,0.25,0.0,10;17;31;45,8;8;8;8,257.02399015426636
6,18,r128_a2_linear_skew_rep0,128,2,linear_skew,0,0.6640625,0.328125,9;32,85;43,158.2079976797104
6,19,r64_a2_zipf_rep0,64,2,zipf,0,0.65625,0.3125,16;17,42;22,165.0879979133606
6,20,r64_a1_zipf_rep2,64,1,zipf,2,1.0,0.0,58,64,108.44799876213074
6,21,r128_a2_hot50_rep2,128,2,hot50,2,0.5,0.0,23;32,64;64,164.06400501728058
6,22,r128_a8_linear_skew_rep0,128,8,linear_skew,0,0.21875,0.4810876349481454,2;4;14;17;27;37;53;57,28;24;21;18;14;11;8;4,500.70399045944214
6,23,r256_a16_uniform_rep1,256,16,uniform,1,0.0625,0.0,7;16;19;20;21;25;27;34;35;36;40;47;56;57;60;63,16;16;16;16;16;16;16;16;16;16;16;16;16;16;16;16,912.0320081710815
6,24,r128_a1_uniform_rep0,128,1,uniform,0,1.0,0.0,48,128,103.93600165843964
6,25,r32_a16_linear_skew_rep2,32,16,linear_skew,2,0.09375,0.3535533905932738,2;4;11;15;18;19;23;30;32;39;45;47;53;54;58;60,3;3;3;3;2;2;2;2;2;2;2;2;1;1;1;1,895.6480026245117
6,26,r256_a1_hot50_rep1,256,1,hot50,1,1.0,0.0,13,256,115.1999980211258
6,27,r256_a2_uniform_rep0,256,2,uniform,0,0.5,0.0,4;62,128;128,152.8320014476776
6,28,r256_a1_zipf_rep0,256,1,zipf,0,1.0,0.0,62,256,109.40799862146378
6,29,r128_a16_uniform_rep2,128,16,uniform,2,0.0625,0.0,2;3;4;5;10;12;24;25;30;36;39;49;55;56;59;60,8;8;8;8;8;8;8;8;8;8;8;8;8;8;8;8,893.9520120620728
6,30,r64_a4_uniform_rep0,64,4,uniform,0,0.25,0.0,9;42;56;58,16;16;16;16,256.6719949245453
6,31,r128_a8_hot50_rep2,128,8,hot50,2,0.4765625,1.0634187204483472,0;6;9;12;25;45;56;60,61;10;10;10;10;9;9;9,477.02398896217346
6,32,r128_a8_linear_skew_rep1,128,8,linear_skew,1,0.21875,0.4810876349481454,5;19;32;34;38;49;54;55,28;24;21;18;14;11;8;4,497.79200553894043
6,33,r128_a8_zipf_rep0,128,8,zipf,0,0.3515625,0.7551903733496608,2;4;14;17;27;37;53;57,45;23;16;12;10;8;7;7,483.487993478775
6,34,r64_a1_zipf_rep0,64,1,zipf,0,1.0,0.0,39,64,115.39199948310852
6,35,r64_a8_uniform_rep2,64,8,uniform,2,0.125,0.0,1;5;18;35;46;56;59;60,8;8;8;8;8;8;8;8,472.6719856262207
6,36,r32_a8_linear_skew_rep0,32,8,linear_skew,0,0.1875,0.375,2;11;19;21;22;41;43;52,6;6;5;4;4;3;2;2,468.4480130672455
6,37,r256_a2_linear_skew_rep1,256,2,linear_skew,1,0.6640625,0.328125,1;5,170;86,162.6559942960739
6,38,r64_a8_zipf_rep2,64,8,zipf,2,0.34375,0.7207851621669248,1;5;18;35;46;56;59;60,22;11;8;6;5;4;4;4,476.76798701286316
6,39,r32_a4_uniform_rep1,32,4,uniform,1,0.25,0.0,22;32;37;45,8;8;8;8,253.34399938583374
6,40,r256_a4_zipf_rep2,256,4,zipf,2,0.4765625,0.551653232622179,0;22;24;46,122;62;41;31,278.56001257896423
6,41,r128_a4_hot50_rep2,128,4,hot50,2,0.4921875,0.5594535559365049,0;11;15;55,63;22;22;21,279.87200021743774
6,42,r128_a16_linear_skew_rep2,128,16,linear_skew,2,0.109375,0.4759858191164943,2;3;4;5;10;12;24;25;30;36;39;49;55;56;59;60,14;13;13;12;11;10;9;8;8;7;6;5;4;3;3;2,902.783989906311
6,43,r256_a8_zipf_rep2,256,8,zipf,2,0.359375,0.7842131307081003,19;23;28;37;55;57;58;60,92;47;32;24;19;16;14;12,502.9439926147461
6,44,r128_a8_uniform_rep1,128,8,uniform,1,0.125,0.0,5;19;32;34;38;49;54;55,16;16;16;16;16;16;16;16,471.48799896240234
6,45,r64_a1_hot50_rep1,64,1,hot50,1,1.0,0.0,24,64,109.18399691581726
6,46,r256_a8_hot50_rep1,256,8,hot50,1,0.48828125,1.0985386244347533,17;27;29;32;33;41;54;58,125;19;19;19;19;19;18;18,514.847993850708
6,47,r64_a4_zipf_rep1,64,4,zipf,1,0.46875,0.5284854539152426,8;9;28;49,30;15;11;8,265.4080092906952
6,48,r128_a2_uniform_rep2,128,2,uniform,2,0.5,0.0,23;32,64;64,163.07200491428375
6,49,r128_a16_hot50_rep1,128,16,hot50,1,0.4453125,1.5823736126465204,3;6;12;15;21;27;30;33;40;42;45;46;48;52;60;62,57;5;5;5;5;5;5;5;5;5;5;5;4;4;4;4,903.9679765701294
6,50,r256_a4_hot50_rep1,256,4,hot50,1,0.49609375,0.5683291712335379,36;50;54;61,127;43;43;43,284.0000092983246
6,51,r256_a2_linear_skew_rep2,256,2,linear_skew,2,0.6640625,0.328125,27;45,170;86,160.0639969110489
6,52,r64_a8_linear_skew_rep1,64,8,linear_skew,1,0.203125,0.42389562394532926,1;10;12;17;30;31;42;43,13;12;10;9;7;6;4;3,476.54399275779724
6,53,r64_a8_zipf_rep0,64,8,zipf,0,0.34375,0.7207851621669248,7;11;36;41;44;47;48;51,22;11;8;6;5;4;4;4,478.7200093269348
6,54,r64_a8_linear_skew_rep0,64,8,linear_skew,0,0.203125,0.42389562394532926,7;11;36;41;44;47;48;51,13;12;10;9;7;6;4;3,466.8799936771393
6,55,r32_a2_uniform_rep0,32,2,uniform,0,0.5,0.0,7;54,16;16,148.22399616241455
6,56,r32_a2_linear_skew_rep0,32,2,linear_skew,0,0.65625,0.3125,7;54,21;11,155.5519998073578
6,57,r128_a4_zipf_rep1,128,4,zipf,1,0.46875,0.5326268921581034,5;9;41;59,60;31;21;16,275.04000067710876
6,58,r32_a2_zipf_rep1,32,2,zipf,1,0.65625,0.3125,8;20,21;11,155.10399639606476
6,59,r256_a8_zipf_rep0,256,8,zipf,0,0.359375,0.7842131307081003,0;5;10;21;27;34;36;50,92;47;32;24;19;16;14;12,491.39198660850525
6,60,r128_a1_hot50_rep2,128,1,hot50,2,1.0,0.0,38,128,104.96000200510025
6,61,r256_a4_zipf_rep0,256,4,zipf,0,0.4765625,0.551653232622179,6;27;28;50,122;62;41;31,278.75199913978577
6,62,r32_a2_linear_skew_rep2,32,2,linear_skew,2,0.65625,0.3125,1;48,21;11,156.99200332164764
6,63,r256_a16_linear_skew_rep1,256,16,linear_skew,1,0.11328125,0.5019493251315316,7;16;19;20;21;25;27;34;35;36;40;47;56;57;60;63,29;27;26;24;22;20;19;17;15;13;12;10;8;6;5;3,966.4000272750854
6,64,r128_a8_hot50_rep0,128,8,hot50,0,0.4765625,1.0634187204483472,2;4;14;17;27;37;53;57,61;10;10;10;10;9;9;9,481.7599952220917
6,65,r32_a1_hot50_rep0,32,1,hot50,0,1.0,0.0,37,32,110.07999628782272
6,66,r32_a4_uniform_rep0,32,4,uniform,0,0.25,0.0,5;35;54;57,8;8;8;8,256.79999589920044
6,67,r64_a8_hot50_rep2,64,8,hot50,2,0.453125,0.9921567416492215,1;5;18;35;46;56;59;60,29;5;5;5;5;5;5;5,473.7600088119507
6,68,r256_a8_hot50_rep0,256,8,hot50,0,0.48828125,1.0985386244347533,0;5;10;21;27;34;36;50,125;19;19;19;19;19;18;18,508.92800092697144
6,69,r32_a1_zipf_rep2,32,1,zipf,2,1.0,0.0,10,32,109.47199910879135
6,70,r256_a16_hot50_rep0,256,16,hot50,0,0.47265625,1.6944302139657448,0;1;3;11;12;15;17;18;22;35;42;47;50;57;58;59,121;9;9;9;9;9;9;9;9;9;9;9;9;9;9;9,898.751974105835
6,71,r256_a16_hot50_rep2,256,16,hot50,2,0.47265625,1.6944302139657448,1;4;5;14;19;23;25;33;35;37;42;45;52;53;57;59,121;9;9;9;9;9;9;9;9;9;9;9;9;9;9;9,897.1840143203735
6,72,r64_a16_uniform_rep1,64,16,uniform,1,0.0625,0.0,15;18;20;28;29;31;35;36;39;44;45;50;52;53;54;59,4;4;4;4;4;4;4;4;4;4;4;4;4;4;4;4,903.1999707221985
6,73,r256_a16_zipf_rep0,256,16,zipf,0,0.28125,1.0404419884116558,0;1;3;11;12;15;17;18;22;35;42;47;50;57;58;59,72;37;25;19;15;13;11;10;9;8;7;7;6;6;6;5,921.504020690918
6,74,r32_a8_zipf_rep2,32,8,zipf,2,0.3125,0.6123724356957945,4;10;18;29;34;60;61;63,10;5;4;3;3;3;2;2,473.1200039386749
6,75,r64_a1_zipf_rep1,64,1,zipf,1,1.0,0.0,24,64,116.22399836778641
6,76,r256_a2_linear_skew_rep0,256,2,linear_skew,0,0.6640625,0.328125,4;62,170;86,162.23999857902527
6,77,r32_a8_uniform_rep0,32,8,uniform,0,0.125,0.0,2;11;19;21;22;41;43;52,4;4;4;4;4;4;4;4,472.8640019893646
6,78,r256_a2_hot50_rep2,256,2,hot50,2,0.5,0.0,27;45,128;128,150.78400075435638
6,79,r128_a1_zipf_rep2,128,1,zipf,2,1.0,0.0,38,128,101.24800354242325
6,80,r128_a16_hot50_rep2,128,16,hot50,2,0.4453125,1.5823736126465204,2;3;4;5;10;12;24;25;30;36;39;49;55;56;59;60,57;5;5;5;5;5;5;5;5;5;5;5;4;4;4;4,907.9679846763611
6,81,r128_a1_hot50_rep1,128,1,hot50,1,1.0,0.0,48,128,102.52799838781357
6,82,r32_a8_hot50_rep0,32,8,hot50,0,0.40625,0.8569568250501305,2;11;19;21;22;41;43;52,13;3;3;3;3;3;2;2,473.6959934234619
6,83,r128_a8_zipf_rep2,128,8,zipf,2,0.3515625,0.7551903733496608,0;6;9;12;25;45;56;60,45;23;16;12;10;8;7;7,484.25599932670593
6,84,r32_a2_zipf_rep2,32,2,zipf,2,0.65625,0.3125,1;48,21;11,158.78400206565857
6,85,r128_a2_linear_skew_rep2,128,2,linear_skew,2,0.6640625,0.328125,23;32,85;43,157.60000050067902
6,86,r256_a1_uniform_rep2,256,1,uniform,2,1.0,0.0,34,256,111.96800321340561
6,87,r32_a16_zipf_rep2,32,16,zipf,2,0.1875,0.6123724356957945,2;4;11;15;18;19;23;30;32;39;45;47;53;54;58;60,6;3;3;2;2;2;2;2;2;2;1;1;1;1;1;1,895.8079814910889
6,88,r256_a1_uniform_rep0,256,1,uniform,0,1.0,0.0,62,256,110.55999994277954
6,89,r64_a16_zipf_rep2,64,16,zipf,2,0.234375,0.8244316223920575,0;5;8;14;25;27;33;34;35;36;40;42;43;46;50;56,15;8;6;5;4;3;3;3;3;2;2;2;2;2;2;2,902.6880264282227
6,90,r64_a1_hot50_rep2,64,1,hot50,2,1.0,0.0,58,64,108.96000266075134
6,91,r32_a16_linear_skew_rep0,32,16,linear_skew,0,0.09375,0.3535533905932738,3;4;5;7;8;9;15;19;21;23;25;30;36;38;45;62,3;3;3;3;2;2;2;2;2;2;2;2;1;1;1;1,886.9760036468506
6,92,r128_a4_linear_skew_rep2,128,4,linear_skew,2,0.3984375,0.44028133761266786,0;11;15;55,51;38;26;13,282.6240062713623
6,93,r64_a16_uniform_rep2,64,16,uniform,2,0.0625,0.0,0;5;8;14;25;27;33;34;35;36;40;42;43;46;50;56,4;4;4;4;4;4;4;4;4;4;4;4;4;4;4;4,897.6640105247498
6,94,r32_a1_zipf_rep1,32,1,zipf,1,1.0,0.0,45,32,109.6000000834465
6,95,r64_a1_linear_skew_rep2,64,1,linear_skew,2,1.0,0.0,58,64,106.84800148010254
6,96,r32_a8_uniform_rep2,32,8,uniform,2,0.125,0.0,4;10;18;29;34;60;61;63,4;4;4;4;4;4;4;4,466.68800711631775
6,97,r64_a2_zipf_rep2,64,2,zipf,2,0.65625,0.3125,45;50,42;22,163.96799683570862
6,98,r64_a16_linear_skew_rep1,64,16,linear_skew,1,0.109375,0.4330127018922193,15;18;20;28;29;31;35;36;39;44;45;50;52;53;54;59,7;6;6;6;5;5;5;4;4;3;3;3;2;2;2;1,912.2560024261475
6,99,r256_a8_linear_skew_rep2,256,8,linear_skew,2,0.21875,0.4876402041977261,19;23;28;37;55;57;58;60,56;49;42;35;29;22;15;8,509.5040202140808
6,100,r128_a2_zipf_rep0,128,2,zipf,0,0.6640625,0.328125,9;32,85;43,160.44799983501434
6,101,r128_a16_zipf_rep1,128,16,zipf,1,0.265625,0.967236721283885,3;6;12;15;21;27;30;33;40;42;45;46;48;52;60;62,34;18;12;9;8;6;6;5;5;4;4;4;4;3;3;3,909.1200232505798
6,102,r32_a1_uniform_rep0,32,1,uniform,0,1.0,0.0,37,32,111.84000223875046
6,103,r256_a1_linear_skew_rep1,256,1,linear_skew,1,1.0,0.0,13,256,113.02399635314941
6,104,r64_a2_hot50_rep2,64,2,hot50,2,0.5,0.0,45;50,32;32,164.06400501728058
6,105,r256_a4_linear_skew_rep2,256,4,linear_skew,2,0.3984375,0.44373349441134147,0;22;24;46,102;77;51;26,272.7360129356384
6,106,r64_a16_hot50_rep0,64,16,hot50,0,0.390625,1.3607213160673275,3;8;9;10;16;19;23;25;26;27;33;36;51;55;57;59,25;3;3;3;3;3;3;3;3;3;2;2;2;2;2;2,905.5359959602356
6,107,r32_a16_uniform_rep2,32,16,uniform,2,0.0625,0.0,2;4;11;15;18;19;23;30;32;39;45;47;53;54;58;60,2;2;2;2;2;2;2;2;2;2;2;2;2;2;2;2,906.3680171966553
6,108,r32_a1_linear_skew_rep0,32,1,linear_skew,0,1.0,0.0,37,32,113.3119985461235
6,109,r256_a1_zipf_rep1,256,1,zipf,1,1.0,0.0,13,256,109.72800105810165
6,110,r32_a1_linear_skew_rep2,32,1,linear_skew,2,1.0,0.0,10,32,107.19999670982361
6,111,r64_a2_hot50_rep0,64,2,hot50,0,0.5,0.0,16;17,32;32,164.67200219631195
6,112,r128_a4_linear_skew_rep0,128,4,linear_skew,0,0.3984375,0.44028133761266786,37;40;48;52,51;38;26;13,279.61599826812744
6,113,r256_a2_hot50_rep1,256,2,hot50,1,0.5,0.0,1;5,128;128,154.55999970436096
6,114,r256_a4_zipf_rep1,256,4,zipf,1,0.4765625,0.551653232622179,36;50;54;61,122;62;41;31,277.98399329185486
6,115,r32_a16_hot50_rep1,32,16,hot50,1,0.28125,0.9354143466934853,2;10;13;18;19;24;27;28;29;42;43;45;47;48;57;59,9;2;2;2;2;2;2;2;2;1;1;1;1;1;1;1,887.4880075454712
6,116,r32_a4_zipf_rep1,32,4,zipf,1,0.4375,0.46770717334674267,22;32;37;45,14;8;6;4,260.70401072502136
6,117,r128_a4_hot50_rep1,128,4,hot50,1,0.4921875,0.5594535559365049,5;9;41;59,63;22;22;21,284.9920094013214
6,118,r32_a2_uniform_rep1,32,2,uniform,1,0.5,0.0,8;20,16;16,153.43999862670898
6,119,r256_a2_uniform_rep1,256,2,uniform,1,0.5,0.0,1;5,128;128,150.04800260066986
6,120,r64_a2_linear_skew_rep1,64,2,linear_skew,1,0.65625,0.3125,4;5,42;22,164.63999450206757
6,121,r256_a16_linear_skew_rep0,256,16,linear_skew,0,0.11328125,0.5019493251315316,0;1;3;11;12;15;17;18;22;35;42;47;50;57;58;59,29;27;26;24;22;20;19;17;15;13;12;10;8;6;5;3,967.5520062446594
6,122,r256_a4_uniform_rep0,256,4,uniform,0,0.25,0.0,6;27;28;50,64;64;64;64,283.9359939098358
6,123,r128_a2_uniform_rep0,128,2,uniform,0,0.5,0.0,9;32,64;64,164.5440012216568
6,124,r32_a4_hot50_rep2,32,4,hot50,2,0.46875,0.5077524002897476,10;17;31;45,15;6;6;5,260.3839933872223
6,125,r256_a1_zipf_rep2,256,1,zipf,2,1.0,0.0,34,256,114.78400230407715
6,126,r128_a8_uniform_rep0,128,8,uniform,0,0.125,0.0,2;4;14;17;27;37;53;57,16;16;16;16;16;16;16;16,476.6719937324524
6,127,r32_a8_zipf_rep0,32,8,zipf,0,0.3125,0.6123724356957945,2;11;19;21;22;41;43;52,10;5;4;3;3;3;2;2,479.2639911174774
6,128,r256_a2_zipf_rep1,256,2,zipf,1,0.6640625,0.328125,1;5,170;86,164.06400501728058
6,129,r128_a2_zipf_rep1,128,2,zipf,1,0.6640625,0.328125,38;42,85;43,161.6639941930771
6,130,r64_a16_linear_skew_rep2,64,16,linear_skew,2,0.109375,0.4330127018922193,0;5;8;14;25;27;33;34;35;36;40;42;43;46;50;56,7;6;6;6;5;5;5;4;4;3;3;3;2;2;2;1,912.7680063247681
6,131,r64_a16_hot50_rep1,64,16,hot50,1,0.390625,1.3607213160673275,15;18;20;28;29;31;35;36;39;44;45;50;52;53;54;59,25;3;3;3;3;3;3;3;3;3;2;2;2;2;2;2,913.1199717521667
6,132,r32_a1_hot50_rep2,32,1,hot50,2,1.0,0.0,10,32,112.41599917411804
6,133,r32_a2_uniform_rep2,32,2,uniform,2,0.5,0.0,1;48,16;16,151.07199549674988
6,134,r32_a16_hot50_rep0,32,16,hot50,0,0.28125,0.9354143466934853,3;4;5;7;8;9;15;19;21;23;25;30;36;38;45;62,9;2;2;2;2;2;2;2;2;1;1;1;1;1;1;1,895.7759737968445
6,135,r64_a16_zipf_rep0,64,16,zipf,0,0.234375,0.8244316223920575,3;8;9;10;16;19;23;25;26;27;33;36;51;55;57;59,15;8;6;5;4;3;3;3;3;2;2;2;2;2;2;2,898.0479836463928
6,136,r256_a1_linear_skew_rep0,256,1,linear_skew,0,1.0,0.0,62,256,113.82400244474411
6,137,r256_a2_hot50_rep0,256,2,hot50,0,0.5,0.0,4;62,128;128,153.34400534629822
6,138,r256_a16_zipf_rep2,256,16,zipf,2,0.28125,1.0404419884116558,1;4;5;14;19;23;25;33;35;37;42;45;52;53;57;59,72;37;25;19;15;13;11;10;9;8;7;7;6;6;6;5,945.8879828453064
6,139,r64_a4_uniform_rep2,64,4,uniform,2,0.25,0.0,11;20;46;57,16;16;16;16,262.4320089817047
6,140,r64_a16_hot50_rep2,64,16,hot50,2,0.390625,1.3607213160673275,0;5;8;14;25;27;33;34;35;36;40;42;43;46;50;56,25;3;3;3;3;3;3;3;3;3;2;2;2;2;2;2,917.0240163803101
6,141,r64_a8_linear_skew_rep2,64,8,linear_skew,2,0.203125,0.42389562394532926,1;5;18;35;46;56;59;60,13;12;10;9;7;6;4;3,479.36001420021057
6,142,r128_a4_uniform_rep0,128,4,uniform,0,0.25,0.0,37;40;48;52,32;32;32;32,284.5439910888672
6,143,r256_a8_hot50_rep2,256,8,hot50,2,0.48828125,1.0985386244347533,19;23;28;37;55;57;58;60,125;19;19;19;19;19;18;18,515.5199766159058
6,144,r64_a4_hot50_rep1,64,4,hot50,1,0.484375,0.5412658773652742,8;9;28;49,31;11;11;11,269.6000039577484
6,145,r32_a1_uniform_rep2,32,1,uniform,2,1.0,0.0,10,32,114.84800279140472
6,146,r64_a4_zipf_rep2,64,4,zipf,2,0.46875,0.5284854539152426,11;20;46;57,30;15;11;8,270.59200406074524
6,147,r32_a1_hot50_rep1,32,1,hot50,1,1.0,0.0,45,32,112.76800185441971
6,148,r128_a1_linear_skew_rep0,128,1,linear_skew,0,1.0,0.0,48,128,109.37599837779999
6,149,r256_a8_linear_skew_rep0,256,8,linear_skew,0,0.21875,0.4876402041977261,0;5;10;21;27;34;36;50,56;49;42;35;29;22;15;8,515.2320265769958
6,150,r128_a1_zipf_rep0,128,1,zipf,0,1.0,0.0,48,128,104.73600029945374
6,151,r256_a8_uniform_rep0,256,8,uniform,0,0.125,0.0,0;5;10;21;27;34;36;50,32;32;32;32;32;32;32;32,518.8159942626953
6,152,r64_a8_uniform_rep1,64,8,uniform,1,0.125,0.0,1;10;12;17;30;31;42;43,8;8;8;8;8;8;8;8,469.760000705719
6,153,r128_a4_linear_skew_rep1,128,4,linear_skew,1,0.3984375,0.44028133761266786,5;9;41;59,51;38;26;13,278.4639894962311
6,154,r256_a8_uniform_rep2,256,8,uniform,2,0.125,0.0,19;23;28;37;55;57;58;60,32;32;32;32;32;32;32;32,515.5199766159058
6,155,r128_a16_hot50_rep0,128,16,hot50,0,0.4453125,1.5823736126465204,11;12;13;17;18;22;24;33;41;43;47;50;57;60;62;63,57;5;5;5;5;5;5;5;5;5;5;5;4;4;4;4,906.9759845733643
6,156,r32_a4_zipf_rep0,32,4,zipf,0,0.4375,0.46770717334674267,5;35;54;57,14;8;6;4,257.7599883079529
6,157,r128_a8_hot50_rep1,128,8,hot50,1,0.4765625,1.0634187204483472,5;19;32;34;38;49;54;55,61;10;10;10;10;9;9;9,490.1759922504425
6,158,r128_a1_linear_skew_rep1,128,1,linear_skew,1,1.0,0.0,48,128,104.41599786281586
6,159,r32_a4_linear_skew_rep2,32,4,linear_skew,2,0.375,0.3644344934278313,10;17;31;45,12;9;7;4,256.99201226234436
6,160,r64_a1_uniform_rep0,64,1,uniform,0,1.0,0.0,39,64,108.67200046777725
6,161,r64_a4_zipf_rep0,64,4,zipf,0,0.46875,0.5284854539152426,9;42;56;58,30;15;11;8,264.3519937992096
6,162,r128_a4_zipf_rep2,128,4,zipf,2,0.46875,0.5326268921581034,0;11;15;55,60;31;21;16,274.0800082683563
6,163,r128_a2_zipf_rep2,128,2,zipf,2,0.6640625,0.328125,23;32,85;43,156.00000321865082
6,164,r32_a4_hot50_rep0,32,4,hot50,0,0.46875,0.5077524002897476,5;35;54;57,15;6;6;5,255.64798712730408
6,165,r256_a16_linear_skew_rep2,256,16,linear_skew,2,0.11328125,0.5019493251315316,1;4;5;14;19;23;25;33;35;37;42;45;52;53;57;59,29;27;26;24;22;20;19;17;15;13;12;10;8;6;5;3,954.8159837722778
6,166,r64_a8_uniform_rep0,64,8,uniform,0,0.125,0.0,7;11;36;41;44;47;48;51,8;8;8;8;8;8;8;8,475.71200132369995
6,167,r32_a4_linear_skew_rep0,32,4,linear_skew,0,0.375,0.3644344934278313,5;35;54;57,12;9;7;4,257.24801421165466
6,168,r64_a16_uniform_rep0,64,16,uniform,0,0.0625,0.0,3;8;9;10;16;19;23;25;26;27;33;36;51;55;57;59,4;4;4;4;4;4;4;4;4;4;4;4;4;4;4;4,911.7119908332825
6,169,r256_a4_hot50_rep2,256,4,hot50,2,0.49609375,0.5683291712335379,0;22;24;46,127;43;43;43,279.7119915485382
6,170,r128_a2_uniform_rep1,128,2,uniform,1,0.5,0.0,38;42,64;64,161.53599321842194
6,171,r128_a16_zipf_rep2,128,16,zipf,2,0.265625,0.967236721283885,2;3;4;5;10;12;24;25;30;36;39;49;55;56;59;60,34;18;12;9;8;6;6;5;5;4;4;4;4;3;3;3,905.7919979095459
6,172,r64_a4_linear_skew_rep0,64,4,linear_skew,0,0.390625,0.4192627457812106,9;42;56;58,25;19;13;7,272.6399898529053
6,173,r64_a4_hot50_rep0,64,4,hot50,0,0.484375,0.5412658773652742,9;42;56;58,31;11;11;11,264.8960053920746
6,174,r128_a8_linear_skew_rep2,128,8,linear_skew,2,0.21875,0.4810876349481454,0;6;9;12;25;45;56;60,28;24;21;18;14;11;8;4,495.90399861335754
6,175,r256_a4_uniform_rep1,256,4,uniform,1,0.25,0.0,36;50;54;61,64;64;64;64,281.5360128879547
6,176,r64_a4_linear_skew_rep1,64,4,linear_skew,1,0.390625,0.4192627457812106,8;9;28;49,25;19;13;7,272.19200134277344
6,177,r64_a1_linear_skew_rep1,64,1,linear_skew,1,1.0,0.0,24,64,112.35199868679047
6,178,r32_a16_hot50_rep2,32,16,hot50,2,0.28125,0.9354143466934853,2;4;11;15;18;19;23;30;32;39;45;47;53;54;58;60,9;2;2;2;2;2;2;2;2;1;1;1;1;1;1;1,906.8480134010315
6,179,r256_a16_zipf_rep1,256,16,zipf,1,0.28125,1.0404419884116558,7;16;19;20;21;25;27;34;35;36;40;47;56;57;60;63,72;37;25;19;15;13;11;10;9;8;7;7;6;6;6;5,921.8559861183167
6,180,r64_a8_zipf_rep1,64,8,zipf,1,0.34375,0.7207851621669248,1;10;12;17;30;31;42;43,22;11;8;6;5;4;4;4,481.24799132347107
6,181,r64_a2_uniform_rep1,64,2,uniform,1,0.5,0.0,4;5,32;32,165.3439998626709
6,182,r128_a4_uniform_rep1,128,4,uniform,1,0.25,0.0,5;9;41;59,32;32;32;32,279.83999252319336
6,183,r64_a2_hot50_rep1,64,2,hot50,1,0.5,0.0,4;5,32;32,159.61599349975586
6,184,r32_a16_zipf_rep0,32,16,zipf,0,0.1875,0.6123724356957945,3;4;5;7;8;9;15;19;21;23;25;30;36;38;45;62,6;3;3;2;2;2;2;2;2;2;1;1;1;1;1;1,887.5200152397156
6,185,r32_a1_linear_skew_rep1,32,1,linear_skew,1,1.0,0.0,45,32,118.52800101041794
6,186,r32_a8_uniform_rep1,32,8,uniform,1,0.125,0.0,12;15;17;18;39;41;47;58,4;4;4;4;4;4;4;4,468.76800060272217
6,187,r64_a1_uniform_rep2,64,1,uniform,2,1.0,0.0,58,64,109.56799983978271
6,188,r64_a2_zipf_rep1,64,2,zipf,1,0.65625,0.3125,4;5,42;22,162.30399906635284
6,189,r256_a1_hot50_rep2,256,1,hot50,2,1.0,0.0,34,256,114.62400108575821
6,190,r256_a16_uniform_rep2,256,16,uniform,2,0.0625,0.0,1;4;5;14;19;23;25;33;35;37;42;45;52;53;57;59,16;16;16;16;16;16;16;16;16;16;16;16;16;16;16;16,898.1760144233704
6,191,r256_a16_hot50_rep1,256,16,hot50,1,0.47265625,1.6944302139657448,7;16;19;20;21;25;27;34;35;36;40;47;56;57;60;63,121;9;9;9;9;9;9;9;9;9;9;9;9;9;9;9,905.1839709281921
6,192,r256_a2_zipf_rep2,256,2,zipf,2,0.6640625,0.328125,27;45,170;86,164.15999829769135
6,193,r64_a1_uniform_rep1,64,1,uniform,1,1.0,0.0,24,64,108.09600353240967
6,194,r64_a1_linear_skew_rep0,64,1,linear_skew,0,1.0,0.0,39,64,106.23999685049057
6,195,r128_a16_zipf_rep0,128,16,zipf,0,0.265625,0.967236721283885,11;12;13;17;18;22;24;33;41;43;47;50;57;60;62;63,34;18;12;9;8;6;6;5;5;4;4;4;4;3;3;3,917.9520010948181
6,196,r256_a1_uniform_rep1,256,1,uniform,1,1.0,0.0,13,256,113.15199732780457
6,197,r32_a4_linear_skew_rep1,32,4,linear_skew,1,0.375,0.3644344934278313,22;32;37;45,12;9;7;4,255.71200251579285
6,198,r32_a2_hot50_rep1,32,2,hot50,1,0.5,0.0,8;20,16;16,149.08799529075623
6,199,r32_a2_hot50_rep2,32,2,hot50,2,0.5,0.0,1;48,16;16,148.99200201034546
6,200,r64_a16_linear_skew_rep0,64,16,linear_skew,0,0.109375,0.4330127018922193,3;8;9;10;16;19;23;25;26;27;33;36;51;55;57;59,7;6;6;6;5;5;5;4;4;3;3;3;2;2;2;1,895.904004573822
6,201,r256_a8_uniform_rep1,256,8,uniform,1,0.125,0.0,17;27;29;32;33;41;54;58,32;32;32;32;32;32;32;32,517.2799825668335
6,202,r256_a2_uniform_rep2,256,2,uniform,2,0.5,0.0,27;45,128;128,150.62400698661804
6,203,r64_a4_hot50_rep2,64,4,hot50,2,0.484375,0.5412658773652742,11;20;46;57,31;11;11;11,264.2880082130432
6,204,r128_a2_hot50_rep1,128,2,hot50,1,0.5,0.0,38;42,64;64,162.6559942960739
6,205,r32_a1_zipf_rep0,32,1,zipf,0,1.0,0.0,37,32,108.41599851846695
6,206,r256_a2_zipf_rep0,256,2,zipf,0,0.6640625,0.328125,4;62,170;86,161.56800091266632
6,207,r32_a16_zipf_rep1,32,16,zipf,1,0.1875,0.6123724356957945,2;10;13;18;19;24;27;28;29;42;43;45;47;48;57;59,6;3;3;2;2;2;2;2;2;2;1;1;1;1;1;1,902.463972568512
6,208,r32_a2_hot50_rep0,32,2,hot50,0,0.5,0.0,7;54,16;16,153.6320000886917
6,209,r128_a2_linear_skew_rep1,128,2,linear_skew,1,0.6640625,0.328125,38;42,85;43,157.0879966020584
6,210,r32_a4_zipf_rep2,32,4,zipf,2,0.4375,0.46770717334674267,10;17;31;45,14;8;6;4,257.31199979782104
6,211,r256_a4_hot50_rep0,256,4,hot50,0,0.49609375,0.5683291712335379,6;27;28;50,127;43;43;43,277.2800028324127
6,212,r128_a8_zipf_rep1,128,8,zipf,1,0.3515625,0.7551903733496608,5;19;32;34;38;49;54;55,45;23;16;12;10;8;7;7,485.9519898891449
6,213,r256_a1_hot50_rep0,256,1,hot50,0,1.0,0.0,62,256,112.44799941778183
6,214,r128_a16_linear_skew_rep0,128,16,linear_skew,0,0.109375,0.4759858191164943,11;12;13;17;18;22;24;33;41;43;47;50;57;60;62;63,14;13;13;12;11;10;9;8;8;7;6;5;4;3;3;2,902.3360013961792
6,215,r64_a8_hot50_rep1,64,8,hot50,1,0.453125,0.9921567416492215,1;10;12;17;30;31;42;43,29;5;5;5;5;5;5;5,478.2719910144806
6,216,r128_a1_uniform_rep1,128,1,uniform,1,1.0,0.0,48,128,104.86400127410889
6,217,r64_a8_hot50_rep0,64,8,hot50,0,0.453125,0.9921567416492215,7;11;36;41;44;47;48;51,29;5;5;5;5;5;5;5,477.3760139942169
6,218,r256_a8_zipf_rep1,256,8,zipf,1,0.359375,0.7842131307081003,17;27;29;32;33;41;54;58,92;47;32;24;19;16;14;12,511.2000107765198
6,219,r128_a16_linear_skew_rep1,128,16,linear_skew,1,0.109375,0.4759858191164943,3;6;12;15;21;27;30;33;40;42;45;46;48;52;60;62,14;13;13;12;11;10;9;8;8;7;6;5;4;3;3;2,905.8560132980347
6,220,r128_a1_zipf_rep1,128,1,zipf,1,1.0,0.0,48,128,105.3759977221489
6,221,r32_a8_hot50_rep1,32,8,hot50,1,0.40625,0.8569568250501305,12;15;17;18;39;41;47;58,13;3;3;3;3;3;2;2,470.91200947761536
6,222,r128_a8_uniform_rep2,128,8,uniform,2,0.125,0.0,0;6;9;12;25;45;56;60,16;16;16;16;16;16;16;16,470.2720046043396
6,223,r256_a4_linear_skew_rep0,256,4,linear_skew,0,0.3984375,0.44373349441134147,6;27;28;50,102;77;51;26,275.9679853916168
6,224,r32_a8_linear_skew_rep1,32,8,linear_skew,1,0.1875,0.375,12;15;17;18;39;41;47;58,6;6;5;4;4;3;2;2,471.6159999370575
6,225,r32_a1_uniform_rep1,32,1,uniform,1,1.0,0.0,45,32,110.62400043010712
6,226,r128_a1_linear_skew_rep2,128,1,linear_skew,2,1.0,0.0,38,128,101.27999633550644
6,227,r32_a16_uniform_rep0,32,16,uniform,0,0.0625,0.0,3;4;5;7;8;9;15;19;21;23;25;30;36;38;45;62,2;2;2;2;2;2;2;2;2;2;2;2;2;2;2;2,900.3199934959412
6,228,r64_a16_zipf_rep1,64,16,zipf,1,0.234375,0.8244316223920575,15;18;20;28;29;31;35;36;39;44;45;50;52;53;54;59,15;8;6;5;4;3;3;3;3;2;2;2;2;2;2;2,898.688018321991
6,229,r32_a2_zipf_rep0,32,2,zipf,0,0.65625,0.3125,7;54,21;11,159.07199680805206
6,230,r32_a4_hot50_rep1,32,4,hot50,1,0.46875,0.5077524002897476,22;32;37;45,15;6;6;5,255.90398907661438
6,231,r64_a4_linear_skew_rep2,64,4,linear_skew,2,0.390625,0.4192627457812106,11;20;46;57,25;19;13;7,270.3999876976013
6,232,r128_a4_zipf_rep0,128,4,zipf,0,0.46875,0.5326268921581034,37;40;48;52,60;31;21;16,277.3439884185791
6,233,r64_a2_uniform_rep2,64,2,uniform,2,0.5,0.0,45;50,32;32,162.81600296497345
6,234,r128_a16_uniform_rep0,128,16,uniform,0,0.0625,0.0,11;12;13;17;18;22;24;33;41;43;47;50;57;60;62;63,8;8;8;8;8;8;8;8;8;8;8;8;8;8;8;8,897.5039720535278
6,235,r128_a1_hot50_rep0,128,1,hot50,0,1.0,0.0,48,128,103.20000350475311
6,236,r32_a16_linear_skew_rep1,32,16,linear_skew,1,0.09375,0.3535533905932738,2;10;13;18;19;24;27;28;29;42;43;45;47;48;57;59,3;3;3;3;2;2;2;2;2;2;2;2;1;1;1;1,896.1600065231323
6,237,r64_a2_linear_skew_rep0,64,2,linear_skew,0,0.65625,0.3125,16;17,42;22,164.19200599193573
6,238,r256_a1_linear_skew_rep2,256,1,linear_skew,2,1.0,0.0,34,256,111.07199639081955
6,239,r64_a4_uniform_rep1,64,4,uniform,1,0.25,0.0,8;9;28;49,16;16;16;16,258.2400143146515
7,0,r64_a2_uniform_rep2,64,2,uniform,2,0.5,0.0,45;50,32;32,164.99200463294983
7,1,r64_a4_zipf_rep2,64,4,zipf,2,0.46875,0.5284854539152426,11;20;46;57,30;15;11;8,265.7279968261719
7,2,r32_a8_hot50_rep1,32,8,hot50,1,0.40625,0.8569568250501305,12;15;17;18;39;41;47;58,13;3;3;3;3;3;2;2,467.8399860858917
7,3,r256_a16_uniform_rep0,256,16,uniform,0,0.0625,0.0,0;1;3;11;12;15;17;18;22;35;42;47;50;57;58;59,16;16;16;16;16;16;16;16;16;16;16;16;16;16;16;16,900.9919762611389
7,4,r32_a4_hot50_rep1,32,4,hot50,1,0.46875,0.5077524002897476,22;32;37;45,15;6;6;5,261.50399446487427
7,5,r128_a8_zipf_rep0,128,8,zipf,0,0.3515625,0.7551903733496608,2;4;14;17;27;37;53;57,45;23;16;12;10;8;7;7,496.5760111808777
7,6,r32_a8_hot50_rep0,32,8,hot50,0,0.40625,0.8569568250501305,2;11;19;21;22;41;43;52,13;3;3;3;3;3;2;2,473.31199049949646
7,7,r256_a8_hot50_rep0,256,8,hot50,0,0.48828125,1.0985386244347533,0;5;10;21;27;34;36;50,125;19;19;19;19;19;18;18,514.3679976463318
7,8,r256_a2_zipf_rep1,256,2,zipf,1,0.6640625,0.328125,1;5,170;86,163.4880006313324
7,9,r128_a1_hot50_rep0,128,1,hot50,0,1.0,0.0,48,128,104.16000336408615
7,10,r128_a8_hot50_rep0,128,8,hot50,0,0.4765625,1.0634187204483472,2;4;14;17;27;37;53;57,61;10;10;10;10;9;9;9,480.25599122047424
7,11,r32_a16_uniform_rep2,32,16,uniform,2,0.0625,0.0,2;4;11;15;18;19;23;30;32;39;45;47;53;54;58;60,2;2;2;2;2;2;2;2;2;2;2;2;2;2;2;2,895.4560160636902
7,12,r32_a1_linear_skew_rep0,32,1,linear_skew,0,1.0,0.0,37,32,113.43999952077866
7,13,r128_a2_uniform_rep0,128,2,uniform,0,0.5,0.0,9;32,64;64,164.22399878501892
7,14,r64_a8_linear_skew_rep1,64,8,linear_skew,1,0.203125,0.42389562394532926,1;10;12;17;30;31;42;43,13;12;10;9;7;6;4;3,473.37600588798523
7,15,r64_a8_linear_skew_rep0,64,8,linear_skew,0,0.203125,0.42389562394532926,7;11;36;41;44;47;48;51,13;12;10;9;7;6;4;3,474.14401173591614
7,16,r32_a2_hot50_rep1,32,2,hot50,1,0.5,0.0,8;20,16;16,150.9760022163391
7,17,r64_a1_zipf_rep1,64,1,zipf,1,1.0,0.0,24,64,114.68800157308578
7,18,r64_a16_hot50_rep2,64,16,hot50,2,0.390625,1.3607213160673275,0;5;8;14;25;27;33;34;35;36;40;42;43;46;50;56,25;3;3;3;3;3;3;3;3;3;2;2;2;2;2;2,904.8320055007935
7,19,r128_a16_zipf_rep1,128,16,zipf,1,0.265625,0.967236721283885,3;6;12;15;21;27;30;33;40;42;45;46;48;52;60;62,34;18;12;9;8;6;6;5;5;4;4;4;4;3;3;3,914.7199988365173
7,20,r32_a2_zipf_rep2,32,2,zipf,2,0.65625,0.3125,1;48,21;11,157.44000673294067
7,21,r64_a4_hot50_rep2,64,4,hot50,2,0.484375,0.5412658773652742,11;20;46;57,31;11;11;11,269.50401067733765
7,22,r128_a8_zipf_rep1,128,8,zipf,1,0.3515625,0.7551903733496608,5;19;32;34;38;49;54;55,45;23;16;12;10;8;7;7,484.607994556427
7,23,r256_a2_hot50_rep0,256,2,hot50,0,0.5,0.0,4;62,128;128,152.63999998569489
7,24,r256_a2_hot50_rep1,256,2,hot50,1,0.5,0.0,1;5,128;128,150.36800503730774
7,25,r128_a1_hot50_rep2,128,1,hot50,2,1.0,0.0,38,128,101.1200025677681
7,26,r256_a2_uniform_rep1,256,2,uniform,1,0.5,0.0,1;5,128;128,149.6960073709488
7,27,r256_a4_zipf_rep2,256,4,zipf,2,0.4765625,0.551653232622179,0;22;24;46,122;62;41;31,278.81601452827454
7,28,r128_a2_hot50_rep0,128,2,hot50,0,0.5,0.0,9;32,64;64,161.9199961423874
7,29,r64_a16_linear_skew_rep1,64,16,linear_skew,1,0.109375,0.4330127018922193,15;18;20;28;29;31;35;36;39;44;45;50;52;53;54;59,7;6;6;6;5;5;5;4;4;3;3;3;2;2;2;1,906.0800075531006
7,30,r64_a4_linear_skew_rep1,64,4,linear_skew,1,0.390625,0.4192627457812106,8;9;28;49,25;19;13;7,271.5199887752533
7,31,r32_a2_uniform_rep0,32,2,uniform,0,0.5,0.0,7;54,16;16,151.74399316310883
7,32,r256_a4_uniform_rep1,256,4,uniform,1,0.25,0.0,36;50;54;61,64;64;64;64,281.0879945755005
7,33,r64_a16_uniform_rep0,64,16,uniform,0,0.0625,0.0,3;8;9;10;16;19;23;25;26;27;33;36;51;55;57;59,4;4;4;4;4;4;4;4;4;4;4;4;4;4;4;4,894.4960236549377
7,34,r128_a4_uniform_rep0,128,4,uniform,0,0.25,0.0,37;40;48;52,32;32;32;32,282.75200724601746
7,35,r64_a2_linear_skew_rep1,64,2,linear_skew,1,0.65625,0.3125,4;5,42;22,164.12800550460815
7,36,r64_a16_zipf_rep0,64,16,zipf,0,0.234375,0.8244316223920575,3;8;9;10;16;19;23;25;26;27;33;36;51;55;57;59,15;8;6;5;4;3;3;3;3;2;2;2;2;2;2;2,898.1760144233704
7,37,r256_a2_zipf_rep2,256,2,zipf,2,0.6640625,0.328125,27;45,170;86,162.4000072479248
7,38,r128_a1_uniform_rep2,128,1,uniform,2,1.0,0.0,38,128,105.47199845314026
7,39,r128_a1_hot50_rep1,128,1,hot50,1,1.0,0.0,48,128,101.1200025677681
7,40,r32_a2_zipf_rep0,32,2,zipf,0,0.65625,0.3125,7;54,21;11,157.24800527095795
7,41,r256_a8_uniform_rep2,256,8,uniform,2,0.125,0.0,19;23;28;37;55;57;58;60,32;32;32;32;32;32;32;32,516.9600248336792
7,42,r256_a4_linear_skew_rep2,256,4,linear_skew,2,0.3984375,0.44373349441134147,0;22;24;46,102;77;51;26,271.42399549484253
7,43,r256_a2_linear_skew_rep1,256,2,linear_skew,1,0.6640625,0.328125,1;5,170;86,159.96800363063812
7,44,r32_a4_zipf_rep1,32,4,zipf,1,0.4375,0.46770717334674267,22;32;37;45,14;8;6;4,256.8959891796112
7,45,r32_a1_uniform_rep0,32,1,uniform,0,1.0,0.0,37,32,109.76000130176544
7,46,r64_a1_uniform_rep1,64,1,uniform,1,1.0,0.0,24,64,107.744000852108
7,47,r128_a8_hot50_rep1,128,8,hot50,1,0.4765625,1.0634187204483472,5;19;32;34;38;49;54;55,61;10;10;10;10;9;9;9,479.16799783706665
7,48,r256_a4_hot50_rep1,256,4,hot50,1,0.49609375,0.5683291712335379,36;50;54;61,127;43;43;43,279.231995344162
7,49,r256_a4_linear_skew_rep1,256,4,linear_skew,1,0.3984375,0.44373349441134147,36;50;54;61,102;77;51;26,269.24800872802734
7,50,r128_a16_zipf_rep2,128,16,zipf,2,0.265625,0.967236721283885,2;3;4;5;10;12;24;25;30;36;39;49;55;56;59;60,34;18;12;9;8;6;6;5;5;4;4;4;4;3;3;3,912.1599793434143
7,51,r256_a8_linear_skew_rep2,256,8,linear_skew,2,0.21875,0.4876402041977261,19;23;28;37;55;57;58;60,56;49;42;35;29;22;15;8,508.0639719963074
7,52,r32_a8_uniform_rep1,32,8,uniform,1,0.125,0.0,12;15;17;18;39;41;47;58,4;4;4;4;4;4;4;4,469.56801414489746
7,53,r256_a1_uniform_rep0,256,1,uniform,0,1.0,0.0,62,256,111.96800321340561
7,54,r128_a2_hot50_rep2,128,2,hot50,2,0.5,0.0,23;32,64;64,164.000004529953
7,55,r128_a8_uniform_rep2,128,8,uniform,2,0.125,0.0,0;6;9;12;25;45;56;60,16;16;16;16;16;16;16;16,469.6959853172302
7,56,r128_a4_zipf_rep2,128,4,zipf,2,0.46875,0.5326268921581034,0;11;15;55,60;31;21;16,279.83999252319336
7,57,r32_a8_zipf_rep1,32,8,zipf,1,0.3125,0.6123724356957945,12;15;17;18;39;41;47;58,10;5;4;3;3;3;2;2,469.6640074253082
7,58,r64_a16_uniform_rep1,64,16,uniform,1,0.0625,0.0,15;18;20;28;29;31;35;36;39;44;45;50;52;53;54;59,4;4;4;4;4;4;4;4;4;4;4;4;4;4;4;4,922.9120016098022
7,59,r128_a8_uniform_rep1,128,8,uniform,1,0.125,0.0,5;19;32;34;38;49;54;55,16;16;16;16;16;16;16;16,472.03201055526733
7,60,r32_a8_linear_skew_rep1,32,8,linear_skew,1,0.1875,0.375,12;15;17;18;39;41;47;58,6;6;5;4;4;3;2;2,470.8479940891266
7,61,r32_a1_linear_skew_rep1,32,1,linear_skew,1,1.0,0.0,45,32,112.12799698114395
7,62,r64_a8_hot50_rep0,64,8,hot50,0,0.453125,0.9921567416492215,7;11;36;41;44;47;48;51,29;5;5;5;5;5;5;5,479.13599014282227
7,63,r256_a1_zipf_rep2,256,1,zipf,2,1.0,0.0,34,256,114.14399743080139
7,64,r32_a16_linear_skew_rep1,32,16,linear_skew,1,0.09375,0.3535533905932738,2;10;13;18;19;24;27;28;29;42;43;45;47;48;57;59,3;3;3;3;2;2;2;2;2;2;2;2;1;1;1;1,915.4239892959595
7,65,r128_a2_uniform_rep1,128,2,uniform,1,0.5,0.0,38;42,64;64,165.02399742603302
7,66,r32_a16_hot50_rep0,32,16,hot50,0,0.28125,0.9354143466934853,3;4;5;7;8;9;15;19;21;23;25;30;36;38;45;62,9;2;2;2;2;2;2;2;2;1;1;1;1;1;1;1,897.3760008811951
7,67,r64_a2_linear_skew_rep0,64,2,linear_skew,0,0.65625,0.3125,16;17,42;22,167.7439957857132
7,68,r128_a4_uniform_rep2,128,4,uniform,2,0.25,0.0,0;11;15;55,32;32;32;32,280.95999360084534
7,69,r32_a2_linear_skew_rep0,32,2,linear_skew,0,0.65625,0.3125,7;54,21;11,157.44000673294067
7,70,r256_a1_uniform_rep2,256,1,uniform,2,1.0,0.0,34,256,112.73600161075592
7,71,r32_a2_linear_skew_rep1,32,2,linear_skew,1,0.65625,0.3125,8;20,21;11,157.53600001335144
7,72,r32_a1_hot50_rep0,32,1,hot50,0,1.0,0.0,37,32,107.51999914646149
7,73,r64_a1_zipf_rep2,64,1,zipf,2,1.0,0.0,58,64,106.49599879980087
7,74,r256_a16_zipf_rep1,256,16,zipf,1,0.28125,1.0404419884116558,7;16;19;20;21;25;27;34;35;36;40;47;56;57;60;63,72;37;25;19;15;13;11;10;9;8;7;7;6;6;6;5,924.4800209999084
7,75,r32_a4_hot50_rep0,32,4,hot50,0,0.46875,0.5077524002897476,5;35;54;57,15;6;6;5,257.05599784851074
7,76,r32_a8_uniform_rep0,32,8,uniform,0,0.125,0.0,2;11;19;21;22;41;43;52,4;4;4;4;4;4;4;4,473.85600209236145
7,77,r64_a1_linear_skew_rep0,64,1,linear_skew,0,1.0,0.0,39,64,108.99200290441513
7,78,r128_a2_linear_skew_rep2,128,2,linear_skew,2,0.6640625,0.328125,23;32,85;43,159.61599349975586
7,79,r128_a1_zipf_rep1,128,1,zipf,1,1.0,0.0,48,128,100.60799866914749
7,80,r128_a2_hot50_rep1,128,2,hot50,1,0.5,0.0,38;42,64;64,161.9199961423874
7,81,r32_a16_hot50_rep1,32,16,hot50,1,0.28125,0.9354143466934853,2;10;13;18;19;24;27;28;29;42;43;45;47;48;57;59,9;2;2;2;2;2;2;2;2;1;1;1;1;1;1;1,895.6800103187561
7,82,r64_a2_uniform_rep0,64,2,uniform,0,0.5,0.0,16;17,32;32,164.95999693870544
7,83,r64_a1_hot50_rep0,64,1,hot50,0,1.0,0.0,39,64,105.98400235176086
7,84,r128_a1_linear_skew_rep1,128,1,linear_skew,1,1.0,0.0,48,128,101.6639992594719
7,85,r32_a16_uniform_rep1,32,16,uniform,1,0.0625,0.0,2;10;13;18;19;24;27;28;29;42;43;45;47;48;57;59,2;2;2;2;2;2;2;2;2;2;2;2;2;2;2;2,898.688018321991
7,86,r256_a8_zipf_rep2,256,8,zipf,2,0.359375,0.7842131307081003,19;23;28;37;55;57;58;60,92;47;32;24;19;16;14;12,502.52801179885864
7,87,r64_a1_zipf_rep0,64,1,zipf,0,1.0,0.0,39,64,106.88000172376633
7,88,r256_a8_uniform_rep0,256,8,uniform,0,0.125,0.0,0;5;10;21;27;34;36;50,32;32;32;32;32;32;32;32,515.7120227813721
7,89,r32_a2_uniform_rep1,32,2,uniform,1,0.5,0.0,8;20,16;16,150.751993060112
7,90,r64_a2_hot50_rep2,64,2,hot50,2,0.5,0.0,45;50,32;32,161.31199896335602
7,91,r128_a2_uniform_rep2,128,2,uniform,2,0.5,0.0,23;32,64;64,162.1759980916977
7,92,r64_a8_uniform_rep2,64,8,uniform,2,0.125,0.0,1;5;18;35;46;56;59;60,8;8;8;8;8;8;8;8,483.8399887084961
7,93,r128_a1_zipf_rep0,128,1,zipf,0,1.0,0.0,48,128,102.46399790048599
7,94,r256_a8_uniform_rep1,256,8,uniform,1,0.125,0.0,17;27;29;32;33;41;54;58,32;32;32;32;32;32;32;32,515.5199766159058
7,95,r64_a4_linear_skew_rep0,64,4,linear_skew,0,0.390625,0.4192627457812106,9;42;56;58,25;19;13;7,269.8880136013031
7,96,r32_a1_hot50_rep2,32,1,hot50,2,1.0,0.0,10,32,108.60799998044968
7,97,r32_a8_linear_skew_rep0,32,8,linear_skew,0,0.1875,0.375,2;11;19;21;22;41;43;52,6;6;5;4;4;3;2;2,471.0080027580261
7,98,r128_a16_zipf_rep0,128,16,zipf,0,0.265625,0.967236721283885,11;12;13;17;18;22;24;33;41;43;47;50;57;60;62;63,34;18;12;9;8;6;6;5;5;4;4;4;4;3;3;3,906.65602684021
7,99,r32_a16_zipf_rep2,32,16,zipf,2,0.1875,0.6123724356957945,2;4;11;15;18;19;23;30;32;39;45;47;53;54;58;60,6;3;3;2;2;2;2;2;2;2;1;1;1;1;1;1,890.2720212936401
7,100,r256_a16_uniform_rep1,256,16,uniform,1,0.0625,0.0,7;16;19;20;21;25;27;34;35;36;40;47;56;57;60;63,16;16;16;16;16;16;16;16;16;16;16;16;16;16;16;16,900.4480242729187
7,101,r128_a16_linear_skew_rep1,128,16,linear_skew,1,0.109375,0.4759858191164943,3;6;12;15;21;27;30;33;40;42;45;46;48;52;60;62,14;13;13;12;11;10;9;8;8;7;6;5;4;3;3;2,902.400016784668
7,102,r256_a8_zipf_rep1,256,8,zipf,1,0.359375,0.7842131307081003,17;27;29;32;33;41;54;58,92;47;32;24;19;16;14;12,500.0320076942444
7,103,r32_a4_linear_skew_rep2,32,4,linear_skew,2,0.375,0.3644344934278313,10;17;31;45,12;9;7;4,255.5519938468933
7,104,r64_a8_linear_skew_rep2,64,8,linear_skew,2,0.203125,0.42389562394532926,1;5;18;35;46;56;59;60,13;12;10;9;7;6;4;3,472.6719856262207
7,105,r128_a2_linear_skew_rep0,128,2,linear_skew,0,0.6640625,0.328125,9;32,85;43,158.1760048866272
7,106,r32_a16_hot50_rep2,32,16,hot50,2,0.28125,0.9354143466934853,2;4;11;15;18;19;23;30;32;39;45;47;53;54;58;60,9;2;2;2;2;2;2;2;2;1;1;1;1;1;1;1,886.9119882583618
7,107,r256_a1_hot50_rep1,256,1,hot50,1,1.0,0.0,13,256,120.70400267839432
7,108,r64_a8_hot50_rep2,64,8,hot50,2,0.453125,0.9921567416492215,1;5;18;35;46;56;59;60,29;5;5;5;5;5;5;5,481.4079999923706
7,109,r128_a8_zipf_rep2,128,8,zipf,2,0.3515625,0.7551903733496608,0;6;9;12;25;45;56;60,45;23;16;12;10;8;7;7,483.5839867591858
7,110,r128_a4_linear_skew_rep0,128,4,linear_skew,0,0.3984375,0.44028133761266786,37;40;48;52,51;38;26;13,280.12800216674805
7,111,r128_a4_hot50_rep2,128,4,hot50,2,0.4921875,0.5594535559365049,0;11;15;55,63;22;22;21,280.67201375961304
7,112,r256_a16_hot50_rep2,256,16,hot50,2,0.47265625,1.6944302139657448,1;4;5;14;19;23;25;33;35;37;42;45;52;53;57;59,121;9;9;9;9;9;9;9;9;9;9;9;9;9;9;9,904.5439958572388
7,113,r128_a2_zipf_rep2,128,2,zipf,2,0.6640625,0.328125,23;32,85;43,159.32799875736237
7,114,r256_a4_hot50_rep2,256,4,hot50,2,0.49609375,0.5683291712335379,0;22;24;46,127;43;43;43,278.7199914455414
7,115,r256_a4_zipf_rep0,256,4,zipf,0,0.4765625,0.551653232622179,6;27;28;50,122;62;41;31,278.6239981651306
7,116,r32_a16_zipf_rep0,32,16,zipf,0,0.1875,0.6123724356957945,3;4;5;7;8;9;15;19;21;23;25;30;36;38;45;62,6;3;3;2;2;2;2;2;2;2;1;1;1;1;1;1,899.4240164756775
7,117,r128_a4_linear_skew_rep2,128,4,linear_skew,2,0.3984375,0.44028133761266786,0;11;15;55,51;38;26;13,279.2640030384064
7,118,r64_a8_zipf_rep1,64,8,zipf,1,0.34375,0.7207851621669248,1;10;12;17;30;31;42;43,22;11;8;6;5;4;4;4,481.24799132347107
7,119,r64_a16_zipf_rep2,64,16,zipf,2,0.234375,0.8244316223920575,0;5;8;14;25;27;33;34;35;36;40;42;43;46;50;56,15;8;6;5;4;3;3;3;3;2;2;2;2;2;2;2,896.7360258102417
7,120,r256_a16_linear_skew_rep2,256,16,linear_skew,2,0.11328125,0.5019493251315316,1;4;5;14;19;23;25;33;35;37;42;45;52;53;57;59,29;27;26;24;22;20;19;17;15;13;12;10;8;6;5;3,958.9440226554871
7,121,r256_a4_zipf_rep1,256,4,zipf,1,0.4765625,0.551653232622179,36;50;54;61,122;62;41;31,277.8559923171997
7,122,r64_a16_uniform_rep2,64,16,uniform,2,0.0625,0.0,0;5;8;14;25;27;33;34;35;36;40;42;43;46;50;56,4;4;4;4;4;4;4;4;4;4;4;4;4;4;4;4,906.9759845733643
7,123,r64_a16_hot50_rep0,64,16,hot50,0,0.390625,1.3607213160673275,3;8;9;10;16;19;23;25;26;27;33;36;51;55;57;59,25;3;3;3;3;3;3;3;3;3;2;2;2;2;2;2,901.6960263252258
7,124,r32_a8_zipf_rep0,32,8,zipf,0,0.3125,0.6123724356957945,2;11;19;21;22;41;43;52,10;5;4;3;3;3;2;2,468.4480130672455
7,125,r64_a4_hot50_rep1,64,4,hot50,1,0.484375,0.5412658773652742,8;9;28;49,31;11;11;11,267.7440047264099
7,126,r32_a8_hot50_rep2,32,8,hot50,2,0.40625,0.8569568250501305,4;10;18;29;34;60;61;63,13;3;3;3;3;3;2;2,467.74399280548096
7,127,r32_a16_linear_skew_rep2,32,16,linear_skew,2,0.09375,0.3535533905932738,2;4;11;15;18;19;23;30;32;39;45;47;53;54;58;60,3;3;3;3;2;2;2;2;2;2;2;2;1;1;1;1,890.1439905166626
7,128,r128_a16_hot50_rep0,128,16,hot50,0,0.4453125,1.5823736126465204,11;12;13;17;18;22;24;33;41;43;47;50;57;60;62;63,57;5;5;5;5;5;5;5;5;5;5;5;4;4;4;4,912.4799966812134
7,129,r32_a4_linear_skew_rep1,32,4,linear_skew,1,0.375,0.3644344934278313,22;32;37;45,12;9;7;4,256.3199996948242
7,130,r64_a4_uniform_rep0,64,4,uniform,0,0.25,0.0,9;42;56;58,16;16;16;16,256.25601410865784
7,131,r64_a8_uniform_rep1,64,8,uniform,1,0.125,0.0,1;10;12;17;30;31;42;43,8;8;8;8;8;8;8;8,470.36799788475037
7,132,r32_a16_uniform_rep0,32,16,uniform,0,0.0625,0.0,3;4;5;7;8;9;15;19;21;23;25;30;36;38;45;62,2;2;2;2;2;2;2;2;2;2;2;2;2;2;2;2,890.5280232429504
7,133,r64_a4_uniform_rep1,64,4,uniform,1,0.25,0.0,8;9;28;49,16;16;16;16,256.7040026187897
7,134,r32_a4_zipf_rep2,32,4,zipf,2,0.4375,0.46770717334674267,10;17;31;45,14;8;6;4,255.295991897583
7,135,r128_a2_zipf_rep0,128,2,zipf,0,0.6640625,0.328125,9;32,85;43,158.55999290943146
7,136,r32_a1_uniform_rep2,32,1,uniform,2,1.0,0.0,10,32,112.86400258541107
7,137,r256_a1_linear_skew_rep2,256,1,linear_skew,2,1.0,0.0,34,256,112.31999844312668
7,138,r64_a1_uniform_rep2,64,1,uniform,2,1.0,0.0,58,64,107.32799768447876
7,139,r64_a4_zipf_rep0,64,4,zipf,0,0.46875,0.5284854539152426,9;42;56;58,30;15;11;8,340.67198634147644
7,140,r128_a4_zipf_rep1,128,4,zipf,1,0.46875,0.5326268921581034,5;9;41;59,60;31;21;16,388.7679874897003
7,141,r256_a8_hot50_rep1,256,8,hot50,1,0.48828125,1.0985386244347533,17;27;29;32;33;41;54;58,125;19;19;19;19;19;18;18,634.0159773826599
7,142,r64_a1_linear_skew_rep1,64,1,linear_skew,1,1.0,0.0,24,64,130.91200590133667
7,143,r64_a8_zipf_rep0,64,8,zipf,0,0.34375,0.7207851621669248,7;11;36;41;44;47;48;51,22;11;8;6;5;4;4;4,592.9920077323914
7,144,r64_a1_uniform_rep0,64,1,uniform,0,1.0,0.0,39,64,131.26400113105774
7,145,r64_a1_linear_skew_rep2,64,1,linear_skew,2,1.0,0.0,58,64,129.08799946308136
7,146,r128_a1_linear_skew_rep2,128,1,linear_skew,2,1.0,0.0,38,128,122.3360002040863
7,147,r32_a8_uniform_rep2,32,8,uniform,2,0.125,0.0,4;10;18;29;34;60;61;63,4;4;4;4;4;4;4;4,580.5760025978088
7,148,r256_a16_linear_skew_rep1,256,16,linear_skew,1,0.11328125,0.5019493251315316,7;16;19;20;21;25;27;34;35;36;40;47;56;57;60;63,29;27;26;24;22;20;19;17;15;13;12;10;8;6;5;3,1180.799961090088
7,149,r32_a1_linear_skew_rep2,32,1,linear_skew,2,1.0,0.0,10,32,165.79200327396393
7,150,r32_a4_hot50_rep2,32,4,hot50,2,0.46875,0.5077524002897476,10;17;31;45,15;6;6;5,320.8959996700287
7,151,r64_a4_hot50_rep0,64,4,hot50,0,0.484375,0.5412658773652742,9;42;56;58,31;11;11;11,327.2640109062195
7,152,r256_a4_uniform_rep0,256,4,uniform,0,0.25,0.0,6;27;28;50,64;64;64;64,346.94400429725647
7,153,r64_a16_zipf_rep1,64,16,zipf,1,0.234375,0.8244316223920575,15;18;20;28;29;31;35;36;39;44;45;50;52;53;54;59,15;8;6;5;4;3;3;3;3;2;2;2;2;2;2;2,1107.200026512146
7,154,r32_a2_hot50_rep2,32,2,hot50,2,0.5,0.0,1;48,16;16,185.69600582122803
7,155,r128_a8_linear_skew_rep0,128,8,linear_skew,0,0.21875,0.4810876349481454,2;4;14;17;27;37;53;57,28;24;21;18;14;11;8;4,615.0400042533875
7,156,r64_a2_zipf_rep1,64,2,zipf,1,0.65625,0.3125,4;5,42;22,200.1280039548874
7,157,r32_a4_uniform_rep1,32,4,uniform,1,0.25,0.0,22;32;37;45,8;8;8;8,317.05600023269653
7,158,r256_a4_uniform_rep2,256,4,uniform,2,0.25,0.0,0;22;24;46,64;64;64;64,374.783992767334
7,159,r32_a2_hot50_rep0,32,2,hot50,0,0.5,0.0,7;54,16;16,185.72799861431122
7,160,r32_a4_uniform_rep0,32,4,uniform,0,0.25,0.0,5;35;54;57,8;8;8;8,313.728004693985
7,161,r128_a2_zipf_rep1,128,2,zipf,1,0.6640625,0.328125,38;42,85;43,199.90399479866028
7,162,r128_a2_linear_skew_rep1,128,2,linear_skew,1,0.6640625,0.328125,38;42,85;43,193.7279999256134
7,163,r64_a4_linear_skew_rep2,64,4,linear_skew,2,0.390625,0.4192627457812106,11;20;46;57,25;19;13;7,278.30401062965393
7,164,r256_a1_linear_skew_rep1,256,1,linear_skew,1,1.0,0.0,13,256,115.9679964184761
7,165,r256_a16_zipf_rep0,256,16,zipf,0,0.28125,1.0404419884116558,0;1;3;11;12;15;17;18;22;35;42;47;50;57;58;59,72;37;25;19;15;13;11;10;9;8;7;7;6;6;6;5,927.1680116653442
7,166,r128_a16_linear_skew_rep2,128,16,linear_skew,2,0.109375,0.4759858191164943,2;3;4;5;10;12;24;25;30;36;39;49;55;56;59;60,14;13;13;12;11;10;9;8;8;7;6;5;4;3;3;2,1032.7359437942505
7,167,r64_a16_linear_skew_rep2,64,16,linear_skew,2,0.109375,0.4330127018922193,0;5;8;14;25;27;33;34;35;36;40;42;43;46;50;56,7;6;6;6;5;5;5;4;4;3;3;3;2;2;2;1,4813.920021057129
7,168,r256_a16_linear_skew_rep0,256,16,linear_skew,0,0.11328125,0.5019493251315316,0;1;3;11;12;15;17;18;22;35;42;47;50;57;58;59,29;27;26;24;22;20;19;17;15;13;12;10;8;6;5;3,1712.448000907898
7,169,r32_a1_uniform_rep1,32,1,uniform,1,1.0,0.0,45,32,128.28800082206726
7,170,r128_a16_uniform_rep0,128,16,uniform,0,0.0625,0.0,11;12;13;17;18;22;24;33;41;43;47;50;57;60;62;63,8;8;8;8;8;8;8;8;8;8;8;8;8;8;8;8,909.4399809837341
7,171,r256_a8_hot50_rep2,256,8,hot50,2,0.48828125,1.0985386244347533,19;23;28;37;55;57;58;60,125;19;19;19;19;19;18;18,521.9839811325073
7,172,r64_a2_zipf_rep2,64,2,zipf,2,0.65625,0.3125,45;50,42;22,206.36799931526184
7,173,r64_a8_zipf_rep2,64,8,zipf,2,0.34375,0.7207851621669248,1;5;18;35;46;56;59;60,22;11;8;6;5;4;4;4,492.41599440574646
7,174,r256_a2_zipf_rep0,256,2,zipf,0,0.6640625,0.328125,4;62,170;86,167.1999990940094
7,175,r256_a1_hot50_rep0,256,1,hot50,0,1.0,0.0,62,256,116.41599982976913
7,176,r256_a1_linear_skew_rep0,256,1,linear_skew,0,1.0,0.0,62,256,108.41599851846695
7,177,r64_a16_linear_skew_rep0,64,16,linear_skew,0,0.109375,0.4330127018922193,3;8;9;10;16;19;23;25;26;27;33;36;51;55;57;59,7;6;6;6;5;5;5;4;4;3;3;3;2;2;2;1,929.2479753494263
7,178,r32_a2_linear_skew_rep2,32,2,linear_skew,2,0.65625,0.3125,1;48,21;11,166.1120057106018
7,179,r32_a1_zipf_rep1,32,1,zipf,1,1.0,0.0,45,32,118.46400052309036
7,180,r64_a1_hot50_rep1,64,1,hot50,1,1.0,0.0,24,64,109.8880022764206
7,181,r64_a2_uniform_rep1,64,2,uniform,1,0.5,0.0,4;5,32;32,164.99200463294983
7,182,r256_a1_uniform_rep1,256,1,uniform,1,1.0,0.0,13,256,111.7440015077591
7,183,r256_a8_linear_skew_rep1,256,8,linear_skew,1,0.21875,0.4876402041977261,17;27;29;32;33;41;54;58,56;49;42;35;29;22;15;8,513.1199955940247
7,184,r64_a8_uniform_rep0,64,8,uniform,0,0.125,0.0,7;11;36;41;44;47;48;51,8;8;8;8;8;8;8;8,471.8399941921234
7,185,r256_a16_hot50_rep1,256,16,hot50,1,0.47265625,1.6944302139657448,7;16;19;20;21;25;27;34;35;36;40;47;56;57;60;63,121;9;9;9;9;9;9;9;9;9;9;9;9;9;9;9,912.2560024261475
7,186,r32_a2_zipf_rep1,32,2,zipf,1,0.65625,0.3125,8;20,21;11,159.87199544906616
7,187,r64_a16_hot50_rep1,64,16,hot50,1,0.390625,1.3607213160673275,15;18;20;28;29;31;35;36;39;44;45;50;52;53;54;59,25;3;3;3;3;3;3;3;3;3;2;2;2;2;2;2,902.2719860076904
7,188,r256_a2_uniform_rep0,256,2,uniform,0,0.5,0.0,4;62,128;128,152.8320014476776
7,189,r32_a16_linear_skew_rep0,32,16,linear_skew,0,0.09375,0.3535533905932738,3;4;5;7;8;9;15;19;21;23;25;30;36;38;45;62,3;3;3;3;2;2;2;2;2;2;2;2;1;1;1;1,896.7040181159973
7,190,r32_a8_zipf_rep2,32,8,zipf,2,0.3125,0.6123724356957945,4;10;18;29;34;60;61;63,10;5;4;3;3;3;2;2,468.4480130672455
7,191,r128_a1_uniform_rep0,128,1,uniform,0,1.0,0.0,48,128,104.99200224876404
7,192,r64_a1_hot50_rep2,64,1,hot50,2,1.0,0.0,58,64,107.96800255775452
7,193,r32_a1_zipf_rep2,32,1,zipf,2,1.0,0.0,10,32,105.98400235176086
7,194,r256_a8_linear_skew_rep0,256,8,linear_skew,0,0.21875,0.4876402041977261,0;5;10;21;27;34;36;50,56;49;42;35;29;22;15;8,514.0799880027771
7,195,r64_a2_zipf_rep0,64,2,zipf,0,0.65625,0.3125,16;17,42;22,162.52799332141876
7,196,r32_a1_zipf_rep0,32,1,zipf,0,1.0,0.0,37,32,106.88000172376633
7,197,r256_a2_linear_skew_rep2,256,2,linear_skew,2,0.6640625,0.328125,27;45,170;86,161.6320013999939
7,198,r128_a16_hot50_rep2,128,16,hot50,2,0.4453125,1.5823736126465204,2;3;4;5;10;12;24;25;30;36;39;49;55;56;59;60,57;5;5;5;5;5;5;5;5;5;5;5;4;4;4;4,905.9200286865234
7,199,r128_a8_linear_skew_rep1,128,8,linear_skew,1,0.21875,0.4810876349481454,5;19;32;34;38;49;54;55,28;24;21;18;14;11;8;4,516.7679786682129
7,200,r128_a1_uniform_rep1,128,1,uniform,1,1.0,0.0,48,128,105.85600137710571
7,201,r128_a8_linear_skew_rep2,128,8,linear_skew,2,0.21875,0.4810876349481454,0;6;9;12;25;45;56;60,28;24;21;18;14;11;8;4,497.47198820114136
7,202,r128_a4_hot50_rep0,128,4,hot50,0,0.4921875,0.5594535559365049,37;40;48;52,63;22;22;21,303.45600843429565
7,203,r64_a2_linear_skew_rep2,64,2,linear_skew,2,0.65625,0.3125,45;50,42;22,166.72000288963318
7,204,r256_a2_linear_skew_rep0,256,2,linear_skew,0,0.6640625,0.328125,4;62,170;86,161.6320013999939
7,205,r128_a16_linear_skew_rep0,128,16,linear_skew,0,0.109375,0.4759858191164943,11;12;13;17;18;22;24;33;41;43;47;50;57;60;62;63,14;13;13;12;11;10;9;8;8;7;6;5;4;3;3;2,909.8560214042664
7,206,r256_a16_zipf_rep2,256,16,zipf,2,0.28125,1.0404419884116558,1;4;5;14;19;23;25;33;35;37;42;45;52;53;57;59,72;37;25;19;15;13;11;10;9;8;7;7;6;6;6;5,924.7040152549744
7,207,r32_a8_linear_skew_rep2,32,8,linear_skew,2,0.1875,0.375,4;10;18;29;34;60;61;63,6;6;5;4;4;3;2;2,471.3920056819916
7,208,r256_a1_zipf_rep1,256,1,zipf,1,1.0,0.0,13,256,114.43199962377548
7,209,r128_a8_uniform_rep0,128,8,uniform,0,0.125,0.0,2;4;14;17;27;37;53;57,16;16;16;16;16;16;16;16,467.77600049972534
7,210,r32_a1_hot50_rep1,32,1,hot50,1,1.0,0.0,45,32,109.76000130176544
7,211,r256_a4_linear_skew_rep0,256,4,linear_skew,0,0.3984375,0.44373349441134147,6;27;28;50,102;77;51;26,271.90399169921875
7,212,r128_a8_hot50_rep2,128,8,hot50,2,0.4765625,1.0634187204483472,0;6;9;12;25;45;56;60,61;10;10;10;10;9;9;9,479.5840084552765
7,213,r128_a16_hot50_rep1,128,16,hot50,1,0.4453125,1.5823736126465204,3;6;12;15;21;27;30;33;40;42;45;46;48;52;60;62,57;5;5;5;5;5;5;5;5;5;5;5;4;4;4;4,922.4640130996704
7,214,r64_a4_zipf_rep1,64,4,zipf,1,0.46875,0.5284854539152426,8;9;28;49,30;15;11;8,269.8560059070587
7,215,r128_a4_linear_skew_rep1,128,4,linear_skew,1,0.3984375,0.44028133761266786,5;9;41;59,51;38;26;13,278.78400683403015
7,216,r128_a4_hot50_rep1,128,4,hot50,1,0.4921875,0.5594535559365049,5;9;41;59,63;22;22;21,283.3920121192932
7,217,r256_a16_hot50_rep0,256,16,hot50,0,0.47265625,1.6944302139657448,0;1;3;11;12;15;17;18;22;35;42;47;50;57;58;59,121;9;9;9;9;9;9;9;9;9;9;9;9;9;9;9,908.8640213012695
7,218,r256_a1_hot50_rep2,256,1,hot50,2,1.0,0.0,34,256,114.97599631547928
7,219,r32_a16_zipf_rep1,32,16,zipf,1,0.1875,0.6123724356957945,2;10;13;18;19;24;27;28;29;42;43;45;47;48;57;59,6;3;3;2;2;2;2;2;2;2;1;1;1;1;1;1,892.8639888763428
7,220,r128_a4_zipf_rep0,128,4,zipf,0,0.46875,0.5326268921581034,37;40;48;52,60;31;21;16,279.29601073265076
7,221,r32_a4_uniform_rep2,32,4,uniform,2,0.25,0.0,10;17;31;45,8;8;8;8,262.59198784828186
7,222,r128_a1_linear_skew_rep0,128,1,linear_skew,0,1.0,0.0,48,128,104.80000078678131
7,223,r64_a8_hot50_rep1,64,8,hot50,1,0.453125,0.9921567416492215,1;10;12;17;30;31;42;43,29;5;5;5;5;5;5;5,496.3519871234894
7,224,r128_a4_uniform_rep1,128,4,uniform,1,0.25,0.0,5;9;41;59,32;32;32;32,283.1999957561493
7,225,r256_a16_uniform_rep2,256,16,uniform,2,0.0625,0.0,1;4;5;14;19;23;25;33;35;37;42;45;52;53;57;59,16;16;16;16;16;16;16;16;16;16;16;16;16;16;16;16,913.8879776000977
7,226,r32_a4_linear_skew_rep0,32,4,linear_skew,0,0.375,0.3644344934278313,5;35;54;57,12;9;7;4,261.24799251556396
7,227,r256_a4_hot50_rep0,256,4,hot50,0,0.49609375,0.5683291712335379,6;27;28;50,127;43;43;43,279.7439992427826
7,228,r64_a2_hot50_rep0,64,2,hot50,0,0.5,0.0,16;17,32;32,165.12000560760498
7,229,r32_a4_zipf_rep0,32,4,zipf,0,0.4375,0.46770717334674267,5;35;54;57,14;8;6;4,255.96800446510315
7,230,r128_a16_uniform_rep1,128,16,uniform,1,0.0625,0.0,3;6;12;15;21;27;30;33;40;42;45;46;48;52;60;62,8;8;8;8;8;8;8;8;8;8;8;8;8;8;8;8,902.6240110397339
7,231,r128_a16_uniform_rep2,128,16,uniform,2,0.0625,0.0,2;3;4;5;10;12;24;25;30;36;39;49;55;56;59;60,8;8;8;8;8;8;8;8;8;8;8;8;8;8;8;8,895.3920006752014
7,232,r256_a8_zipf_rep0,256,8,zipf,0,0.359375,0.7842131307081003,0;5;10;21;27;34;36;50,92;47;32;24;19;16;14;12,500.41598081588745
7,233,r256_a1_zipf_rep0,256,1,zipf,0,1.0,0.0,62,256,116.60800129175186
7,234,r128_a1_zipf_rep2,128,1,zipf,2,1.0,0.0,38,128,103.80800068378448
7,235,r256_a2_hot50_rep2,256,2,hot50,2,0.5,0.0,27;45,128;128,152.48000621795654
7,236,r256_a2_uniform_rep2,256,2,uniform,2,0.5,0.0,27;45,128;128,148.51200580596924
7,237,r64_a4_uniform_rep2,64,4,uniform,2,0.25,0.0,11;20;46;57,16;16;16;16,256.79999589920044
7,238,r32_a2_uniform_rep2,32,2,uniform,2,0.5,0.0,1;48,16;16,149.56800639629364
7,239,r64_a2_hot50_rep1,64,2,hot50,1,0.5,0.0,4;5,32;32,161.79199516773224
8,0,r256_a1_hot50_rep0,256,1,hot50,0,1.0,0.0,62,256,113.08799684047699
8,1,r64_a16_zipf_rep0,64,16,zipf,0,0.234375,0.8244316223920575,3;8;9;10;16;19;23;25;26;27;33;36;51;55;57;59,15;8;6;5;4;3;3;3;3;2;2;2;2;2;2;2,898.4000086784363
8,2,r128_a8_linear_skew_rep0,128,8,linear_skew,0,0.21875,0.4810876349481454,2;4;14;17;27;37;53;57,28;24;21;18;14;11;8;4,506.75201416015625
8,3,r64_a8_hot50_rep1,64,8,hot50,1,0.453125,0.9921567416492215,1;10;12;17;30;31;42;43,29;5;5;5;5;5;5;5,475.45599937438965
8,4,r32_a4_hot50_rep1,32,4,hot50,1,0.46875,0.5077524002897476,22;32;37;45,15;6;6;5,258.7519884109497
8,5,r32_a16_zipf_rep1,32,16,zipf,1,0.1875,0.6123724356957945,2;10;13;18;19;24;27;28;29;42;43;45;47;48;57;59,6;3;3;2;2;2;2;2;2;2;1;1;1;1;1;1,894.9120044708252
8,6,r128_a2_zipf_rep1,128,2,zipf,1,0.6640625,0.328125,38;42,85;43,159.55199301242828
8,7,r256_a4_uniform_rep0,256,4,uniform,0,0.25,0.0,6;27;28;50,64;64;64;64,278.9439857006073
8,8,r256_a2_linear_skew_rep2,256,2,linear_skew,2,0.6640625,0.328125,27;45,170;86,180.1919937133789
8,9,r32_a1_zipf_rep0,32,1,zipf,0,1.0,0.0,37,32,114.14399743080139
8,10,r256_a8_uniform_rep0,256,8,uniform,0,0.125,0.0,0;5;10;21;27;34;36;50,32;32;32;32;32;32;32;32,517.0239806175232
8,11,r256_a4_zipf_rep2,256,4,zipf,2,0.4765625,0.551653232622179,0;22;24;46,122;62;41;31,295.9359884262085
8,12,r64_a2_uniform_rep1,64,2,uniform,1,0.5,0.0,4;5,32;32,165.79200327396393
8,13,r256_a8_hot50_rep1,256,8,hot50,1,0.48828125,1.0985386244347533,17;27;29;32;33;41;54;58,125;19;19;19;19;19;18;18,523.3280062675476
8,14,r128_a2_zipf_rep2,128,2,zipf,2,0.6640625,0.328125,23;32,85;43,159.29600596427917
8,15,r256_a1_hot50_rep2,256,1,hot50,2,1.0,0.0,34,256,114.59200084209442
8,16,r32_a16_hot50_rep1,32,16,hot50,1,0.28125,0.9354143466934853,2;10;13;18;19;24;27;28;29;42;43;45;47;48;57;59,9;2;2;2;2;2;2;2;2;1;1;1;1;1;1;1,896.6720104217529
8,17,r128_a16_linear_skew_rep1,128,16,linear_skew,1,0.109375,0.4759858191164943,3;6;12;15;21;27;30;33;40;42;45;46;48;52;60;62,14;13;13;12;11;10;9;8;8;7;6;5;4;3;3;2,903.9360284805298
8,18,r32_a16_hot50_rep2,32,16,hot50,2,0.28125,0.9354143466934853,2;4;11;15;18;19;23;30;32;39;45;47;53;54;58;60,9;2;2;2;2;2;2;2;2;1;1;1;1;1;1;1,889.1519904136658
8,19,r128_a2_hot50_rep0,128,2,hot50,0,0.5,0.0,9;32,64;64,166.46400094032288
8,20,r32_a2_hot50_rep0,32,2,hot50,0,0.5,0.0,7;54,16;16,151.13599598407745
8,21,r32_a1_hot50_rep0,32,1,hot50,0,1.0,0.0,37,32,116.5120005607605
8,22,r64_a2_linear_skew_rep0,64,2,linear_skew,0,0.65625,0.3125,16;17,42;22,164.5440012216568
8,23,r64_a16_linear_skew_rep1,64,16,linear_skew,1,0.109375,0.4330127018922193,15;18;20;28;29;31;35;36;39;44;45;50;52;53;54;59,7;6;6;6;5;5;5;4;4;3;3;3;2;2;2;1,897.2480297088623
8,24,r256_a8_hot50_rep0,256,8,hot50,0,0.48828125,1.0985386244347533,0;5;10;21;27;34;36;50,125;19;19;19;19;19;18;18,516.7359709739685
8,25,r128_a1_zipf_rep0,128,1,zipf,0,1.0,0.0,48,128,104.51199859380722
8,26,r256_a1_linear_skew_rep2,256,1,linear_skew,2,1.0,0.0,34,256,110.75200140476227
8,27,r64_a16_zipf_rep2,64,16,zipf,2,0.234375,0.8244316223920575,0;5;8;14;25;27;33;34;35;36;40;42;43;46;50;56,15;8;6;5;4;3;3;3;3;2;2;2;2;2;2;2,901.6640186309814
8,28,r128_a8_uniform_rep0,128,8,uniform,0,0.125,0.0,2;4;14;17;27;37;53;57,16;16;16;16;16;16;16;16,470.40000557899475
8,29,r128_a16_linear_skew_rep0,128,16,linear_skew,0,0.109375,0.4759858191164943,11;12;13;17;18;22;24;33;41;43;47;50;57;60;62;63,14;13;13;12;11;10;9;8;8;7;6;5;4;3;3;2,908.3840250968933
8,30,r128_a4_linear_skew_rep0,128,4,linear_skew,0,0.3984375,0.44028133761266786,37;40;48;52,51;38;26;13,284.4800055027008
8,31,r64_a2_zipf_rep0,64,2,zipf,0,0.65625,0.3125,16;17,42;22,183.29599499702454
8,32,r32_a4_zipf_rep2,32,4,zipf,2,0.4375,0.46770717334674267,10;17;31;45,14;8;6;4,257.85601139068604
8,33,r128_a8_zipf_rep0,128,8,zipf,0,0.3515625,0.7551903733496608,2;4;14;17;27;37;53;57,45;23;16;12;10;8;7;7,484.47999358177185
8,34,r128_a16_hot50_rep2,128,16,hot50,2,0.4453125,1.5823736126465204,2;3;4;5;10;12;24;25;30;36;39;49;55;56;59;60,57;5;5;5;5;5;5;5;5;5;5;5;4;4;4;4,921.6960072517395
8,35,r256_a1_uniform_rep1,256,1,uniform,1,1.0,0.0,13,256,118.9119964838028
8,36,r32_a2_linear_skew_rep0,32,2,linear_skew,0,0.65625,0.3125,7;54,21;11,160.0639969110489
8,37,r256_a4_linear_skew_rep0,256,4,linear_skew,0,0.3984375,0.44373349441134147,6;27;28;50,102;77;51;26,272.7360129356384
8,38,r32_a4_linear_skew_rep0,32,4,linear_skew,0,0.375,0.3644344934278313,5;35;54;57,12;9;7;4,257.4400007724762
8,39,r32_a8_zipf_rep2,32,8,zipf,2,0.3125,0.6123724356957945,4;10;18;29;34;60;61;63,10;5;4;3;3;3;2;2,481.24799132347107
8,40,r256_a8_linear_skew_rep0,256,8,linear_skew,0,0.21875,0.4876402041977261,0;5;10;21;27;34;36;50,56;49;42;35;29;22;15;8,511.87199354171753
8,41,r128_a16_hot50_rep0,128,16,hot50,0,0.4453125,1.5823736126465204,11;12;13;17;18;22;24;33;41;43;47;50;57;60;62;63,57;5;5;5;5;5;5;5;5;5;5;5;4;4;4;4,909.7599983215332
8,42,r32_a16_uniform_rep2,32,16,uniform,2,0.0625,0.0,2;4;11;15;18;19;23;30;32;39;45;47;53;54;58;60,2;2;2;2;2;2;2;2;2;2;2;2;2;2;2;2,900.4799723625183
8,43,r128_a1_uniform_rep1,128,1,uniform,1,1.0,0.0,48,128,107.2319969534874
8,44,r256_a16_linear_skew_rep1,256,16,linear_skew,1,0.11328125,0.5019493251315316,7;16;19;20;21;25;27;34;35;36;40;47;56;57;60;63,29;27;26;24;22;20;19;17;15;13;12;10;8;6;5;3,962.1760249137878
8,45,r256_a1_zipf_rep0,256,1,zipf,0,1.0,0.0,62,256,116.57600104808807
8,46,r64_a4_zipf_rep1,64,4,zipf,1,0.46875,0.5284854539152426,8;9;28;49,30;15;11;8,271.42399549484253
8,47,r64_a4_hot50_rep0,64,4,hot50,0,0.484375,0.5412658773652742,9;42;56;58,31;11;11;11,276.67200565338135
8,48,r256_a16_hot50_rep2,256,16,hot50,2,0.47265625,1.6944302139657448,1;4;5;14;19;23;25;33;35;37;42;45;52;53;57;59,121;9;9;9;9;9;9;9;9;9;9;9;9;9;9;9,905.3760170936584
8,49,r64_a16_linear_skew_rep2,64,16,linear_skew,2,0.109375,0.4330127018922193,0;5;8;14;25;27;33;34;35;36;40;42;43;46;50;56,7;6;6;6;5;5;5;4;4;3;3;3;2;2;2;1,912.2560024261475
8,50,r256_a4_hot50_rep2,256,4,hot50,2,0.49609375,0.5683291712335379,0;22;24;46,127;43;43;43,282.6560139656067
8,51,r64_a4_linear_skew_rep2,64,4,linear_skew,2,0.390625,0.4192627457812106,11;20;46;57,25;19;13;7,273.53599667549133
8,52,r128_a4_zipf_rep2,128,4,zipf,2,0.46875,0.5326268921581034,0;11;15;55,60;31;21;16,299.77598786354065
8,53,r256_a16_uniform_rep2,256,16,uniform,2,0.0625,0.0,1;4;5;14;19;23;25;33;35;37;42;45;52;53;57;59,16;16;16;16;16;16;16;16;16;16;16;16;16;16;16;16,915.615975856781
8,54,r256_a16_linear_skew_rep0,256,16,linear_skew,0,0.11328125,0.5019493251315316,0;1;3;11;12;15;17;18;22;35;42;47;50;57;58;59,29;27;26;24;22;20;19;17;15;13;12;10;8;6;5;3,971.3280200958252
8,55,r128_a8_zipf_rep1,128,8,zipf,1,0.3515625,0.7551903733496608,5;19;32;34;38;49;54;55,45;23;16;12;10;8;7;7,489.0879988670349
8,56,r128_a8_hot50_rep0,128,8,hot50,0,0.4765625,1.0634187204483472,2;4;14;17;27;37;53;57,61;10;10;10;10;9;9;9,482.1760058403015
8,57,r32_a8_zipf_rep1,32,8,zipf,1,0.3125,0.6123724356957945,12;15;17;18;39;41;47;58,10;5;4;3;3;3;2;2,472.6080000400543
8,58,r64_a2_hot50_rep2,64,2,hot50,2,0.5,0.0,45;50,32;32,162.1759980916977
8,59,r32_a1_linear_skew_rep2,32,1,linear_skew,2,1.0,0.0,10,32,113.95200341939926
8,60,r256_a1_linear_skew_rep1,256,1,linear_skew,1,1.0,0.0,13,256,113.98400366306305
8,61,r32_a2_uniform_rep0,32,2,uniform,0,0.5,0.0,7;54,16;16,152.6080071926117
8,62,r64_a1_zipf_rep0,64,1,zipf,0,1.0,0.0,39,64,108.03200304508209
8,63,r64_a8_uniform_rep2,64,8,uniform,2,0.125,0.0,1;5;18;35;46;56;59;60,8;8;8;8;8;8;8;8,471.3279902935028
8,64,r64_a8_uniform_rep1,64,8,uniform,1,0.125,0.0,1;10;12;17;30;31;42;43,8;8;8;8;8;8;8;8,481.3440144062042
8,65,r128_a16_linear_skew_rep2,128,16,linear_skew,2,0.109375,0.4759858191164943,2;3;4;5;10;12;24;25;30;36;39;49;55;56;59;60,14;13;13;12;11;10;9;8;8;7;6;5;4;3;3;2,903.2319784164429
8,66,r32_a8_uniform_rep1,32,8,uniform,1,0.125,0.0,12;15;17;18;39;41;47;58,4;4;4;4;4;4;4;4,473.2159972190857
8,67,r64_a1_linear_skew_rep2,64,1,linear_skew,2,1.0,0.0,58,64,111.7440015077591
8,68,r32_a16_zipf_rep2,32,16,zipf,2,0.1875,0.6123724356957945,2;4;11;15;18;19;23;30;32;39;45;47;53;54;58;60,6;3;3;2;2;2;2;2;2;2;1;1;1;1;1;1,893.5359716415405
8,69,r128_a4_hot50_rep2,128,4,hot50,2,0.4921875,0.5594535559365049,0;11;15;55,63;22;22;21,285.2799892425537
8,70,r64_a16_uniform_rep2,64,16,uniform,2,0.0625,0.0,0;5;8;14;25;27;33;34;35;36;40;42;43;46;50;56,4;4;4;4;4;4;4;4;4;4;4;4;4;4;4;4,905.6320190429688
8,71,r256_a16_zipf_rep2,256,16,zipf,2,0.28125,1.0404419884116558,1;4;5;14;19;23;25;33;35;37;42;45;52;53;57;59,72;37;25;19;15;13;11;10;9;8;7;7;6;6;6;5,927.5839924812317
8,72,r256_a2_linear_skew_rep1,256,2,linear_skew,1,0.6640625,0.328125,1;5,170;86,187.00799345970154
8,73,r32_a2_zipf_rep2,32,2,zipf,2,0.65625,0.3125,1;48,21;11,161.69600188732147
8,74,r64_a1_zipf_rep2,64,1,zipf,2,1.0,0.0,58,64,113.79200220108032
8,75,r256_a8_zipf_rep0,256,8,zipf,0,0.359375,0.7842131307081003,0;5;10;21;27;34;36;50,92;47;32;24;19;16;14;12,507.00801610946655
8,76,r128_a16_zipf_rep2,128,16,zipf,2,0.265625,0.967236721283885,2;3;4;5;10;12;24;25;30;36;39;49;55;56;59;60,34;18;12;9;8;6;6;5;5;4;4;4;4;3;3;3,936.0319972038269
8,77,r32_a16_linear_skew_rep1,32,16,linear_skew,1,0.09375,0.3535533905932738,2;10;13;18;19;24;27;28;29;42;43;45;47;48;57;59,3;3;3;3;2;2;2;2;2;2;2;2;1;1;1;1,900.4480242729187
8,78,r32_a8_hot50_rep1,32,8,hot50,1,0.40625,0.8569568250501305,12;15;17;18;39;41;47;58,13;3;3;3;3;3;2;2,481.56800866127014
8,79,r64_a4_linear_skew_rep0,64,4,linear_skew,0,0.390625,0.4192627457812106,9;42;56;58,25;19;13;7,274.2399871349335
8,80,r64_a8_hot50_rep0,64,8,hot50,0,0.453125,0.9921567416492215,7;11;36;41;44;47;48;51,29;5;5;5;5;5;5;5,481.79200291633606
8,81,r64_a1_linear_skew_rep1,64,1,linear_skew,1,1.0,0.0,24,64,112.92800307273865
8,82,r32_a4_uniform_rep0,32,4,uniform,0,0.25,0.0,5;35;54;57,8;8;8;8,261.1199915409088
8,83,r64_a1_zipf_rep1,64,1,zipf,1,1.0,0.0,24,64,111.35999858379364
8,84,r32_a1_zipf_rep1,32,1,zipf,1,1.0,0.0,45,32,111.7440015077591
8,85,r64_a4_uniform_rep0,64,4,uniform,0,0.25,0.0,9;42;56;58,16;16;16;16,260.09601354599
8,86,r32_a16_uniform_rep0,32,16,uniform,0,0.0625,0.0,3;4;5;7;8;9;15;19;21;23;25;30;36;38;45;62,2;2;2;2;2;2;2;2;2;2;2;2;2;2;2;2,906.5600037574768
8,87,r64_a1_uniform_rep2,64,1,uniform,2,1.0,0.0,58,64,109.8880022764206
8,88,r256_a1_linear_skew_rep0,256,1,linear_skew,0,1.0,0.0,62,256,112.86400258541107
8,89,r128_a1_hot50_rep2,128,1,hot50,2,1.0,0.0,38,128,103.00800204277039
8,90,r32_a4_hot50_rep0,32,4,hot50,0,0.46875,0.5077524002897476,5;35;54;57,15;6;6;5,259.8400115966797
8,91,r32_a2_uniform_rep1,32,2,uniform,1,0.5,0.0,8;20,16;16,158.87999534606934
8,92,r128_a1_zipf_rep2,128,1,zipf,2,1.0,0.0,38,128,103.74400019645691
8,93,r32_a2_linear_skew_rep1,32,2,linear_skew,1,0.65625,0.3125,8;20,21;11,159.07199680805206
8,94,r32_a4_zipf_rep0,32,4,zipf,0,0.4375,0.46770717334674267,5;35;54;57,14;8;6;4,258.14399123191833
8,95,r64_a8_linear_skew_rep0,64,8,linear_skew,0,0.203125,0.42389562394532926,7;11;36;41;44;47;48;51,13;12;10;9;7;6;4;3,478.4319996833801
8,96,r64_a8_zipf_rep1,64,8,zipf,1,0.34375,0.7207851621669248,1;10;12;17;30;31;42;43,22;11;8;6;5;4;4;4,485.85599660873413
8,97,r128_a8_linear_skew_rep2,128,8,linear_skew,2,0.21875,0.4810876349481454,0;6;9;12;25;45;56;60,28;24;21;18;14;11;8;4,505.7920217514038
8,98,r128_a2_linear_skew_rep0,128,2,linear_skew,0,0.6640625,0.328125,9;32,85;43,162.62400150299072
8,99,r256_a16_uniform_rep0,256,16,uniform,0,0.0625,0.0,0;1;3;11;12;15;17;18;22;35;42;47;50;57;58;59,16;16;16;16;16;16;16;16;16;16;16;16;16;16;16;16,919.4560050964355
8,100,r64_a2_linear_skew_rep1,64,2,linear_skew,1,0.65625,0.3125,4;5,42;22,177.47199535369873
8,101,r256_a2_uniform_rep1,256,2,uniform,1,0.5,0.0,1;5,128;128,154.55999970436096
8,102,r32_a4_linear_skew_rep1,32,4,linear_skew,1,0.375,0.3644344934278313,22;32;37;45,12;9;7;4,259.99999046325684
8,103,r128_a4_hot50_rep1,128,4,hot50,1,0.4921875,0.5594535559365049,5;9;41;59,63;22;22;21,295.52000761032104
8,104,r128_a2_zipf_rep0,128,2,zipf,0,0.6640625,0.328125,9;32,85;43,176.64000391960144
8,105,r64_a8_linear_skew_rep2,64,8,linear_skew,2,0.203125,0.42389562394532926,1;5;18;35;46;56;59;60,13;12;10;9;7;6;4;3,477.53599286079407
8,106,r64_a4_hot50_rep2,64,4,hot50,2,0.484375,0.5412658773652742,11;20;46;57,31;11;11;11,268.6080038547516
8,107,r64_a8_hot50_rep2,64,8,hot50,2,0.453125,0.9921567416492215,1;5;18;35;46;56;59;60,29;5;5;5;5;5;5;5,476.9279956817627
8,108,r256_a8_linear_skew_rep2,256,8,linear_skew,2,0.21875,0.4876402041977261,19;23;28;37;55;57;58;60,56;49;42;35;29;22;15;8,511.2000107765198
8,109,r128_a8_linear_skew_rep1,128,8,linear_skew,1,0.21875,0.4810876349481454,5;19;32;34;38;49;54;55,28;24;21;18;14;11;8;4,496.16000056266785
8,110,r256_a8_uniform_rep2,256,8,uniform,2,0.125,0.0,19;23;28;37;55;57;58;60,32;32;32;32;32;32;32;32,508.7680220603943
8,111,r64_a2_zipf_rep1,64,2,zipf,1,0.65625,0.3125,4;5,42;22,162.62400150299072
8,112,r32_a2_zipf_rep1,32,2,zipf,1,0.65625,0.3125,8;20,21;11,156.12800419330597
8,113,r64_a4_uniform_rep1,64,4,uniform,1,0.25,0.0,8;9;28;49,16;16;16;16,265.31198620796204
8,114,r128_a2_hot50_rep1,128,2,hot50,1,0.5,0.0,38;42,64;64,166.04800522327423
8,115,r128_a1_hot50_rep1,128,1,hot50,1,1.0,0.0,48,128,112.76800185441971
8,116,r256_a4_hot50_rep1,256,4,hot50,1,0.49609375,0.5683291712335379,36;50;54;61,127;43;43;43,279.7439992427826
8,117,r256_a2_zipf_rep2,256,2,zipf,2,0.6640625,0.328125,27;45,170;86,165.24800658226013
8,118,r32_a16_uniform_rep1,32,16,uniform,1,0.0625,0.0,2;10;13;18;19;24;27;28;29;42;43;45;47;48;57;59,2;2;2;2;2;2;2;2;2;2;2;2;2;2;2;2,900.8319973945618
8,119,r256_a1_uniform_rep2,256,1,uniform,2,1.0,0.0,34,256,114.14399743080139
8,120,r32_a8_uniform_rep2,32,8,uniform,2,0.125,0.0,4;10;18;29;34;60;61;63,4;4;4;4;4;4;4;4,472.896009683609
8,121,r256_a8_uniform_rep1,256,8,uniform,1,0.125,0.0,17;27;29;32;33;41;54;58,32;32;32;32;32;32;32;32,519.648015499115
8,122,r128_a4_uniform_rep0,128,4,uniform,0,0.25,0.0,37;40;48;52,32;32;32;32,285.2799892425537
8,123,r64_a1_hot50_rep1,64,1,hot50,1,1.0,0.0,24,64,108.64000022411346
8,124,r128_a4_uniform_rep1,128,4,uniform,1,0.25,0.0,5;9;41;59,32;32;32;32,282.9760015010834
8,125,r64_a16_hot50_rep2,64,16,hot50,2,0.390625,1.3607213160673275,0;5;8;14;25;27;33;34;35;36;40;42;43;46;50;56,25;3;3;3;3;3;3;3;3;3;2;2;2;2;2;2,910.4959964752197
8,126,r32_a4_hot50_rep2,32,4,hot50,2,0.46875,0.5077524002897476,10;17;31;45,15;6;6;5,260.4160010814667
8,127,r256_a2_hot50_rep1,256,2,hot50,1,0.5,0.0,1;5,128;128,153.08800339698792
8,128,r256_a4_linear_skew_rep1,256,4,linear_skew,1,0.3984375,0.44373349441134147,36;50;54;61,102;77;51;26,272.2240090370178
8,129,r256_a4_uniform_rep2,256,4,uniform,2,0.25,0.0,0;22;24;46,64;64;64;64,300.5119860172272
8,130,r64_a4_linear_skew_rep1,64,4,linear_skew,1,0.390625,0.4192627457812106,8;9;28;49,25;19;13;7,272.5119888782501
8,131,r64_a1_hot50_rep2,64,1,hot50,2,1.0,0.0,58,64,112.22399771213531
8,132,r128_a8_uniform_rep1,128,8,uniform,1,0.125,0.0,5;19;32;34;38;49;54;55,16;16;16;16;16;16;16;16,492.67199635505676
8,133,r32_a16_hot50_rep0,32,16,hot50,0,0.28125,0.9354143466934853,3;4;5;7;8;9;15;19;21;23;25;30;36;38;45;62,9;2;2;2;2;2;2;2;2;1;1;1;1;1;1;1,902.176022529602
8,134,r32_a8_uniform_rep0,32,8,uniform,0,0.125,0.0,2;11;19;21;22;41;43;52,4;4;4;4;4;4;4;4,476.76798701286316
8,135,r128_a16_uniform_rep0,128,16,uniform,0,0.0625,0.0,11;12;13;17;18;22;24;33;41;43;47;50;57;60;62;63,8;8;8;8;8;8;8;8;8;8;8;8;8;8;8;8,894.6560025215149
8,136,r32_a1_hot50_rep2,32,1,hot50,2,1.0,0.0,10,32,113.66400122642517
8,137,r256_a16_uniform_rep1,256,16,uniform,1,0.0625,0.0,7;16;19;20;21;25;27;34;35;36;40;47;56;57;60;63,16;16;16;16;16;16;16;16;16;16;16;16;16;16;16;16,899.9360203742981
8,138,r64_a8_uniform_rep0,64,8,uniform,0,0.125,0.0,7;11;36;41;44;47;48;51,8;8;8;8;8;8;8;8,476.79999470710754
8,139,r256_a4_zipf_rep1,256,4,zipf,1,0.4765625,0.551653232622179,36;50;54;61,122;62;41;31,278.81601452827454
8,140,r256_a8_zipf_rep1,256,8,zipf,1,0.359375,0.7842131307081003,17;27;29;32;33;41;54;58,92;47;32;24;19;16;14;12,499.55201148986816
8,141,r256_a16_linear_skew_rep2,256,16,linear_skew,2,0.11328125,0.5019493251315316,1;4;5;14;19;23;25;33;35;37;42;45;52;53;57;59,29;27;26;24;22;20;19;17;15;13;12;10;8;6;5;3,968.0320024490356
8,142,r64_a16_linear_skew_rep0,64,16,linear_skew,0,0.109375,0.4330127018922193,3;8;9;10;16;19;23;25;26;27;33;36;51;55;57;59,7;6;6;6;5;5;5;4;4;3;3;3;2;2;2;1,899.5199799537659
8,143,r64_a1_linear_skew_rep0,64,1,linear_skew,0,1.0,0.0,39,64,113.47199976444244
8,144,r256_a8_linear_skew_rep1,256,8,linear_skew,1,0.21875,0.4876402041977261,17;27;29;32;33;41;54;58,56;49;42;35;29;22;15;8,505.40798902511597
8,145,r256_a4_linear_skew_rep2,256,4,linear_skew,2,0.3984375,0.44373349441134147,0;22;24;46,102;77;51;26,274.3360102176666
8,146,r32_a1_linear_skew_rep0,32,1,linear_skew,0,1.0,0.0,37,32,110.20799726247787
8,147,r32_a8_hot50_rep2,32,8,hot50,2,0.40625,0.8569568250501305,4;10;18;29;34;60;61;63,13;3;3;3;3;3;2;2,469.7920083999634
8,148,r32_a2_linear_skew_rep2,32,2,linear_skew,2,0.65625,0.3125,1;48,21;11,157.8879952430725
8,149,r64_a2_hot50_rep0,64,2,hot50,0,0.5,0.0,16;17,32;32,160.8320027589798
8,150,r128_a1_linear_skew_rep1,128,1,linear_skew,1,1.0,0.0,48,128,101.6319990158081
8,151,r256_a8_hot50_rep2,256,8,hot50,2,0.48828125,1.0985386244347533,19;23;28;37;55;57;58;60,125;19;19;19;19;19;18;18,532.480001449585
8,152,r128_a1_uniform_rep2,128,1,uniform,2,1.0,0.0,38,128,115.74400216341019
8,153,r128_a8_hot50_rep1,128,8,hot50,1,0.4765625,1.0634187204483472,5;19;32;34;38;49;54;55,61;10;10;10;10;9;9;9,482.87999629974365
8,154,r256_a4_uniform_rep1,256,4,uniform,1,0.25,0.0,36;50;54;61,64;64;64;64,298.335999250412
8,155,r64_a16_uniform_rep1,64,16,uniform,1,0.0625,0.0,15;18;20;28;29;31;35;36;39;44;45;50;52;53;54;59,4;4;4;4;4;4;4;4;4;4;4;4;4;4;4;4,899.9040126800537
8,156,r256_a2_zipf_rep0,256,2,zipf,0,0.6640625,0.328125,4;62,170;86,166.97600483894348
8,157,r32_a8_linear_skew_rep1,32,8,linear_skew,1,0.1875,0.375,12;15;17;18;39;41;47;58,6;6;5;4;4;3;2;2,473.34399819374084
8,158,r64_a8_linear_skew_rep1,64,8,linear_skew,1,0.203125,0.42389562394532926,1;10;12;17;30;31;42;43,13;12;10;9;7;6;4;3,482.6880097389221
8,159,r32_a16_linear_skew_rep0,32,16,linear_skew,0,0.09375,0.3535533905932738,3;4;5;7;8;9;15;19;21;23;25;30;36;38;45;62,3;3;3;3;2;2;2;2;2;2;2;2;1;1;1;1,896.0639834403992
8,160,r128_a2_linear_skew_rep2,128,2,linear_skew,2,0.6640625,0.328125,23;32,85;43,165.8560037612915
8,161,r256_a2_zipf_rep1,256,2,zipf,1,0.6640625,0.328125,1;5,170;86,160.288006067276
8,162,r128_a16_zipf_rep1,128,16,zipf,1,0.265625,0.967236721283885,3;6;12;15;21;27;30;33;40;42;45;46;48;52;60;62,34;18;12;9;8;6;6;5;5;4;4;4;4;3;3;3,909.9839925765991
8,163,r64_a16_uniform_rep0,64,16,uniform,0,0.0625,0.0,3;8;9;10;16;19;23;25;26;27;33;36;51;55;57;59,4;4;4;4;4;4;4;4;4;4;4;4;4;4;4;4,899.7439742088318
8,164,r32_a8_hot50_rep0,32,8,hot50,0,0.40625,0.8569568250501305,2;11;19;21;22;41;43;52,13;3;3;3;3;3;2;2,477.34400629997253
8,165,r64_a2_linear_skew_rep2,64,2,linear_skew,2,0.65625,0.3125,45;50,42;22,165.6000018119812
8,166,r128_a4_linear_skew_rep1,128,4,linear_skew,1,0.3984375,0.44028133761266786,5;9;41;59,51;38;26;13,280.67201375961304
8,167,r128_a16_uniform_rep1,128,16,uniform,1,0.0625,0.0,3;6;12;15;21;27;30;33;40;42;45;46;48;52;60;62,8;8;8;8;8;8;8;8;8;8;8;8;8;8;8;8,898.751974105835
8,168,r64_a2_uniform_rep2,64,2,uniform,2,0.5,0.0,45;50,32;32,162.33600676059723
8,169,r32_a4_zipf_rep1,32,4,zipf,1,0.4375,0.46770717334674267,22;32;37;45,14;8;6;4,257.31199979782104
8,170,r128_a16_zipf_rep0,128,16,zipf,0,0.265625,0.967236721283885,11;12;13;17;18;22;24;33;41;43;47;50;57;60;62;63,34;18;12;9;8;6;6;5;5;4;4;4;4;3;3;3,914.5920276641846
8,171,r32_a1_uniform_rep1,32,1,uniform,1,1.0,0.0,45,32,115.48800021409988
8,172,r256_a2_uniform_rep2,256,2,uniform,2,0.5,0.0,27;45,128;128,171.1679995059967
8,173,r256_a1_hot50_rep1,256,1,hot50,1,1.0,0.0,13,256,115.55200070142746
8,174,r32_a1_hot50_rep1,32,1,hot50,1,1.0,0.0,45,32,107.39199817180634
8,175,r64_a1_uniform_rep1,64,1,uniform,1,1.0,0.0,24,64,107.10400342941284
8,176,r32_a2_hot50_rep1,32,2,hot50,1,0.5,0.0,8;20,16;16,151.0079950094223
8,177,r32_a16_linear_skew_rep2,32,16,linear_skew,2,0.09375,0.3535533905932738,2;4;11;15;18;19;23;30;32;39;45;47;53;54;58;60,3;3;3;3;2;2;2;2;2;2;2;2;1;1;1;1,918.3679819107056
8,178,r128_a8_zipf_rep2,128,8,zipf,2,0.3515625,0.7551903733496608,0;6;9;12;25;45;56;60,45;23;16;12;10;8;7;7,489.47200179100037
8,179,r256_a16_hot50_rep0,256,16,hot50,0,0.47265625,1.6944302139657448,0;1;3;11;12;15;17;18;22;35;42;47;50;57;58;59,121;9;9;9;9;9;9;9;9;9;9;9;9;9;9;9,909.3120098114014
8,180,r256_a2_uniform_rep0,256,2,uniform,0,0.5,0.0,4;62,128;128,154.36799824237823
8,181,r256_a2_hot50_rep0,256,2,hot50,0,0.5,0.0,4;62,128;128,149.6960073709488
8,182,r128_a1_linear_skew_rep0,128,1,linear_skew,0,1.0,0.0,48,128,104.19200360774994
8,183,r32_a4_uniform_rep1,32,4,uniform,1,0.25,0.0,22;32;37;45,8;8;8;8,264.99199867248535
8,184,r64_a4_hot50_rep1,64,4,hot50,1,0.484375,0.5412658773652742,8;9;28;49,31;11;11;11,268.2560086250305
8,185,r64_a2_uniform_rep0,64,2,uniform,0,0.5,0.0,16;17,32;32,162.56000101566315
8,186,r256_a2_linear_skew_rep0,256,2,linear_skew,0,0.6640625,0.328125,4;62,170;86,163.71199488639832
8,187,r64_a8_zipf_rep2,64,8,zipf,2,0.34375,0.7207851621669248,1;5;18;35;46;56;59;60,22;11;8;6;5;4;4;4,479.8719882965088
8,188,r128_a16_hot50_rep1,128,16,hot50,1,0.4453125,1.5823736126465204,3;6;12;15;21;27;30;33;40;42;45;46;48;52;60;62,57;5;5;5;5;5;5;5;5;5;5;5;4;4;4;4,904.3520092964172
8,189,r128_a2_uniform_rep0,128,2,uniform,0,0.5,0.0,9;32,64;64,162.04799711704254
8,190,r64_a16_hot50_rep0,64,16,hot50,0,0.390625,1.3607213160673275,3;8;9;10;16;19;23;25;26;27;33;36;51;55;57;59,25;3;3;3;3;3;3;3;3;3;2;2;2;2;2;2,900.4799723625183
8,191,r32_a1_zipf_rep2,32,1,zipf,2,1.0,0.0,10,32,112.8000020980835
8,192,r256_a1_uniform_rep0,256,1,uniform,0,1.0,0.0,62,256,110.43199896812439
8,193,r64_a4_zipf_rep0,64,4,zipf,0,0.46875,0.5284854539152426,9;42;56;58,30;15;11;8,265.1839852333069
8,194,r32_a2_zipf_rep0,32,2,zipf,0,0.65625,0.3125,7;54,21;11,156.6080003976822
8,195,r256_a16_zipf_rep0,256,16,zipf,0,0.28125,1.0404419884116558,0;1;3;11;12;15;17;18;22;35;42;47;50;57;58;59,72;37;25;19;15;13;11;10;9;8;7;7;6;6;6;5,929.85600233078
8,196,r128_a1_uniform_rep0,128,1,uniform,0,1.0,0.0,48,128,104.96000200510025
8,197,r128_a4_zipf_rep0,128,4,zipf,0,0.46875,0.5326268921581034,37;40;48;52,60;31;21;16,278.9759933948517
8,198,r64_a4_zipf_rep2,64,4,zipf,2,0.46875,0.5284854539152426,11;20;46;57,30;15;11;8,263.42400908470154
8,199,r128_a1_linear_skew_rep2,128,1,linear_skew,2,1.0,0.0,38,128,102.08000242710114
8,200,r32_a8_linear_skew_rep0,32,8,linear_skew,0,0.1875,0.375,2;11;19;21;22;41;43;52,6;6;5;4;4;3;2;2,468.7039852142334
8,201,r64_a2_zipf_rep2,64,2,zipf,2,0.65625,0.3125,45;50,42;22,181.95199966430664
8,202,r128_a1_zipf_rep1,128,1,zipf,1,1.0,0.0,48,128,104.80000078678131
8,203,r64_a8_zipf_rep0,64,8,zipf,0,0.34375,0.7207851621669248,7;11;36;41;44;47;48;51,22;11;8;6;5;4;4;4,479.0079891681671
8,204,r64_a1_uniform_rep0,64,1,uniform,0,1.0,0.0,39,64,108.70400071144104
8,205,r32_a4_linear_skew_rep2,32,4,linear_skew,2,0.375,0.3644344934278313,10;17;31;45,12;9;7;4,260.8959972858429
8,206,r128_a2_uniform_rep1,128,2,uniform,1,0.5,0.0,38;42,64;64,162.52799332141876
8,207,r32_a1_uniform_rep2,32,1,uniform,2,1.0,0.0,10,32,107.744000852108
8,208,r128_a2_linear_skew_rep1,128,2,linear_skew,1,0.6640625,0.328125,38;42,85;43,158.81599485874176
8,209,r128_a4_zipf_rep1,128,4,zipf,1,0.46875,0.5326268921581034,5;9;41;59,60;31;21;16,274.4959890842438
8,210,r128_a16_uniform_rep2,128,16,uniform,2,0.0625,0.0,2;3;4;5;10;12;24;25;30;36;39;49;55;56;59;60,8;8;8;8;8;8;8;8;8;8;8;8;8;8;8;8,902.5279879570007
8,211,r32_a8_linear_skew_rep2,32,8,linear_skew,2,0.1875,0.375,4;10;18;29;34;60;61;63,6;6;5;4;4;3;2;2,470.68798542022705
8,212,r128_a1_hot50_rep0,128,1,hot50,0,1.0,0.0,48,128,103.2319962978363
8,213,r256_a1_zipf_rep2,256,1,zipf,2,1.0,0.0,34,256,110.84800213575363
8,214,r64_a16_zipf_rep1,64,16,zipf,1,0.234375,0.8244316223920575,15;18;20;28;29;31;35;36;39;44;45;50;52;53;54;59,15;8;6;5;4;3;3;3;3;2;2;2;2;2;2;2,912.7680063247681
8,215,r128_a2_uniform_rep2,128,2,uniform,2,0.5,0.0,23;32,64;64,164.5440012216568
8,216,r32_a4_uniform_rep2,32,4,uniform,2,0.25,0.0,10;17;31;45,8;8;8;8,256.3839852809906
8,217,r128_a4_linear_skew_rep2,128,4,linear_skew,2,0.3984375,0.44028133761266786,0;11;15;55,51;38;26;13,278.27200293540955
8,218,r128_a4_uniform_rep2,128,4,uniform,2,0.25,0.0,0;11;15;55,32;32;32;32,279.7119915485382
8,219,r32_a1_uniform_rep0,32,1,uniform,0,1.0,0.0,37,32,109.37599837779999
8,220,r32_a2_uniform_rep2,32,2,uniform,2,0.5,0.0,1;48,16;16,150.84800124168396
8,221,r256_a8_zipf_rep2,256,8,zipf,2,0.359375,0.7842131307081003,19;23;28;37;55;57;58;60,92;47;32;24;19;16;14;12,495.6800043582916
8,222,r128_a8_uniform_rep2,128,8,uniform,2,0.125,0.0,0;6;9;12;25;45;56;60,16;16;16;16;16;16;16;16,469.02400255203247
8,223,r32_a16_zipf_rep0,32,16,zipf,0,0.1875,0.6123724356957945,3;4;5;7;8;9;15;19;21;23;25;30;36;38;45;62,6;3;3;2;2;2;2;2;2;2;1;1;1;1;1;1,897.9520201683044
8,224,r256_a2_hot50_rep2,256,2,hot50,2,0.5,0.0,27;45,128;128,153.21600437164307
8,225,r256_a4_hot50_rep0,256,4,hot50,0,0.49609375,0.5683291712335379,6;27;28;50,127;43;43;43,283.7759852409363
8,226,r128_a8_hot50_rep2,128,8,hot50,2,0.4765625,1.0634187204483472,0;6;9;12;25;45;56;60,61;10;10;10;10;9;9;9,478.84801030158997
8,227,r128_a2_hot50_rep2,128,2,hot50,2,0.5,0.0,23;32,64;64,162.9759967327118
8,228,r256_a16_zipf_rep1,256,16,zipf,1,0.28125,1.0404419884116558,7;16;19;20;21;25;27;34;35;36;40;47;56;57;60;63,72;37;25;19;15;13;11;10;9;8;7;7;6;6;6;5,947.0080137252808
8,229,r32_a1_linear_skew_rep1,32,1,linear_skew,1,1.0,0.0,45,32,124.79999661445618
8,230,r32_a2_hot50_rep2,32,2,hot50,2,0.5,0.0,1;48,16;16,156.89599514007568
8,231,r32_a8_zipf_rep0,32,8,zipf,0,0.3125,0.6123724356957945,2;11;19;21;22;41;43;52,10;5;4;3;3;3;2;2,476.063996553421
8,232,r256_a1_zipf_rep1,256,1,zipf,1,1.0,0.0,13,256,118.40000003576279
8,233,r64_a2_hot50_rep1,64,2,hot50,1,0.5,0.0,4;5,32;32,166.17600619792938
8,234,r256_a16_hot50_rep1,256,16,hot50,1,0.47265625,1.6944302139657448,7;16;19;20;21;25;27;34;35;36;40;47;56;57;60;63,121;9;9;9;9;9;9;9;9;9;9;9;9;9;9;9,913.536012172699
8,235,r64_a4_uniform_rep2,64,4,uniform,2,0.25,0.0,11;20;46;57,16;16;16;16,257.4720084667206
8,236,r128_a4_hot50_rep0,128,4,hot50,0,0.4921875,0.5594535559365049,37;40;48;52,63;22;22;21,280.7359993457794
8,237,r64_a16_hot50_rep1,64,16,hot50,1,0.390625,1.3607213160673275,15;18;20;28;29;31;35;36;39;44;45;50;52;53;54;59,25;3;3;3;3;3;3;3;3;3;2;2;2;2;2;2,901.4080166816711
8,238,r256_a4_zipf_rep0,256,4,zipf,0,0.4765625,0.551653232622179,6;27;28;50,122;62;41;31,277.40800380706787
8,239,r64_a1_hot50_rep0,64,1,hot50,0,1.0,0.0,39,64,108.8000014424324
9,0,r64_a4_linear_skew_rep1,64,4,linear_skew,1,0.390625,0.4192627457812106,8;9;28;49,25;19;13;7,278.3679962158203
9,1,r256_a1_zipf_rep1,256,1,zipf,1,1.0,0.0,13,256,112.89600282907486
9,2,r64_a1_zipf_rep0,64,1,zipf,0,1.0,0.0,39,64,107.58399963378906
9,3,r256_a16_uniform_rep0,256,16,uniform,0,0.0625,0.0,0;1;3;11;12;15;17;18;22;35;42;47;50;57;58;59,16;16;16;16;16;16;16;16;16;16;16;16;16;16;16;16,902.1440148353577
9,4,r256_a4_uniform_rep1,256,4,uniform,1,0.25,0.0,36;50;54;61,64;64;64;64,282.52801299095154
9,5,r256_a1_zipf_rep2,256,1,zipf,2,1.0,0.0,34,256,111.10399663448334
9,6,r128_a8_linear_skew_rep1,128,8,linear_skew,1,0.21875,0.4810876349481454,5;19;32;34;38;49;54;55,28;24;21;18;14;11;8;4,504.1919946670532
9,7,r32_a2_zipf_rep0,32,2,zipf,0,0.65625,0.3125,7;54,21;11,157.05600380897522
9,8,r128_a4_uniform_rep1,128,4,uniform,1,0.25,0.0,5;9;41;59,32;32;32;32,278.4000039100647
9,9,r32_a16_hot50_rep1,32,16,hot50,1,0.28125,0.9354143466934853,2;10;13;18;19;24;27;28;29;42;43;45;47;48;57;59,9;2;2;2;2;2;2;2;2;1;1;1;1;1;1;1,895.0719833374023
9,10,r64_a16_hot50_rep2,64,16,hot50,2,0.390625,1.3607213160673275,0;5;8;14;25;27;33;34;35;36;40;42;43;46;50;56,25;3;3;3;3;3;3;3;3;3;2;2;2;2;2;2,908.9919924736023
9,11,r128_a1_uniform_rep2,128,1,uniform,2,1.0,0.0,38,128,104.96000200510025
9,12,r64_a16_hot50_rep1,64,16,hot50,1,0.390625,1.3607213160673275,15;18;20;28;29;31;35;36;39;44;45;50;52;53;54;59,25;3;3;3;3;3;3;3;3;3;2;2;2;2;2;2,920.1599955558777
9,13,r64_a8_zipf_rep0,64,8,zipf,0,0.34375,0.7207851621669248,7;11;36;41;44;47;48;51,22;11;8;6;5;4;4;4,509.15199518203735
9,14,r128_a2_hot50_rep0,128,2,hot50,0,0.5,0.0,9;32,64;64,166.01599752902985
9,15,r64_a4_hot50_rep2,64,4,hot50,2,0.484375,0.5412658773652742,11;20;46;57,31;11;11;11,263.68001103401184
9,16,r256_a8_linear_skew_rep0,256,8,linear_skew,0,0.21875,0.4876402041977261,0;5;10;21;27;34;36;50,56;49;42;35;29;22;15;8,509.2480182647705
9,17,r64_a8_zipf_rep2,64,8,zipf,2,0.34375,0.7207851621669248,1;5;18;35;46;56;59;60,22;11;8;6;5;4;4;4,477.4720072746277
9,18,r64_a1_hot50_rep1,64,1,hot50,1,1.0,0.0,24,64,112.22399771213531
9,19,r128_a16_uniform_rep2,128,16,uniform,2,0.0625,0.0,2;3;4;5;10;12;24;25;30;36;39;49;55;56;59;60,8;8;8;8;8;8;8;8;8;8;8;8;8;8;8;8,898.2080221176147
9,20,r32_a1_hot50_rep2,32,1,hot50,2,1.0,0.0,10,32,110.68800091743469
9,21,r256_a2_zipf_rep0,256,2,zipf,0,0.6640625,0.328125,4;62,170;86,162.27200627326965
9,22,r256_a2_hot50_rep1,256,2,hot50,1,0.5,0.0,1;5,128;128,149.1519957780838
9,23,r32_a16_zipf_rep1,32,16,zipf,1,0.1875,0.6123724356957945,2;10;13;18;19;24;27;28;29;42;43;45;47;48;57;59,6;3;3;2;2;2;2;2;2;2;1;1;1;1;1;1,898.7839818000793
9,24,r128_a2_hot50_rep2,128,2,hot50,2,0.5,0.0,23;32,64;64,165.50399363040924
9,25,r128_a8_uniform_rep0,128,8,uniform,0,0.125,0.0,2;4;14;17;27;37;53;57,16;16;16;16;16;16;16;16,472.51200675964355
9,26,r64_a4_hot50_rep1,64,4,hot50,1,0.484375,0.5412658773652742,8;9;28;49,31;11;11;11,267.520010471344
9,27,r64_a8_hot50_rep2,64,8,hot50,2,0.453125,0.9921567416492215,1;5;18;35;46;56;59;60,29;5;5;5;5;5;5;5,475.8720099925995
9,28,r256_a4_uniform_rep2,256,4,uniform,2,0.25,0.0,0;22;24;46,64;64;64;64,279.10399436950684
9,29,r128_a1_linear_skew_rep0,128,1,linear_skew,0,1.0,0.0,48,128,103.4879982471466
9,30,r256_a16_zipf_rep2,256,16,zipf,2,0.28125,1.0404419884116558,1;4;5;14;19;23;25;33;35;37;42;45;52;53;57;59,72;37;25;19;15;13;11;10;9;8;7;7;6;6;6;5,920.6399917602539
9,31,r128_a2_uniform_rep2,128,2,uniform,2,0.5,0.0,23;32,64;64,163.35999965667725
9,32,r32_a1_linear_skew_rep2,32,1,linear_skew,2,1.0,0.0,10,32,109.69600081443787
9,33,r32_a8_zipf_rep2,32,8,zipf,2,0.3125,0.6123724356957945,4;10;18;29;34;60;61;63,10;5;4;3;3;3;2;2,475.19999742507935
9,34,r32_a4_hot50_rep2,32,4,hot50,2,0.46875,0.5077524002897476,10;17;31;45,15;6;6;5,253.9519965648651
9,35,r128_a16_linear_skew_rep2,128,16,linear_skew,2,0.109375,0.4759858191164943,2;3;4;5;10;12;24;25;30;36;39;49;55;56;59;60,14;13;13;12;11;10;9;8;8;7;6;5;4;3;3;2,900.160014629364
9,36,r32_a16_linear_skew_rep2,32,16,linear_skew,2,0.09375,0.3535533905932738,2;4;11;15;18;19;23;30;32;39;45;47;53;54;58;60,3;3;3;3;2;2;2;2;2;2;2;2;1;1;1;1,905.0559997558594
9,37,r256_a4_zipf_rep0,256,4,zipf,0,0.4765625,0.551653232622179,6;27;28;50,122;62;41;31,300.31999945640564
9,38,r64_a4_uniform_rep1,64,4,uniform,1,0.25,0.0,8;9;28;49,16;16;16;16,259.7759962081909
9,39,r128_a1_uniform_rep1,128,1,uniform,1,1.0,0.0,48,128,106.33599758148193
9,40,r256_a2_linear_skew_rep0,256,2,linear_skew,0,0.6640625,0.328125,4;62,170;86,162.75200247764587
9,41,r256_a2_zipf_rep1,256,2,zipf,1,0.6640625,0.328125,1;5,170;86,158.65600109100342
9,42,r256_a1_uniform_rep2,256,1,uniform,2,1.0,0.0,34,256,109.0880036354065
9,43,r256_a4_linear_skew_rep1,256,4,linear_skew,1,0.3984375,0.44373349441134147,36;50;54;61,102;77;51;26,273.53599667549133
9,44,r32_a2_uniform_rep2,32,2,uniform,2,0.5,0.0,1;48,16;16,150.751993060112
9,45,r64_a1_uniform_rep2,64,1,uniform,2,1.0,0.0,58,64,111.10399663448334
9,46,r64_a1_zipf_rep2,64,1,zipf,2,1.0,0.0,58,64,104.96000200510025
9,47,r256_a8_uniform_rep1,256,8,uniform,1,0.125,0.0,17;27;29;32;33;41;54;58,32;32;32;32;32;32;32;32,515.392005443573
9,48,r64_a16_uniform_rep1,64,16,uniform,1,0.0625,0.0,15;18;20;28;29;31;35;36;39;44;45;50;52;53;54;59,4;4;4;4;4;4;4;4;4;4;4;4;4;4;4;4,894.5599794387817
9,49,r64_a4_zipf_rep0,64,4,zipf,0,0.46875,0.5284854539152426,9;42;56;58,30;15;11;8,269.9199914932251
9,50,r64_a16_zipf_rep0,64,16,zipf,0,0.234375,0.8244316223920575,3;8;9;10;16;19;23;25;26;27;33;36;51;55;57;59,15;8;6;5;4;3;3;3;3;2;2;2;2;2;2;2,890.55997133255
9,51,r128_a1_hot50_rep1,128,1,hot50,1,1.0,0.0,48,128,104.3199971318245
9,52,r128_a8_hot50_rep2,128,8,hot50,2,0.4765625,1.0634187204483472,0;6;9;12;25;45;56;60,61;10;10;10;10;9;9;9,478.5600006580353
9,53,r256_a4_uniform_rep0,256,4,uniform,0,0.25,0.0,6;27;28;50,64;64;64;64,278.8800001144409
9,54,r32_a1_zipf_rep0,32,1,zipf,0,1.0,0.0,37,32,108.83200168609619
9,55,r256_a2_uniform_rep2,256,2,uniform,2,0.5,0.0,27;45,128;128,159.743994474411
9,56,r256_a1_hot50_rep2,256,1,hot50,2,1.0,0.0,34,256,110.33599823713303
9,57,r128_a4_hot50_rep0,128,4,hot50,0,0.4921875,0.5594535559365049,37;40;48;52,63;22;22;21,283.55199098587036
9,58,r256_a8_zipf_rep2,256,8,zipf,2,0.359375,0.7842131307081003,19;23;28;37;55;57;58;60,92;47;32;24;19;16;14;12,498.59198927879333
9,59,r256_a4_linear_skew_rep2,256,4,linear_skew,2,0.3984375,0.44373349441134147,0;22;24;46,102;77;51;26,274.1760015487671
9,60,r32_a2_hot50_rep2,32,2,hot50,2,0.5,0.0,1;48,16;16,150.4639983177185
9,61,r256_a4_zipf_rep1,256,4,zipf,1,0.4765625,0.551653232622179,36;50;54;61,122;62;41;31,275.2319872379303
9,62,r32_a4_zipf_rep0,32,4,zipf,0,0.4375,0.46770717334674267,5;35;54;57,14;8;6;4,256.9279968738556
9,63,r128_a8_zipf_rep1,128,8,zipf,1,0.3515625,0.7551903733496608,5;19;32;34;38;49;54;55,45;23;16;12;10;8;7;7,485.02400517463684
9,64,r128_a4_zipf_rep1,128,4,zipf,1,0.46875,0.5326268921581034,5;9;41;59,60;31;21;16,277.9200077056885
9,65,r32_a2_zipf_rep2,32,2,zipf,2,0.65625,0.3125,1;48,21;11,156.3519984483719
9,66,r32_a8_hot50_rep2,32,8,hot50,2,0.40625,0.8569568250501305,4;10;18;29;34;60;61;63,13;3;3;3;3;3;2;2,490.911990404129
9,67,r32_a8_uniform_rep2,32,8,uniform,2,0.125,0.0,4;10;18;29;34;60;61;63,4;4;4;4;4;4;4;4,476.8640100955963
9,68,r64_a8_uniform_rep0,64,8,uniform,0,0.125,0.0,7;11;36;41;44;47;48;51,8;8;8;8;8;8;8;8,490.81599712371826
9,69,r128_a4_linear_skew_rep2,128,4,linear_skew,2,0.3984375,0.44028133761266786,0;11;15;55,51;38;26;13,281.18398785591125
9,70,r256_a16_hot50_rep0,256,16,hot50,0,0.47265625,1.6944302139657448,0;1;3;11;12;15;17;18;22;35;42;47;50;57;58;59,121;9;9;9;9;9;9;9;9;9;9;9;9;9;9;9,903.1680226325989
9,71,r256_a16_uniform_rep1,256,16,uniform,1,0.0625,0.0,7;16;19;20;21;25;27;34;35;36;40;47;56;57;60;63,16;16;16;16;16;16;16;16;16;16;16;16;16;16;16;16,898.144006729126
9,72,r256_a16_linear_skew_rep1,256,16,linear_skew,1,0.11328125,0.5019493251315316,7;16;19;20;21;25;27;34;35;36;40;47;56;57;60;63,29;27;26;24;22;20;19;17;15;13;12;10;8;6;5;3,954.1119933128357
9,73,r32_a1_zipf_rep2,32,1,zipf,2,1.0,0.0,10,32,113.6000007390976
9,74,r256_a8_linear_skew_rep1,256,8,linear_skew,1,0.21875,0.4876402041977261,17;27;29;32;33;41;54;58,56;49;42;35;29;22;15;8,515.0399804115295
9,75,r32_a4_hot50_rep1,32,4,hot50,1,0.46875,0.5077524002897476,22;32;37;45,15;6;6;5,255.10400533676147
9,76,r64_a1_linear_skew_rep1,64,1,linear_skew,1,1.0,0.0,24,64,108.86400192975998
9,77,r128_a16_zipf_rep1,128,16,zipf,1,0.265625,0.967236721283885,3;6;12;15;21;27;30;33;40;42;45;46;48;52;60;62,34;18;12;9;8;6;6;5;5;4;4;4;4;3;3;3,904.4479727745056
9,78,r256_a1_linear_skew_rep1,256,1,linear_skew,1,1.0,0.0,13,256,113.79200220108032
9,79,r256_a4_zipf_rep2,256,4,zipf,2,0.4765625,0.551653232622179,0;22;24;46,122;62;41;31,277.5999903678894
9,80,r64_a8_linear_skew_rep2,64,8,linear_skew,2,0.203125,0.42389562394532926,1;5;18;35;46;56;59;60,13;12;10;9;7;6;4;3,477.60000824928284
9,81,r64_a16_hot50_rep0,64,16,hot50,0,0.390625,1.3607213160673275,3;8;9;10;16;19;23;25;26;27;33;36;51;55;57;59,25;3;3;3;3;3;3;3;3;3;2;2;2;2;2;2,906.6879749298096
9,82,r128_a1_zipf_rep1,128,1,zipf,1,1.0,0.0,48,128,103.00800204277039
9,83,r256_a16_linear_skew_rep2,256,16,linear_skew,2,0.11328125,0.5019493251315316,1;4;5;14;19;23;25;33;35;37;42;45;52;53;57;59,29;27;26;24;22;20;19;17;15;13;12;10;8;6;5;3,958.3359956741333
9,84,r256_a4_linear_skew_rep0,256,4,linear_skew,0,0.3984375,0.44373349441134147,6;27;28;50,102;77;51;26,275.58401226997375
9,85,r256_a8_uniform_rep0,256,8,uniform,0,0.125,0.0,0;5;10;21;27;34;36;50,32;32;32;32;32;32;32;32,516.3519978523254
9,86,r32_a1_uniform_rep0,32,1,uniform,0,1.0,0.0,37,32,122.40000069141388
9,87,r32_a2_hot50_rep0,32,2,hot50,0,0.5,0.0,7;54,16;16,154.30399775505066
9,88,r64_a4_linear_skew_rep2,64,4,linear_skew,2,0.390625,0.4192627457812106,11;20;46;57,25;19;13;7,272.4800109863281
9,89,r128_a2_linear_skew_rep2,128,2,linear_skew,2,0.6640625,0.328125,23;32,85;43,158.33599865436554
9,90,r64_a1_zipf_rep1,64,1,zipf,1,1.0,0.0,24,64,107.2319969534874
9,91,r32_a16_uniform_rep0,32,16,uniform,0,0.0625,0.0,3;4;5;7;8;9;15;19;21;23;25;30;36;38;45;62,2;2;2;2;2;2;2;2;2;2;2;2;2;2;2;2,915.4239892959595
9,92,r256_a2_linear_skew_rep1,256,2,linear_skew,1,0.6640625,0.328125,1;5,170;86,171.1360067129135
9,93,r128_a1_uniform_rep0,128,1,uniform,0,1.0,0.0,48,128,103.45599800348282
9,94,r64_a8_uniform_rep1,64,8,uniform,1,0.125,0.0,1;10;12;17;30;31;42;43,8;8;8;8;8;8;8;8,477.79199481010437
9,95,r128_a1_linear_skew_rep2,128,1,linear_skew,2,1.0,0.0,38,128,103.00800204277039
9,96,r256_a1_linear_skew_rep0,256,1,linear_skew,0,1.0,0.0,62,256,111.7120012640953
9,97,r128_a8_hot50_rep0,128,8,hot50,0,0.4765625,1.0634187204483472,2;4;14;17;27;37;53;57,61;10;10;10;10;9;9;9,480.8320105075836
9,98,r256_a16_hot50_rep2,256,16,hot50,2,0.47265625,1.6944302139657448,1;4;5;14;19;23;25;33;35;37;42;45;52;53;57;59,121;9;9;9;9;9;9;9;9;9;9;9;9;9;9;9,979.2640209197998
9,99,r32_a16_zipf_rep2,32,16,zipf,2,0.1875,0.6123724356957945,2;4;11;15;18;19;23;30;32;39;45;47;53;54;58;60,6;3;3;2;2;2;2;2;2;2;1;1;1;1;1;1,1091.6800498962402
9,100,r64_a2_uniform_rep0,64,2,uniform,0,0.5,0.0,16;17,32;32,201.56799256801605
9,101,r128_a16_hot50_rep1,128,16,hot50,1,0.4453125,1.5823736126465204,3;6;12;15;21;27;30;33;40;42;45;46;48;52;60;62,57;5;5;5;5;5;5;5;5;5;5;5;4;4;4;4,1143.1679725646973
9,102,r64_a2_linear_skew_rep0,64,2,linear_skew,0,0.65625,0.3125,16;17,42;22,197.56799936294556
9,103,r32_a8_hot50_rep1,32,8,hot50,1,0.40625,0.8569568250501305,12;15;17;18;39;41;47;58,13;3;3;3;3;3;2;2,578.8480043411255
9,104,r64_a2_zipf_rep0,64,2,zipf,0,0.65625,0.3125,16;17,42;22,197.4720060825348
9,105,r128_a8_linear_skew_rep2,128,8,linear_skew,2,0.21875,0.4810876349481454,0;6;9;12;25;45;56;60,28;24;21;18;14;11;8;4,616.9599890708923
9,106,r64_a4_zipf_rep2,64,4,zipf,2,0.46875,0.5284854539152426,11;20;46;57,30;15;11;8,324.38400387763977
9,107,r256_a1_hot50_rep1,256,1,hot50,1,1.0,0.0,13,256,135.04000008106232
9,108,r64_a8_linear_skew_rep1,64,8,linear_skew,1,0.203125,0.42389562394532926,1;10;12;17;30;31;42;43,13;12;10;9;7;6;4;3,508.512020111084
9,109,r32_a1_linear_skew_rep0,32,1,linear_skew,0,1.0,0.0,37,32,112.06399649381638
9,110,r32_a4_zipf_rep2,32,4,zipf,2,0.4375,0.46770717334674267,10;17;31;45,14;8;6;4,258.30399990081787
9,111,r256_a4_hot50_rep0,256,4,hot50,0,0.49609375,0.5683291712335379,6;27;28;50,127;43;43;43,316.2879943847656
9,112,r256_a2_hot50_rep2,256,2,hot50,2,0.5,0.0,27;45,128;128,152.48000621795654
9,113,r32_a8_linear_skew_rep2,32,8,linear_skew,2,0.1875,0.375,4;10;18;29;34;60;61;63,6;6;5;4;4;3;2;2,480.76799511909485
9,114,r128_a8_hot50_rep1,128,8,hot50,1,0.4765625,1.0634187204483472,5;19;32;34;38;49;54;55,61;10;10;10;10;9;9;9,500.19198656082153
9,115,r32_a8_hot50_rep0,32,8,hot50,0,0.40625,0.8569568250501305,2;11;19;21;22;41;43;52,13;3;3;3;3;3;2;2,476.28799080848694
9,116,r256_a1_hot50_rep0,256,1,hot50,0,1.0,0.0,62,256,117.18399822711945
9,117,r64_a2_zipf_rep2,64,2,zipf,2,0.65625,0.3125,45;50,42;22,166.87999665737152
9,118,r256_a1_uniform_rep0,256,1,uniform,0,1.0,0.0,62,256,108.25599730014801
9,119,r32_a4_hot50_rep0,32,4,hot50,0,0.46875,0.5077524002897476,5;35;54;57,15;6;6;5,259.7759962081909
9,120,r128_a2_hot50_rep1,128,2,hot50,1,0.5,0.0,38;42,64;64,163.96799683570862
9,121,r256_a2_linear_skew_rep2,256,2,linear_skew,2,0.6640625,0.328125,27;45,170;86,160.7999950647354
9,122,r128_a4_linear_skew_rep0,128,4,linear_skew,0,0.3984375,0.44028133761266786,37;40;48;52,51;38;26;13,280.5440127849579
9,123,r32_a16_uniform_rep2,32,16,uniform,2,0.0625,0.0,2;4;11;15;18;19;23;30;32;39;45;47;53;54;58;60,2;2;2;2;2;2;2;2;2;2;2;2;2;2;2;2,924.5120286941528
9,124,r256_a8_linear_skew_rep2,256,8,linear_skew,2,0.21875,0.4876402041977261,19;23;28;37;55;57;58;60,56;49;42;35;29;22;15;8,509.66399908065796
9,125,r128_a2_zipf_rep2,128,2,zipf,2,0.6640625,0.328125,23;32,85;43,159.19999778270721
9,126,r128_a8_linear_skew_rep0,128,8,linear_skew,0,0.21875,0.4810876349481454,2;4;14;17;27;37;53;57,28;24;21;18;14;11;8;4,496.832013130188
9,127,r32_a4_uniform_rep2,32,4,uniform,2,0.25,0.0,10;17;31;45,8;8;8;8,256.5760016441345
9,128,r256_a2_hot50_rep0,256,2,hot50,0,0.5,0.0,4;62,128;128,151.19999647140503
9,129,r256_a2_uniform_rep0,256,2,uniform,0,0.5,0.0,4;62,128;128,148.8959938287735
9,130,r64_a1_hot50_rep2,64,1,hot50,2,1.0,0.0,58,64,108.92800241708755
9,131,r256_a8_zipf_rep0,256,8,zipf,0,0.359375,0.7842131307081003,0;5;10;21;27;34;36;50,92;47;32;24;19;16;14;12,498.9440143108368
9,132,r32_a8_zipf_rep1,32,8,zipf,1,0.3125,0.6123724356957945,12;15;17;18;39;41;47;58,10;5;4;3;3;3;2;2,472.7039933204651
9,133,r256_a16_uniform_rep2,256,16,uniform,2,0.0625,0.0,1;4;5;14;19;23;25;33;35;37;42;45;52;53;57;59,16;16;16;16;16;16;16;16;16;16;16;16;16;16;16;16,908.5440039634705
9,134,r32_a16_linear_skew_rep1,32,16,linear_skew,1,0.09375,0.3535533905932738,2;10;13;18;19;24;27;28;29;42;43;45;47;48;57;59,3;3;3;3;2;2;2;2;2;2;2;2;1;1;1;1,892.8319811820984
9,135,r128_a1_zipf_rep2,128,1,zipf,2,1.0,0.0,38,128,108.31999778747559
9,136,r128_a1_zipf_rep0,128,1,zipf,0,1.0,0.0,48,128,101.95200145244598
9,137,r256_a16_linear_skew_rep0,256,16,linear_skew,0,0.11328125,0.5019493251315316,0;1;3;11;12;15;17;18;22;35;42;47;50;57;58;59,29;27;26;24;22;20;19;17;15;13;12;10;8;6;5;3,987.5839948654175
9,138,r128_a8_uniform_rep2,128,8,uniform,2,0.125,0.0,0;6;9;12;25;45;56;60,16;16;16;16;16;16;16;16,474.11200404167175
9,139,r64_a4_zipf_rep1,64,4,zipf,1,0.46875,0.5284854539152426,8;9;28;49,30;15;11;8,283.07199478149414
9,140,r32_a1_uniform_rep2,32,1,uniform,2,1.0,0.0,10,32,114.78400230407715
9,141,r256_a8_uniform_rep2,256,8,uniform,2,0.125,0.0,19;23;28;37;55;57;58;60,32;32;32;32;32;32;32;32,515.392005443573
9,142,r32_a16_hot50_rep0,32,16,hot50,0,0.28125,0.9354143466934853,3;4;5;7;8;9;15;19;21;23;25;30;36;38;45;62,9;2;2;2;2;2;2;2;2;1;1;1;1;1;1;1,899.3279933929443
9,143,r32_a4_linear_skew_rep1,32,4,linear_skew,1,0.375,0.3644344934278313,22;32;37;45,12;9;7;4,260.4160010814667
9,144,r128_a4_linear_skew_rep1,128,4,linear_skew,1,0.3984375,0.44028133761266786,5;9;41;59,51;38;26;13,278.0480086803436
9,145,r128_a8_uniform_rep1,128,8,uniform,1,0.125,0.0,5;19;32;34;38;49;54;55,16;16;16;16;16;16;16;16,468.1920111179352
9,146,r64_a4_hot50_rep0,64,4,hot50,0,0.484375,0.5412658773652742,9;42;56;58,31;11;11;11,268.73600482940674
9,147,r64_a2_hot50_rep2,64,2,hot50,2,0.5,0.0,45;50,32;32,162.01600432395935
9,148,r64_a16_zipf_rep2,64,16,zipf,2,0.234375,0.8244316223920575,0;5;8;14;25;27;33;34;35;36;40;42;43;46;50;56,15;8;6;5;4;3;3;3;3;2;2;2;2;2;2;2,904.8960208892822
9,149,r128_a16_uniform_rep1,128,16,uniform,1,0.0625,0.0,3;6;12;15;21;27;30;33;40;42;45;46;48;52;60;62,8;8;8;8;8;8;8;8;8;8;8;8;8;8;8;8,905.1520228385925
9,150,r32_a4_linear_skew_rep0,32,4,linear_skew,0,0.375,0.3644344934278313,5;35;54;57,12;9;7;4,259.42400097846985
9,151,r32_a1_hot50_rep1,32,1,hot50,1,1.0,0.0,45,32,113.76000195741653
9,152,r32_a8_zipf_rep0,32,8,zipf,0,0.3125,0.6123724356957945,2;11;19;21;22;41;43;52,10;5;4;3;3;3;2;2,469.6959853172302
9,153,r128_a16_zipf_rep2,128,16,zipf,2,0.265625,0.967236721283885,2;3;4;5;10;12;24;25;30;36;39;49;55;56;59;60,34;18;12;9;8;6;6;5;5;4;4;4;4;3;3;3,911.2319946289062
9,154,r256_a8_hot50_rep2,256,8,hot50,2,0.48828125,1.0985386244347533,19;23;28;37;55;57;58;60,125;19;19;19;19;19;18;18,516.9280171394348
9,155,r256_a4_hot50_rep2,256,4,hot50,2,0.49609375,0.5683291712335379,0;22;24;46,127;43;43;43,276.41600370407104
9,156,r128_a2_linear_skew_rep1,128,2,linear_skew,1,0.6640625,0.328125,38;42,85;43,156.8319946527481
9,157,r128_a16_linear_skew_rep1,128,16,linear_skew,1,0.109375,0.4759858191164943,3;6;12;15;21;27;30;33;40;42;45;46;48;52;60;62,14;13;13;12;11;10;9;8;8;7;6;5;4;3;3;2,896.6079950332642
9,158,r128_a2_zipf_rep1,128,2,zipf,1,0.6640625,0.328125,38;42,85;43,184.28799510002136
9,159,r64_a1_hot50_rep0,64,1,hot50,0,1.0,0.0,39,64,113.21599781513214
9,160,r128_a16_hot50_rep2,128,16,hot50,2,0.4453125,1.5823736126465204,2;3;4;5;10;12;24;25;30;36;39;49;55;56;59;60,57;5;5;5;5;5;5;5;5;5;5;5;4;4;4;4,931.6480159759521
9,161,r128_a8_zipf_rep0,128,8,zipf,0,0.3515625,0.7551903733496608,2;4;14;17;27;37;53;57,45;23;16;12;10;8;7;7,489.31199312210083
9,162,r32_a16_hot50_rep2,32,16,hot50,2,0.28125,0.9354143466934853,2;4;11;15;18;19;23;30;32;39;45;47;53;54;58;60,9;2;2;2;2;2;2;2;2;1;1;1;1;1;1;1,892.4160003662109
9,163,r32_a4_linear_skew_rep2,32,4,linear_skew,2,0.375,0.3644344934278313,10;17;31;45,12;9;7;4,258.7200105190277
9,164,r32_a4_uniform_rep0,32,4,uniform,0,0.25,0.0,5;35;54;57,8;8;8;8,255.90398907661438
9,165,r64_a2_linear_skew_rep1,64,2,linear_skew,1,0.65625,0.3125,4;5,42;22,164.09599781036377
9,166,r256_a8_zipf_rep1,256,8,zipf,1,0.359375,0.7842131307081003,17;27;29;32;33;41;54;58,92;47;32;24;19;16;14;12,499.2319941520691
9,167,r256_a8_hot50_rep1,256,8,hot50,1,0.48828125,1.0985386244347533,17;27;29;32;33;41;54;58,125;19;19;19;19;19;18;18,520.4160213470459
9,168,r128_a4_uniform_rep2,128,4,uniform,2,0.25,0.0,0;11;15;55,32;32;32;32,282.6560139656067
9,169,r32_a2_uniform_rep1,32,2,uniform,1,0.5,0.0,8;20,16;16,151.32799744606018
9,170,r32_a2_hot50_rep1,32,2,hot50,1,0.5,0.0,8;20,16;16,147.8399932384491
9,171,r256_a16_zipf_rep0,256,16,zipf,0,0.28125,1.0404419884116558,0;1;3;11;12;15;17;18;22;35;42;47;50;57;58;59,72;37;25;19;15;13;11;10;9;8;7;7;6;6;6;5,927.295982837677
9,172,r64_a2_linear_skew_rep2,64,2,linear_skew,2,0.65625,0.3125,45;50,42;22,164.51199352741241
9,173,r256_a16_zipf_rep1,256,16,zipf,1,0.28125,1.0404419884116558,7;16;19;20;21;25;27;34;35;36;40;47;56;57;60;63,72;37;25;19;15;13;11;10;9;8;7;7;6;6;6;5,923.7440228462219
9,174,r64_a16_uniform_rep0,64,16,uniform,0,0.0625,0.0,3;8;9;10;16;19;23;25;26;27;33;36;51;55;57;59,4;4;4;4;4;4;4;4;4;4;4;4;4;4;4;4,904.5119881629944
9,175,r64_a8_uniform_rep2,64,8,uniform,2,0.125,0.0,1;5;18;35;46;56;59;60,8;8;8;8;8;8;8;8,470.8159863948822
9,176,r64_a8_linear_skew_rep0,64,8,linear_skew,0,0.203125,0.42389562394532926,7;11;36;41;44;47;48;51,13;12;10;9;7;6;4;3,472.7039933204651
9,177,r256_a16_hot50_rep1,256,16,hot50,1,0.47265625,1.6944302139657448,7;16;19;20;21;25;27;34;35;36;40;47;56;57;60;63,121;9;9;9;9;9;9;9;9;9;9;9;9;9;9;9,895.2640295028687
9,178,r32_a8_linear_skew_rep1,32,8,linear_skew,1,0.1875,0.375,12;15;17;18;39;41;47;58,6;6;5;4;4;3;2;2,490.01601338386536
9,179,r128_a2_uniform_rep1,128,2,uniform,1,0.5,0.0,38;42,64;64,166.6879951953888
9,180,r256_a4_hot50_rep1,256,4,hot50,1,0.49609375,0.5683291712335379,36;50;54;61,127;43;43;43,279.04000878334045
9,181,r128_a1_hot50_rep0,128,1,hot50,0,1.0,0.0,48,128,109.31199789047241
9,182,r32_a16_zipf_rep0,32,16,zipf,0,0.1875,0.6123724356957945,3;4;5;7;8;9;15;19;21;23;25;30;36;38;45;62,6;3;3;2;2;2;2;2;2;2;1;1;1;1;1;1,924.6079921722412
9,183,r64_a16_uniform_rep2,64,16,uniform,2,0.0625,0.0,0;5;8;14;25;27;33;34;35;36;40;42;43;46;50;56,4;4;4;4;4;4;4;4;4;4;4;4;4;4;4;4,904.3200016021729
9,184,r32_a8_linear_skew_rep0,32,8,linear_skew,0,0.1875,0.375,2;11;19;21;22;41;43;52,6;6;5;4;4;3;2;2,469.1520035266876
9,185,r128_a16_hot50_rep0,128,16,hot50,0,0.4453125,1.5823736126465204,11;12;13;17;18;22;24;33;41;43;47;50;57;60;62;63,57;5;5;5;5;5;5;5;5;5;5;5;4;4;4;4,913.856029510498
9,186,r64_a8_zipf_rep1,64,8,zipf,1,0.34375,0.7207851621669248,1;10;12;17;30;31;42;43,22;11;8;6;5;4;4;4,478.8160026073456
9,187,r32_a4_uniform_rep1,32,4,uniform,1,0.25,0.0,22;32;37;45,8;8;8;8,257.6639950275421
9,188,r128_a16_linear_skew_rep0,128,16,linear_skew,0,0.109375,0.4759858191164943,11;12;13;17;18;22;24;33;41;43;47;50;57;60;62;63,14;13;13;12;11;10;9;8;8;7;6;5;4;3;3;2,899.5199799537659
9,189,r64_a16_linear_skew_rep0,64,16,linear_skew,0,0.109375,0.4330127018922193,3;8;9;10;16;19;23;25;26;27;33;36;51;55;57;59,7;6;6;6;5;5;5;4;4;3;3;3;2;2;2;1,898.0479836463928
9,190,r64_a4_uniform_rep0,64,4,uniform,0,0.25,0.0,9;42;56;58,16;16;16;16,260.80000400543213
9,191,r128_a2_uniform_rep0,128,2,uniform,0,0.5,0.0,9;32,64;64,163.39200735092163
9,192,r64_a16_zipf_rep1,64,16,zipf,1,0.234375,0.8244316223920575,15;18;20;28;29;31;35;36;39;44;45;50;52;53;54;59,15;8;6;5;4;3;3;3;3;2;2;2;2;2;2;2,897.0879912376404
9,193,r32_a1_zipf_rep1,32,1,zipf,1,1.0,0.0,45,32,115.1999980211258
9,194,r256_a1_zipf_rep0,256,1,zipf,0,1.0,0.0,62,256,113.40799927711487
9,195,r64_a1_linear_skew_rep0,64,1,linear_skew,0,1.0,0.0,39,64,109.18399691581726
9,196,r32_a2_zipf_rep1,32,2,zipf,1,0.65625,0.3125,8;20,21;11,158.2079976797104
9,197,r256_a8_hot50_rep0,256,8,hot50,0,0.48828125,1.0985386244347533,0;5;10;21;27;34;36;50,125;19;19;19;19;19;18;18,515.7120227813721
9,198,r64_a2_hot50_rep1,64,2,hot50,1,0.5,0.0,4;5,32;32,163.2319986820221
9,199,r64_a8_hot50_rep0,64,8,hot50,0,0.453125,0.9921567416492215,7;11;36;41;44;47;48;51,29;5;5;5;5;5;5;5,482.2080135345459
9,200,r64_a1_uniform_rep0,64,1,uniform,0,1.0,0.0,39,64,117.5680011510849
9,201,r128_a4_hot50_rep2,128,4,hot50,2,0.4921875,0.5594535559365049,0;11;15;55,63;22;22;21,284.7679853439331
9,202,r32_a1_linear_skew_rep1,32,1,linear_skew,1,1.0,0.0,45,32,114.97599631547928
9,203,r128_a4_hot50_rep1,128,4,hot50,1,0.4921875,0.5594535559365049,5;9;41;59,63;22;22;21,281.95199370384216
9,204,r64_a16_linear_skew_rep1,64,16,linear_skew,1,0.109375,0.4330127018922193,15;18;20;28;29;31;35;36;39;44;45;50;52;53;54;59,7;6;6;6;5;5;5;4;4;3;3;3;2;2;2;1,921.0240244865417
9,205,r128_a1_linear_skew_rep1,128,1,linear_skew,1,1.0,0.0,48,128,107.71200060844421
9,206,r32_a16_linear_skew_rep0,32,16,linear_skew,0,0.09375,0.3535533905932738,3;4;5;7;8;9;15;19;21;23;25;30;36;38;45;62,3;3;3;3;2;2;2;2;2;2;2;2;1;1;1;1,899.7759819030762
9,207,r256_a2_uniform_rep1,256,2,uniform,1,0.5,0.0,1;5,128;128,154.78399395942688
9,208,r64_a8_hot50_rep1,64,8,hot50,1,0.453125,0.9921567416492215,1;10;12;17;30;31;42;43,29;5;5;5;5;5;5;5,477.24801301956177
9,209,r128_a8_zipf_rep2,128,8,zipf,2,0.3515625,0.7551903733496608,0;6;9;12;25;45;56;60,45;23;16;12;10;8;7;7,491.58400297164917
9,210,r32_a2_linear_skew_rep2,32,2,linear_skew,2,0.65625,0.3125,1;48,21;11,157.1200042963028
9,211,r64_a2_uniform_rep2,64,2,uniform,2,0.5,0.0,45;50,32;32,162.4639928340912
9,212,r128_a4_uniform_rep0,128,4,uniform,0,0.25,0.0,37;40;48;52,32;32;32;32,279.1680097579956
9,213,r64_a2_hot50_rep0,64,2,hot50,0,0.5,0.0,16;17,32;32,162.1759980916977
9,214,r64_a16_linear_skew_rep2,64,16,linear_skew,2,0.109375,0.4330127018922193,0;5;8;14;25;27;33;34;35;36;40;42;43;46;50;56,7;6;6;6;5;5;5;4;4;3;3;3;2;2;2;1,895.6800103187561
9,215,r64_a2_zipf_rep1,64,2,zipf,1,0.65625,0.3125,4;5,42;22,165.72800278663635
9,216,r128_a2_linear_skew_rep0,128,2,linear_skew,0,0.6640625,0.328125,9;32,85;43,159.04000401496887
9,217,r128_a1_hot50_rep2,128,1,hot50,2,1.0,0.0,38,128,103.61599922180176
9,218,r256_a2_zipf_rep2,256,2,zipf,2,0.6640625,0.328125,27;45,170;86,163.07200491428375
9,219,r32_a2_linear_skew_rep1,32,2,linear_skew,1,0.65625,0.3125,8;20,21;11,157.3760062456131
9,220,r128_a4_zipf_rep0,128,4,zipf,0,0.46875,0.5326268921581034,37;40;48;52,60;31;21;16,276.4799892902374
9,221,r32_a4_zipf_rep1,32,4,zipf,1,0.4375,0.46770717334674267,22;32;37;45,14;8;6;4,304.9280047416687
9,222,r128_a4_zipf_rep2,128,4,zipf,2,0.46875,0.5326268921581034,0;11;15;55,60;31;21;16,355.103999376297
9,223,r64_a4_uniform_rep2,64,4,uniform,2,0.25,0.0,11;20;46;57,16;16;16;16,317.24798679351807
9,224,r32_a1_uniform_rep1,32,1,uniform,1,1.0,0.0,45,32,134.33599472045898
9,225,r64_a4_linear_skew_rep0,64,4,linear_skew,0,0.390625,0.4192627457812106,9;42;56;58,25;19;13;7,334.46401357650757
9,226,r32_a8_uniform_rep1,32,8,uniform,1,0.125,0.0,12;15;17;18;39;41;47;58,4;4;4;4;4;4;4;4,579.5199871063232
9,227,r32_a1_hot50_rep0,32,1,hot50,0,1.0,0.0,37,32,130.5920034646988
9,228,r128_a16_zipf_rep0,128,16,zipf,0,0.265625,0.967236721283885,11;12;13;17;18;22;24;33;41;43;47;50;57;60;62;63,34;18;12;9;8;6;6;5;5;4;4;4;4;3;3;3,1122.5919723510742
9,229,r128_a16_uniform_rep0,128,16,uniform,0,0.0625,0.0,11;12;13;17;18;22;24;33;41;43;47;50;57;60;62;63,8;8;8;8;8;8;8;8;8;8;8;8;8;8;8;8,1136.5760564804077
9,230,r32_a2_uniform_rep0,32,2,uniform,0,0.5,0.0,7;54,16;16,187.77599930763245
9,231,r64_a1_uniform_rep1,64,1,uniform,1,1.0,0.0,24,64,131.3920021057129
9,232,r32_a16_uniform_rep1,32,16,uniform,1,0.0625,0.0,2;10;13;18;19;24;27;28;29;42;43;45;47;48;57;59,2;2;2;2;2;2;2;2;2;2;2;2;2;2;2;2,976.8959879875183
9,233,r64_a1_linear_skew_rep2,64,1,linear_skew,2,1.0,0.0,58,64,110.3999987244606
9,234,r32_a8_uniform_rep0,32,8,uniform,0,0.125,0.0,2;11;19;21;22;41;43;52,4;4;4;4;4;4;4;4,469.6640074253082
9,235,r32_a2_linear_skew_rep0,32,2,linear_skew,0,0.65625,0.3125,7;54,21;11,157.24800527095795
9,236,r256_a1_uniform_rep1,256,1,uniform,1,1.0,0.0,13,256,111.84000223875046
9,237,r256_a1_linear_skew_rep2,256,1,linear_skew,2,1.0,0.0,34,256,107.80800133943558
9,238,r128_a2_zipf_rep0,128,2,zipf,0,0.6640625,0.328125,9;32,85;43,160.16000509262085
9,239,r64_a2_uniform_rep1,64,2,uniform,1,0.5,0.0,4;5,32;32,164.38399255275726
10,0,r32_a8_uniform_rep2,32,8,uniform,2,0.125,0.0,4;10;18;29;34;60;61;63,4;4;4;4;4;4;4;4,472.54401445388794
10,1,r256_a1_zipf_rep0,256,1,zipf,0,1.0,0.0,62,256,111.07199639081955
10,2,r32_a4_linear_skew_rep1,32,4,linear_skew,1,0.375,0.3644344934278313,22;32;37;45,12;9;7;4,259.5199942588806
10,3,r32_a4_hot50_rep0,32,4,hot50,0,0.46875,0.5077524002897476,5;35;54;57,15;6;6;5,279.29601073265076
10,4,r128_a4_hot50_rep0,128,4,hot50,0,0.4921875,0.5594535559365049,37;40;48;52,63;22;22;21,283.1040024757385
10,5,r256_a2_linear_skew_rep0,256,2,linear_skew,0,0.6640625,0.328125,4;62,170;86,167.42399334907532
10,6,r64_a2_hot50_rep2,64,2,hot50,2,0.5,0.0,45;50,32;32,160.47999262809753
10,7,r32_a1_hot50_rep1,32,1,hot50,1,1.0,0.0,45,32,107.26399719715118
10,8,r64_a4_zipf_rep0,64,4,zipf,0,0.46875,0.5284854539152426,9;42;56;58,30;15;11;8,264.1279995441437
10,9,r128_a16_zipf_rep0,128,16,zipf,0,0.265625,0.967236721283885,11;12;13;17;18;22;24;33;41;43;47;50;57;60;62;63,34;18;12;9;8;6;6;5;5;4;4;4;4;3;3;3,916.8319702148438
10,10,r256_a8_linear_skew_rep2,256,8,linear_skew,2,0.21875,0.4876402041977261,19;23;28;37;55;57;58;60,56;49;42;35;29;22;15;8,509.44000482559204
10,11,r256_a1_linear_skew_rep0,256,1,linear_skew,0,1.0,0.0,62,256,112.5440001487732
10,12,r64_a1_uniform_rep0,64,1,uniform,0,1.0,0.0,39,64,107.2319969534874
10,13,r64_a8_uniform_rep2,64,8,uniform,2,0.125,0.0,1;5;18;35;46;56;59;60,8;8;8;8;8;8;8;8,471.96799516677856
10,14,r256_a16_linear_skew_rep2,256,16,linear_skew,2,0.11328125,0.5019493251315316,1;4;5;14;19;23;25;33;35;37;42;45;52;53;57;59,29;27;26;24;22;20;19;17;15;13;12;10;8;6;5;3,1007.7120065689087
10,15,r64_a8_linear_skew_rep1,64,8,linear_skew,1,0.203125,0.42389562394532926,1;10;12;17;30;31;42;43,13;12;10;9;7;6;4;3,527.5200009346008
10,16,r32_a4_zipf_rep2,32,4,zipf,2,0.4375,0.46770717334674267,10;17;31;45,14;8;6;4,261.6960108280182
10,17,r32_a8_linear_skew_rep0,32,8,linear_skew,0,0.1875,0.375,2;11;19;21;22;41;43;52,6;6;5;4;4;3;2;2,470.94398736953735
10,18,r128_a16_hot50_rep0,128,16,hot50,0,0.4453125,1.5823736126465204,11;12;13;17;18;22;24;33;41;43;47;50;57;60;62;63,57;5;5;5;5;5;5;5;5;5;5;5;4;4;4;4,905.2479863166809
10,19,r32_a2_hot50_rep2,32,2,hot50,2,0.5,0.0,1;48,16;16,150.43200552463531
10,20,r64_a8_linear_skew_rep0,64,8,linear_skew,0,0.203125,0.42389562394532926,7;11;36;41;44;47;48;51,13;12;10;9;7;6;4;3,476.0960042476654
10,21,r128_a16_linear_skew_rep1,128,16,linear_skew,1,0.109375,0.4759858191164943,3;6;12;15;21;27;30;33;40;42;45;46;48;52;60;62,14;13;13;12;11;10;9;8;8;7;6;5;4;3;3;2,902.0799994468689
10,22,r32_a1_uniform_rep0,32,1,uniform,0,1.0,0.0,37,32,114.78400230407715
10,23,r128_a8_linear_skew_rep2,128,8,linear_skew,2,0.21875,0.4810876349481454,0;6;9;12;25;45;56;60,28;24;21;18;14;11;8;4,496.19200825691223
10,24,r32_a1_zipf_rep2,32,1,zipf,2,1.0,0.0,10,32,109.82400178909302
10,25,r128_a16_uniform_rep0,128,16,uniform,0,0.0625,0.0,11;12;13;17;18;22;24;33;41;43;47;50;57;60;62;63,8;8;8;8;8;8;8;8;8;8;8;8;8;8;8;8,895.4240083694458
10,26,r64_a8_hot50_rep0,64,8,hot50,0,0.453125,0.9921567416492215,7;11;36;41;44;47;48;51,29;5;5;5;5;5;5;5,477.3760139942169
10,27,r128_a8_uniform_rep2,128,8,uniform,2,0.125,0.0,0;6;9;12;25;45;56;60,16;16;16;16;16;16;16;16,468.4799909591675
10,28,r128_a4_linear_skew_rep0,128,4,linear_skew,0,0.3984375,0.44028133761266786,37;40;48;52,51;38;26;13,278.30401062965393
10,29,r32_a16_linear_skew_rep2,32,16,linear_skew,2,0.09375,0.3535533905932738,2;4;11;15;18;19;23;30;32;39;45;47;53;54;58;60,3;3;3;3;2;2;2;2;2;2;2;2;1;1;1;1,898.3680009841919
10,30,r256_a16_hot50_rep0,256,16,hot50,0,0.47265625,1.6944302139657448,0;1;3;11;12;15;17;18;22;35;42;47;50;57;58;59,121;9;9;9;9;9;9;9;9;9;9;9;9;9;9;9,901.5679955482483
10,31,r256_a1_zipf_rep2,256,1,zipf,2,1.0,0.0,34,256,131.67999684810638
10,32,r128_a4_zipf_rep2,128,4,zipf,2,0.46875,0.5326268921581034,0;11;15;55,60;31;21;16,283.7119996547699
10,33,r32_a1_linear_skew_rep0,32,1,linear_skew,0,1.0,0.0,37,32,109.98400300741196
10,34,r256_a16_uniform_rep0,256,16,uniform,0,0.0625,0.0,0;1;3;11;12;15;17;18;22;35;42;47;50;57;58;59,16;16;16;16;16;16;16;16;16;16;16;16;16;16;16;16,893.9520120620728
10,35,r256_a16_zipf_rep0,256,16,zipf,0,0.28125,1.0404419884116558,0;1;3;11;12;15;17;18;22;35;42;47;50;57;58;59,72;37;25;19;15;13;11;10;9;8;7;7;6;6;6;5,921.5999841690063
10,36,r128_a4_zipf_rep0,128,4,zipf,0,0.46875,0.5326268921581034,37;40;48;52,60;31;21;16,285.8879864215851
10,37,r256_a2_hot50_rep1,256,2,hot50,1,0.5,0.0,1;5,128;128,151.71200037002563
10,38,r64_a16_zipf_rep2,64,16,zipf,2,0.234375,0.8244316223920575,0;5;8;14;25;27;33;34;35;36;40;42;43;46;50;56,15;8;6;5;4;3;3;3;3;2;2;2;2;2;2;2,896.3199853897095
10,39,r256_a2_hot50_rep2,256,2,hot50,2,0.5,0.0,27;45,128;128,153.1199961900711
10,40,r256_a4_zipf_rep1,256,4,zipf,1,0.4765625,0.551653232622179,36;50;54;61,122;62;41;31,277.0879864692688
10,41,r64_a2_hot50_rep1,64,2,hot50,1,0.5,0.0,4;5,32;32,162.9440039396286
10,42,r32_a8_zipf_rep2,32,8,zipf,2,0.3125,0.6123724356957945,4;10;18;29;34;60;61;63,10;5;4;3;3;3;2;2,474.592000246048
10,43,r128_a1_linear_skew_rep0,128,1,linear_skew,0,1.0,0.0,48,128,103.84000092744827
10,44,r128_a1_hot50_rep0,128,1,hot50,0,1.0,0.0,48,128,108.51199924945831
10,45,r64_a16_hot50_rep2,64,16,hot50,2,0.390625,1.3607213160673275,0;5;8;14;25;27;33;34;35;36;40;42;43;46;50;56,25;3;3;3;3;3;3;3;3;3;2;2;2;2;2;2,908.0960154533386
10,46,r256_a4_linear_skew_rep2,256,4,linear_skew,2,0.3984375,0.44373349441134147,0;22;24;46,102;77;51;26,277.72799134254456
10,47,r64_a2_linear_skew_rep2,64,2,linear_skew,2,0.65625,0.3125,45;50,42;22,171.424001455307
10,48,r128_a16_hot50_rep1,128,16,hot50,1,0.4453125,1.5823736126465204,3;6;12;15;21;27;30;33;40;42;45;46;48;52;60;62,57;5;5;5;5;5;5;5;5;5;5;5;4;4;4;4,2135.1358890533447
10,49,r128_a1_zipf_rep2,128,1,zipf,2,1.0,0.0,38,128,505.15198707580566
10,50,r32_a1_zipf_rep0,32,1,zipf,0,1.0,0.0,37,32,630.3359866142273
10,51,r32_a4_uniform_rep2,32,4,uniform,2,0.25,0.0,10;17;31;45,8;8;8;8,1751.263976097107
10,52,r64_a4_uniform_rep2,64,4,uniform,2,0.25,0.0,11;20;46;57,16;16;16;16,1823.5199451446533
10,53,r256_a8_hot50_rep2,256,8,hot50,2,0.48828125,1.0985386244347533,19;23;28;37;55;57;58;60,125;19;19;19;19;19;18;18,2583.103895187378
10,54,r32_a4_linear_skew_rep2,32,4,linear_skew,2,0.375,0.3644344934278313,10;17;31;45,12;9;7;4,298.7520098686218
10,55,r256_a8_hot50_rep0,256,8,hot50,0,0.48828125,1.0985386244347533,0;5;10;21;27;34;36;50,125;19;19;19;19;19;18;18,526.3360142707825
10,56,r128_a2_linear_skew_rep1,128,2,linear_skew,1,0.6640625,0.328125,38;42,85;43,160.863995552063
10,57,r64_a1_linear_skew_rep0,64,1,linear_skew,0,1.0,0.0,39,64,113.69600147008896
10,58,r256_a4_hot50_rep1,256,4,hot50,1,0.49609375,0.5683291712335379,36;50;54;61,127;43;43;43,278.01600098609924
10,59,r128_a4_linear_skew_rep2,128,4,linear_skew,2,0.3984375,0.44028133761266786,0;11;15;55,51;38;26;13,283.03998708724976
10,60,r256_a2_zipf_rep2,256,2,zipf,2,0.6640625,0.328125,27;45,170;86,167.1999990940094
10,61,r128_a8_hot50_rep1,128,8,hot50,1,0.4765625,1.0634187204483472,5;19;32;34;38;49;54;55,61;10;10;10;10;9;9;9,478.68800163269043
10,62,r32_a16_hot50_rep0,32,16,hot50,0,0.28125,0.9354143466934853,3;4;5;7;8;9;15;19;21;23;25;30;36;38;45;62,9;2;2;2;2;2;2;2;2;1;1;1;1;1;1;1,892.192006111145
10,63,r32_a16_hot50_rep2,32,16,hot50,2,0.28125,0.9354143466934853,2;4;11;15;18;19;23;30;32;39;45;47;53;54;58;60,9;2;2;2;2;2;2;2;2;1;1;1;1;1;1;1,892.1599984169006
10,64,r256_a8_uniform_rep0,256,8,uniform,0,0.125,0.0,0;5;10;21;27;34;36;50,32;32;32;32;32;32;32;32,516.9919729232788
10,65,r64_a16_hot50_rep1,64,16,hot50,1,0.390625,1.3607213160673275,15;18;20;28;29;31;35;36;39;44;45;50;52;53;54;59,25;3;3;3;3;3;3;3;3;3;2;2;2;2;2;2,921.3759899139404
10,66,r256_a16_hot50_rep1,256,16,hot50,1,0.47265625,1.6944302139657448,7;16;19;20;21;25;27;34;35;36;40;47;56;57;60;63,121;9;9;9;9;9;9;9;9;9;9;9;9;9;9;9,902.0159840583801
10,67,r64_a8_uniform_rep0,64,8,uniform,0,0.125,0.0,7;11;36;41;44;47;48;51,8;8;8;8;8;8;8;8,471.3920056819916
10,68,r32_a2_uniform_rep2,32,2,uniform,2,0.5,0.0,1;48,16;16,150.27199685573578
10,69,r128_a1_linear_skew_rep2,128,1,linear_skew,2,1.0,0.0,38,128,106.91200196743011
10,70,r128_a2_hot50_rep2,128,2,hot50,2,0.5,0.0,23;32,64;64,162.59199380874634
10,71,r128_a16_linear_skew_rep2,128,16,linear_skew,2,0.109375,0.4759858191164943,2;3;4;5;10;12;24;25;30;36;39;49;55;56;59;60,14;13;13;12;11;10;9;8;8;7;6;5;4;3;3;2,901.8239974975586
10,72,r128_a4_uniform_rep1,128,4,uniform,1,0.25,0.0,5;9;41;59,32;32;32;32,280.92798590660095
10,73,r32_a2_zipf_rep0,32,2,zipf,0,0.65625,0.3125,7;54,21;11,155.07200360298157
10,74,r32_a2_uniform_rep1,32,2,uniform,1,0.5,0.0,8;20,16;16,149.59999918937683
10,75,r64_a2_uniform_rep0,64,2,uniform,0,0.5,0.0,16;17,32;32,162.49600052833557
10,76,r32_a4_hot50_rep2,32,4,hot50,2,0.46875,0.5077524002897476,10;17;31;45,15;6;6;5,256.03199005126953
10,77,r128_a4_linear_skew_rep1,128,4,linear_skew,1,0.3984375,0.44028133761266786,5;9;41;59,51;38;26;13,277.40800380706787
10,78,r64_a16_uniform_rep0,64,16,uniform,0,0.0625,0.0,3;8;9;10;16;19;23;25;26;27;33;36;51;55;57;59,4;4;4;4;4;4;4;4;4;4;4;4;4;4;4;4,896.2240219116211
10,79,r256_a8_zipf_rep1,256,8,zipf,1,0.359375,0.7842131307081003,17;27;29;32;33;41;54;58,92;47;32;24;19;16;14;12,495.90399861335754
10,80,r256_a1_hot50_rep2,256,1,hot50,2,1.0,0.0,34,256,117.60000139474869
10,81,r64_a4_linear_skew_rep0,64,4,linear_skew,0,0.390625,0.4192627457812106,9;42;56;58,25;19;13;7,271.0080146789551
10,82,r128_a1_zipf_rep0,128,1,zipf,0,1.0,0.0,48,128,102.1760031580925
10,83,r32_a8_zipf_rep1,32,8,zipf,1,0.3125,0.6123724356957945,12;15;17;18;39;41;47;58,10;5;4;3;3;3;2;2,468.1920111179352
10,84,r32_a2_linear_skew_rep0,32,2,linear_skew,0,0.65625,0.3125,7;54,21;11,156.70399367809296
10,85,r128_a2_uniform_rep2,128,2,uniform,2,0.5,0.0,23;32,64;64,164.12800550460815
10,86,r256_a1_hot50_rep1,256,1,hot50,1,1.0,0.0,13,256,109.31199789047241
10,87,r128_a2_zipf_rep0,128,2,zipf,0,0.6640625,0.328125,9;32,85;43,159.9999964237213
10,88,r32_a16_uniform_rep2,32,16,uniform,2,0.0625,0.0,2;4;11;15;18;19;23;30;32;39;45;47;53;54;58;60,2;2;2;2;2;2;2;2;2;2;2;2;2;2;2;2,900.8319973945618
10,89,r256_a8_linear_skew_rep1,256,8,linear_skew,1,0.21875,0.4876402041977261,17;27;29;32;33;41;54;58,56;49;42;35;29;22;15;8,508.35198163986206
10,90,r64_a16_hot50_rep0,64,16,hot50,0,0.390625,1.3607213160673275,3;8;9;10;16;19;23;25;26;27;33;36;51;55;57;59,25;3;3;3;3;3;3;3;3;3;2;2;2;2;2;2,902.5920033454895
10,91,r32_a4_zipf_rep0,32,4,zipf,0,0.4375,0.46770717334674267,5;35;54;57,14;8;6;4,256.79999589920044
10,92,r128_a2_linear_skew_rep2,128,2,linear_skew,2,0.6640625,0.328125,23;32,85;43,156.12800419330597
10,93,r64_a1_hot50_rep1,64,1,hot50,1,1.0,0.0,24,64,109.31199789047241
10,94,r64_a2_hot50_rep0,64,2,hot50,0,0.5,0.0,16;17,32;32,164.22399878501892
10,95,r64_a16_zipf_rep1,64,16,zipf,1,0.234375,0.8244316223920575,15;18;20;28;29;31;35;36;39;44;45;50;52;53;54;59,15;8;6;5;4;3;3;3;3;2;2;2;2;2;2;2,897.3439931869507
10,96,r256_a1_uniform_rep1,256,1,uniform,1,1.0,0.0,13,256,112.31999844312668
10,97,r256_a4_zipf_rep0,256,4,zipf,0,0.4765625,0.551653232622179,6;27;28;50,122;62;41;31,277.15200185775757
10,98,r128_a8_uniform_rep1,128,8,uniform,1,0.125,0.0,5;19;32;34;38;49;54;55,16;16;16;16;16;16;16;16,470.304012298584
10,99,r256_a2_uniform_rep2,256,2,uniform,2,0.5,0.0,27;45,128;128,150.9760022163391
10,100,r64_a4_linear_skew_rep2,64,4,linear_skew,2,0.390625,0.4192627457812106,11;20;46;57,25;19;13;7,269.50401067733765
10,101,r128_a1_linear_skew_rep1,128,1,linear_skew,1,1.0,0.0,48,128,102.75200009346008
10,102,r256_a2_zipf_rep1,256,2,zipf,1,0.6640625,0.328125,1;5,170;86,161.18399798870087
10,103,r64_a2_zipf_rep1,64,2,zipf,1,0.65625,0.3125,4;5,42;22,163.10399770736694
10,104,r128_a8_uniform_rep0,128,8,uniform,0,0.125,0.0,2;4;14;17;27;37;53;57,16;16;16;16;16;16;16;16,473.4080135822296
10,105,r64_a1_uniform_rep2,64,1,uniform,2,1.0,0.0,58,64,109.47199910879135
10,106,r256_a8_uniform_rep1,256,8,uniform,1,0.125,0.0,17;27;29;32;33;41;54;58,32;32;32;32;32;32;32;32,514.3679976463318
10,107,r64_a1_hot50_rep2,64,1,hot50,2,1.0,0.0,58,64,107.26399719715118
10,108,r64_a4_uniform_rep0,64,4,uniform,0,0.25,0.0,9;42;56;58,16;16;16;16,254.7520101070404
10,109,r64_a8_zipf_rep2,64,8,zipf,2,0.34375,0.7207851621669248,1;5;18;35;46;56;59;60,22;11;8;6;5;4;4;4,479.45600748062134
10,110,r32_a16_linear_skew_rep0,32,16,linear_skew,0,0.09375,0.3535533905932738,3;4;5;7;8;9;15;19;21;23;25;30;36;38;45;62,3;3;3;3;2;2;2;2;2;2;2;2;1;1;1;1,903.1680226325989
10,111,r128_a4_uniform_rep0,128,4,uniform,0,0.25,0.0,37;40;48;52,32;32;32;32,282.24000334739685
10,112,r256_a16_zipf_rep2,256,16,zipf,2,0.28125,1.0404419884116558,1;4;5;14;19;23;25;33;35;37;42;45;52;53;57;59,72;37;25;19;15;13;11;10;9;8;7;7;6;6;6;5,921.2160110473633
10,113,r32_a16_zipf_rep0,32,16,zipf,0,0.1875,0.6123724356957945,3;4;5;7;8;9;15;19;21;23;25;30;36;38;45;62,6;3;3;2;2;2;2;2;2;2;1;1;1;1;1;1,889.8879885673523
10,114,r128_a8_hot50_rep2,128,8,hot50,2,0.4765625,1.0634187204483472,0;6;9;12;25;45;56;60,61;10;10;10;10;9;9;9,480.54400086402893
10,115,r256_a16_linear_skew_rep1,256,16,linear_skew,1,0.11328125,0.5019493251315316,7;16;19;20;21;25;27;34;35;36;40;47;56;57;60;63,29;27;26;24;22;20;19;17;15;13;12;10;8;6;5;3,962.943971157074
10,116,r128_a1_hot50_rep1,128,1,hot50,1,1.0,0.0,48,128,108.38399827480316
10,117,r128_a2_hot50_rep1,128,2,hot50,1,0.5,0.0,38;42,64;64,163.64799439907074
10,118,r128_a1_uniform_rep2,128,1,uniform,2,1.0,0.0,38,128,102.20800340175629
10,119,r64_a2_uniform_rep1,64,2,uniform,1,0.5,0.0,4;5,32;32,164.09599781036377
10,120,r64_a2_zipf_rep2,64,2,zipf,2,0.65625,0.3125,45;50,42;22,159.84000265598297
10,121,r256_a2_hot50_rep0,256,2,hot50,0,0.5,0.0,4;62,128;128,151.61600708961487
10,122,r64_a2_zipf_rep0,64,2,zipf,0,0.65625,0.3125,16;17,42;22,162.6559942960739
10,123,r32_a4_uniform_rep0,32,4,uniform,0,0.25,0.0,5;35;54;57,8;8;8;8,256.44800066947937
10,124,r64_a8_hot50_rep2,64,8,hot50,2,0.453125,0.9921567416492215,1;5;18;35;46;56;59;60,29;5;5;5;5;5;5;5,475.5200147628784
10,125,r32_a2_linear_skew_rep2,32,2,linear_skew,2,0.65625,0.3125,1;48,21;11,157.85600244998932
10,126,r32_a16_zipf_rep1,32,16,zipf,1,0.1875,0.6123724356957945,2;10;13;18;19;24;27;28;29;42;43;45;47;48;57;59,6;3;3;2;2;2;2;2;2;2;1;1;1;1;1;1,892.73601770401
10,127,r128_a8_linear_skew_rep0,128,8,linear_skew,0,0.21875,0.4810876349481454,2;4;14;17;27;37;53;57,28;24;21;18;14;11;8;4,498.84799122810364
10,128,r32_a1_uniform_rep1,32,1,uniform,1,1.0,0.0,45,32,109.95200276374817
10,129,r256_a8_uniform_rep2,256,8,uniform,2,0.125,0.0,19;23;28;37;55;57;58;60,32;32;32;32;32;32;32;32,519.5519924163818
10,130,r64_a4_zipf_rep2,64,4,zipf,2,0.46875,0.5284854539152426,11;20;46;57,30;15;11;8,266.78401231765747
10,131,r64_a4_hot50_rep1,64,4,hot50,1,0.484375,0.5412658773652742,8;9;28;49,31;11;11;11,264.5440101623535
10,132,r64_a4_hot50_rep0,64,4,hot50,0,0.484375,0.5412658773652742,9;42;56;58,31;11;11;11,270.7839906215668
10,133,r128_a1_uniform_rep1,128,1,uniform,1,1.0,0.0,48,128,104.00000214576721
10,134,r128_a1_uniform_rep0,128,1,uniform,0,1.0,0.0,48,128,99.74399954080582
10,135,r64_a8_hot50_rep1,64,8,hot50,1,0.453125,0.9921567416492215,1;10;12;17;30;31;42;43,29;5;5;5;5;5;5;5,475.8720099925995
10,136,r256_a4_zipf_rep2,256,4,zipf,2,0.4765625,0.551653232622179,0;22;24;46,122;62;41;31,278.2079875469208
10,137,r128_a4_hot50_rep2,128,4,hot50,2,0.4921875,0.5594535559365049,0;11;15;55,63;22;22;21,283.1040024757385
10,138,r256_a4_uniform_rep0,256,4,uniform,0,0.25,0.0,6;27;28;50,64;64;64;64,278.27200293540955
10,139,r128_a16_hot50_rep2,128,16,hot50,2,0.4453125,1.5823736126465204,2;3;4;5;10;12;24;25;30;36;39;49;55;56;59;60,57;5;5;5;5;5;5;5;5;5;5;5;4;4;4;4,904.6080112457275
10,140,r64_a16_uniform_rep2,64,16,uniform,2,0.0625,0.0,0;5;8;14;25;27;33;34;35;36;40;42;43;46;50;56,4;4;4;4;4;4;4;4;4;4;4;4;4;4;4;4,905.4399728775024
10,141,r256_a4_linear_skew_rep0,256,4,linear_skew,0,0.3984375,0.44373349441134147,6;27;28;50,102;77;51;26,273.1199860572815
10,142,r256_a16_uniform_rep1,256,16,uniform,1,0.0625,0.0,7;16;19;20;21;25;27;34;35;36;40;47;56;57;60;63,16;16;16;16;16;16;16;16;16;16;16;16;16;16;16;16,891.3599848747253
10,143,r128_a8_hot50_rep0,128,8,hot50,0,0.4765625,1.0634187204483472,2;4;14;17;27;37;53;57,61;10;10;10;10;9;9;9,481.0880124568939
10,144,r128_a16_zipf_rep1,128,16,zipf,1,0.265625,0.967236721283885,3;6;12;15;21;27;30;33;40;42;45;46;48;52;60;62,34;18;12;9;8;6;6;5;5;4;4;4;4;3;3;3,908.735990524292
10,145,r32_a1_linear_skew_rep1,32,1,linear_skew,1,1.0,0.0,45,32,111.13599687814713
10,146,r256_a8_linear_skew_rep0,256,8,linear_skew,0,0.21875,0.4876402041977261,0;5;10;21;27;34;36;50,56;49;42;35;29;22;15;8,519.2959904670715
10,147,r64_a4_zipf_rep1,64,4,zipf,1,0.46875,0.5284854539152426,8;9;28;49,30;15;11;8,265.9519910812378
10,148,r256_a8_zipf_rep2,256,8,zipf,2,0.359375,0.7842131307081003,19;23;28;37;55;57;58;60,92;47;32;24;19;16;14;12,497.9200065135956
10,149,r128_a2_zipf_rep1,128,2,zipf,1,0.6640625,0.328125,38;42,85;43,158.55999290943146
10,150,r64_a1_zipf_rep1,64,1,zipf,1,1.0,0.0,24,64,108.60799998044968
10,151,r64_a1_zipf_rep0,64,1,zipf,0,1.0,0.0,39,64,106.23999685049057
10,152,r128_a2_hot50_rep0,128,2,hot50,0,0.5,0.0,9;32,64;64,162.23999857902527
10,153,r128_a16_zipf_rep2,128,16,zipf,2,0.265625,0.967236721283885,2;3;4;5;10;12;24;25;30;36;39;49;55;56;59;60,34;18;12;9;8;6;6;5;5;4;4;4;4;3;3;3,908.9599847793579
10,154,r256_a2_linear_skew_rep2,256,2,linear_skew,2,0.6640625,0.328125,27;45,170;86,164.60800170898438
10,155,r64_a16_linear_skew_rep1,64,16,linear_skew,1,0.109375,0.4330127018922193,15;18;20;28;29;31;35;36;39;44;45;50;52;53;54;59,7;6;6;6;5;5;5;4;4;3;3;3;2;2;2;1,898.9440202713013
10,156,r32_a1_linear_skew_rep2,32,1,linear_skew,2,1.0,0.0,10,32,111.77600175142288
10,157,r256_a16_zipf_rep1,256,16,zipf,1,0.28125,1.0404419884116558,7;16;19;20;21;25;27;34;35;36;40;47;56;57;60;63,72;37;25;19;15;13;11;10;9;8;7;7;6;6;6;5,931.007981300354
10,158,r128_a16_uniform_rep1,128,16,uniform,1,0.0625,0.0,3;6;12;15;21;27;30;33;40;42;45;46;48;52;60;62,8;8;8;8;8;8;8;8;8;8;8;8;8;8;8;8,898.8479971885681
10,159,r128_a16_linear_skew_rep0,128,16,linear_skew,0,0.109375,0.4759858191164943,11;12;13;17;18;22;24;33;41;43;47;50;57;60;62;63,14;13;13;12;11;10;9;8;8;7;6;5;4;3;3;2,892.73601770401
10,160,r256_a1_linear_skew_rep1,256,1,linear_skew,1,1.0,0.0,13,256,114.43199962377548
10,161,r256_a2_zipf_rep0,256,2,zipf,0,0.6640625,0.328125,4;62,170;86,161.1199975013733
10,162,r256_a4_uniform_rep2,256,4,uniform,2,0.25,0.0,0;22;24;46,64;64;64;64,284.2879891395569
10,163,r32_a4_hot50_rep1,32,4,hot50,1,0.46875,0.5077524002897476,22;32;37;45,15;6;6;5,258.2080066204071
10,164,r64_a2_linear_skew_rep0,64,2,linear_skew,0,0.65625,0.3125,16;17,42;22,162.84799575805664
10,165,r256_a16_uniform_rep2,256,16,uniform,2,0.0625,0.0,1;4;5;14;19;23;25;33;35;37;42;45;52;53;57;59,16;16;16;16;16;16;16;16;16;16;16;16;16;16;16;16,900.8960127830505
10,166,r32_a8_zipf_rep0,32,8,zipf,0,0.3125,0.6123724356957945,2;11;19;21;22;41;43;52,10;5;4;3;3;3;2;2,472.9920029640198
10,167,r32_a16_uniform_rep1,32,16,uniform,1,0.0625,0.0,2;10;13;18;19;24;27;28;29;42;43;45;47;48;57;59,2;2;2;2;2;2;2;2;2;2;2;2;2;2;2;2,898.2080221176147
10,168,r256_a1_uniform_rep0,256,1,uniform,0,1.0,0.0,62,256,112.5440001487732
10,169,r256_a1_linear_skew_rep2,256,1,linear_skew,2,1.0,0.0,34,256,109.21599715948105
10,170,r32_a4_zipf_rep1,32,4,zipf,1,0.4375,0.46770717334674267,22;32;37;45,14;8;6;4,259.6159875392914
10,171,r256_a16_hot50_rep2,256,16,hot50,2,0.47265625,1.6944302139657448,1;4;5;14;19;23;25;33;35;37;42;45;52;53;57;59,121;9;9;9;9;9;9;9;9;9;9;9;9;9;9;9,903.1040072441101
10,172,r128_a8_zipf_rep1,128,8,zipf,1,0.3515625,0.7551903733496608,5;19;32;34;38;49;54;55,45;23;16;12;10;8;7;7,486.2399995326996
10,173,r128_a2_zipf_rep2,128,2,zipf,2,0.6640625,0.328125,23;32,85;43,286.27198934555054
10,174,r32_a4_uniform_rep1,32,4,uniform,1,0.25,0.0,22;32;37;45,8;8;8;8,259.5199942588806
10,175,r32_a8_hot50_rep2,32,8,hot50,2,0.40625,0.8569568250501305,4;10;18;29;34;60;61;63,13;3;3;3;3;3;2;2,469.11999583244324
10,176,r64_a1_linear_skew_rep2,64,1,linear_skew,2,1.0,0.0,58,64,110.97600311040878
10,177,r32_a1_hot50_rep0,32,1,hot50,0,1.0,0.0,37,32,111.42399907112122
10,178,r256_a4_uniform_rep1,256,4,uniform,1,0.25,0.0,36;50;54;61,64;64;64;64,279.55201268196106
10,179,r64_a16_uniform_rep1,64,16,uniform,1,0.0625,0.0,15;18;20;28;29;31;35;36;39;44;45;50;52;53;54;59,4;4;4;4;4;4;4;4;4;4;4;4;4;4;4;4,902.8800129890442
10,180,r32_a8_linear_skew_rep1,32,8,linear_skew,1,0.1875,0.375,12;15;17;18;39;41;47;58,6;6;5;4;4;3;2;2,471.16801142692566
10,181,r256_a4_hot50_rep2,256,4,hot50,2,0.49609375,0.5683291712335379,0;22;24;46,127;43;43;43,279.90400791168213
10,182,r64_a1_hot50_rep0,64,1,hot50,0,1.0,0.0,39,64,109.56799983978271
10,183,r32_a8_hot50_rep1,32,8,hot50,1,0.40625,0.8569568250501305,12;15;17;18;39;41;47;58,13;3;3;3;3;3;2;2,469.7920083999634
10,184,r64_a1_uniform_rep1,64,1,uniform,1,1.0,0.0,24,64,113.95200341939926
10,185,r64_a16_linear_skew_rep0,64,16,linear_skew,0,0.109375,0.4330127018922193,3;8;9;10;16;19;23;25;26;27;33;36;51;55;57;59,7;6;6;6;5;5;5;4;4;3;3;3;2;2;2;1,902.7199745178223
10,186,r32_a2_hot50_rep1,32,2,hot50,1,0.5,0.0,8;20,16;16,151.16800367832184
10,187,r256_a1_hot50_rep0,256,1,hot50,0,1.0,0.0,62,256,112.96000331640244
10,188,r128_a8_zipf_rep0,128,8,zipf,0,0.3515625,0.7551903733496608,2;4;14;17;27;37;53;57,45;23;16;12;10;8;7;7,490.55999517440796
10,189,r32_a1_zipf_rep1,32,1,zipf,1,1.0,0.0,45,32,108.92800241708755
10,190,r64_a1_zipf_rep2,64,1,zipf,2,1.0,0.0,58,64,107.19999670982361
10,191,r32_a8_linear_skew_rep2,32,8,linear_skew,2,0.1875,0.375,4;10;18;29;34;60;61;63,6;6;5;4;4;3;2;2,471.52000665664673
10,192,r128_a8_linear_skew_rep1,128,8,linear_skew,1,0.21875,0.4810876349481454,5;19;32;34;38;49;54;55,28;24;21;18;14;11;8;4,498.9440143108368
10,193,r32_a2_linear_skew_rep1,32,2,linear_skew,1,0.65625,0.3125,8;20,21;11,154.6880006790161
10,194,r64_a16_zipf_rep0,64,16,zipf,0,0.234375,0.8244316223920575,3;8;9;10;16;19;23;25;26;27;33;36;51;55;57;59,15;8;6;5;4;3;3;3;3;2;2;2;2;2;2;2,903.551995754242
10,195,r256_a8_hot50_rep1,256,8,hot50,1,0.48828125,1.0985386244347533,17;27;29;32;33;41;54;58,125;19;19;19;19;19;18;18,512.0319724082947
10,196,r32_a2_uniform_rep0,32,2,uniform,0,0.5,0.0,7;54,16;16,150.4960060119629
10,197,r256_a16_linear_skew_rep0,256,16,linear_skew,0,0.11328125,0.5019493251315316,0;1;3;11;12;15;17;18;22;35;42;47;50;57;58;59,29;27;26;24;22;20;19;17;15;13;12;10;8;6;5;3,952.8319835662842
10,198,r128_a8_zipf_rep2,128,8,zipf,2,0.3515625,0.7551903733496608,0;6;9;12;25;45;56;60,45;23;16;12;10;8;7;7,482.91200399398804
10,199,r128_a16_uniform_rep2,128,16,uniform,2,0.0625,0.0,2;3;4;5;10;12;24;25;30;36;39;49;55;56;59;60,8;8;8;8;8;8;8;8;8;8;8;8;8;8;8;8,890.3679847717285
10,200,r32_a2_zipf_rep1,32,2,zipf,1,0.65625,0.3125,8;20,21;11,157.05600380897522
10,201,r64_a4_hot50_rep2,64,4,hot50,2,0.484375,0.5412658773652742,11;20;46;57,31;11;11;11,264.70398902893066
10,202,r32_a8_hot50_rep0,32,8,hot50,0,0.40625,0.8569568250501305,2;11;19;21;22;41;43;52,13;3;3;3;3;3;2;2,472.47999906539917
10,203,r128_a4_zipf_rep1,128,4,zipf,1,0.46875,0.5326268921581034,5;9;41;59,60;31;21;16,277.21598744392395
10,204,r64_a8_zipf_rep0,64,8,zipf,0,0.34375,0.7207851621669248,7;11;36;41;44;47;48;51,22;11;8;6;5;4;4;4,473.6959934234619
10,205,r64_a2_linear_skew_rep1,64,2,linear_skew,1,0.65625,0.3125,4;5,42;22,162.59199380874634
10,206,r256_a2_uniform_rep0,256,2,uniform,0,0.5,0.0,4;62,128;128,151.19999647140503
10,207,r32_a2_zipf_rep2,32,2,zipf,2,0.65625,0.3125,1;48,21;11,154.65599298477173
10,208,r64_a16_linear_skew_rep2,64,16,linear_skew,2,0.109375,0.4330127018922193,0;5;8;14;25;27;33;34;35;36;40;42;43;46;50;56,7;6;6;6;5;5;5;4;4;3;3;3;2;2;2;1,899.9040126800537
10,209,r32_a1_uniform_rep2,32,1,uniform,2,1.0,0.0,10,32,114.656001329422
10,210,r32_a4_linear_skew_rep0,32,4,linear_skew,0,0.375,0.3644344934278313,5;35;54;57,12;9;7;4,255.48800826072693
10,211,r256_a1_zipf_rep1,256,1,zipf,1,1.0,0.0,13,256,114.04799669981003
10,212,r128_a1_zipf_rep1,128,1,zipf,1,1.0,0.0,48,128,104.3199971318245
10,213,r128_a4_uniform_rep2,128,4,uniform,2,0.25,0.0,0;11;15;55,32;32;32;32,283.7119996547699
10,214,r32_a16_hot50_rep1,32,16,hot50,1,0.28125,0.9354143466934853,2;10;13;18;19;24;27;28;29;42;43;45;47;48;57;59,9;2;2;2;2;2;2;2;2;1;1;1;1;1;1;1,895.039975643158
10,215,r256_a4_linear_skew_rep1,256,4,linear_skew,1,0.3984375,0.44373349441134147,36;50;54;61,102;77;51;26,275.9360074996948
10,216,r32_a1_hot50_rep2,32,1,hot50,2,1.0,0.0,10,32,110.04800349473953
10,217,r128_a1_hot50_rep2,128,1,hot50,2,1.0,0.0,38,128,101.59999877214432
10,218,r64_a8_uniform_rep1,64,8,uniform,1,0.125,0.0,1;10;12;17;30;31;42;43,8;8;8;8;8;8;8;8,471.1039960384369
10,219,r128_a2_linear_skew_rep0,128,2,linear_skew,0,0.6640625,0.328125,9;32,85;43,159.07199680805206
10,220,r64_a8_linear_skew_rep2,64,8,linear_skew,2,0.203125,0.42389562394532926,1;5;18;35;46;56;59;60,13;12;10;9;7;6;4;3,474.9760031700134
10,221,r64_a2_uniform_rep2,64,2,uniform,2,0.5,0.0,45;50,32;32,163.2319986820221
10,222,r256_a2_uniform_rep1,256,2,uniform,1,0.5,0.0,1;5,128;128,151.16800367832184
10,223,r32_a16_linear_skew_rep1,32,16,linear_skew,1,0.09375,0.3535533905932738,2;10;13;18;19;24;27;28;29;42;43;45;47;48;57;59,3;3;3;3;2;2;2;2;2;2;2;2;1;1;1;1,891.7440176010132
10,224,r64_a4_uniform_rep1,64,4,uniform,1,0.25,0.0,8;9;28;49,16;16;16;16,258.9440047740936
10,225,r256_a1_uniform_rep2,256,1,uniform,2,1.0,0.0,34,256,113.0559965968132
10,226,r32_a16_uniform_rep0,32,16,uniform,0,0.0625,0.0,3;4;5;7;8;9;15;19;21;23;25;30;36;38;45;62,2;2;2;2;2;2;2;2;2;2;2;2;2;2;2;2,902.1120071411133
10,227,r64_a4_linear_skew_rep1,64,4,linear_skew,1,0.390625,0.4192627457812106,8;9;28;49,25;19;13;7,274.56000447273254
10,228,r256_a4_hot50_rep0,256,4,hot50,0,0.49609375,0.5683291712335379,6;27;28;50,127;43;43;43,284.35200452804565
10,229,r64_a1_linear_skew_rep1,64,1,linear_skew,1,1.0,0.0,24,64,108.0000028014183
10,230,r256_a8_zipf_rep0,256,8,zipf,0,0.359375,0.7842131307081003,0;5;10;21;27;34;36;50,92;47;32;24;19;16;14;12,499.1680085659027
10,231,r256_a2_linear_skew_rep1,256,2,linear_skew,1,0.6640625,0.328125,1;5,170;86,161.05599701404572
10,232,r32_a16_zipf_rep2,32,16,zipf,2,0.1875,0.6123724356957945,2;4;11;15;18;19;23;30;32;39;45;47;53;54;58;60,6;3;3;2;2;2;2;2;2;2;1;1;1;1;1;1,892.3199772834778
10,233,r128_a2_uniform_rep0,128,2,uniform,0,0.5,0.0,9;32,64;64,165.0879979133606
10,234,r128_a4_hot50_rep1,128,4,hot50,1,0.4921875,0.5594535559365049,5;9;41;59,63;22;22;21,283.84000062942505
10,235,r64_a8_zipf_rep1,64,8,zipf,1,0.34375,0.7207851621669248,1;10;12;17;30;31;42;43,22;11;8;6;5;4;4;4,484.41600799560547
10,236,r128_a2_uniform_rep1,128,2,uniform,1,0.5,0.0,38;42,64;64,163.16799819469452
10,237,r32_a8_uniform_rep1,32,8,uniform,1,0.125,0.0,12;15;17;18;39;41;47;58,4;4;4;4;4;4;4;4,469.4400131702423
10,238,r32_a8_uniform_rep0,32,8,uniform,0,0.125,0.0,2;11;19;21;22;41;43;52,4;4;4;4;4;4;4;4,468.095988035202
10,239,r32_a2_hot50_rep0,32,2,hot50,0,0.5,0.0,7;54,16;16,151.67999267578125
11,0,r256_a16_zipf_rep0,256,16,zipf,0,0.28125,1.0404419884116558,0;1;3;11;12;15;17;18;22;35;42;47;50;57;58;59,72;37;25;19;15;13;11;10;9;8;7;7;6;6;6;5,936.1280202865601
11,1,r32_a8_linear_skew_rep2,32,8,linear_skew,2,0.1875,0.375,4;10;18;29;34;60;61;63,6;6;5;4;4;3;2;2,474.016010761261
11,2,r128_a4_uniform_rep2,128,4,uniform,2,0.25,0.0,0;11;15;55,32;32;32;32,283.80799293518066
11,3,r32_a2_hot50_rep1,32,2,hot50,1,0.5,0.0,8;20,16;16,152.63999998569489
11,4,r256_a8_uniform_rep0,256,8,uniform,0,0.125,0.0,0;5;10;21;27;34;36;50,32;32;32;32;32;32;32;32,527.072012424469
11,5,r64_a4_uniform_rep2,64,4,uniform,2,0.25,0.0,11;20;46;57,16;16;16;16,261.3759934902191
11,6,r32_a16_uniform_rep1,32,16,uniform,1,0.0625,0.0,2;10;13;18;19;24;27;28;29;42;43;45;47;48;57;59,2;2;2;2;2;2;2;2;2;2;2;2;2;2;2;2,905.7279825210571
11,7,r256_a8_hot50_rep2,256,8,hot50,2,0.48828125,1.0985386244347533,19;23;28;37;55;57;58;60,125;19;19;19;19;19;18;18,516.9600248336792
11,8,r64_a2_uniform_rep1,64,2,uniform,1,0.5,0.0,4;5,32;32,164.99200463294983
11,9,r256_a2_uniform_rep0,256,2,uniform,0,0.5,0.0,4;62,128;128,153.31199765205383
11,10,r32_a1_zipf_rep0,32,1,zipf,0,1.0,0.0,37,32,114.3679991364479
11,11,r64_a1_uniform_rep2,64,1,uniform,2,1.0,0.0,58,64,109.21599715948105
11,12,r64_a1_zipf_rep0,64,1,zipf,0,1.0,0.0,39,64,107.13600367307663
11,13,r64_a4_linear_skew_rep0,64,4,linear_skew,0,0.390625,0.4192627457812106,9;42;56;58,25;19;13;7,272.38398790359497
11,14,r64_a1_hot50_rep0,64,1,hot50,0,1.0,0.0,39,64,106.72000050544739
11,15,r128_a1_uniform_rep2,128,1,uniform,2,1.0,0.0,38,128,101.56799852848053
11,16,r128_a16_zipf_rep1,128,16,zipf,1,0.265625,0.967236721283885,3;6;12;15;21;27;30;33;40;42;45;46;48;52;60;62,34;18;12;9;8;6;6;5;5;4;4;4;4;3;3;3,928.5439848899841
11,17,r32_a16_linear_skew_rep1,32,16,linear_skew,1,0.09375,0.3535533905932738,2;10;13;18;19;24;27;28;29;42;43;45;47;48;57;59,3;3;3;3;2;2;2;2;2;2;2;2;1;1;1;1,903.3920168876648
11,18,r128_a1_uniform_rep1,128,1,uniform,1,1.0,0.0,48,128,107.39199817180634
11,19,r32_a2_zipf_rep0,32,2,zipf,0,0.65625,0.3125,7;54,21;11,162.1440052986145
11,20,r32_a16_uniform_rep0,32,16,uniform,0,0.0625,0.0,3;4;5;7;8;9;15;19;21;23;25;30;36;38;45;62,2;2;2;2;2;2;2;2;2;2;2;2;2;2;2;2,900.4160165786743
11,21,r256_a4_zipf_rep1,256,4,zipf,1,0.4765625,0.551653232622179,36;50;54;61,122;62;41;31,282.71999955177307
11,22,r128_a1_hot50_rep1,128,1,hot50,1,1.0,0.0,48,128,102.36799716949463
11,23,r32_a2_linear_skew_rep1,32,2,linear_skew,1,0.65625,0.3125,8;20,21;11,160.35200655460358
11,24,r64_a8_zipf_rep1,64,8,zipf,1,0.34375,0.7207851621669248,1;10;12;17;30;31;42;43,22;11;8;6;5;4;4;4,479.8080027103424
11,25,r256_a1_zipf_rep0,256,1,zipf,0,1.0,0.0,62,256,115.167997777462
11,26,r128_a16_linear_skew_rep2,128,16,linear_skew,2,0.109375,0.4759858191164943,2;3;4;5;10;12;24;25;30;36;39;49;55;56;59;60,14;13;13;12;11;10;9;8;8;7;6;5;4;3;3;2,916.0320162773132
11,27,r128_a2_uniform_rep0,128,2,uniform,0,0.5,0.0,9;32,64;64,167.93599724769592
11,28,r64_a16_linear_skew_rep0,64,16,linear_skew,0,0.109375,0.4330127018922193,3;8;9;10;16;19;23;25;26;27;33;36;51;55;57;59,7;6;6;6;5;5;5;4;4;3;3;3;2;2;2;1,898.3359932899475
11,29,r32_a2_zipf_rep2,32,2,zipf,2,0.65625,0.3125,1;48,21;11,159.58400070667267
11,30,r64_a4_uniform_rep1,64,4,uniform,1,0.25,0.0,8;9;28;49,16;16;16;16,255.87201118469238
11,31,r64_a2_uniform_rep2,64,2,uniform,2,0.5,0.0,45;50,32;32,162.84799575805664
11,32,r64_a4_hot50_rep2,64,4,hot50,2,0.484375,0.5412658773652742,11;20;46;57,31;11;11;11,264.5440101623535
11,33,r32_a8_linear_skew_rep1,32,8,linear_skew,1,0.1875,0.375,12;15;17;18;39;41;47;58,6;6;5;4;4;3;2;2,471.5520143508911
11,34,r64_a1_zipf_rep1,64,1,zipf,1,1.0,0.0,24,64,111.7120012640953
11,35,r128_a2_hot50_rep0,128,2,hot50,0,0.5,0.0,9;32,64;64,164.15999829769135
11,36,r128_a8_uniform_rep2,128,8,uniform,2,0.125,0.0,0;6;9;12;25;45;56;60,16;16;16;16;16;16;16;16,470.36799788475037
11,37,r64_a4_linear_skew_rep1,64,4,linear_skew,1,0.390625,0.4192627457812106,8;9;28;49,25;19;13;7,276.8000066280365
11,38,r256_a2_linear_skew_rep1,256,2,linear_skew,1,0.6640625,0.328125,1;5,170;86,163.90399634838104
11,39,r64_a8_linear_skew_rep2,64,8,linear_skew,2,0.203125,0.42389562394532926,1;5;18;35;46;56;59;60,13;12;10;9;7;6;4;3,474.40001368522644
11,40,r256_a4_linear_skew_rep0,256,4,linear_skew,0,0.3984375,0.44373349441134147,6;27;28;50,102;77;51;26,273.44000339508057
11,41,r128_a4_zipf_rep2,128,4,zipf,2,0.46875,0.5326268921581034,0;11;15;55,60;31;21;16,277.40800380706787
11,42,r256_a4_uniform_rep2,256,4,uniform,2,0.25,0.0,0;22;24;46,64;64;64;64,282.1759879589081
11,43,r64_a8_uniform_rep1,64,8,uniform,1,0.125,0.0,1;10;12;17;30;31;42;43,8;8;8;8;8;8;8;8,472.00000286102295
11,44,r256_a16_uniform_rep0,256,16,uniform,0,0.0625,0.0,0;1;3;11;12;15;17;18;22;35;42;47;50;57;58;59,16;16;16;16;16;16;16;16;16;16;16;16;16;16;16;16,895.9680199623108
11,45,r256_a16_zipf_rep2,256,16,zipf,2,0.28125,1.0404419884116558,1;4;5;14;19;23;25;33;35;37;42;45;52;53;57;59,72;37;25;19;15;13;11;10;9;8;7;7;6;6;6;5,933.4400296211243
11,46,r256_a2_zipf_rep2,256,2,zipf,2,0.6640625,0.328125,27;45,170;86,165.6000018119812
11,47,r256_a16_uniform_rep2,256,16,uniform,2,0.0625,0.0,1;4;5;14;19;23;25;33;35;37;42;45;52;53;57;59,16;16;16;16;16;16;16;16;16;16;16;16;16;16;16;16,892.0320272445679
11,48,r256_a16_zipf_rep1,256,16,zipf,1,0.28125,1.0404419884116558,7;16;19;20;21;25;27;34;35;36;40;47;56;57;60;63,72;37;25;19;15;13;11;10;9;8;7;7;6;6;6;5,925.9840250015259
11,49,r32_a4_uniform_rep1,32,4,uniform,1,0.25,0.0,22;32;37;45,8;8;8;8,260.09601354599
11,50,r128_a16_zipf_rep2,128,16,zipf,2,0.265625,0.967236721283885,2;3;4;5;10;12;24;25;30;36;39;49;55;56;59;60,34;18;12;9;8;6;6;5;5;4;4;4;4;3;3;3,913.919985294342
11,51,r256_a16_uniform_rep1,256,16,uniform,1,0.0625,0.0,7;16;19;20;21;25;27;34;35;36;40;47;56;57;60;63,16;16;16;16;16;16;16;16;16;16;16;16;16;16;16;16,904.5439958572388
11,52,r128_a8_uniform_rep1,128,8,uniform,1,0.125,0.0,5;19;32;34;38;49;54;55,16;16;16;16;16;16;16;16,473.37600588798523
11,53,r256_a8_zipf_rep1,256,8,zipf,1,0.359375,0.7842131307081003,17;27;29;32;33;41;54;58,92;47;32;24;19;16;14;12,500.92798471450806
11,54,r32_a16_zipf_rep2,32,16,zipf,2,0.1875,0.6123724356957945,2;4;11;15;18;19;23;30;32;39;45;47;53;54;58;60,6;3;3;2;2;2;2;2;2;2;1;1;1;1;1;1,897.5679874420166
11,55,r128_a1_zipf_rep1,128,1,zipf,1,1.0,0.0,48,128,110.72000116109848
11,56,r128_a8_zipf_rep2,128,8,zipf,2,0.3515625,0.7551903733496608,0;6;9;12;25;45;56;60,45;23;16;12;10;8;7;7,495.61598896980286
11,57,r128_a16_hot50_rep2,128,16,hot50,2,0.4453125,1.5823736126465204,2;3;4;5;10;12;24;25;30;36;39;49;55;56;59;60,57;5;5;5;5;5;5;5;5;5;5;5;4;4;4;4,903.4240245819092
11,58,r128_a2_hot50_rep2,128,2,hot50,2,0.5,0.0,23;32,64;64,169.24799978733063
11,59,r128_a16_linear_skew_rep0,128,16,linear_skew,0,0.109375,0.4759858191164943,11;12;13;17;18;22;24;33;41;43;47;50;57;60;62;63,14;13;13;12;11;10;9;8;8;7;6;5;4;3;3;2,898.688018321991
11,60,r256_a2_zipf_rep1,256,2,zipf,1,0.6640625,0.328125,1;5,170;86,162.78399527072906
11,61,r256_a2_uniform_rep1,256,2,uniform,1,0.5,0.0,1;5,128;128,149.1840034723282
11,62,r64_a16_hot50_rep0,64,16,hot50,0,0.390625,1.3607213160673275,3;8;9;10;16;19;23;25;26;27;33;36;51;55;57;59,25;3;3;3;3;3;3;3;3;3;2;2;2;2;2;2,895.7759737968445
11,63,r32_a16_hot50_rep1,32,16,hot50,1,0.28125,0.9354143466934853,2;10;13;18;19;24;27;28;29;42;43;45;47;48;57;59,9;2;2;2;2;2;2;2;2;1;1;1;1;1;1;1,886.1759901046753
11,64,r128_a8_zipf_rep1,128,8,zipf,1,0.3515625,0.7551903733496608,5;19;32;34;38;49;54;55,45;23;16;12;10;8;7;7,482.5280010700226
11,65,r32_a8_hot50_rep1,32,8,hot50,1,0.40625,0.8569568250501305,12;15;17;18;39;41;47;58,13;3;3;3;3;3;2;2,522.1440196037292
11,66,r32_a8_uniform_rep1,32,8,uniform,1,0.125,0.0,12;15;17;18;39;41;47;58,4;4;4;4;4;4;4;4,470.4959988594055
11,67,r128_a4_uniform_rep1,128,4,uniform,1,0.25,0.0,5;9;41;59,32;32;32;32,283.90398621559143
11,68,r256_a8_linear_skew_rep1,256,8,linear_skew,1,0.21875,0.4876402041977261,17;27;29;32;33;41;54;58,56;49;42;35;29;22;15;8,515.2320265769958
11,69,r32_a2_uniform_rep1,32,2,uniform,1,0.5,0.0,8;20,16;16,152.19199657440186
11,70,r256_a8_uniform_rep2,256,8,uniform,2,0.125,0.0,19;23;28;37;55;57;58;60,32;32;32;32;32;32;32;32,512.5759840011597
11,71,r64_a16_linear_skew_rep2,64,16,linear_skew,2,0.109375,0.4330127018922193,0;5;8;14;25;27;33;34;35;36;40;42;43;46;50;56,7;6;6;6;5;5;5;4;4;3;3;3;2;2;2;1,899.5199799537659
11,72,r64_a4_zipf_rep0,64,4,zipf,0,0.46875,0.5284854539152426,9;42;56;58,30;15;11;8,270.4640030860901
11,73,r128_a8_linear_skew_rep0,128,8,linear_skew,0,0.21875,0.4810876349481454,2;4;14;17;27;37;53;57,28;24;21;18;14;11;8;4,504.38398122787476
11,74,r32_a1_hot50_rep2,32,1,hot50,2,1.0,0.0,10,32,113.98400366306305
11,75,r128_a2_linear_skew_rep1,128,2,linear_skew,1,0.6640625,0.328125,38;42,85;43,159.2320054769516
11,76,r32_a16_zipf_rep1,32,16,zipf,1,0.1875,0.6123724356957945,2;10;13;18;19;24;27;28;29;42;43;45;47;48;57;59,6;3;3;2;2;2;2;2;2;2;1;1;1;1;1;1,894.752025604248
11,77,r128_a8_hot50_rep2,128,8,hot50,2,0.4765625,1.0634187204483472,0;6;9;12;25;45;56;60,61;10;10;10;10;9;9;9,478.62398624420166
11,78,r256_a8_zipf_rep0,256,8,zipf,0,0.359375,0.7842131307081003,0;5;10;21;27;34;36;50,92;47;32;24;19;16;14;12,499.83999133110046
11,79,r32_a16_linear_skew_rep2,32,16,linear_skew,2,0.09375,0.3535533905932738,2;4;11;15;18;19;23;30;32;39;45;47;53;54;58;60,3;3;3;3;2;2;2;2;2;2;2;2;1;1;1;1,895.0080275535583
11,80,r256_a4_zipf_rep2,256,4,zipf,2,0.4765625,0.551653232622179,0;22;24;46,122;62;41;31,280.0320088863373
11,81,r128_a8_uniform_rep0,128,8,uniform,0,0.125,0.0,2;4;14;17;27;37;53;57,16;16;16;16;16;16;16;16,473.9519953727722
11,82,r128_a4_hot50_rep0,128,4,hot50,0,0.4921875,0.5594535559365049,37;40;48;52,63;22;22;21,284.2879891395569
11,83,r256_a16_hot50_rep1,256,16,hot50,1,0.47265625,1.6944302139657448,7;16;19;20;21;25;27;34;35;36;40;47;56;57;60;63,121;9;9;9;9;9;9;9;9;9;9;9;9;9;9;9,907.4559807777405
11,84,r256_a2_linear_skew_rep2,256,2,linear_skew,2,0.6640625,0.328125,27;45,170;86,166.01599752902985
11,85,r32_a2_linear_skew_rep2,32,2,linear_skew,2,0.65625,0.3125,1;48,21;11,159.45599973201752
11,86,r64_a16_uniform_rep2,64,16,uniform,2,0.0625,0.0,0;5;8;14;25;27;33;34;35;36;40;42;43;46;50;56,4;4;4;4;4;4;4;4;4;4;4;4;4;4;4;4,902.944028377533
11,87,r32_a8_zipf_rep2,32,8,zipf,2,0.3125,0.6123724356957945,4;10;18;29;34;60;61;63,10;5;4;3;3;3;2;2,469.7920083999634
11,88,r128_a2_linear_skew_rep0,128,2,linear_skew,0,0.6640625,0.328125,9;32,85;43,161.47199273109436
11,89,r32_a4_zipf_rep0,32,4,zipf,0,0.4375,0.46770717334674267,5;35;54;57,14;8;6;4,258.39999318122864
11,90,r64_a4_linear_skew_rep2,64,4,linear_skew,2,0.390625,0.4192627457812106,11;20;46;57,25;19;13;7,270.4640030860901
11,91,r32_a2_hot50_rep0,32,2,hot50,0,0.5,0.0,7;54,16;16,160.41600704193115
11,92,r32_a16_linear_skew_rep0,32,16,linear_skew,0,0.09375,0.3535533905932738,3;4;5;7;8;9;15;19;21;23;25;30;36;38;45;62,3;3;3;3;2;2;2;2;2;2;2;2;1;1;1;1,897.3760008811951
11,93,r256_a1_zipf_rep2,256,1,zipf,2,1.0,0.0,34,256,119.03999745845795
11,94,r256_a8_hot50_rep1,256,8,hot50,1,0.48828125,1.0985386244347533,17;27;29;32;33;41;54;58,125;19;19;19;19;19;18;18,515.1680111885071
11,95,r128_a16_uniform_rep0,128,16,uniform,0,0.0625,0.0,11;12;13;17;18;22;24;33;41;43;47;50;57;60;62;63,8;8;8;8;8;8;8;8;8;8;8;8;8;8;8;8,894.5919871330261
11,96,r256_a2_hot50_rep1,256,2,hot50,1,0.5,0.0,1;5,128;128,158.04800391197205
11,97,r64_a16_hot50_rep2,64,16,hot50,2,0.390625,1.3607213160673275,0;5;8;14;25;27;33;34;35;36;40;42;43;46;50;56,25;3;3;3;3;3;3;3;3;3;2;2;2;2;2;2,897.7280259132385
11,98,r256_a1_hot50_rep0,256,1,hot50,0,1.0,0.0,62,256,113.47199976444244
11,99,r256_a1_zipf_rep1,256,1,zipf,1,1.0,0.0,13,256,107.19999670982361
11,100,r32_a8_uniform_rep2,32,8,uniform,2,0.125,0.0,4;10;18;29;34;60;61;63,4;4;4;4;4;4;4;4,476.51201486587524
11,101,r128_a8_hot50_rep0,128,8,hot50,0,0.4765625,1.0634187204483472,2;4;14;17;27;37;53;57,61;10;10;10;10;9;9;9,481.31200671195984
11,102,r64_a2_zipf_rep2,64,2,zipf,2,0.65625,0.3125,45;50,42;22,163.00800442695618
11,103,r64_a4_zipf_rep2,64,4,zipf,2,0.46875,0.5284854539152426,11;20;46;57,30;15;11;8,264.8000121116638
11,104,r64_a1_hot50_rep2,64,1,hot50,2,1.0,0.0,58,64,108.70400071144104
11,105,r256_a4_hot50_rep1,256,4,hot50,1,0.49609375,0.5683291712335379,36;50;54;61,127;43;43;43,278.6880135536194
11,106,r256_a2_uniform_rep2,256,2,uniform,2,0.5,0.0,27;45,128;128,150.11200308799744
11,107,r256_a1_linear_skew_rep0,256,1,linear_skew,0,1.0,0.0,62,256,108.5439994931221
11,108,r256_a16_linear_skew_rep1,256,16,linear_skew,1,0.11328125,0.5019493251315316,7;16;19;20;21;25;27;34;35;36;40;47;56;57;60;63,29;27;26;24;22;20;19;17;15;13;12;10;8;6;5;3,949.7280120849609
11,109,r32_a4_linear_skew_rep1,32,4,linear_skew,1,0.375,0.3644344934278313,22;32;37;45,12;9;7;4,261.6319954395294
11,110,r64_a1_linear_skew_rep2,64,1,linear_skew,2,1.0,0.0,58,64,108.22399705648422
11,111,r256_a2_hot50_rep2,256,2,hot50,2,0.5,0.0,27;45,128;128,151.96800231933594
11,112,r256_a8_uniform_rep1,256,8,uniform,1,0.125,0.0,17;27;29;32;33;41;54;58,32;32;32;32;32;32;32;32,519.4240212440491
11,113,r64_a8_linear_skew_rep0,64,8,linear_skew,0,0.203125,0.42389562394532926,7;11;36;41;44;47;48;51,13;12;10;9;7;6;4;3,473.2480049133301
11,114,r256_a2_zipf_rep0,256,2,zipf,0,0.6640625,0.328125,4;62,170;86,159.8079949617386
11,115,r32_a8_hot50_rep2,32,8,hot50,2,0.40625,0.8569568250501305,4;10;18;29;34;60;61;63,13;3;3;3;3;3;2;2,469.8239862918854
11,116,r64_a4_hot50_rep0,64,4,hot50,0,0.484375,0.5412658773652742,9;42;56;58,31;11;11;11,263.5839879512787
11,117,r64_a16_zipf_rep0,64,16,zipf,0,0.234375,0.8244316223920575,3;8;9;10;16;19;23;25;26;27;33;36;51;55;57;59,15;8;6;5;4;3;3;3;3;2;2;2;2;2;2;2,897.0879912376404
11,118,r256_a8_linear_skew_rep2,256,8,linear_skew,2,0.21875,0.4876402041977261,19;23;28;37;55;57;58;60,56;49;42;35;29;22;15;8,504.96000051498413
11,119,r64_a2_hot50_rep1,64,2,hot50,1,0.5,0.0,4;5,32;32,164.44799304008484
11,120,r64_a16_uniform_rep1,64,16,uniform,1,0.0625,0.0,15;18;20;28;29;31;35;36;39;44;45;50;52;53;54;59,4;4;4;4;4;4;4;4;4;4;4;4;4;4;4;4,905.8240056037903
11,121,r32_a1_linear_skew_rep0,32,1,linear_skew,0,1.0,0.0,37,32,112.60800063610077
11,122,r64_a8_linear_skew_rep1,64,8,linear_skew,1,0.203125,0.42389562394532926,1;10;12;17;30;31;42;43,13;12;10;9;7;6;4;3,474.40001368522644
11,123,r128_a1_linear_skew_rep0,128,1,linear_skew,0,1.0,0.0,48,128,103.10400277376175
11,124,r64_a8_hot50_rep2,64,8,hot50,2,0.453125,0.9921567416492215,1;5;18;35;46;56;59;60,29;5;5;5;5;5;5;5,475.19999742507935
11,125,r64_a8_hot50_rep0,64,8,hot50,0,0.453125,0.9921567416492215,7;11;36;41;44;47;48;51,29;5;5;5;5;5;5;5,476.73600912094116
11,126,r32_a1_hot50_rep0,32,1,hot50,0,1.0,0.0,37,32,107.77600109577179
11,127,r256_a1_hot50_rep1,256,1,hot50,1,1.0,0.0,13,256,111.87200248241425
11,128,r64_a16_zipf_rep1,64,16,zipf,1,0.234375,0.8244316223920575,15;18;20;28;29;31;35;36;39;44;45;50;52;53;54;59,15;8;6;5;4;3;3;3;3;2;2;2;2;2;2;2,896.3519930839539
11,129,r128_a4_hot50_rep1,128,4,hot50,1,0.4921875,0.5594535559365049,5;9;41;59,63;22;22;21,284.12801027297974
11,130,r128_a2_uniform_rep1,128,2,uniform,1,0.5,0.0,38;42,64;64,163.71199488639832
11,131,r32_a4_linear_skew_rep2,32,4,linear_skew,2,0.375,0.3644344934278313,10;17;31;45,12;9;7;4,257.60000944137573
11,132,r64_a8_zipf_rep0,64,8,zipf,0,0.34375,0.7207851621669248,7;11;36;41;44;47;48;51,22;11;8;6;5;4;4;4,477.4399995803833
11,133,r32_a1_zipf_rep2,32,1,zipf,2,1.0,0.0,10,32,108.64000022411346
11,134,r32_a1_uniform_rep0,32,1,uniform,0,1.0,0.0,37,32,106.39999806880951
11,135,r32_a16_zipf_rep0,32,16,zipf,0,0.1875,0.6123724356957945,3;4;5;7;8;9;15;19;21;23;25;30;36;38;45;62,6;3;3;2;2;2;2;2;2;2;1;1;1;1;1;1,892.5439715385437
11,136,r128_a2_linear_skew_rep2,128,2,linear_skew,2,0.6640625,0.328125,23;32,85;43,161.28000617027283
11,137,r64_a1_uniform_rep1,64,1,uniform,1,1.0,0.0,24,64,107.51999914646149
11,138,r64_a4_uniform_rep0,64,4,uniform,0,0.25,0.0,9;42;56;58,16;16;16;16,256.3520073890686
11,139,r256_a1_hot50_rep2,256,1,hot50,2,1.0,0.0,34,256,110.1439967751503
11,140,r32_a1_uniform_rep1,32,1,uniform,1,1.0,0.0,45,32,107.4879989027977
11,141,r128_a16_linear_skew_rep1,128,16,linear_skew,1,0.109375,0.4759858191164943,3;6;12;15;21;27;30;33;40;42;45;46;48;52;60;62,14;13;13;12;11;10;9;8;8;7;6;5;4;3;3;2,896.8319892883301
11,142,r128_a2_hot50_rep1,128,2,hot50,1,0.5,0.0,38;42,64;64,162.88000345230103
11,143,r32_a4_hot50_rep1,32,4,hot50,1,0.46875,0.5077524002897476,22;32;37;45,15;6;6;5,254.97600436210632
11,144,r128_a4_linear_skew_rep0,128,4,linear_skew,0,0.3984375,0.44028133761266786,37;40;48;52,51;38;26;13,279.58399057388306
11,145,r256_a1_uniform_rep1,256,1,uniform,1,1.0,0.0,13,256,110.72000116109848
11,146,r32_a16_hot50_rep0,32,16,hot50,0,0.28125,0.9354143466934853,3;4;5;7;8;9;15;19;21;23;25;30;36;38;45;62,9;2;2;2;2;2;2;2;2;1;1;1;1;1;1;1,892.0320272445679
11,147,r128_a2_zipf_rep1,128,2,zipf,1,0.6640625,0.328125,38;42,85;43,159.07199680805206
11,148,r256_a2_hot50_rep0,256,2,hot50,0,0.5,0.0,4;62,128;128,150.14399588108063
11,149,r32_a2_zipf_rep1,32,2,zipf,1,0.65625,0.3125,8;20,21;11,157.79200196266174
11,150,r128_a4_uniform_rep0,128,4,uniform,0,0.25,0.0,37;40;48;52,32;32;32;32,279.10399436950684
11,151,r128_a1_linear_skew_rep1,128,1,linear_skew,1,1.0,0.0,48,128,102.88000106811523
11,152,r32_a16_uniform_rep2,32,16,uniform,2,0.0625,0.0,2;4;11;15;18;19;23;30;32;39;45;47;53;54;58;60,2;2;2;2;2;2;2;2;2;2;2;2;2;2;2;2,894.752025604248
11,153,r32_a8_linear_skew_rep0,32,8,linear_skew,0,0.1875,0.375,2;11;19;21;22;41;43;52,6;6;5;4;4;3;2;2,465.4400050640106
11,154,r64_a2_zipf_rep1,64,2,zipf,1,0.65625,0.3125,4;5,42;22,164.8000031709671
11,155,r128_a16_hot50_rep0,128,16,hot50,0,0.4453125,1.5823736126465204,11;12;13;17;18;22;24;33;41;43;47;50;57;60;62;63,57;5;5;5;5;5;5;5;5;5;5;5;4;4;4;4,905.7599902153015
11,156,r32_a4_linear_skew_rep0,32,4,linear_skew,0,0.375,0.3644344934278313,5;35;54;57,12;9;7;4,257.5039863586426
11,157,r256_a4_uniform_rep0,256,4,uniform,0,0.25,0.0,6;27;28;50,64;64;64;64,284.2240035533905
11,158,r256_a4_zipf_rep0,256,4,zipf,0,0.4765625,0.551653232622179,6;27;28;50,122;62;41;31,272.15999364852905
11,159,r256_a8_linear_skew_rep0,256,8,linear_skew,0,0.21875,0.4876402041977261,0;5;10;21;27;34;36;50,56;49;42;35;29;22;15;8,506.75201416015625
11,160,r256_a2_linear_skew_rep0,256,2,linear_skew,0,0.6640625,0.328125,4;62,170;86,160.22400557994843
11,161,r32_a2_hot50_rep2,32,2,hot50,2,0.5,0.0,1;48,16;16,151.2639969587326
11,162,r128_a16_uniform_rep2,128,16,uniform,2,0.0625,0.0,2;3;4;5;10;12;24;25;30;36;39;49;55;56;59;60,8;8;8;8;8;8;8;8;8;8;8;8;8;8;8;8,900.5439877510071
11,163,r128_a4_zipf_rep1,128,4,zipf,1,0.46875,0.5326268921581034,5;9;41;59,60;31;21;16,275.7120132446289
11,164,r128_a2_zipf_rep0,128,2,zipf,0,0.6640625,0.328125,9;32,85;43,157.75999426841736
11,165,r64_a2_hot50_rep2,64,2,hot50,2,0.5,0.0,45;50,32;32,164.89599645137787
11,166,r128_a8_linear_skew_rep1,128,8,linear_skew,1,0.21875,0.4810876349481454,5;19;32;34;38;49;54;55,28;24;21;18;14;11;8;4,493.9520061016083
11,167,r32_a1_zipf_rep1,32,1,zipf,1,1.0,0.0,45,32,110.84800213575363
11,168,r64_a16_uniform_rep0,64,16,uniform,0,0.0625,0.0,3;8;9;10;16;19;23;25;26;27;33;36;51;55;57;59,4;4;4;4;4;4;4;4;4;4;4;4;4;4;4;4,891.2000060081482
11,169,r32_a4_zipf_rep2,32,4,zipf,2,0.4375,0.46770717334674267,10;17;31;45,14;8;6;4,256.22400641441345
11,170,r64_a16_zipf_rep2,64,16,zipf,2,0.234375,0.8244316223920575,0;5;8;14;25;27;33;34;35;36;40;42;43;46;50;56,15;8;6;5;4;3;3;3;3;2;2;2;2;2;2;2,892.6399946212769
11,171,r128_a4_linear_skew_rep1,128,4,linear_skew,1,0.3984375,0.44028133761266786,5;9;41;59,51;38;26;13,277.9200077056885
11,172,r256_a16_hot50_rep2,256,16,hot50,2,0.47265625,1.6944302139657448,1;4;5;14;19;23;25;33;35;37;42;45;52;53;57;59,121;9;9;9;9;9;9;9;9;9;9;9;9;9;9;9,909.5039963722229
11,173,r64_a2_linear_skew_rep2,64,2,linear_skew,2,0.65625,0.3125,45;50,42;22,164.8319959640503
11,174,r128_a1_zipf_rep0,128,1,zipf,0,1.0,0.0,48,128,104.032002389431
11,175,r128_a1_uniform_rep0,128,1,uniform,0,1.0,0.0,48,128,101.6319990158081
11,176,r128_a4_linear_skew_rep2,128,4,linear_skew,2,0.3984375,0.44028133761266786,0;11;15;55,51;38;26;13,277.21598744392395
11,177,r64_a4_zipf_rep1,64,4,zipf,1,0.46875,0.5284854539152426,8;9;28;49,30;15;11;8,263.0079984664917
11,178,r256_a4_hot50_rep0,256,4,hot50,0,0.49609375,0.5683291712335379,6;27;28;50,127;43;43;43,276.12799406051636
11,179,r64_a1_hot50_rep1,64,1,hot50,1,1.0,0.0,24,64,108.47999900579453
11,180,r256_a1_linear_skew_rep1,256,1,linear_skew,1,1.0,0.0,13,256,110.91200262308121
11,181,r32_a4_hot50_rep2,32,4,hot50,2,0.46875,0.5077524002897476,10;17;31;45,15;6;6;5,257.63198733329773
11,182,r32_a8_zipf_rep0,32,8,zipf,0,0.3125,0.6123724356957945,2;11;19;21;22;41;43;52,10;5;4;3;3;3;2;2,467.74399280548096
11,183,r128_a1_hot50_rep0,128,1,hot50,0,1.0,0.0,48,128,101.40799731016159
11,184,r256_a4_hot50_rep2,256,4,hot50,2,0.49609375,0.5683291712335379,0;22;24;46,127;43;43;43,275.13599395751953
11,185,r128_a2_zipf_rep2,128,2,zipf,2,0.6640625,0.328125,23;32,85;43,158.24000537395477
11,186,r32_a2_uniform_rep2,32,2,uniform,2,0.5,0.0,1;48,16;16,150.9760022163391
11,187,r32_a1_hot50_rep1,32,1,hot50,1,1.0,0.0,45,32,107.4879989027977
11,188,r64_a4_hot50_rep1,64,4,hot50,1,0.484375,0.5412658773652742,8;9;28;49,31;11;11;11,263.5200023651123
11,189,r32_a4_hot50_rep0,32,4,hot50,0,0.46875,0.5077524002897476,5;35;54;57,15;6;6;5,257.9840123653412
11,190,r64_a1_zipf_rep2,64,1,zipf,2,1.0,0.0,58,64,112.60800063610077
11,191,r256_a8_zipf_rep2,256,8,zipf,2,0.359375,0.7842131307081003,19;23;28;37;55;57;58;60,92;47;32;24;19;16;14;12,497.8879988193512
11,192,r128_a16_hot50_rep1,128,16,hot50,1,0.4453125,1.5823736126465204,3;6;12;15;21;27;30;33;40;42;45;46;48;52;60;62,57;5;5;5;5;5;5;5;5;5;5;5;4;4;4;4,904.6720266342163
11,193,r64_a2_hot50_rep0,64,2,hot50,0,0.5,0.0,16;17,32;32,162.91199624538422
11,194,r64_a1_linear_skew_rep1,64,1,linear_skew,1,1.0,0.0,24,64,107.45599865913391
11,195,r256_a16_hot50_rep0,256,16,hot50,0,0.47265625,1.6944302139657448,0;1;3;11;12;15;17;18;22;35;42;47;50;57;58;59,121;9;9;9;9;9;9;9;9;9;9;9;9;9;9;9,901.3440012931824
11,196,r128_a1_linear_skew_rep2,128,1,linear_skew,2,1.0,0.0,38,128,102.65599936246872
11,197,r32_a2_linear_skew_rep0,32,2,linear_skew,0,0.65625,0.3125,7;54,21;11,156.15999698638916
11,198,r128_a16_zipf_rep0,128,16,zipf,0,0.265625,0.967236721283885,11;12;13;17;18;22;24;33;41;43;47;50;57;60;62;63,34;18;12;9;8;6;6;5;5;4;4;4;4;3;3;3,907.9999923706055
11,199,r128_a8_zipf_rep0,128,8,zipf,0,0.3515625,0.7551903733496608,2;4;14;17;27;37;53;57,45;23;16;12;10;8;7;7,481.6319942474365
11,200,r256_a16_linear_skew_rep2,256,16,linear_skew,2,0.11328125,0.5019493251315316,1;4;5;14;19;23;25;33;35;37;42;45;52;53;57;59,29;27;26;24;22;20;19;17;15;13;12;10;8;6;5;3,946.3040232658386
11,201,r128_a2_uniform_rep2,128,2,uniform,2,0.5,0.0,23;32,64;64,162.20800578594208
11,202,r64_a8_uniform_rep2,64,8,uniform,2,0.125,0.0,1;5;18;35;46;56;59;60,8;8;8;8;8;8;8;8,469.5360064506531
11,203,r128_a1_hot50_rep2,128,1,hot50,2,1.0,0.0,38,128,102.55999863147736
11,204,r32_a8_hot50_rep0,32,8,hot50,0,0.40625,0.8569568250501305,2;11;19;21;22;41;43;52,13;3;3;3;3;3;2;2,468.57601404190063
11,205,r128_a8_hot50_rep1,128,8,hot50,1,0.4765625,1.0634187204483472,5;19;32;34;38;49;54;55,61;10;10;10;10;9;9;9,478.7839949131012
11,206,r64_a8_uniform_rep0,64,8,uniform,0,0.125,0.0,7;11;36;41;44;47;48;51,8;8;8;8;8;8;8;8,471.3279902935028
11,207,r32_a4_uniform_rep2,32,4,uniform,2,0.25,0.0,10;17;31;45,8;8;8;8,260.5440020561218
11,208,r256_a16_linear_skew_rep0,256,16,linear_skew,0,0.11328125,0.5019493251315316,0;1;3;11;12;15;17;18;22;35;42;47;50;57;58;59,29;27;26;24;22;20;19;17;15;13;12;10;8;6;5;3,946.7200040817261
11,209,r64_a2_linear_skew_rep0,64,2,linear_skew,0,0.65625,0.3125,16;17,42;22,165.3439998626709
11,210,r64_a8_hot50_rep1,64,8,hot50,1,0.453125,0.9921567416492215,1;10;12;17;30;31;42;43,29;5;5;5;5;5;5;5,472.8640019893646
11,211,r32_a8_zipf_rep1,32,8,zipf,1,0.3125,0.6123724356957945,12;15;17;18;39;41;47;58,10;5;4;3;3;3;2;2,467.77600049972534
11,212,r64_a16_linear_skew_rep1,64,16,linear_skew,1,0.109375,0.4330127018922193,15;18;20;28;29;31;35;36;39;44;45;50;52;53;54;59,7;6;6;6;5;5;5;4;4;3;3;3;2;2;2;1,898.3680009841919
11,213,r256_a8_hot50_rep0,256,8,hot50,0,0.48828125,1.0985386244347533,0;5;10;21;27;34;36;50,125;19;19;19;19;19;18;18,515.5839920043945
11,214,r128_a1_zipf_rep2,128,1,zipf,2,1.0,0.0,38,128,102.39999741315842
11,215,r64_a8_zipf_rep2,64,8,zipf,2,0.34375,0.7207851621669248,1;5;18;35;46;56;59;60,22;11;8;6;5;4;4;4,483.99999737739563
11,216,r256_a1_linear_skew_rep2,256,1,linear_skew,2,1.0,0.0,34,256,112.47999966144562
11,217,r32_a4_uniform_rep0,32,4,uniform,0,0.25,0.0,5;35;54;57,8;8;8;8,258.4959864616394
11,218,r32_a16_hot50_rep2,32,16,hot50,2,0.28125,0.9354143466934853,2;4;11;15;18;19;23;30;32;39;45;47;53;54;58;60,9;2;2;2;2;2;2;2;2;1;1;1;1;1;1;1,886.4319920539856
11,219,r32_a4_zipf_rep1,32,4,zipf,1,0.4375,0.46770717334674267,22;32;37;45,14;8;6;4,257.1200132369995
11,220,r64_a2_uniform_rep0,64,2,uniform,0,0.5,0.0,16;17,32;32,164.2879992723465
11,221,r32_a1_linear_skew_rep2,32,1,linear_skew,2,1.0,0.0,10,32,108.8000014424324
11,222,r128_a4_hot50_rep2,128,4,hot50,2,0.4921875,0.5594535559365049,0;11;15;55,63;22;22;21,281.5999984741211
11,223,r256_a1_uniform_rep2,256,1,uniform,2,1.0,0.0,34,256,109.8560020327568
11,224,r64_a1_linear_skew_rep0,64,1,linear_skew,0,1.0,0.0,39,64,107.68000036478043
11,225,r64_a16_hot50_rep1,64,16,hot50,1,0.390625,1.3607213160673275,15;18;20;28;29;31;35;36;39;44;45;50;52;53;54;59,25;3;3;3;3;3;3;3;3;3;2;2;2;2;2;2,902.0479917526245
11,226,r128_a16_uniform_rep1,128,16,uniform,1,0.0625,0.0,3;6;12;15;21;27;30;33;40;42;45;46;48;52;60;62,8;8;8;8;8;8;8;8;8;8;8;8;8;8;8;8,908.7679982185364
11,227,r256_a4_uniform_rep1,256,4,uniform,1,0.25,0.0,36;50;54;61,64;64;64;64,281.5999984741211
11,228,r256_a1_uniform_rep0,256,1,uniform,0,1.0,0.0,62,256,111.35999858379364
11,229,r32_a8_uniform_rep0,32,8,uniform,0,0.125,0.0,2;11;19;21;22;41;43;52,4;4;4;4;4;4;4;4,473.37600588798523
11,230,r128_a4_zipf_rep0,128,4,zipf,0,0.46875,0.5326268921581034,37;40;48;52,60;31;21;16,277.47198939323425
11,231,r32_a1_uniform_rep2,32,1,uniform,2,1.0,0.0,10,32,108.22399705648422
11,232,r32_a1_linear_skew_rep1,32,1,linear_skew,1,1.0,0.0,45,32,107.04000294208527
11,233,r64_a2_zipf_rep0,64,2,zipf,0,0.65625,0.3125,16;17,42;22,164.44799304008484
11,234,r256_a4_linear_skew_rep2,256,4,linear_skew,2,0.3984375,0.44373349441134147,0;22;24;46,102;77;51;26,273.0880081653595
11,235,r128_a8_linear_skew_rep2,128,8,linear_skew,2,0.21875,0.4810876349481454,0;6;9;12;25;45;56;60,28;24;21;18;14;11;8;4,496.16000056266785
11,236,r64_a2_linear_skew_rep1,64,2,linear_skew,1,0.65625,0.3125,4;5,42;22,161.6320013999939
11,237,r256_a4_linear_skew_rep1,256,4,linear_skew,1,0.3984375,0.44373349441134147,36;50;54;61,102;77;51;26,268.95999908447266
11,238,r64_a1_uniform_rep0,64,1,uniform,0,1.0,0.0,39,64,106.62399977445602
11,239,r32_a2_uniform_rep0,32,2,uniform,0,0.5,0.0,7;54,16;16,151.64799988269806
