arm,phase,batch_size,prompt_len,repeat,seed,decode_step,module_name,tokens,top_k,num_experts,max_expert_load,mean_expert_load,max_to_mean,load_cv,active_expert_fraction,normalized_entropy,workload
route_census_untimed,prefill,1,128,0,20270728,-1,model.layers.0.block_sparse_moe,128,16,32,121,64.0,1.890625,0.5087281465530396,1.0,0.9594130602470573,synthetic
route_census_untimed,prefill,1,128,0,20270728,-1,model.layers.1.block_sparse_moe,128,16,32,114,64.0,1.78125,0.4799603521823883,1.0,0.9651146978815215,synthetic
route_census_untimed,prefill,1,128,0,20270728,-1,model.layers.2.block_sparse_moe,128,16,32,116,64.0,1.8125,0.3477659523487091,1.0,0.9822174782000433,synthetic
route_census_untimed,prefill,1,128,0,20270728,-1,model.layers.3.block_sparse_moe,128,16,32,110,64.0,1.71875,0.34745869040489197,1.0,0.9819866774825854,synthetic
route_census_untimed,prefill,1,128,0,20270728,-1,model.layers.4.block_sparse_moe,128,16,32,103,64.0,1.609375,0.29390475153923035,1.0,0.9872332490228666,synthetic
route_census_untimed,prefill,1,128,0,20270728,-1,model.layers.5.block_sparse_moe,128,16,32,111,64.0,1.734375,0.3392370641231537,1.0,0.9831119255706506,synthetic
route_census_untimed,prefill,1,128,0,20270728,-1,model.layers.6.block_sparse_moe,128,16,32,123,64.0,1.921875,0.5288606882095337,1.0,0.954399284422984,synthetic
route_census_untimed,prefill,1,128,0,20270728,-1,model.layers.7.block_sparse_moe,128,16,32,127,64.0,1.984375,0.5103153586387634,1.0,0.9568349715175635,synthetic
route_census_untimed,prefill,1,128,0,20270728,-1,model.layers.8.block_sparse_moe,128,16,32,125,64.0,1.953125,0.4956013858318329,1.0,0.9631715003059528,synthetic
route_census_untimed,prefill,1,128,0,20270728,-1,model.layers.9.block_sparse_moe,128,16,32,128,64.0,2.0,0.4910701513290405,1.0,0.9629541142352622,synthetic
route_census_untimed,prefill,1,128,0,20270728,-1,model.layers.10.block_sparse_moe,128,16,32,125,64.0,1.953125,0.397920161485672,1.0,0.9770883364137712,synthetic
route_census_untimed,prefill,1,128,0,20270728,-1,model.layers.11.block_sparse_moe,128,16,32,124,64.0,1.9375,0.4960322380065918,1.0,0.9628523692990117,synthetic
route_census_untimed,prefill,1,128,0,20270728,-1,model.layers.12.block_sparse_moe,128,16,32,126,64.0,1.96875,0.557883083820343,1.0,0.9538926235335422,synthetic
route_census_untimed,prefill,1,128,0,20270728,-1,model.layers.13.block_sparse_moe,128,16,32,123,64.0,1.921875,0.5315371751785278,1.0,0.9539899657139306,synthetic
route_census_untimed,prefill,1,128,0,20270728,-1,model.layers.14.block_sparse_moe,128,16,32,121,64.0,1.890625,0.4913186728954315,1.0,0.9636512631087997,synthetic
route_census_untimed,prefill,1,128,0,20270728,-1,model.layers.15.block_sparse_moe,128,16,32,120,64.0,1.875,0.5667428970336914,1.0,0.9498299117687402,synthetic
route_census_untimed,decode,1,128,0,20270728,0,model.layers.0.block_sparse_moe,1,16,32,1,0.5,2.0,1.0,0.5,0.8000000021982683,synthetic
route_census_untimed,decode,1,128,0,20270728,0,model.layers.1.block_sparse_moe,1,16,32,1,0.5,2.0,1.0,0.5,0.8000000021982683,synthetic
route_census_untimed,decode,1,128,0,20270728,0,model.layers.2.block_sparse_moe,1,16,32,1,0.5,2.0,1.0,0.5,0.8000000021982683,synthetic
route_census_untimed,decode,1,128,0,20270728,0,model.layers.3.block_sparse_moe,1,16,32,1,0.5,2.0,1.0,0.5,0.8000000021982683,synthetic
route_census_untimed,decode,1,128,0,20270728,0,model.layers.4.block_sparse_moe,1,16,32,1,0.5,2.0,1.0,0.5,0.8000000021982683,synthetic
route_census_untimed,decode,1,128,0,20270728,0,model.layers.5.block_sparse_moe,1,16,32,1,0.5,2.0,1.0,0.5,0.8000000021982683,synthetic
route_census_untimed,decode,1,128,0,20270728,0,model.layers.6.block_sparse_moe,1,16,32,1,0.5,2.0,1.0,0.5,0.8000000021982683,synthetic
route_census_untimed,decode,1,128,0,20270728,0,model.layers.7.block_sparse_moe,1,16,32,1,0.5,2.0,1.0,0.5,0.8000000021982683,synthetic
route_census_untimed,decode,1,128,0,20270728,0,model.layers.8.block_sparse_moe,1,16,32,1,0.5,2.0,1.0,0.5,0.8000000021982683,synthetic
route_census_untimed,decode,1,128,0,20270728,0,model.layers.9.block_sparse_moe,1,16,32,1,0.5,2.0,1.0,0.5,0.8000000021982683,synthetic
route_census_untimed,decode,1,128,0,20270728,0,model.layers.10.block_sparse_moe,1,16,32,1,0.5,2.0,1.0,0.5,0.8000000021982683,synthetic
route_census_untimed,decode,1,128,0,20270728,0,model.layers.11.block_sparse_moe,1,16,32,1,0.5,2.0,1.0,0.5,0.8000000021982683,synthetic
route_census_untimed,decode,1,128,0,20270728,0,model.layers.12.block_sparse_moe,1,16,32,1,0.5,2.0,1.0,0.5,0.8000000021982683,synthetic
route_census_untimed,decode,1,128,0,20270728,0,model.layers.13.block_sparse_moe,1,16,32,1,0.5,2.0,1.0,0.5,0.8000000021982683,synthetic
route_census_untimed,decode,1,128,0,20270728,0,model.layers.14.block_sparse_moe,1,16,32,1,0.5,2.0,1.0,0.5,0.8000000021982683,synthetic
route_census_untimed,decode,1,128,0,20270728,0,model.layers.15.block_sparse_moe,1,16,32,1,0.5,2.0,1.0,0.5,0.8000000021982683,synthetic
route_census_untimed,decode,1,128,0,20270728,1,model.layers.0.block_sparse_moe,1,16,32,1,0.5,2.0,1.0,0.5,0.8000000021982683,synthetic
route_census_untimed,decode,1,128,0,20270728,1,model.layers.1.block_sparse_moe,1,16,32,1,0.5,2.0,1.0,0.5,0.8000000021982683,synthetic
route_census_untimed,decode,1,128,0,20270728,1,model.layers.2.block_sparse_moe,1,16,32,1,0.5,2.0,1.0,0.5,0.8000000021982683,synthetic
route_census_untimed,decode,1,128,0,20270728,1,model.layers.3.block_sparse_moe,1,16,32,1,0.5,2.0,1.0,0.5,0.8000000021982683,synthetic
route_census_untimed,decode,1,128,0,20270728,1,model.layers.4.block_sparse_moe,1,16,32,1,0.5,2.0,1.0,0.5,0.8000000021982683,synthetic
route_census_untimed,decode,1,128,0,20270728,1,model.layers.5.block_sparse_moe,1,16,32,1,0.5,2.0,1.0,0.5,0.8000000021982683,synthetic
route_census_untimed,decode,1,128,0,20270728,1,model.layers.6.block_sparse_moe,1,16,32,1,0.5,2.0,1.0,0.5,0.8000000021982683,synthetic
route_census_untimed,decode,1,128,0,20270728,1,model.layers.7.block_sparse_moe,1,16,32,1,0.5,2.0,1.0,0.5,0.8000000021982683,synthetic
route_census_untimed,decode,1,128,0,20270728,1,model.layers.8.block_sparse_moe,1,16,32,1,0.5,2.0,1.0,0.5,0.8000000021982683,synthetic
route_census_untimed,decode,1,128,0,20270728,1,model.layers.9.block_sparse_moe,1,16,32,1,0.5,2.0,1.0,0.5,0.8000000021982683,synthetic
route_census_untimed,decode,1,128,0,20270728,1,model.layers.10.block_sparse_moe,1,16,32,1,0.5,2.0,1.0,0.5,0.8000000021982683,synthetic
route_census_untimed,decode,1,128,0,20270728,1,model.layers.11.block_sparse_moe,1,16,32,1,0.5,2.0,1.0,0.5,0.8000000021982683,synthetic
route_census_untimed,decode,1,128,0,20270728,1,model.layers.12.block_sparse_moe,1,16,32,1,0.5,2.0,1.0,0.5,0.8000000021982683,synthetic
route_census_untimed,decode,1,128,0,20270728,1,model.layers.13.block_sparse_moe,1,16,32,1,0.5,2.0,1.0,0.5,0.8000000021982683,synthetic
route_census_untimed,decode,1,128,0,20270728,1,model.layers.14.block_sparse_moe,1,16,32,1,0.5,2.0,1.0,0.5,0.8000000021982683,synthetic
route_census_untimed,decode,1,128,0,20270728,1,model.layers.15.block_sparse_moe,1,16,32,1,0.5,2.0,1.0,0.5,0.8000000021982683,synthetic
route_census_untimed,decode,1,128,0,20270728,2,model.layers.0.block_sparse_moe,1,16,32,1,0.5,2.0,1.0,0.5,0.8000000021982683,synthetic
route_census_untimed,decode,1,128,0,20270728,2,model.layers.1.block_sparse_moe,1,16,32,1,0.5,2.0,1.0,0.5,0.8000000021982683,synthetic
route_census_untimed,decode,1,128,0,20270728,2,model.layers.2.block_sparse_moe,1,16,32,1,0.5,2.0,1.0,0.5,0.8000000021982683,synthetic
route_census_untimed,decode,1,128,0,20270728,2,model.layers.3.block_sparse_moe,1,16,32,1,0.5,2.0,1.0,0.5,0.8000000021982683,synthetic
route_census_untimed,decode,1,128,0,20270728,2,model.layers.4.block_sparse_moe,1,16,32,1,0.5,2.0,1.0,0.5,0.8000000021982683,synthetic
route_census_untimed,decode,1,128,0,20270728,2,model.layers.5.block_sparse_moe,1,16,32,1,0.5,2.0,1.0,0.5,0.8000000021982683,synthetic
route_census_untimed,decode,1,128,0,20270728,2,model.layers.6.block_sparse_moe,1,16,32,1,0.5,2.0,1.0,0.5,0.8000000021982683,synthetic
route_census_untimed,decode,1,128,0,20270728,2,model.layers.7.block_sparse_moe,1,16,32,1,0.5,2.0,1.0,0.5,0.8000000021982683,synthetic
route_census_untimed,decode,1,128,0,20270728,2,model.layers.8.block_sparse_moe,1,16,32,1,0.5,2.0,1.0,0.5,0.8000000021982683,synthetic
route_census_untimed,decode,1,128,0,20270728,2,model.layers.9.block_sparse_moe,1,16,32,1,0.5,2.0,1.0,0.5,0.8000000021982683,synthetic
route_census_untimed,decode,1,128,0,20270728,2,model.layers.10.block_sparse_moe,1,16,32,1,0.5,2.0,1.0,0.5,0.8000000021982683,synthetic
route_census_untimed,decode,1,128,0,20270728,2,model.layers.11.block_sparse_moe,1,16,32,1,0.5,2.0,1.0,0.5,0.8000000021982683,synthetic
route_census_untimed,decode,1,128,0,20270728,2,model.layers.12.block_sparse_moe,1,16,32,1,0.5,2.0,1.0,0.5,0.8000000021982683,synthetic
route_census_untimed,decode,1,128,0,20270728,2,model.layers.13.block_sparse_moe,1,16,32,1,0.5,2.0,1.0,0.5,0.8000000021982683,synthetic
route_census_untimed,decode,1,128,0,20270728,2,model.layers.14.block_sparse_moe,1,16,32,1,0.5,2.0,1.0,0.5,0.8000000021982683,synthetic
route_census_untimed,decode,1,128,0,20270728,2,model.layers.15.block_sparse_moe,1,16,32,1,0.5,2.0,1.0,0.5,0.8000000021982683,synthetic
route_census_untimed,decode,1,128,0,20270728,3,model.layers.0.block_sparse_moe,1,16,32,1,0.5,2.0,1.0,0.5,0.8000000021982683,synthetic
route_census_untimed,decode,1,128,0,20270728,3,model.layers.1.block_sparse_moe,1,16,32,1,0.5,2.0,1.0,0.5,0.8000000021982683,synthetic
route_census_untimed,decode,1,128,0,20270728,3,model.layers.2.block_sparse_moe,1,16,32,1,0.5,2.0,1.0,0.5,0.8000000021982683,synthetic
route_census_untimed,decode,1,128,0,20270728,3,model.layers.3.block_sparse_moe,1,16,32,1,0.5,2.0,1.0,0.5,0.8000000021982683,synthetic
route_census_untimed,decode,1,128,0,20270728,3,model.layers.4.block_sparse_moe,1,16,32,1,0.5,2.0,1.0,0.5,0.8000000021982683,synthetic
route_census_untimed,decode,1,128,0,20270728,3,model.layers.5.block_sparse_moe,1,16,32,1,0.5,2.0,1.0,0.5,0.8000000021982683,synthetic
route_census_untimed,decode,1,128,0,20270728,3,model.layers.6.block_sparse_moe,1,16,32,1,0.5,2.0,1.0,0.5,0.8000000021982683,synthetic
route_census_untimed,decode,1,128,0,20270728,3,model.layers.7.block_sparse_moe,1,16,32,1,0.5,2.0,1.0,0.5,0.8000000021982683,synthetic
route_census_untimed,decode,1,128,0,20270728,3,model.layers.8.block_sparse_moe,1,16,32,1,0.5,2.0,1.0,0.5,0.8000000021982683,synthetic
route_census_untimed,decode,1,128,0,20270728,3,model.layers.9.block_sparse_moe,1,16,32,1,0.5,2.0,1.0,0.5,0.8000000021982683,synthetic
route_census_untimed,decode,1,128,0,20270728,3,model.layers.10.block_sparse_moe,1,16,32,1,0.5,2.0,1.0,0.5,0.8000000021982683,synthetic
route_census_untimed,decode,1,128,0,20270728,3,model.layers.11.block_sparse_moe,1,16,32,1,0.5,2.0,1.0,0.5,0.8000000021982683,synthetic
route_census_untimed,decode,1,128,0,20270728,3,model.layers.12.block_sparse_moe,1,16,32,1,0.5,2.0,1.0,0.5,0.8000000021982683,synthetic
route_census_untimed,decode,1,128,0,20270728,3,model.layers.13.block_sparse_moe,1,16,32,1,0.5,2.0,1.0,0.5,0.8000000021982683,synthetic
route_census_untimed,decode,1,128,0,20270728,3,model.layers.14.block_sparse_moe,1,16,32,1,0.5,2.0,1.0,0.5,0.8000000021982683,synthetic
route_census_untimed,decode,1,128,0,20270728,3,model.layers.15.block_sparse_moe,1,16,32,1,0.5,2.0,1.0,0.5,0.8000000021982683,synthetic
route_census_untimed,decode,1,128,0,20270728,4,model.layers.0.block_sparse_moe,1,16,32,1,0.5,2.0,1.0,0.5,0.8000000021982683,synthetic
route_census_untimed,decode,1,128,0,20270728,4,model.layers.1.block_sparse_moe,1,16,32,1,0.5,2.0,1.0,0.5,0.8000000021982683,synthetic
route_census_untimed,decode,1,128,0,20270728,4,model.layers.2.block_sparse_moe,1,16,32,1,0.5,2.0,1.0,0.5,0.8000000021982683,synthetic
route_census_untimed,decode,1,128,0,20270728,4,model.layers.3.block_sparse_moe,1,16,32,1,0.5,2.0,1.0,0.5,0.8000000021982683,synthetic
route_census_untimed,decode,1,128,0,20270728,4,model.layers.4.block_sparse_moe,1,16,32,1,0.5,2.0,1.0,0.5,0.8000000021982683,synthetic
route_census_untimed,decode,1,128,0,20270728,4,model.layers.5.block_sparse_moe,1,16,32,1,0.5,2.0,1.0,0.5,0.8000000021982683,synthetic
route_census_untimed,decode,1,128,0,20270728,4,model.layers.6.block_sparse_moe,1,16,32,1,0.5,2.0,1.0,0.5,0.8000000021982683,synthetic
route_census_untimed,decode,1,128,0,20270728,4,model.layers.7.block_sparse_moe,1,16,32,1,0.5,2.0,1.0,0.5,0.8000000021982683,synthetic
route_census_untimed,decode,1,128,0,20270728,4,model.layers.8.block_sparse_moe,1,16,32,1,0.5,2.0,1.0,0.5,0.8000000021982683,synthetic
route_census_untimed,decode,1,128,0,20270728,4,model.layers.9.block_sparse_moe,1,16,32,1,0.5,2.0,1.0,0.5,0.8000000021982683,synthetic
route_census_untimed,decode,1,128,0,20270728,4,model.layers.10.block_sparse_moe,1,16,32,1,0.5,2.0,1.0,0.5,0.8000000021982683,synthetic
route_census_untimed,decode,1,128,0,20270728,4,model.layers.11.block_sparse_moe,1,16,32,1,0.5,2.0,1.0,0.5,0.8000000021982683,synthetic
route_census_untimed,decode,1,128,0,20270728,4,model.layers.12.block_sparse_moe,1,16,32,1,0.5,2.0,1.0,0.5,0.8000000021982683,synthetic
route_census_untimed,decode,1,128,0,20270728,4,model.layers.13.block_sparse_moe,1,16,32,1,0.5,2.0,1.0,0.5,0.8000000021982683,synthetic
route_census_untimed,decode,1,128,0,20270728,4,model.layers.14.block_sparse_moe,1,16,32,1,0.5,2.0,1.0,0.5,0.8000000021982683,synthetic
route_census_untimed,decode,1,128,0,20270728,4,model.layers.15.block_sparse_moe,1,16,32,1,0.5,2.0,1.0,0.5,0.8000000021982683,synthetic
route_census_untimed,decode,1,128,0,20270728,5,model.layers.0.block_sparse_moe,1,16,32,1,0.5,2.0,1.0,0.5,0.8000000021982683,synthetic
route_census_untimed,decode,1,128,0,20270728,5,model.layers.1.block_sparse_moe,1,16,32,1,0.5,2.0,1.0,0.5,0.8000000021982683,synthetic
route_census_untimed,decode,1,128,0,20270728,5,model.layers.2.block_sparse_moe,1,16,32,1,0.5,2.0,1.0,0.5,0.8000000021982683,synthetic
route_census_untimed,decode,1,128,0,20270728,5,model.layers.3.block_sparse_moe,1,16,32,1,0.5,2.0,1.0,0.5,0.8000000021982683,synthetic
route_census_untimed,decode,1,128,0,20270728,5,model.layers.4.block_sparse_moe,1,16,32,1,0.5,2.0,1.0,0.5,0.8000000021982683,synthetic
route_census_untimed,decode,1,128,0,20270728,5,model.layers.5.block_sparse_moe,1,16,32,1,0.5,2.0,1.0,0.5,0.8000000021982683,synthetic
route_census_untimed,decode,1,128,0,20270728,5,model.layers.6.block_sparse_moe,1,16,32,1,0.5,2.0,1.0,0.5,0.8000000021982683,synthetic
route_census_untimed,decode,1,128,0,20270728,5,model.layers.7.block_sparse_moe,1,16,32,1,0.5,2.0,1.0,0.5,0.8000000021982683,synthetic
route_census_untimed,decode,1,128,0,20270728,5,model.layers.8.block_sparse_moe,1,16,32,1,0.5,2.0,1.0,0.5,0.8000000021982683,synthetic
route_census_untimed,decode,1,128,0,20270728,5,model.layers.9.block_sparse_moe,1,16,32,1,0.5,2.0,1.0,0.5,0.8000000021982683,synthetic
route_census_untimed,decode,1,128,0,20270728,5,model.layers.10.block_sparse_moe,1,16,32,1,0.5,2.0,1.0,0.5,0.8000000021982683,synthetic
route_census_untimed,decode,1,128,0,20270728,5,model.layers.11.block_sparse_moe,1,16,32,1,0.5,2.0,1.0,0.5,0.8000000021982683,synthetic
route_census_untimed,decode,1,128,0,20270728,5,model.layers.12.block_sparse_moe,1,16,32,1,0.5,2.0,1.0,0.5,0.8000000021982683,synthetic
route_census_untimed,decode,1,128,0,20270728,5,model.layers.13.block_sparse_moe,1,16,32,1,0.5,2.0,1.0,0.5,0.8000000021982683,synthetic
route_census_untimed,decode,1,128,0,20270728,5,model.layers.14.block_sparse_moe,1,16,32,1,0.5,2.0,1.0,0.5,0.8000000021982683,synthetic
route_census_untimed,decode,1,128,0,20270728,5,model.layers.15.block_sparse_moe,1,16,32,1,0.5,2.0,1.0,0.5,0.8000000021982683,synthetic
route_census_untimed,decode,1,128,0,20270728,6,model.layers.0.block_sparse_moe,1,16,32,1,0.5,2.0,1.0,0.5,0.8000000021982683,synthetic
route_census_untimed,decode,1,128,0,20270728,6,model.layers.1.block_sparse_moe,1,16,32,1,0.5,2.0,1.0,0.5,0.8000000021982683,synthetic
route_census_untimed,decode,1,128,0,20270728,6,model.layers.2.block_sparse_moe,1,16,32,1,0.5,2.0,1.0,0.5,0.8000000021982683,synthetic
route_census_untimed,decode,1,128,0,20270728,6,model.layers.3.block_sparse_moe,1,16,32,1,0.5,2.0,1.0,0.5,0.8000000021982683,synthetic
route_census_untimed,decode,1,128,0,20270728,6,model.layers.4.block_sparse_moe,1,16,32,1,0.5,2.0,1.0,0.5,0.8000000021982683,synthetic
route_census_untimed,decode,1,128,0,20270728,6,model.layers.5.block_sparse_moe,1,16,32,1,0.5,2.0,1.0,0.5,0.8000000021982683,synthetic
route_census_untimed,decode,1,128,0,20270728,6,model.layers.6.block_sparse_moe,1,16,32,1,0.5,2.0,1.0,0.5,0.8000000021982683,synthetic
route_census_untimed,decode,1,128,0,20270728,6,model.layers.7.block_sparse_moe,1,16,32,1,0.5,2.0,1.0,0.5,0.8000000021982683,synthetic
route_census_untimed,decode,1,128,0,20270728,6,model.layers.8.block_sparse_moe,1,16,32,1,0.5,2.0,1.0,0.5,0.8000000021982683,synthetic
route_census_untimed,decode,1,128,0,20270728,6,model.layers.9.block_sparse_moe,1,16,32,1,0.5,2.0,1.0,0.5,0.8000000021982683,synthetic
route_census_untimed,decode,1,128,0,20270728,6,model.layers.10.block_sparse_moe,1,16,32,1,0.5,2.0,1.0,0.5,0.8000000021982683,synthetic
route_census_untimed,decode,1,128,0,20270728,6,model.layers.11.block_sparse_moe,1,16,32,1,0.5,2.0,1.0,0.5,0.8000000021982683,synthetic
route_census_untimed,decode,1,128,0,20270728,6,model.layers.12.block_sparse_moe,1,16,32,1,0.5,2.0,1.0,0.5,0.8000000021982683,synthetic
route_census_untimed,decode,1,128,0,20270728,6,model.layers.13.block_sparse_moe,1,16,32,1,0.5,2.0,1.0,0.5,0.8000000021982683,synthetic
route_census_untimed,decode,1,128,0,20270728,6,model.layers.14.block_sparse_moe,1,16,32,1,0.5,2.0,1.0,0.5,0.8000000021982683,synthetic
route_census_untimed,decode,1,128,0,20270728,6,model.layers.15.block_sparse_moe,1,16,32,1,0.5,2.0,1.0,0.5,0.8000000021982683,synthetic
route_census_untimed,decode,1,128,0,20270728,7,model.layers.0.block_sparse_moe,1,16,32,1,0.5,2.0,1.0,0.5,0.8000000021982683,synthetic
route_census_untimed,decode,1,128,0,20270728,7,model.layers.1.block_sparse_moe,1,16,32,1,0.5,2.0,1.0,0.5,0.8000000021982683,synthetic
route_census_untimed,decode,1,128,0,20270728,7,model.layers.2.block_sparse_moe,1,16,32,1,0.5,2.0,1.0,0.5,0.8000000021982683,synthetic
route_census_untimed,decode,1,128,0,20270728,7,model.layers.3.block_sparse_moe,1,16,32,1,0.5,2.0,1.0,0.5,0.8000000021982683,synthetic
route_census_untimed,decode,1,128,0,20270728,7,model.layers.4.block_sparse_moe,1,16,32,1,0.5,2.0,1.0,0.5,0.8000000021982683,synthetic
route_census_untimed,decode,1,128,0,20270728,7,model.layers.5.block_sparse_moe,1,16,32,1,0.5,2.0,1.0,0.5,0.8000000021982683,synthetic
route_census_untimed,decode,1,128,0,20270728,7,model.layers.6.block_sparse_moe,1,16,32,1,0.5,2.0,1.0,0.5,0.8000000021982683,synthetic
route_census_untimed,decode,1,128,0,20270728,7,model.layers.7.block_sparse_moe,1,16,32,1,0.5,2.0,1.0,0.5,0.8000000021982683,synthetic
route_census_untimed,decode,1,128,0,20270728,7,model.layers.8.block_sparse_moe,1,16,32,1,0.5,2.0,1.0,0.5,0.8000000021982683,synthetic
route_census_untimed,decode,1,128,0,20270728,7,model.layers.9.block_sparse_moe,1,16,32,1,0.5,2.0,1.0,0.5,0.8000000021982683,synthetic
route_census_untimed,decode,1,128,0,20270728,7,model.layers.10.block_sparse_moe,1,16,32,1,0.5,2.0,1.0,0.5,0.8000000021982683,synthetic
route_census_untimed,decode,1,128,0,20270728,7,model.layers.11.block_sparse_moe,1,16,32,1,0.5,2.0,1.0,0.5,0.8000000021982683,synthetic
route_census_untimed,decode,1,128,0,20270728,7,model.layers.12.block_sparse_moe,1,16,32,1,0.5,2.0,1.0,0.5,0.8000000021982683,synthetic
route_census_untimed,decode,1,128,0,20270728,7,model.layers.13.block_sparse_moe,1,16,32,1,0.5,2.0,1.0,0.5,0.8000000021982683,synthetic
route_census_untimed,decode,1,128,0,20270728,7,model.layers.14.block_sparse_moe,1,16,32,1,0.5,2.0,1.0,0.5,0.8000000021982683,synthetic
route_census_untimed,decode,1,128,0,20270728,7,model.layers.15.block_sparse_moe,1,16,32,1,0.5,2.0,1.0,0.5,0.8000000021982683,synthetic
route_census_untimed,prefill,1,128,0,20270728,-1,model.layers.0.block_sparse_moe,128,16,32,127,64.0,1.984375,0.5262720584869385,0.96875,0.952781134057546,natural
route_census_untimed,prefill,1,128,0,20270728,-1,model.layers.1.block_sparse_moe,128,16,32,126,64.0,1.96875,0.4143387973308563,1.0,0.9735062817616007,natural
route_census_untimed,prefill,1,128,0,20270728,-1,model.layers.2.block_sparse_moe,128,16,32,124,64.0,1.9375,0.4676092863082886,1.0,0.9697752213407226,natural
route_census_untimed,prefill,1,128,0,20270728,-1,model.layers.3.block_sparse_moe,128,16,32,122,64.0,1.90625,0.34851107001304626,1.0,0.9825934322748294,natural
route_census_untimed,prefill,1,128,0,20270728,-1,model.layers.4.block_sparse_moe,128,16,32,122,64.0,1.90625,0.37129929661750793,1.0,0.9802920292340437,natural
route_census_untimed,prefill,1,128,0,20270728,-1,model.layers.5.block_sparse_moe,128,16,32,122,64.0,1.90625,0.47121745347976685,1.0,0.9657367935262224,natural
route_census_untimed,prefill,1,128,0,20270728,-1,model.layers.6.block_sparse_moe,128,16,32,115,64.0,1.796875,0.46747875213623047,1.0,0.9675222486144198,natural
route_census_untimed,prefill,1,128,0,20270728,-1,model.layers.7.block_sparse_moe,128,16,32,121,64.0,1.890625,0.4393967092037201,1.0,0.9717010142720239,natural
route_census_untimed,prefill,1,128,0,20270728,-1,model.layers.8.block_sparse_moe,128,16,32,127,64.0,1.984375,0.5015996098518372,1.0,0.9617023557092224,natural
route_census_untimed,prefill,1,128,0,20270728,-1,model.layers.9.block_sparse_moe,128,16,32,128,64.0,2.0,0.4915049970149994,1.0,0.963789055608671,natural
route_census_untimed,prefill,1,128,0,20270728,-1,model.layers.10.block_sparse_moe,128,16,32,128,64.0,2.0,0.4968006908893585,1.0,0.9651951169690649,natural
route_census_untimed,prefill,1,128,0,20270728,-1,model.layers.11.block_sparse_moe,128,16,32,127,64.0,1.984375,0.561046838760376,1.0,0.9487573591648994,natural
route_census_untimed,prefill,1,128,0,20270728,-1,model.layers.12.block_sparse_moe,128,16,32,124,64.0,1.9375,0.4911944270133972,1.0,0.9636476170766014,natural
route_census_untimed,prefill,1,128,0,20270728,-1,model.layers.13.block_sparse_moe,128,16,32,114,64.0,1.78125,0.4801669418811798,1.0,0.9653179813748414,natural
route_census_untimed,prefill,1,128,0,20270728,-1,model.layers.14.block_sparse_moe,128,16,32,124,64.0,1.9375,0.49727651476860046,1.0,0.9649435407473829,natural
route_census_untimed,prefill,1,128,0,20270728,-1,model.layers.15.block_sparse_moe,128,16,32,126,64.0,1.96875,0.5636788010597229,1.0,0.9504235958795186,natural
route_census_untimed,decode,1,128,0,20270728,0,model.layers.0.block_sparse_moe,1,16,32,1,0.5,2.0,1.0,0.5,0.8000000021982683,natural
route_census_untimed,decode,1,128,0,20270728,0,model.layers.1.block_sparse_moe,1,16,32,1,0.5,2.0,1.0,0.5,0.8000000021982683,natural
route_census_untimed,decode,1,128,0,20270728,0,model.layers.2.block_sparse_moe,1,16,32,1,0.5,2.0,1.0,0.5,0.8000000021982683,natural
route_census_untimed,decode,1,128,0,20270728,0,model.layers.3.block_sparse_moe,1,16,32,1,0.5,2.0,1.0,0.5,0.8000000021982683,natural
route_census_untimed,decode,1,128,0,20270728,0,model.layers.4.block_sparse_moe,1,16,32,1,0.5,2.0,1.0,0.5,0.8000000021982683,natural
route_census_untimed,decode,1,128,0,20270728,0,model.layers.5.block_sparse_moe,1,16,32,1,0.5,2.0,1.0,0.5,0.8000000021982683,natural
route_census_untimed,decode,1,128,0,20270728,0,model.layers.6.block_sparse_moe,1,16,32,1,0.5,2.0,1.0,0.5,0.8000000021982683,natural
route_census_untimed,decode,1,128,0,20270728,0,model.layers.7.block_sparse_moe,1,16,32,1,0.5,2.0,1.0,0.5,0.8000000021982683,natural
route_census_untimed,decode,1,128,0,20270728,0,model.layers.8.block_sparse_moe,1,16,32,1,0.5,2.0,1.0,0.5,0.8000000021982683,natural
route_census_untimed,decode,1,128,0,20270728,0,model.layers.9.block_sparse_moe,1,16,32,1,0.5,2.0,1.0,0.5,0.8000000021982683,natural
route_census_untimed,decode,1,128,0,20270728,0,model.layers.10.block_sparse_moe,1,16,32,1,0.5,2.0,1.0,0.5,0.8000000021982683,natural
route_census_untimed,decode,1,128,0,20270728,0,model.layers.11.block_sparse_moe,1,16,32,1,0.5,2.0,1.0,0.5,0.8000000021982683,natural
route_census_untimed,decode,1,128,0,20270728,0,model.layers.12.block_sparse_moe,1,16,32,1,0.5,2.0,1.0,0.5,0.8000000021982683,natural
route_census_untimed,decode,1,128,0,20270728,0,model.layers.13.block_sparse_moe,1,16,32,1,0.5,2.0,1.0,0.5,0.8000000021982683,natural
route_census_untimed,decode,1,128,0,20270728,0,model.layers.14.block_sparse_moe,1,16,32,1,0.5,2.0,1.0,0.5,0.8000000021982683,natural
route_census_untimed,decode,1,128,0,20270728,0,model.layers.15.block_sparse_moe,1,16,32,1,0.5,2.0,1.0,0.5,0.8000000021982683,natural
route_census_untimed,decode,1,128,0,20270728,1,model.layers.0.block_sparse_moe,1,16,32,1,0.5,2.0,1.0,0.5,0.8000000021982683,natural
route_census_untimed,decode,1,128,0,20270728,1,model.layers.1.block_sparse_moe,1,16,32,1,0.5,2.0,1.0,0.5,0.8000000021982683,natural
route_census_untimed,decode,1,128,0,20270728,1,model.layers.2.block_sparse_moe,1,16,32,1,0.5,2.0,1.0,0.5,0.8000000021982683,natural
route_census_untimed,decode,1,128,0,20270728,1,model.layers.3.block_sparse_moe,1,16,32,1,0.5,2.0,1.0,0.5,0.8000000021982683,natural
route_census_untimed,decode,1,128,0,20270728,1,model.layers.4.block_sparse_moe,1,16,32,1,0.5,2.0,1.0,0.5,0.8000000021982683,natural
route_census_untimed,decode,1,128,0,20270728,1,model.layers.5.block_sparse_moe,1,16,32,1,0.5,2.0,1.0,0.5,0.8000000021982683,natural
route_census_untimed,decode,1,128,0,20270728,1,model.layers.6.block_sparse_moe,1,16,32,1,0.5,2.0,1.0,0.5,0.8000000021982683,natural
route_census_untimed,decode,1,128,0,20270728,1,model.layers.7.block_sparse_moe,1,16,32,1,0.5,2.0,1.0,0.5,0.8000000021982683,natural
route_census_untimed,decode,1,128,0,20270728,1,model.layers.8.block_sparse_moe,1,16,32,1,0.5,2.0,1.0,0.5,0.8000000021982683,natural
route_census_untimed,decode,1,128,0,20270728,1,model.layers.9.block_sparse_moe,1,16,32,1,0.5,2.0,1.0,0.5,0.8000000021982683,natural
route_census_untimed,decode,1,128,0,20270728,1,model.layers.10.block_sparse_moe,1,16,32,1,0.5,2.0,1.0,0.5,0.8000000021982683,natural
route_census_untimed,decode,1,128,0,20270728,1,model.layers.11.block_sparse_moe,1,16,32,1,0.5,2.0,1.0,0.5,0.8000000021982683,natural
route_census_untimed,decode,1,128,0,20270728,1,model.layers.12.block_sparse_moe,1,16,32,1,0.5,2.0,1.0,0.5,0.8000000021982683,natural
route_census_untimed,decode,1,128,0,20270728,1,model.layers.13.block_sparse_moe,1,16,32,1,0.5,2.0,1.0,0.5,0.8000000021982683,natural
route_census_untimed,decode,1,128,0,20270728,1,model.layers.14.block_sparse_moe,1,16,32,1,0.5,2.0,1.0,0.5,0.8000000021982683,natural
route_census_untimed,decode,1,128,0,20270728,1,model.layers.15.block_sparse_moe,1,16,32,1,0.5,2.0,1.0,0.5,0.8000000021982683,natural
route_census_untimed,decode,1,128,0,20270728,2,model.layers.0.block_sparse_moe,1,16,32,1,0.5,2.0,1.0,0.5,0.8000000021982683,natural
route_census_untimed,decode,1,128,0,20270728,2,model.layers.1.block_sparse_moe,1,16,32,1,0.5,2.0,1.0,0.5,0.8000000021982683,natural
route_census_untimed,decode,1,128,0,20270728,2,model.layers.2.block_sparse_moe,1,16,32,1,0.5,2.0,1.0,0.5,0.8000000021982683,natural
route_census_untimed,decode,1,128,0,20270728,2,model.layers.3.block_sparse_moe,1,16,32,1,0.5,2.0,1.0,0.5,0.8000000021982683,natural
route_census_untimed,decode,1,128,0,20270728,2,model.layers.4.block_sparse_moe,1,16,32,1,0.5,2.0,1.0,0.5,0.8000000021982683,natural
route_census_untimed,decode,1,128,0,20270728,2,model.layers.5.block_sparse_moe,1,16,32,1,0.5,2.0,1.0,0.5,0.8000000021982683,natural
route_census_untimed,decode,1,128,0,20270728,2,model.layers.6.block_sparse_moe,1,16,32,1,0.5,2.0,1.0,0.5,0.8000000021982683,natural
route_census_untimed,decode,1,128,0,20270728,2,model.layers.7.block_sparse_moe,1,16,32,1,0.5,2.0,1.0,0.5,0.8000000021982683,natural
route_census_untimed,decode,1,128,0,20270728,2,model.layers.8.block_sparse_moe,1,16,32,1,0.5,2.0,1.0,0.5,0.8000000021982683,natural
route_census_untimed,decode,1,128,0,20270728,2,model.layers.9.block_sparse_moe,1,16,32,1,0.5,2.0,1.0,0.5,0.8000000021982683,natural
route_census_untimed,decode,1,128,0,20270728,2,model.layers.10.block_sparse_moe,1,16,32,1,0.5,2.0,1.0,0.5,0.8000000021982683,natural
route_census_untimed,decode,1,128,0,20270728,2,model.layers.11.block_sparse_moe,1,16,32,1,0.5,2.0,1.0,0.5,0.8000000021982683,natural
route_census_untimed,decode,1,128,0,20270728,2,model.layers.12.block_sparse_moe,1,16,32,1,0.5,2.0,1.0,0.5,0.8000000021982683,natural
route_census_untimed,decode,1,128,0,20270728,2,model.layers.13.block_sparse_moe,1,16,32,1,0.5,2.0,1.0,0.5,0.8000000021982683,natural
route_census_untimed,decode,1,128,0,20270728,2,model.layers.14.block_sparse_moe,1,16,32,1,0.5,2.0,1.0,0.5,0.8000000021982683,natural
route_census_untimed,decode,1,128,0,20270728,2,model.layers.15.block_sparse_moe,1,16,32,1,0.5,2.0,1.0,0.5,0.8000000021982683,natural
route_census_untimed,decode,1,128,0,20270728,3,model.layers.0.block_sparse_moe,1,16,32,1,0.5,2.0,1.0,0.5,0.8000000021982683,natural
route_census_untimed,decode,1,128,0,20270728,3,model.layers.1.block_sparse_moe,1,16,32,1,0.5,2.0,1.0,0.5,0.8000000021982683,natural
route_census_untimed,decode,1,128,0,20270728,3,model.layers.2.block_sparse_moe,1,16,32,1,0.5,2.0,1.0,0.5,0.8000000021982683,natural
route_census_untimed,decode,1,128,0,20270728,3,model.layers.3.block_sparse_moe,1,16,32,1,0.5,2.0,1.0,0.5,0.8000000021982683,natural
route_census_untimed,decode,1,128,0,20270728,3,model.layers.4.block_sparse_moe,1,16,32,1,0.5,2.0,1.0,0.5,0.8000000021982683,natural
route_census_untimed,decode,1,128,0,20270728,3,model.layers.5.block_sparse_moe,1,16,32,1,0.5,2.0,1.0,0.5,0.8000000021982683,natural
route_census_untimed,decode,1,128,0,20270728,3,model.layers.6.block_sparse_moe,1,16,32,1,0.5,2.0,1.0,0.5,0.8000000021982683,natural
route_census_untimed,decode,1,128,0,20270728,3,model.layers.7.block_sparse_moe,1,16,32,1,0.5,2.0,1.0,0.5,0.8000000021982683,natural
route_census_untimed,decode,1,128,0,20270728,3,model.layers.8.block_sparse_moe,1,16,32,1,0.5,2.0,1.0,0.5,0.8000000021982683,natural
route_census_untimed,decode,1,128,0,20270728,3,model.layers.9.block_sparse_moe,1,16,32,1,0.5,2.0,1.0,0.5,0.8000000021982683,natural
route_census_untimed,decode,1,128,0,20270728,3,model.layers.10.block_sparse_moe,1,16,32,1,0.5,2.0,1.0,0.5,0.8000000021982683,natural
route_census_untimed,decode,1,128,0,20270728,3,model.layers.11.block_sparse_moe,1,16,32,1,0.5,2.0,1.0,0.5,0.8000000021982683,natural
route_census_untimed,decode,1,128,0,20270728,3,model.layers.12.block_sparse_moe,1,16,32,1,0.5,2.0,1.0,0.5,0.8000000021982683,natural
route_census_untimed,decode,1,128,0,20270728,3,model.layers.13.block_sparse_moe,1,16,32,1,0.5,2.0,1.0,0.5,0.8000000021982683,natural
route_census_untimed,decode,1,128,0,20270728,3,model.layers.14.block_sparse_moe,1,16,32,1,0.5,2.0,1.0,0.5,0.8000000021982683,natural
route_census_untimed,decode,1,128,0,20270728,3,model.layers.15.block_sparse_moe,1,16,32,1,0.5,2.0,1.0,0.5,0.8000000021982683,natural
route_census_untimed,decode,1,128,0,20270728,4,model.layers.0.block_sparse_moe,1,16,32,1,0.5,2.0,1.0,0.5,0.8000000021982683,natural
route_census_untimed,decode,1,128,0,20270728,4,model.layers.1.block_sparse_moe,1,16,32,1,0.5,2.0,1.0,0.5,0.8000000021982683,natural
route_census_untimed,decode,1,128,0,20270728,4,model.layers.2.block_sparse_moe,1,16,32,1,0.5,2.0,1.0,0.5,0.8000000021982683,natural
route_census_untimed,decode,1,128,0,20270728,4,model.layers.3.block_sparse_moe,1,16,32,1,0.5,2.0,1.0,0.5,0.8000000021982683,natural
route_census_untimed,decode,1,128,0,20270728,4,model.layers.4.block_sparse_moe,1,16,32,1,0.5,2.0,1.0,0.5,0.8000000021982683,natural
route_census_untimed,decode,1,128,0,20270728,4,model.layers.5.block_sparse_moe,1,16,32,1,0.5,2.0,1.0,0.5,0.8000000021982683,natural
route_census_untimed,decode,1,128,0,20270728,4,model.layers.6.block_sparse_moe,1,16,32,1,0.5,2.0,1.0,0.5,0.8000000021982683,natural
route_census_untimed,decode,1,128,0,20270728,4,model.layers.7.block_sparse_moe,1,16,32,1,0.5,2.0,1.0,0.5,0.8000000021982683,natural
route_census_untimed,decode,1,128,0,20270728,4,model.layers.8.block_sparse_moe,1,16,32,1,0.5,2.0,1.0,0.5,0.8000000021982683,natural
route_census_untimed,decode,1,128,0,20270728,4,model.layers.9.block_sparse_moe,1,16,32,1,0.5,2.0,1.0,0.5,0.8000000021982683,natural
route_census_untimed,decode,1,128,0,20270728,4,model.layers.10.block_sparse_moe,1,16,32,1,0.5,2.0,1.0,0.5,0.8000000021982683,natural
route_census_untimed,decode,1,128,0,20270728,4,model.layers.11.block_sparse_moe,1,16,32,1,0.5,2.0,1.0,0.5,0.8000000021982683,natural
route_census_untimed,decode,1,128,0,20270728,4,model.layers.12.block_sparse_moe,1,16,32,1,0.5,2.0,1.0,0.5,0.8000000021982683,natural
route_census_untimed,decode,1,128,0,20270728,4,model.layers.13.block_sparse_moe,1,16,32,1,0.5,2.0,1.0,0.5,0.8000000021982683,natural
route_census_untimed,decode,1,128,0,20270728,4,model.layers.14.block_sparse_moe,1,16,32,1,0.5,2.0,1.0,0.5,0.8000000021982683,natural
route_census_untimed,decode,1,128,0,20270728,4,model.layers.15.block_sparse_moe,1,16,32,1,0.5,2.0,1.0,0.5,0.8000000021982683,natural
route_census_untimed,decode,1,128,0,20270728,5,model.layers.0.block_sparse_moe,1,16,32,1,0.5,2.0,1.0,0.5,0.8000000021982683,natural
route_census_untimed,decode,1,128,0,20270728,5,model.layers.1.block_sparse_moe,1,16,32,1,0.5,2.0,1.0,0.5,0.8000000021982683,natural
route_census_untimed,decode,1,128,0,20270728,5,model.layers.2.block_sparse_moe,1,16,32,1,0.5,2.0,1.0,0.5,0.8000000021982683,natural
route_census_untimed,decode,1,128,0,20270728,5,model.layers.3.block_sparse_moe,1,16,32,1,0.5,2.0,1.0,0.5,0.8000000021982683,natural
route_census_untimed,decode,1,128,0,20270728,5,model.layers.4.block_sparse_moe,1,16,32,1,0.5,2.0,1.0,0.5,0.8000000021982683,natural
route_census_untimed,decode,1,128,0,20270728,5,model.layers.5.block_sparse_moe,1,16,32,1,0.5,2.0,1.0,0.5,0.8000000021982683,natural
route_census_untimed,decode,1,128,0,20270728,5,model.layers.6.block_sparse_moe,1,16,32,1,0.5,2.0,1.0,0.5,0.8000000021982683,natural
route_census_untimed,decode,1,128,0,20270728,5,model.layers.7.block_sparse_moe,1,16,32,1,0.5,2.0,1.0,0.5,0.8000000021982683,natural
route_census_untimed,decode,1,128,0,20270728,5,model.layers.8.block_sparse_moe,1,16,32,1,0.5,2.0,1.0,0.5,0.8000000021982683,natural
route_census_untimed,decode,1,128,0,20270728,5,model.layers.9.block_sparse_moe,1,16,32,1,0.5,2.0,1.0,0.5,0.8000000021982683,natural
route_census_untimed,decode,1,128,0,20270728,5,model.layers.10.block_sparse_moe,1,16,32,1,0.5,2.0,1.0,0.5,0.8000000021982683,natural
route_census_untimed,decode,1,128,0,20270728,5,model.layers.11.block_sparse_moe,1,16,32,1,0.5,2.0,1.0,0.5,0.8000000021982683,natural
route_census_untimed,decode,1,128,0,20270728,5,model.layers.12.block_sparse_moe,1,16,32,1,0.5,2.0,1.0,0.5,0.8000000021982683,natural
route_census_untimed,decode,1,128,0,20270728,5,model.layers.13.block_sparse_moe,1,16,32,1,0.5,2.0,1.0,0.5,0.8000000021982683,natural
route_census_untimed,decode,1,128,0,20270728,5,model.layers.14.block_sparse_moe,1,16,32,1,0.5,2.0,1.0,0.5,0.8000000021982683,natural
route_census_untimed,decode,1,128,0,20270728,5,model.layers.15.block_sparse_moe,1,16,32,1,0.5,2.0,1.0,0.5,0.8000000021982683,natural
route_census_untimed,decode,1,128,0,20270728,6,model.layers.0.block_sparse_moe,1,16,32,1,0.5,2.0,1.0,0.5,0.8000000021982683,natural
route_census_untimed,decode,1,128,0,20270728,6,model.layers.1.block_sparse_moe,1,16,32,1,0.5,2.0,1.0,0.5,0.8000000021982683,natural
route_census_untimed,decode,1,128,0,20270728,6,model.layers.2.block_sparse_moe,1,16,32,1,0.5,2.0,1.0,0.5,0.8000000021982683,natural
route_census_untimed,decode,1,128,0,20270728,6,model.layers.3.block_sparse_moe,1,16,32,1,0.5,2.0,1.0,0.5,0.8000000021982683,natural
route_census_untimed,decode,1,128,0,20270728,6,model.layers.4.block_sparse_moe,1,16,32,1,0.5,2.0,1.0,0.5,0.8000000021982683,natural
route_census_untimed,decode,1,128,0,20270728,6,model.layers.5.block_sparse_moe,1,16,32,1,0.5,2.0,1.0,0.5,0.8000000021982683,natural
route_census_untimed,decode,1,128,0,20270728,6,model.layers.6.block_sparse_moe,1,16,32,1,0.5,2.0,1.0,0.5,0.8000000021982683,natural
route_census_untimed,decode,1,128,0,20270728,6,model.layers.7.block_sparse_moe,1,16,32,1,0.5,2.0,1.0,0.5,0.8000000021982683,natural
route_census_untimed,decode,1,128,0,20270728,6,model.layers.8.block_sparse_moe,1,16,32,1,0.5,2.0,1.0,0.5,0.8000000021982683,natural
route_census_untimed,decode,1,128,0,20270728,6,model.layers.9.block_sparse_moe,1,16,32,1,0.5,2.0,1.0,0.5,0.8000000021982683,natural
route_census_untimed,decode,1,128,0,20270728,6,model.layers.10.block_sparse_moe,1,16,32,1,0.5,2.0,1.0,0.5,0.8000000021982683,natural
route_census_untimed,decode,1,128,0,20270728,6,model.layers.11.block_sparse_moe,1,16,32,1,0.5,2.0,1.0,0.5,0.8000000021982683,natural
route_census_untimed,decode,1,128,0,20270728,6,model.layers.12.block_sparse_moe,1,16,32,1,0.5,2.0,1.0,0.5,0.8000000021982683,natural
route_census_untimed,decode,1,128,0,20270728,6,model.layers.13.block_sparse_moe,1,16,32,1,0.5,2.0,1.0,0.5,0.8000000021982683,natural
route_census_untimed,decode,1,128,0,20270728,6,model.layers.14.block_sparse_moe,1,16,32,1,0.5,2.0,1.0,0.5,0.8000000021982683,natural
route_census_untimed,decode,1,128,0,20270728,6,model.layers.15.block_sparse_moe,1,16,32,1,0.5,2.0,1.0,0.5,0.8000000021982683,natural
route_census_untimed,decode,1,128,0,20270728,7,model.layers.0.block_sparse_moe,1,16,32,1,0.5,2.0,1.0,0.5,0.8000000021982683,natural
route_census_untimed,decode,1,128,0,20270728,7,model.layers.1.block_sparse_moe,1,16,32,1,0.5,2.0,1.0,0.5,0.8000000021982683,natural
route_census_untimed,decode,1,128,0,20270728,7,model.layers.2.block_sparse_moe,1,16,32,1,0.5,2.0,1.0,0.5,0.8000000021982683,natural
route_census_untimed,decode,1,128,0,20270728,7,model.layers.3.block_sparse_moe,1,16,32,1,0.5,2.0,1.0,0.5,0.8000000021982683,natural
route_census_untimed,decode,1,128,0,20270728,7,model.layers.4.block_sparse_moe,1,16,32,1,0.5,2.0,1.0,0.5,0.8000000021982683,natural
route_census_untimed,decode,1,128,0,20270728,7,model.layers.5.block_sparse_moe,1,16,32,1,0.5,2.0,1.0,0.5,0.8000000021982683,natural
route_census_untimed,decode,1,128,0,20270728,7,model.layers.6.block_sparse_moe,1,16,32,1,0.5,2.0,1.0,0.5,0.8000000021982683,natural
route_census_untimed,decode,1,128,0,20270728,7,model.layers.7.block_sparse_moe,1,16,32,1,0.5,2.0,1.0,0.5,0.8000000021982683,natural
route_census_untimed,decode,1,128,0,20270728,7,model.layers.8.block_sparse_moe,1,16,32,1,0.5,2.0,1.0,0.5,0.8000000021982683,natural
route_census_untimed,decode,1,128,0,20270728,7,model.layers.9.block_sparse_moe,1,16,32,1,0.5,2.0,1.0,0.5,0.8000000021982683,natural
route_census_untimed,decode,1,128,0,20270728,7,model.layers.10.block_sparse_moe,1,16,32,1,0.5,2.0,1.0,0.5,0.8000000021982683,natural
route_census_untimed,decode,1,128,0,20270728,7,model.layers.11.block_sparse_moe,1,16,32,1,0.5,2.0,1.0,0.5,0.8000000021982683,natural
route_census_untimed,decode,1,128,0,20270728,7,model.layers.12.block_sparse_moe,1,16,32,1,0.5,2.0,1.0,0.5,0.8000000021982683,natural
route_census_untimed,decode,1,128,0,20270728,7,model.layers.13.block_sparse_moe,1,16,32,1,0.5,2.0,1.0,0.5,0.8000000021982683,natural
route_census_untimed,decode,1,128,0,20270728,7,model.layers.14.block_sparse_moe,1,16,32,1,0.5,2.0,1.0,0.5,0.8000000021982683,natural
route_census_untimed,decode,1,128,0,20270728,7,model.layers.15.block_sparse_moe,1,16,32,1,0.5,2.0,1.0,0.5,0.8000000021982683,natural
route_census_untimed,prefill,4,128,0,20300728,-1,model.layers.0.block_sparse_moe,512,16,32,474,256.0,1.8515625,0.516049325466156,1.0,0.959249745521798,synthetic
route_census_untimed,prefill,4,128,0,20300728,-1,model.layers.1.block_sparse_moe,512,16,32,433,256.0,1.69140625,0.3882398009300232,1.0,0.9771327079376939,synthetic
route_census_untimed,prefill,4,128,0,20300728,-1,model.layers.2.block_sparse_moe,512,16,32,452,256.0,1.765625,0.3239966034889221,1.0,0.9843691187484578,synthetic
route_census_untimed,prefill,4,128,0,20300728,-1,model.layers.3.block_sparse_moe,512,16,32,439,256.0,1.71484375,0.34184569120407104,1.0,0.9826759839472435,synthetic
route_census_untimed,prefill,4,128,0,20300728,-1,model.layers.4.block_sparse_moe,512,16,32,409,256.0,1.59765625,0.29171279072761536,1.0,0.9873157319022204,synthetic
route_census_untimed,prefill,4,128,0,20300728,-1,model.layers.5.block_sparse_moe,512,16,32,381,256.0,1.48828125,0.30503159761428833,1.0,0.9858333790379037,synthetic
route_census_untimed,prefill,4,128,0,20300728,-1,model.layers.6.block_sparse_moe,512,16,32,450,256.0,1.7578125,0.45399653911590576,1.0,0.9671002719822628,synthetic
route_census_untimed,prefill,4,128,0,20300728,-1,model.layers.7.block_sparse_moe,512,16,32,438,256.0,1.7109375,0.40592944622039795,1.0,0.9743799536279838,synthetic
route_census_untimed,prefill,4,128,0,20300728,-1,model.layers.8.block_sparse_moe,512,16,32,450,256.0,1.7578125,0.4197617471218109,1.0,0.9735350372608249,synthetic
route_census_untimed,prefill,4,128,0,20300728,-1,model.layers.9.block_sparse_moe,512,16,32,476,256.0,1.859375,0.39478376507759094,1.0,0.9766703497791143,synthetic
route_census_untimed,prefill,4,128,0,20300728,-1,model.layers.10.block_sparse_moe,512,16,32,478,256.0,1.8671875,0.33859407901763916,1.0,0.9836260161106097,synthetic
route_census_untimed,prefill,4,128,0,20300728,-1,model.layers.11.block_sparse_moe,512,16,32,460,256.0,1.796875,0.3964134156703949,1.0,0.9765393677922172,synthetic
route_census_untimed,prefill,4,128,0,20300728,-1,model.layers.12.block_sparse_moe,512,16,32,468,256.0,1.828125,0.4076572358608246,1.0,0.9747552885652268,synthetic
route_census_untimed,prefill,4,128,0,20300728,-1,model.layers.13.block_sparse_moe,512,16,32,450,256.0,1.7578125,0.4148333668708801,1.0,0.9730863001281937,synthetic
route_census_untimed,prefill,4,128,0,20300728,-1,model.layers.14.block_sparse_moe,512,16,32,449,256.0,1.75390625,0.40377405285835266,1.0,0.9757604927629897,synthetic
route_census_untimed,prefill,4,128,0,20300728,-1,model.layers.15.block_sparse_moe,512,16,32,421,256.0,1.64453125,0.42215296626091003,1.0,0.9734077700991864,synthetic
route_census_untimed,decode,4,128,0,20300728,0,model.layers.0.block_sparse_moe,4,16,32,4,2.0,2.0,0.6614378094673157,0.84375,0.919454955110894,synthetic
route_census_untimed,decode,4,128,0,20300728,0,model.layers.1.block_sparse_moe,4,16,32,4,2.0,2.0,0.46770718693733215,0.96875,0.9647368176010457,synthetic
route_census_untimed,decode,4,128,0,20300728,0,model.layers.2.block_sparse_moe,4,16,32,4,2.0,2.0,0.5153881907463074,0.90625,0.9498777229456801,synthetic
route_census_untimed,decode,4,128,0,20300728,0,model.layers.3.block_sparse_moe,4,16,32,4,2.0,2.0,0.5728219747543335,0.90625,0.9420959207525,synthetic
route_census_untimed,decode,4,128,0,20300728,0,model.layers.4.block_sparse_moe,4,16,32,4,2.0,2.0,0.5153881907463074,0.90625,0.9507049594963302,synthetic
route_census_untimed,decode,4,128,0,20300728,0,model.layers.5.block_sparse_moe,4,16,32,4,2.0,2.0,0.5,0.90625,0.9522368433640954,synthetic
route_census_untimed,decode,4,128,0,20300728,0,model.layers.6.block_sparse_moe,4,16,32,4,2.0,2.0,0.6495190262794495,0.875,0.9257048734363089,synthetic
route_census_untimed,decode,4,128,0,20300728,0,model.layers.7.block_sparse_moe,4,16,32,4,2.0,2.0,0.5153881907463074,0.96875,0.9584868304825706,synthetic
route_census_untimed,decode,4,128,0,20300728,0,model.layers.8.block_sparse_moe,4,16,32,4,2.0,2.0,0.6123724579811096,0.90625,0.9350188346694955,synthetic
route_census_untimed,decode,4,128,0,20300728,0,model.layers.9.block_sparse_moe,4,16,32,4,2.0,2.0,0.6373774409294128,0.84375,0.9233458906040143,synthetic
route_census_untimed,decode,4,128,0,20300728,0,model.layers.10.block_sparse_moe,4,16,32,4,2.0,2.0,0.6123724579811096,0.875,0.931954860554784,synthetic
route_census_untimed,decode,4,128,0,20300728,0,model.layers.11.block_sparse_moe,4,16,32,4,2.0,2.0,0.5994789600372314,0.875,0.9326597142510802,synthetic
route_census_untimed,decode,4,128,0,20300728,0,model.layers.12.block_sparse_moe,4,16,32,4,2.0,2.0,0.5728219747543335,0.84375,0.9326597830441405,synthetic
route_census_untimed,decode,4,128,0,20300728,0,model.layers.13.block_sparse_moe,4,16,32,4,2.0,2.0,0.6495190262794495,0.84375,0.9193327098426608,synthetic
route_census_untimed,decode,4,128,0,20300728,0,model.layers.14.block_sparse_moe,4,16,32,4,2.0,2.0,0.625,0.90625,0.9334868820086699,synthetic
route_census_untimed,decode,4,128,0,20300728,0,model.layers.15.block_sparse_moe,4,16,32,4,2.0,2.0,0.6495190262794495,0.84375,0.9201598088071902,synthetic
route_census_untimed,decode,4,128,0,20300728,1,model.layers.0.block_sparse_moe,4,16,32,4,2.0,2.0,0.673145592212677,0.875,0.9218139379431887,synthetic
route_census_untimed,decode,4,128,0,20300728,1,model.layers.1.block_sparse_moe,4,16,32,3,2.0,1.5,0.46770718693733215,0.9375,0.9591918217649874,synthetic
route_census_untimed,decode,4,128,0,20300728,1,model.layers.2.block_sparse_moe,4,16,32,4,2.0,2.0,0.5,0.9375,0.9561279164433363,synthetic
route_census_untimed,decode,4,128,0,20300728,1,model.layers.3.block_sparse_moe,4,16,32,4,2.0,2.0,0.5448623895645142,0.90625,0.9459868562456203,synthetic
route_census_untimed,decode,4,128,0,20300728,1,model.layers.4.block_sparse_moe,4,16,32,4,2.0,2.0,0.5448623895645142,0.90625,0.9451596884880304,synthetic
route_census_untimed,decode,4,128,0,20300728,1,model.layers.5.block_sparse_moe,4,16,32,4,2.0,2.0,0.46770718693733215,0.9375,0.9600188519364564,synthetic
route_census_untimed,decode,4,128,0,20300728,1,model.layers.6.block_sparse_moe,4,16,32,4,2.0,2.0,0.6495190262794495,0.8125,0.9170958346924788,synthetic
route_census_untimed,decode,4,128,0,20300728,1,model.layers.7.block_sparse_moe,4,16,32,4,2.0,2.0,0.55901700258255,0.90625,0.9436278046202653,synthetic
route_census_untimed,decode,4,128,0,20300728,1,model.layers.8.block_sparse_moe,4,16,32,4,2.0,2.0,0.5863019824028015,0.9375,0.9444549035847947,synthetic
route_census_untimed,decode,4,128,0,20300728,1,model.layers.9.block_sparse_moe,4,16,32,4,2.0,2.0,0.6373774409294128,0.8125,0.9186278561463647,synthetic
route_census_untimed,decode,4,128,0,20300728,1,model.layers.10.block_sparse_moe,4,16,32,4,2.0,2.0,0.46770718693733215,0.9375,0.9608459509009859,synthetic
route_census_untimed,decode,4,128,0,20300728,1,model.layers.11.block_sparse_moe,4,16,32,4,2.0,2.0,0.5153881907463074,0.9375,0.9545958949894504,synthetic
route_census_untimed,decode,4,128,0,20300728,1,model.layers.12.block_sparse_moe,4,16,32,4,2.0,2.0,0.4145781099796295,1.0,0.9748778777987618,synthetic
route_census_untimed,decode,4,128,0,20300728,1,model.layers.13.block_sparse_moe,4,16,32,4,2.0,2.0,0.5448623895645142,0.875,0.9404418604095619,synthetic
route_census_untimed,decode,4,128,0,20300728,1,model.layers.14.block_sparse_moe,4,16,32,4,2.0,2.0,0.4841229319572449,0.96875,0.962377834768751,synthetic
route_census_untimed,decode,4,128,0,20300728,1,model.layers.15.block_sparse_moe,4,16,32,4,2.0,2.0,0.5994789600372314,0.84375,0.92876877875796,synthetic
route_census_untimed,decode,4,128,0,20300728,2,model.layers.0.block_sparse_moe,4,16,32,4,2.0,2.0,0.7288689613342285,0.8125,0.9022368776232338,synthetic
route_census_untimed,decode,4,128,0,20300728,2,model.layers.1.block_sparse_moe,4,16,32,4,2.0,2.0,0.6123724579811096,0.875,0.9303008002118459,synthetic
route_census_untimed,decode,4,128,0,20300728,2,model.layers.2.block_sparse_moe,4,16,32,4,2.0,2.0,0.5863019824028015,0.84375,0.931954860554784,synthetic
route_census_untimed,decode,4,128,0,20300728,2,model.layers.3.block_sparse_moe,4,16,32,4,2.0,2.0,0.5,1.0,0.964736886394106,synthetic
route_census_untimed,decode,4,128,0,20300728,2,model.layers.4.block_sparse_moe,4,16,32,3,2.0,1.5,0.45069390535354614,0.96875,0.9654416712973418,synthetic
route_census_untimed,decode,4,128,0,20300728,2,model.layers.5.block_sparse_moe,4,16,32,4,2.0,2.0,0.5303300619125366,0.9375,0.9514097443995659,synthetic
route_census_untimed,decode,4,128,0,20300728,2,model.layers.6.block_sparse_moe,4,16,32,4,2.0,2.0,0.6123724579811096,0.875,0.9311277615902547,synthetic
route_census_untimed,decode,4,128,0,20300728,2,model.layers.7.block_sparse_moe,4,16,32,4,2.0,2.0,0.5863019824028015,0.84375,0.9311278991763753,synthetic
route_census_untimed,decode,4,128,0,20300728,2,model.layers.8.block_sparse_moe,4,16,32,4,2.0,2.0,0.6614378094673157,0.875,0.9241729895685437,synthetic
route_census_untimed,decode,4,128,0,20300728,2,model.layers.9.block_sparse_moe,4,16,32,4,2.0,2.0,0.6373774409294128,0.84375,0.9233459593970746,synthetic
route_census_untimed,decode,4,128,0,20300728,2,model.layers.10.block_sparse_moe,4,16,32,4,2.0,2.0,0.5994789600372314,0.90625,0.9373778175017902,synthetic
route_census_untimed,decode,4,128,0,20300728,2,model.layers.11.block_sparse_moe,4,16,32,4,2.0,2.0,0.6123724579811096,0.8125,0.9225187916394848,synthetic
route_census_untimed,decode,4,128,0,20300728,2,model.layers.12.block_sparse_moe,4,16,32,4,2.0,2.0,0.625,0.875,0.92876877875796,synthetic
route_census_untimed,decode,4,128,0,20300728,2,model.layers.13.block_sparse_moe,4,16,32,4,2.0,2.0,0.6373774409294128,0.875,0.9272368948901948,synthetic
route_census_untimed,decode,4,128,0,20300728,2,model.layers.14.block_sparse_moe,4,16,32,4,2.0,2.0,0.625,0.8125,0.9201598088071902,synthetic
route_census_untimed,decode,4,128,0,20300728,2,model.layers.15.block_sparse_moe,4,16,32,4,2.0,2.0,0.5,0.9375,0.9561278476502759,synthetic
route_census_untimed,decode,4,128,0,20300728,3,model.layers.0.block_sparse_moe,4,16,32,4,2.0,2.0,0.55901700258255,0.90625,0.9428007744487962,synthetic
route_census_untimed,decode,4,128,0,20300728,3,model.layers.1.block_sparse_moe,4,16,32,4,2.0,2.0,0.5448623895645142,0.875,0.9412688217879707,synthetic
route_census_untimed,decode,4,128,0,20300728,3,model.layers.2.block_sparse_moe,4,16,32,4,2.0,2.0,0.5448623895645142,0.875,0.9412688217879707,synthetic
route_census_untimed,decode,4,128,0,20300728,3,model.layers.3.block_sparse_moe,4,16,32,4,2.0,2.0,0.5153881907463074,0.9375,0.9545958949894504,synthetic
route_census_untimed,decode,4,128,0,20300728,3,model.layers.4.block_sparse_moe,4,16,32,4,2.0,2.0,0.5303300619125366,0.9375,0.9514098819856867,synthetic
route_census_untimed,decode,4,128,0,20300728,3,model.layers.5.block_sparse_moe,4,16,32,4,2.0,2.0,0.5303300619125366,0.9375,0.9514098819856867,synthetic
route_census_untimed,decode,4,128,0,20300728,3,model.layers.6.block_sparse_moe,4,16,32,4,2.0,2.0,0.6495190262794495,0.84375,0.9201597400141298,synthetic
route_census_untimed,decode,4,128,0,20300728,3,model.layers.7.block_sparse_moe,4,16,32,4,2.0,2.0,0.5994789600372314,0.90625,0.9382048476732592,synthetic
route_census_untimed,decode,4,128,0,20300728,3,model.layers.8.block_sparse_moe,4,16,32,4,2.0,2.0,0.6373774409294128,0.84375,0.9241729207754833,synthetic
route_census_untimed,decode,4,128,0,20300728,3,model.layers.9.block_sparse_moe,4,16,32,4,2.0,2.0,0.5303300619125366,0.90625,0.9475188089064458,synthetic
route_census_untimed,decode,4,128,0,20300728,3,model.layers.10.block_sparse_moe,4,16,32,4,2.0,2.0,0.6614378094673157,0.875,0.9233459593970746,synthetic
route_census_untimed,decode,4,128,0,20300728,3,model.layers.11.block_sparse_moe,4,16,32,4,2.0,2.0,0.625,0.84375,0.9240507443003104,synthetic
route_census_untimed,decode,4,128,0,20300728,3,model.layers.12.block_sparse_moe,4,16,32,4,2.0,2.0,0.55901700258255,0.84375,0.934191735704966,synthetic
route_census_untimed,decode,4,128,0,20300728,3,model.layers.13.block_sparse_moe,4,16,32,4,2.0,2.0,0.7071067690849304,0.8125,0.906127813116354,synthetic
route_census_untimed,decode,4,128,0,20300728,3,model.layers.14.block_sparse_moe,4,16,32,4,2.0,2.0,0.673145592212677,0.84375,0.9162687357279493,synthetic
route_census_untimed,decode,4,128,0,20300728,3,model.layers.15.block_sparse_moe,4,16,32,4,2.0,2.0,0.673145592212677,0.8125,0.91155077006336,synthetic
route_census_untimed,decode,4,128,0,20300728,4,model.layers.0.block_sparse_moe,4,16,32,4,2.0,2.0,0.6495190262794495,0.875,0.9265320411938986,synthetic
route_census_untimed,decode,4,128,0,20300728,4,model.layers.1.block_sparse_moe,4,16,32,4,2.0,2.0,0.4841229319572449,0.9375,0.9584868992756309,synthetic
route_census_untimed,decode,4,128,0,20300728,4,model.layers.2.block_sparse_moe,4,16,32,4,2.0,2.0,0.4841229319572449,0.96875,0.962377834768751,synthetic
route_census_untimed,decode,4,128,0,20300728,4,model.layers.3.block_sparse_moe,4,16,32,4,2.0,2.0,0.5303300619125366,0.875,0.9428007744487962,synthetic
route_census_untimed,decode,4,128,0,20300728,4,model.layers.4.block_sparse_moe,4,16,32,4,2.0,2.0,0.5303300619125366,0.9375,0.9514098131926263,synthetic
route_census_untimed,decode,4,128,0,20300728,4,model.layers.5.block_sparse_moe,4,16,32,4,2.0,2.0,0.55901700258255,0.9375,0.9475188089064458,synthetic
route_census_untimed,decode,4,128,0,20300728,4,model.layers.6.block_sparse_moe,4,16,32,4,2.0,2.0,0.5303300619125366,0.9375,0.9514098131926263,synthetic
route_census_untimed,decode,4,128,0,20300728,4,model.layers.7.block_sparse_moe,4,16,32,4,2.0,2.0,0.625,0.90625,0.9334868132156096,synthetic
route_census_untimed,decode,4,128,0,20300728,4,model.layers.8.block_sparse_moe,4,16,32,4,2.0,2.0,0.7180703282356262,0.8125,0.9054228906269975,synthetic
route_census_untimed,decode,4,128,0,20300728,4,model.layers.9.block_sparse_moe,4,16,32,4,2.0,2.0,0.5863019824028015,0.90625,0.9405638992986142,synthetic
route_census_untimed,decode,4,128,0,20300728,4,model.layers.10.block_sparse_moe,4,16,32,4,2.0,2.0,0.6373774409294128,0.90625,0.9311278303833149,synthetic
route_census_untimed,decode,4,128,0,20300728,4,model.layers.11.block_sparse_moe,4,16,32,4,2.0,2.0,0.5994789600372314,0.875,0.9326597830441405,synthetic
route_census_untimed,decode,4,128,0,20300728,4,model.layers.12.block_sparse_moe,4,16,32,4,2.0,2.0,0.625,0.875,0.9287688475510203,synthetic
route_census_untimed,decode,4,128,0,20300728,4,model.layers.13.block_sparse_moe,4,16,32,4,2.0,2.0,0.5863019824028015,0.9375,0.9444549035847947,synthetic
route_census_untimed,decode,4,128,0,20300728,4,model.layers.14.block_sparse_moe,4,16,32,4,2.0,2.0,0.6959705352783203,0.8125,0.9084868647417089,synthetic
route_census_untimed,decode,4,128,0,20300728,4,model.layers.15.block_sparse_moe,4,16,32,4,2.0,2.0,0.673145592212677,0.875,0.9209868389786593,synthetic
route_census_untimed,decode,4,128,0,20300728,5,model.layers.0.block_sparse_moe,4,16,32,4,2.0,2.0,0.6614378094673157,0.84375,0.9186277873533043,synthetic
route_census_untimed,decode,4,128,0,20300728,5,model.layers.1.block_sparse_moe,4,16,32,4,2.0,2.0,0.5863019824028015,0.875,0.9350188346694955,synthetic
route_census_untimed,decode,4,128,0,20300728,5,model.layers.2.block_sparse_moe,4,16,32,4,2.0,2.0,0.5994789600372314,0.9375,0.9429229509239692,synthetic
route_census_untimed,decode,4,128,0,20300728,5,model.layers.3.block_sparse_moe,4,16,32,4,2.0,2.0,0.46770718693733215,0.96875,0.9647368176010457,synthetic
route_census_untimed,decode,4,128,0,20300728,5,model.layers.4.block_sparse_moe,4,16,32,4,2.0,2.0,0.5,1.0,0.9639097874295767,synthetic
route_census_untimed,decode,4,128,0,20300728,5,model.layers.5.block_sparse_moe,4,16,32,4,2.0,2.0,0.5,0.96875,0.9608458821079255,synthetic
route_census_untimed,decode,4,128,0,20300728,5,model.layers.6.block_sparse_moe,4,16,32,4,2.0,2.0,0.5448623895645142,0.9375,0.9498777229456801,synthetic
route_census_untimed,decode,4,128,0,20300728,5,model.layers.7.block_sparse_moe,4,16,32,4,2.0,2.0,0.6373774409294128,0.875,0.926409727132605,synthetic
route_census_untimed,decode,4,128,0,20300728,5,model.layers.8.block_sparse_moe,4,16,32,4,2.0,2.0,0.6123724579811096,0.875,0.931954860554784,synthetic
route_census_untimed,decode,4,128,0,20300728,5,model.layers.9.block_sparse_moe,4,16,32,4,2.0,2.0,0.5863019824028015,0.875,0.9350187658764352,synthetic
route_census_untimed,decode,4,128,0,20300728,5,model.layers.10.block_sparse_moe,4,16,32,4,2.0,2.0,0.46770718693733215,0.96875,0.9655638477725148,synthetic
route_census_untimed,decode,4,128,0,20300728,5,model.layers.11.block_sparse_moe,4,16,32,4,2.0,2.0,0.5303300619125366,0.90625,0.9466917099419164,synthetic
route_census_untimed,decode,4,128,0,20300728,5,model.layers.12.block_sparse_moe,4,16,32,4,2.0,2.0,0.46770718693733215,1.0,0.9686278906802865,synthetic
route_census_untimed,decode,4,128,0,20300728,5,model.layers.13.block_sparse_moe,4,16,32,3,2.0,1.5,0.4330126941204071,0.9375,0.963909856222637,synthetic
route_census_untimed,decode,4,128,0,20300728,5,model.layers.14.block_sparse_moe,4,16,32,3,2.0,1.5,0.3952847123146057,1.0,0.9764098992526477,synthetic
route_census_untimed,decode,4,128,0,20300728,5,model.layers.15.block_sparse_moe,4,16,32,3,2.0,1.5,0.4145781099796295,1.0,0.9740508476272927,synthetic
route_census_untimed,decode,4,128,0,20300728,6,model.layers.0.block_sparse_moe,4,16,32,4,2.0,2.0,0.6495190262794495,0.8125,0.9162688045210097,synthetic
route_census_untimed,decode,4,128,0,20300728,6,model.layers.1.block_sparse_moe,4,16,32,4,2.0,2.0,0.5,0.96875,0.9608458821079255,synthetic
route_census_untimed,decode,4,128,0,20300728,6,model.layers.2.block_sparse_moe,4,16,32,4,2.0,2.0,0.4841229319572449,0.9375,0.9584868304825706,synthetic
route_census_untimed,decode,4,128,0,20300728,6,model.layers.3.block_sparse_moe,4,16,32,4,2.0,2.0,0.5153881907463074,0.875,0.9459868562456203,synthetic
route_census_untimed,decode,4,128,0,20300728,6,model.layers.4.block_sparse_moe,4,16,32,4,2.0,2.0,0.4330126941204071,1.0,0.9733458563448758,synthetic
route_census_untimed,decode,4,128,0,20300728,6,model.layers.5.block_sparse_moe,4,16,32,4,2.0,2.0,0.45069390535354614,0.9375,0.962377834768751,synthetic
route_census_untimed,decode,4,128,0,20300728,6,model.layers.6.block_sparse_moe,4,16,32,4,2.0,2.0,0.5,0.96875,0.9600187831433962,synthetic
route_census_untimed,decode,4,128,0,20300728,6,model.layers.7.block_sparse_moe,4,16,32,4,2.0,2.0,0.5303300619125366,0.9375,0.9522368433640954,synthetic
route_census_untimed,decode,4,128,0,20300728,6,model.layers.8.block_sparse_moe,4,16,32,4,2.0,2.0,0.5994789600372314,0.90625,0.9382049164663195,synthetic
route_census_untimed,decode,4,128,0,20300728,6,model.layers.9.block_sparse_moe,4,16,32,4,2.0,2.0,0.5448623895645142,0.90625,0.9459868562456203,synthetic
route_census_untimed,decode,4,128,0,20300728,6,model.layers.10.block_sparse_moe,4,16,32,4,2.0,2.0,0.45069390535354614,0.96875,0.9662688390549317,synthetic
route_census_untimed,decode,4,128,0,20300728,6,model.layers.11.block_sparse_moe,4,16,32,4,2.0,2.0,0.5153881907463074,0.90625,0.9498777917387404,synthetic
route_census_untimed,decode,4,128,0,20300728,6,model.layers.12.block_sparse_moe,4,16,32,4,2.0,2.0,0.5448623895645142,0.90625,0.9451598260741512,synthetic
route_census_untimed,decode,4,128,0,20300728,6,model.layers.13.block_sparse_moe,4,16,32,4,2.0,2.0,0.5448623895645142,0.90625,0.9451597572810908,synthetic
route_census_untimed,decode,4,128,0,20300728,6,model.layers.14.block_sparse_moe,4,16,32,4,2.0,2.0,0.6373774409294128,0.90625,0.9311278991763753,synthetic
route_census_untimed,decode,4,128,0,20300728,6,model.layers.15.block_sparse_moe,4,16,32,4,2.0,2.0,0.6373774409294128,0.84375,0.9225187916394848,synthetic
route_census_untimed,decode,4,128,0,20300728,7,model.layers.0.block_sparse_moe,4,16,32,4,2.0,2.0,0.75,0.78125,0.8952819680154022,synthetic
route_census_untimed,decode,4,128,0,20300728,7,model.layers.1.block_sparse_moe,4,16,32,4,2.0,2.0,0.6959705352783203,0.84375,0.9132048991993585,synthetic
route_census_untimed,decode,4,128,0,20300728,7,model.layers.2.block_sparse_moe,4,16,32,4,2.0,2.0,0.6846532225608826,0.84375,0.9147367830671238,synthetic
route_census_untimed,decode,4,128,0,20300728,7,model.layers.3.block_sparse_moe,4,16,32,4,2.0,2.0,0.625,0.875,0.92876877875796,synthetic
route_census_untimed,decode,4,128,0,20300728,7,model.layers.4.block_sparse_moe,4,16,32,4,2.0,2.0,0.5728219747543335,0.9375,0.9451598260741512,synthetic
route_census_untimed,decode,4,128,0,20300728,7,model.layers.5.block_sparse_moe,4,16,32,4,2.0,2.0,0.55901700258255,0.9375,0.9466917099419164,synthetic
route_census_untimed,decode,4,128,0,20300728,7,model.layers.6.block_sparse_moe,4,16,32,4,2.0,2.0,0.6614378094673157,0.84375,0.9186278561463647,synthetic
route_census_untimed,decode,4,128,0,20300728,7,model.layers.7.block_sparse_moe,4,16,32,4,2.0,2.0,0.6373774409294128,0.875,0.9264097959256654,synthetic
route_census_untimed,decode,4,128,0,20300728,7,model.layers.8.block_sparse_moe,4,16,32,4,2.0,2.0,0.5153881907463074,0.90625,0.9507048907032699,synthetic
route_census_untimed,decode,4,128,0,20300728,7,model.layers.9.block_sparse_moe,4,16,32,4,2.0,2.0,0.625,0.84375,0.9248778432648398,synthetic
route_census_untimed,decode,4,128,0,20300728,7,model.layers.10.block_sparse_moe,4,16,32,4,2.0,2.0,0.5863019824028015,0.90625,0.9405638992986142,synthetic
route_census_untimed,decode,4,128,0,20300728,7,model.layers.11.block_sparse_moe,4,16,32,4,2.0,2.0,0.5303300619125366,0.90625,0.9466917099419164,synthetic
route_census_untimed,decode,4,128,0,20300728,7,model.layers.12.block_sparse_moe,4,16,32,4,2.0,2.0,0.5728219747543335,0.90625,0.9420959207525,synthetic
route_census_untimed,decode,4,128,0,20300728,7,model.layers.13.block_sparse_moe,4,16,32,4,2.0,2.0,0.5303300619125366,0.9375,0.9514098131926263,synthetic
route_census_untimed,decode,4,128,0,20300728,7,model.layers.14.block_sparse_moe,4,16,32,4,2.0,2.0,0.4841229319572449,0.96875,0.9615507358042217,synthetic
route_census_untimed,decode,4,128,0,20300728,7,model.layers.15.block_sparse_moe,4,16,32,4,2.0,2.0,0.55901700258255,0.9375,0.9483458390779149,synthetic
route_census_untimed,prefill,4,128,0,20300728,-1,model.layers.0.block_sparse_moe,512,16,32,483,256.0,1.88671875,0.4522222578525543,1.0,0.9678799725282144,natural
route_census_untimed,prefill,4,128,0,20300728,-1,model.layers.1.block_sparse_moe,512,16,32,496,256.0,1.9375,0.367236852645874,1.0,0.980576144573269,natural
route_census_untimed,prefill,4,128,0,20300728,-1,model.layers.2.block_sparse_moe,512,16,32,488,256.0,1.90625,0.41858547925949097,1.0,0.9764352150988547,natural
route_census_untimed,prefill,4,128,0,20300728,-1,model.layers.3.block_sparse_moe,512,16,32,435,256.0,1.69921875,0.32190290093421936,1.0,0.9851173120727713,natural
route_census_untimed,prefill,4,128,0,20300728,-1,model.layers.4.block_sparse_moe,512,16,32,486,256.0,1.8984375,0.2745738923549652,1.0,0.9896000742640406,natural
route_census_untimed,prefill,4,128,0,20300728,-1,model.layers.5.block_sparse_moe,512,16,32,433,256.0,1.69140625,0.37382960319519043,1.0,0.9789394888745981,natural
route_census_untimed,prefill,4,128,0,20300728,-1,model.layers.6.block_sparse_moe,512,16,32,441,256.0,1.72265625,0.40158811211586,1.0,0.9760545143029048,natural
route_census_untimed,prefill,4,128,0,20300728,-1,model.layers.7.block_sparse_moe,512,16,32,427,256.0,1.66796875,0.34591272473335266,1.0,0.9822589604154315,natural
route_census_untimed,prefill,4,128,0,20300728,-1,model.layers.8.block_sparse_moe,512,16,32,471,256.0,1.83984375,0.42212584614753723,1.0,0.9742914169593195,natural
route_census_untimed,prefill,4,128,0,20300728,-1,model.layers.9.block_sparse_moe,512,16,32,494,256.0,1.9296875,0.40067753195762634,1.0,0.9757440512215672,natural
route_census_untimed,prefill,4,128,0,20300728,-1,model.layers.10.block_sparse_moe,512,16,32,504,256.0,1.96875,0.4167439639568329,1.0,0.9754525062318246,natural
route_census_untimed,prefill,4,128,0,20300728,-1,model.layers.11.block_sparse_moe,512,16,32,486,256.0,1.8984375,0.4237336218357086,1.0,0.973414855784402,natural
route_census_untimed,prefill,4,128,0,20300728,-1,model.layers.12.block_sparse_moe,512,16,32,420,256.0,1.640625,0.3676508069038391,1.0,0.9786767681771401,natural
route_census_untimed,prefill,4,128,0,20300728,-1,model.layers.13.block_sparse_moe,512,16,32,438,256.0,1.7109375,0.3619847297668457,1.0,0.9806211352347347,natural
route_census_untimed,prefill,4,128,0,20300728,-1,model.layers.14.block_sparse_moe,512,16,32,466,256.0,1.8203125,0.4005620777606964,1.0,0.9763994427074751,natural
route_census_untimed,prefill,4,128,0,20300728,-1,model.layers.15.block_sparse_moe,512,16,32,490,256.0,1.9140625,0.44612982869148254,1.0,0.9701924512517157,natural
route_census_untimed,decode,4,128,0,20300728,0,model.layers.0.block_sparse_moe,4,16,32,4,2.0,2.0,0.6495190262794495,0.8125,0.9162688045210097,natural
route_census_untimed,decode,4,128,0,20300728,0,model.layers.1.block_sparse_moe,4,16,32,4,2.0,2.0,0.5153881907463074,0.9375,0.9537687960249209,natural
route_census_untimed,decode,4,128,0,20300728,0,model.layers.2.block_sparse_moe,4,16,32,4,2.0,2.0,0.625,0.875,0.9295959465155498,natural
route_census_untimed,decode,4,128,0,20300728,0,model.layers.3.block_sparse_moe,4,16,32,4,2.0,2.0,0.46770718693733215,0.96875,0.9647369551871664,natural
route_census_untimed,decode,4,128,0,20300728,0,model.layers.4.block_sparse_moe,4,16,32,4,2.0,2.0,0.55901700258255,0.875,0.9397369379202054,natural
route_census_untimed,decode,4,128,0,20300728,0,model.layers.5.block_sparse_moe,4,16,32,4,2.0,2.0,0.4841229319572449,0.96875,0.9632049337332805,natural
route_census_untimed,decode,4,128,0,20300728,0,model.layers.6.block_sparse_moe,4,16,32,4,2.0,2.0,0.5,0.90625,0.9522369121571558,natural
route_census_untimed,decode,4,128,0,20300728,0,model.layers.7.block_sparse_moe,4,16,32,4,2.0,2.0,0.5863019824028015,0.90625,0.939736869127145,natural
route_census_untimed,decode,4,128,0,20300728,0,model.layers.8.block_sparse_moe,4,16,32,4,2.0,2.0,0.5448623895645142,0.90625,0.9459867874525599,natural
route_census_untimed,decode,4,128,0,20300728,0,model.layers.9.block_sparse_moe,4,16,32,4,2.0,2.0,0.6495190262794495,0.875,0.9265320411938986,natural
route_census_untimed,decode,4,128,0,20300728,0,model.layers.10.block_sparse_moe,4,16,32,4,2.0,2.0,0.5303300619125366,0.9375,0.9530638735355644,natural
route_census_untimed,decode,4,128,0,20300728,0,model.layers.11.block_sparse_moe,4,16,32,4,2.0,2.0,0.6123724579811096,0.9375,0.9397368003340848,natural
route_census_untimed,decode,4,128,0,20300728,0,model.layers.12.block_sparse_moe,4,16,32,4,2.0,2.0,0.5303300619125366,0.9375,0.9522369809502161,natural
route_census_untimed,decode,4,128,0,20300728,0,model.layers.13.block_sparse_moe,4,16,32,4,2.0,2.0,0.5994789600372314,0.875,0.9334868132156096,natural
route_census_untimed,decode,4,128,0,20300728,0,model.layers.14.block_sparse_moe,4,16,32,4,2.0,2.0,0.6495190262794495,0.8125,0.9154417743495407,natural
route_census_untimed,decode,4,128,0,20300728,0,model.layers.15.block_sparse_moe,4,16,32,4,2.0,2.0,0.6373774409294128,0.84375,0.9225187916394848,natural
route_census_untimed,decode,4,128,0,20300728,1,model.layers.0.block_sparse_moe,4,16,32,4,2.0,2.0,0.6373774409294128,0.8125,0.9178008259748955,natural
route_census_untimed,decode,4,128,0,20300728,1,model.layers.1.block_sparse_moe,4,16,32,4,2.0,2.0,0.5728219747543335,0.90625,0.9420959207525,natural
route_census_untimed,decode,4,128,0,20300728,1,model.layers.2.block_sparse_moe,4,16,32,4,2.0,2.0,0.6959705352783203,0.8125,0.9093139637062384,natural
route_census_untimed,decode,4,128,0,20300728,1,model.layers.3.block_sparse_moe,4,16,32,4,2.0,2.0,0.673145592212677,0.84375,0.9170959034855392,natural
route_census_untimed,decode,4,128,0,20300728,1,model.layers.4.block_sparse_moe,4,16,32,4,2.0,2.0,0.4841229319572449,0.9375,0.9584868304825706,natural
route_census_untimed,decode,4,128,0,20300728,1,model.layers.5.block_sparse_moe,4,16,32,4,2.0,2.0,0.5303300619125366,0.90625,0.9483459078709753,natural
route_census_untimed,decode,4,128,0,20300728,1,model.layers.6.block_sparse_moe,4,16,32,4,2.0,2.0,0.5153881907463074,0.96875,0.9584868304825706,natural
route_census_untimed,decode,4,128,0,20300728,1,model.layers.7.block_sparse_moe,4,16,32,4,2.0,2.0,0.5303300619125366,0.9375,0.9522368433640954,natural
route_census_untimed,decode,4,128,0,20300728,1,model.layers.8.block_sparse_moe,4,16,32,4,2.0,2.0,0.5863019824028015,0.875,0.9350188346694955,natural
route_census_untimed,decode,4,128,0,20300728,1,model.layers.9.block_sparse_moe,4,16,32,4,2.0,2.0,0.55901700258255,0.9375,0.9475187401133854,natural
route_census_untimed,decode,4,128,0,20300728,1,model.layers.10.block_sparse_moe,4,16,32,4,2.0,2.0,0.5863019824028015,0.84375,0.9303007314187856,natural
route_census_untimed,decode,4,128,0,20300728,1,model.layers.11.block_sparse_moe,4,16,32,4,2.0,2.0,0.4841229319572449,0.96875,0.9632049337332805,natural
route_census_untimed,decode,4,128,0,20300728,1,model.layers.12.block_sparse_moe,4,16,32,4,2.0,2.0,0.45069390535354614,0.96875,0.9670958692264007,natural
route_census_untimed,decode,4,128,0,20300728,1,model.layers.13.block_sparse_moe,4,16,32,4,2.0,2.0,0.5303300619125366,0.875,0.9436278046202653,natural
route_census_untimed,decode,4,128,0,20300728,1,model.layers.14.block_sparse_moe,4,16,32,4,2.0,2.0,0.5303300619125366,0.9375,0.9522369121571558,natural
route_census_untimed,decode,4,128,0,20300728,1,model.layers.15.block_sparse_moe,4,16,32,4,2.0,2.0,0.5153881907463074,0.9375,0.9545958949894504,natural
route_census_untimed,decode,4,128,0,20300728,2,model.layers.0.block_sparse_moe,4,16,32,4,2.0,2.0,0.625,0.84375,0.9248779120579002,natural
route_census_untimed,decode,4,128,0,20300728,2,model.layers.1.block_sparse_moe,4,16,32,4,2.0,2.0,0.625,0.875,0.92876877875796,natural
route_census_untimed,decode,4,128,0,20300728,2,model.layers.2.block_sparse_moe,4,16,32,4,2.0,2.0,0.5863019824028015,0.875,0.9350187658764352,natural
route_census_untimed,decode,4,128,0,20300728,2,model.layers.3.block_sparse_moe,4,16,32,4,2.0,2.0,0.55901700258255,0.90625,0.9436278046202653,natural
route_census_untimed,decode,4,128,0,20300728,2,model.layers.4.block_sparse_moe,4,16,32,4,2.0,2.0,0.4841229319572449,0.9375,0.9584869680686913,natural
route_census_untimed,decode,4,128,0,20300728,2,model.layers.5.block_sparse_moe,4,16,32,4,2.0,2.0,0.4145781099796295,1.0,0.9748778777987618,natural
route_census_untimed,decode,4,128,0,20300728,2,model.layers.6.block_sparse_moe,4,16,32,4,2.0,2.0,0.5303300619125366,0.90625,0.9466917099419164,natural
route_census_untimed,decode,4,128,0,20300728,2,model.layers.7.block_sparse_moe,4,16,32,4,2.0,2.0,0.5994789600372314,0.875,0.9334868820086699,natural
route_census_untimed,decode,4,128,0,20300728,2,model.layers.8.block_sparse_moe,4,16,32,4,2.0,2.0,0.5728219747543335,0.90625,0.9404417228234412,natural
route_census_untimed,decode,4,128,0,20300728,2,model.layers.9.block_sparse_moe,4,16,32,4,2.0,2.0,0.5728219747543335,0.90625,0.9420959207525,natural
route_census_untimed,decode,4,128,0,20300728,2,model.layers.10.block_sparse_moe,4,16,32,4,2.0,2.0,0.5303300619125366,0.9375,0.9522369121571558,natural
route_census_untimed,decode,4,128,0,20300728,2,model.layers.11.block_sparse_moe,4,16,32,4,2.0,2.0,0.55901700258255,0.90625,0.9436278734133257,natural
route_census_untimed,decode,4,128,0,20300728,2,model.layers.12.block_sparse_moe,4,16,32,4,2.0,2.0,0.46770718693733215,0.96875,0.9647368176010457,natural
route_census_untimed,decode,4,128,0,20300728,2,model.layers.13.block_sparse_moe,4,16,32,4,2.0,2.0,0.5303300619125366,0.9375,0.9514098131926263,natural
route_census_untimed,decode,4,128,0,20300728,2,model.layers.14.block_sparse_moe,4,16,32,4,2.0,2.0,0.5448623895645142,0.90625,0.9459869250386806,natural
route_census_untimed,decode,4,128,0,20300728,2,model.layers.15.block_sparse_moe,4,16,32,4,2.0,2.0,0.5728219747543335,0.875,0.936550787330321,natural
route_census_untimed,decode,4,128,0,20300728,3,model.layers.0.block_sparse_moe,4,16,32,4,2.0,2.0,0.6959705352783203,0.78125,0.9045958604555284,natural
route_census_untimed,decode,4,128,0,20300728,3,model.layers.1.block_sparse_moe,4,16,32,4,2.0,2.0,0.5153881907463074,0.9375,0.95459582619639,natural
route_census_untimed,decode,4,128,0,20300728,3,model.layers.2.block_sparse_moe,4,16,32,4,2.0,2.0,0.5863019824028015,0.9375,0.9436278734133257,natural
route_census_untimed,decode,4,128,0,20300728,3,model.layers.3.block_sparse_moe,4,16,32,4,2.0,2.0,0.5153881907463074,0.90625,0.9498777917387404,natural
route_census_untimed,decode,4,128,0,20300728,3,model.layers.4.block_sparse_moe,4,16,32,3,2.0,1.5,0.4330126941204071,0.9375,0.9639097874295767,natural
route_census_untimed,decode,4,128,0,20300728,3,model.layers.5.block_sparse_moe,4,16,32,4,2.0,2.0,0.5,0.90625,0.9522368433640954,natural
route_census_untimed,decode,4,128,0,20300728,3,model.layers.6.block_sparse_moe,4,16,32,3,2.0,1.5,0.45069390535354614,0.9375,0.9615508733903424,natural
route_census_untimed,decode,4,128,0,20300728,3,model.layers.7.block_sparse_moe,4,16,32,4,2.0,2.0,0.5153881907463074,0.96875,0.9576598003111015,natural
route_census_untimed,decode,4,128,0,20300728,3,model.layers.8.block_sparse_moe,4,16,32,4,2.0,2.0,0.46770718693733215,0.9375,0.9600188519364564,natural
route_census_untimed,decode,4,128,0,20300728,3,model.layers.9.block_sparse_moe,4,16,32,4,2.0,2.0,0.5994789600372314,0.9375,0.9429229509239692,natural
route_census_untimed,decode,4,128,0,20300728,3,model.layers.10.block_sparse_moe,4,16,32,4,2.0,2.0,0.3952847123146057,1.0,0.9780639595955858,natural
route_census_untimed,decode,4,128,0,20300728,3,model.layers.11.block_sparse_moe,4,16,32,4,2.0,2.0,0.4330126941204071,1.0,0.9741730241024656,natural
route_census_untimed,decode,4,128,0,20300728,3,model.layers.12.block_sparse_moe,4,16,32,4,2.0,2.0,0.4330126941204071,0.9375,0.964736886394106,natural
route_census_untimed,decode,4,128,0,20300728,3,model.layers.13.block_sparse_moe,4,16,32,4,2.0,2.0,0.46770718693733215,0.9375,0.9608458821079255,natural
route_census_untimed,decode,4,128,0,20300728,3,model.layers.14.block_sparse_moe,4,16,32,4,2.0,2.0,0.4330126941204071,0.96875,0.9694549208517557,natural
route_census_untimed,decode,4,128,0,20300728,3,model.layers.15.block_sparse_moe,4,16,32,4,2.0,2.0,0.46770718693733215,0.96875,0.9647369551871664,natural
route_census_untimed,decode,4,128,0,20300728,4,model.layers.0.block_sparse_moe,4,16,32,4,2.0,2.0,0.625,0.8125,0.9209869077717197,natural
route_census_untimed,decode,4,128,0,20300728,4,model.layers.1.block_sparse_moe,4,16,32,4,2.0,2.0,0.6614378094673157,0.84375,0.919454955110894,natural
route_census_untimed,decode,4,128,0,20300728,4,model.layers.2.block_sparse_moe,4,16,32,4,2.0,2.0,0.46770718693733215,0.96875,0.9647368176010457,natural
route_census_untimed,decode,4,128,0,20300728,4,model.layers.3.block_sparse_moe,4,16,32,4,2.0,2.0,0.45069390535354614,0.96875,0.9670958692264007,natural
route_census_untimed,decode,4,128,0,20300728,4,model.layers.4.block_sparse_moe,4,16,32,4,2.0,2.0,0.45069390535354614,0.96875,0.9662687014688109,natural
route_census_untimed,decode,4,128,0,20300728,4,model.layers.5.block_sparse_moe,4,16,32,4,2.0,2.0,0.3952847123146057,1.0,0.9772369294241168,natural
route_census_untimed,decode,4,128,0,20300728,4,model.layers.6.block_sparse_moe,4,16,32,4,2.0,2.0,0.46770718693733215,0.96875,0.9647369551871664,natural
route_census_untimed,decode,4,128,0,20300728,4,model.layers.7.block_sparse_moe,4,16,32,4,2.0,2.0,0.4841229319572449,0.9375,0.9584868304825706,natural
route_census_untimed,decode,4,128,0,20300728,4,model.layers.8.block_sparse_moe,4,16,32,4,2.0,2.0,0.5153881907463074,0.9375,0.95459582619639,natural
route_census_untimed,decode,4,128,0,20300728,4,model.layers.9.block_sparse_moe,4,16,32,4,2.0,2.0,0.6373774409294128,0.84375,0.9225187916394848,natural
route_census_untimed,decode,4,128,0,20300728,4,model.layers.10.block_sparse_moe,4,16,32,4,2.0,2.0,0.6373774409294128,0.84375,0.9233459593970746,natural
route_census_untimed,decode,4,128,0,20300728,4,model.layers.11.block_sparse_moe,4,16,32,4,2.0,2.0,0.45069390535354614,1.0,0.9701597745480518,natural
route_census_untimed,decode,4,128,0,20300728,4,model.layers.12.block_sparse_moe,4,16,32,4,2.0,2.0,0.46770718693733215,0.96875,0.9647368176010457,natural
route_census_untimed,decode,4,128,0,20300728,4,model.layers.13.block_sparse_moe,4,16,32,4,2.0,2.0,0.5863019824028015,0.90625,0.939736869127145,natural
route_census_untimed,decode,4,128,0,20300728,4,model.layers.14.block_sparse_moe,4,16,32,4,2.0,2.0,0.6495190262794495,0.8125,0.9162688045210097,natural
route_census_untimed,decode,4,128,0,20300728,4,model.layers.15.block_sparse_moe,4,16,32,4,2.0,2.0,0.6614378094673157,0.8125,0.9139097528956547,natural
route_census_untimed,decode,4,128,0,20300728,5,model.layers.0.block_sparse_moe,4,16,32,4,2.0,2.0,0.5994789600372314,0.90625,0.9373778862948504,natural
route_census_untimed,decode,4,128,0,20300728,5,model.layers.1.block_sparse_moe,4,16,32,4,2.0,2.0,0.5448623895645142,0.875,0.941268890581031,natural
route_census_untimed,decode,4,128,0,20300728,5,model.layers.2.block_sparse_moe,4,16,32,4,2.0,2.0,0.5448623895645142,0.90625,0.9451598260741512,natural
route_census_untimed,decode,4,128,0,20300728,5,model.layers.3.block_sparse_moe,4,16,32,4,2.0,2.0,0.5153881907463074,0.9375,0.95459582619639,natural
route_census_untimed,decode,4,128,0,20300728,5,model.layers.4.block_sparse_moe,4,16,32,4,2.0,2.0,0.5728219747543335,0.90625,0.9420958519594397,natural
route_census_untimed,decode,4,128,0,20300728,5,model.layers.5.block_sparse_moe,4,16,32,4,2.0,2.0,0.5994789600372314,0.875,0.9334868132156096,natural
route_census_untimed,decode,4,128,0,20300728,5,model.layers.6.block_sparse_moe,4,16,32,4,2.0,2.0,0.5994789600372314,0.84375,0.9295958777224894,natural
route_census_untimed,decode,4,128,0,20300728,5,model.layers.7.block_sparse_moe,4,16,32,4,2.0,2.0,0.6373774409294128,0.8125,0.9186278561463647,natural
route_census_untimed,decode,4,128,0,20300728,5,model.layers.8.block_sparse_moe,4,16,32,4,2.0,2.0,0.6846532225608826,0.8125,0.9100188174025345,natural
route_census_untimed,decode,4,128,0,20300728,5,model.layers.9.block_sparse_moe,4,16,32,4,2.0,2.0,0.6123724579811096,0.84375,0.9272368948901948,natural
route_census_untimed,decode,4,128,0,20300728,5,model.layers.10.block_sparse_moe,4,16,32,4,2.0,2.0,0.6373774409294128,0.8125,0.918627924939425,natural
route_census_untimed,decode,4,128,0,20300728,5,model.layers.11.block_sparse_moe,4,16,32,4,2.0,2.0,0.5728219747543335,0.875,0.9382048476732592,natural
route_census_untimed,decode,4,128,0,20300728,5,model.layers.12.block_sparse_moe,4,16,32,4,2.0,2.0,0.45069390535354614,0.90625,0.9584868992756309,natural
route_census_untimed,decode,4,128,0,20300728,5,model.layers.13.block_sparse_moe,4,16,32,4,2.0,2.0,0.5303300619125366,0.90625,0.9475188089064458,natural
route_census_untimed,decode,4,128,0,20300728,5,model.layers.14.block_sparse_moe,4,16,32,4,2.0,2.0,0.6495190262794495,0.8125,0.9162688045210097,natural
route_census_untimed,decode,4,128,0,20300728,5,model.layers.15.block_sparse_moe,4,16,32,4,2.0,2.0,0.5994789600372314,0.84375,0.92876877875796,natural
route_census_untimed,decode,4,128,0,20300728,6,model.layers.0.block_sparse_moe,4,16,32,4,2.0,2.0,0.625,0.90625,0.934313912180139,natural
route_census_untimed,decode,4,128,0,20300728,6,model.layers.1.block_sparse_moe,4,16,32,4,2.0,2.0,0.55901700258255,0.90625,0.9436278046202653,natural
route_census_untimed,decode,4,128,0,20300728,6,model.layers.2.block_sparse_moe,4,16,32,4,2.0,2.0,0.5994789600372314,0.90625,0.9373778175017902,natural
route_census_untimed,decode,4,128,0,20300728,6,model.layers.3.block_sparse_moe,4,16,32,4,2.0,2.0,0.5448623895645142,0.90625,0.9468139552101497,natural
route_census_untimed,decode,4,128,0,20300728,6,model.layers.4.block_sparse_moe,4,16,32,4,2.0,2.0,0.5448623895645142,0.90625,0.9459867874525599,natural
route_census_untimed,decode,4,128,0,20300728,6,model.layers.5.block_sparse_moe,4,16,32,4,2.0,2.0,0.7603453397750854,0.75,0.8882049507254579,natural
route_census_untimed,decode,4,128,0,20300728,6,model.layers.6.block_sparse_moe,4,16,32,4,2.0,2.0,0.6495190262794495,0.8125,0.9170959722785994,natural
route_census_untimed,decode,4,128,0,20300728,6,model.layers.7.block_sparse_moe,4,16,32,4,2.0,2.0,0.5728219747543335,0.90625,0.9412687529949103,natural
route_census_untimed,decode,4,128,0,20300728,6,model.layers.8.block_sparse_moe,4,16,32,4,2.0,2.0,0.6614378094673157,0.8125,0.9147369206532445,natural
route_census_untimed,decode,4,128,0,20300728,6,model.layers.9.block_sparse_moe,4,16,32,4,2.0,2.0,0.5863019824028015,0.8125,0.9264097959256654,natural
route_census_untimed,decode,4,128,0,20300728,6,model.layers.10.block_sparse_moe,4,16,32,4,2.0,2.0,0.5728219747543335,0.9375,0.9459869250386806,natural
route_census_untimed,decode,4,128,0,20300728,6,model.layers.11.block_sparse_moe,4,16,32,4,2.0,2.0,0.55901700258255,0.84375,0.9358459336340249,natural
route_census_untimed,decode,4,128,0,20300728,6,model.layers.12.block_sparse_moe,4,16,32,4,2.0,2.0,0.5448623895645142,0.875,0.9412687529949103,natural
route_census_untimed,decode,4,128,0,20300728,6,model.layers.13.block_sparse_moe,4,16,32,4,2.0,2.0,0.5,0.90625,0.9514098131926263,natural
route_census_untimed,decode,4,128,0,20300728,6,model.layers.14.block_sparse_moe,4,16,32,4,2.0,2.0,0.6614378094673157,0.8125,0.9147368518601842,natural
route_census_untimed,decode,4,128,0,20300728,6,model.layers.15.block_sparse_moe,4,16,32,4,2.0,2.0,0.6495190262794495,0.8125,0.9162688045210097,natural
route_census_untimed,decode,4,128,0,20300728,7,model.layers.0.block_sparse_moe,4,16,32,4,2.0,2.0,0.6123724579811096,0.875,0.9319549981409048,natural
route_census_untimed,decode,4,128,0,20300728,7,model.layers.1.block_sparse_moe,4,16,32,4,2.0,2.0,0.5994789600372314,0.90625,0.9373778175017902,natural
route_census_untimed,decode,4,128,0,20300728,7,model.layers.2.block_sparse_moe,4,16,32,4,2.0,2.0,0.5863019824028015,0.875,0.9358459336340249,natural
route_census_untimed,decode,4,128,0,20300728,7,model.layers.3.block_sparse_moe,4,16,32,4,2.0,2.0,0.5728219747543335,0.90625,0.9429230197170295,natural
route_census_untimed,decode,4,128,0,20300728,7,model.layers.4.block_sparse_moe,4,16,32,4,2.0,2.0,0.5728219747543335,0.90625,0.9420959207525,natural
route_census_untimed,decode,4,128,0,20300728,7,model.layers.5.block_sparse_moe,4,16,32,4,2.0,2.0,0.5728219747543335,0.84375,0.9334868132156096,natural
route_census_untimed,decode,4,128,0,20300728,7,model.layers.6.block_sparse_moe,4,16,32,4,2.0,2.0,0.6846532225608826,0.8125,0.9108459851601243,natural
route_census_untimed,decode,4,128,0,20300728,7,model.layers.7.block_sparse_moe,4,16,32,4,2.0,2.0,0.625,0.8125,0.9209869077717197,natural
route_census_untimed,decode,4,128,0,20300728,7,model.layers.8.block_sparse_moe,4,16,32,4,2.0,2.0,0.7180703282356262,0.78125,0.9007047873762876,natural
route_census_untimed,decode,4,128,0,20300728,7,model.layers.9.block_sparse_moe,4,16,32,4,2.0,2.0,0.55901700258255,0.875,0.9405639680916745,natural
route_census_untimed,decode,4,128,0,20300728,7,model.layers.10.block_sparse_moe,4,16,32,4,2.0,2.0,0.5863019824028015,0.875,0.9366728950124337,natural
route_census_untimed,decode,4,128,0,20300728,7,model.layers.11.block_sparse_moe,4,16,32,4,2.0,2.0,0.6495190262794495,0.875,0.9265320411938986,natural
route_census_untimed,decode,4,128,0,20300728,7,model.layers.12.block_sparse_moe,4,16,32,4,2.0,2.0,0.5994789600372314,0.84375,0.9295958777224894,natural
route_census_untimed,decode,4,128,0,20300728,7,model.layers.13.block_sparse_moe,4,16,32,4,2.0,2.0,0.55901700258255,0.875,0.939736869127145,natural
route_census_untimed,decode,4,128,0,20300728,7,model.layers.14.block_sparse_moe,4,16,32,4,2.0,2.0,0.6495190262794495,0.84375,0.921814006736249,natural
route_census_untimed,decode,4,128,0,20300728,7,model.layers.15.block_sparse_moe,4,16,32,4,2.0,2.0,0.5994789600372314,0.90625,0.9390320154308489,natural
route_census_untimed,prefill,8,128,0,20340728,-1,model.layers.0.block_sparse_moe,1024,16,32,946,512.0,1.84765625,0.501314103603363,1.0,0.9608575081351238,synthetic
route_census_untimed,prefill,8,128,0,20340728,-1,model.layers.1.block_sparse_moe,1024,16,32,864,512.0,1.6875,0.42788875102996826,1.0,0.9720645855959479,synthetic
route_census_untimed,prefill,8,128,0,20340728,-1,model.layers.2.block_sparse_moe,1024,16,32,918,512.0,1.79296875,0.33609217405319214,1.0,0.9830824821408229,synthetic
route_census_untimed,prefill,8,128,0,20340728,-1,model.layers.3.block_sparse_moe,1024,16,32,870,512.0,1.69921875,0.33129802346229553,1.0,0.9837166165710842,synthetic
route_census_untimed,prefill,8,128,0,20340728,-1,model.layers.4.block_sparse_moe,1024,16,32,832,512.0,1.625,0.29042762517929077,1.0,0.987562630195799,synthetic
route_census_untimed,prefill,8,128,0,20340728,-1,model.layers.5.block_sparse_moe,1024,16,32,790,512.0,1.54296875,0.31853044033050537,1.0,0.9846971240601833,synthetic
route_census_untimed,prefill,8,128,0,20340728,-1,model.layers.6.block_sparse_moe,1024,16,32,942,512.0,1.83984375,0.49579712748527527,1.0,0.9601432297895605,synthetic
route_census_untimed,prefill,8,128,0,20340728,-1,model.layers.7.block_sparse_moe,1024,16,32,941,512.0,1.837890625,0.45184752345085144,1.0,0.9678289280774384,synthetic
route_census_untimed,prefill,8,128,0,20340728,-1,model.layers.8.block_sparse_moe,1024,16,32,969,512.0,1.892578125,0.4618954658508301,1.0,0.96821994783244,synthetic
route_census_untimed,prefill,8,128,0,20340728,-1,model.layers.9.block_sparse_moe,1024,16,32,991,512.0,1.935546875,0.44423720240592957,1.0,0.9703540461504664,synthetic
route_census_untimed,prefill,8,128,0,20340728,-1,model.layers.10.block_sparse_moe,1024,16,32,982,512.0,1.91796875,0.3638094961643219,1.0,0.9810377460081848,synthetic
route_census_untimed,prefill,8,128,0,20340728,-1,model.layers.11.block_sparse_moe,1024,16,32,955,512.0,1.865234375,0.43893685936927795,1.0,0.9711850663194356,synthetic
route_census_untimed,prefill,8,128,0,20340728,-1,model.layers.12.block_sparse_moe,1024,16,32,984,512.0,1.921875,0.4625670611858368,1.0,0.9674258007438159,synthetic
route_census_untimed,prefill,8,128,0,20340728,-1,model.layers.13.block_sparse_moe,1024,16,32,943,512.0,1.841796875,0.46405526995658875,1.0,0.9660729164190687,synthetic
route_census_untimed,prefill,8,128,0,20340728,-1,model.layers.14.block_sparse_moe,1024,16,32,946,512.0,1.84765625,0.4410361051559448,1.0,0.9704764977978807,synthetic
route_census_untimed,prefill,8,128,0,20340728,-1,model.layers.15.block_sparse_moe,1024,16,32,913,512.0,1.783203125,0.49439120292663574,1.0,0.963075465193711,synthetic
route_census_untimed,decode,8,128,0,20340728,0,model.layers.0.block_sparse_moe,8,16,32,8,4.0,2.0,0.6218671202659607,0.90625,0.9324606271344414,synthetic
route_census_untimed,decode,8,128,0,20340728,0,model.layers.1.block_sparse_moe,8,16,32,8,4.0,2.0,0.5962120294570923,0.9375,0.9379487999026547,synthetic
route_census_untimed,decode,8,128,0,20340728,0,model.layers.2.block_sparse_moe,8,16,32,7,4.0,1.75,0.36443448066711426,1.0,0.979002434524814,synthetic
route_census_untimed,decode,8,128,0,20340728,0,model.layers.3.block_sparse_moe,8,16,32,7,4.0,1.75,0.41926273703575134,1.0,0.9718848981223265,synthetic
route_census_untimed,decode,8,128,0,20340728,0,model.layers.4.block_sparse_moe,8,16,32,6,4.0,1.5,0.32475951313972473,1.0,0.9825701802204327,synthetic
route_census_untimed,decode,8,128,0,20340728,0,model.layers.5.block_sparse_moe,8,16,32,8,4.0,2.0,0.4145781099796295,1.0,0.9736993150889292,synthetic
route_census_untimed,decode,8,128,0,20340728,0,model.layers.6.block_sparse_moe,8,16,32,8,4.0,2.0,0.6987712383270264,0.875,0.9121424591753885,synthetic
route_census_untimed,decode,8,128,0,20340728,0,model.layers.7.block_sparse_moe,8,16,32,8,4.0,2.0,0.55901700258255,1.0,0.9538452251149644,synthetic
route_census_untimed,decode,8,128,0,20340728,0,model.layers.8.block_sparse_moe,8,16,32,8,4.0,2.0,0.6373774409294128,0.9375,0.9323840604582773,synthetic
route_census_untimed,decode,8,128,0,20340728,0,model.layers.9.block_sparse_moe,8,16,32,8,4.0,2.0,0.5448623895645142,1.0,0.9531853620801339,synthetic
route_census_untimed,decode,8,128,0,20340728,0,model.layers.10.block_sparse_moe,8,16,32,8,4.0,2.0,0.4841229319572449,1.0,0.9654024592529451,synthetic
route_census_untimed,decode,8,128,0,20340728,0,model.layers.11.block_sparse_moe,8,16,32,8,4.0,2.0,0.47186464071273804,0.9375,0.9582708890661472,synthetic
route_census_untimed,decode,8,128,0,20340728,0,model.layers.12.block_sparse_moe,8,16,32,8,4.0,2.0,0.5303300619125366,0.90625,0.9485686598003727,synthetic
route_census_untimed,decode,8,128,0,20340728,0,model.layers.13.block_sparse_moe,8,16,32,7,4.0,1.75,0.5,0.96875,0.9574647719850231,synthetic
route_census_untimed,decode,8,128,0,20340728,0,model.layers.14.block_sparse_moe,8,16,32,8,4.0,2.0,0.48814061284065247,1.0,0.9628624130858221,synthetic
route_census_untimed,decode,8,128,0,20340728,0,model.layers.15.block_sparse_moe,8,16,32,7,4.0,1.75,0.4375,1.0,0.9698379606117573,synthetic
route_census_untimed,decode,8,128,0,20340728,1,model.layers.0.block_sparse_moe,8,16,32,8,4.0,2.0,0.6555055379867554,0.9375,0.9285694852621402,synthetic
route_census_untimed,decode,8,128,0,20340728,1,model.layers.1.block_sparse_moe,8,16,32,8,4.0,2.0,0.5448623895645142,0.96875,0.9514975243445664,synthetic
route_census_untimed,decode,8,128,0,20340728,1,model.layers.2.block_sparse_moe,8,16,32,8,4.0,2.0,0.5340002179145813,0.9375,0.9502161160095177,synthetic
route_census_untimed,decode,8,128,0,20340728,1,model.layers.3.block_sparse_moe,8,16,32,8,4.0,2.0,0.46770718693733215,0.96875,0.9638705065921196,synthetic
route_census_untimed,decode,8,128,0,20340728,1,model.layers.4.block_sparse_moe,8,16,32,6,4.0,1.5,0.3125,1.0,0.9857497954695844,synthetic
route_census_untimed,decode,8,128,0,20340728,1,model.layers.5.block_sparse_moe,8,16,32,8,4.0,2.0,0.41926273703575134,0.96875,0.9710786434550817,synthetic
route_census_untimed,decode,8,128,0,20340728,1,model.layers.6.block_sparse_moe,8,16,32,8,4.0,2.0,0.6281172037124634,0.9375,0.9316473555750413,synthetic
route_census_untimed,decode,8,128,0,20340728,1,model.layers.7.block_sparse_moe,8,16,32,8,4.0,2.0,0.5153881907463074,1.0,0.9596316845928341,synthetic
route_census_untimed,decode,8,128,0,20340728,1,model.layers.8.block_sparse_moe,8,16,32,8,4.0,2.0,0.5962120294570923,0.96875,0.9418648448628008,synthetic
route_census_untimed,decode,8,128,0,20340728,1,model.layers.9.block_sparse_moe,8,16,32,8,4.0,2.0,0.503891110420227,0.9375,0.9544190968243634,synthetic
route_census_untimed,decode,8,128,0,20340728,1,model.layers.10.block_sparse_moe,8,16,32,8,4.0,2.0,0.42389562726020813,1.0,0.9729987265623744,synthetic
route_census_untimed,decode,8,128,0,20340728,1,model.layers.11.block_sparse_moe,8,16,32,7,4.0,1.75,0.4921254813671112,1.0,0.9600451308855084,synthetic
route_census_untimed,decode,8,128,0,20340728,1,model.layers.12.block_sparse_moe,8,16,32,8,4.0,2.0,0.5077524185180664,0.96875,0.9550400229870385,synthetic
route_census_untimed,decode,8,128,0,20340728,1,model.layers.13.block_sparse_moe,8,16,32,8,4.0,2.0,0.4800716042518616,1.0,0.965942828741956,synthetic
route_census_untimed,decode,8,128,0,20340728,1,model.layers.14.block_sparse_moe,8,16,32,7,4.0,1.75,0.3801726698875427,1.0,0.9784469993555874,synthetic
route_census_untimed,decode,8,128,0,20340728,1,model.layers.15.block_sparse_moe,8,16,32,7,4.0,1.75,0.34798526763916016,1.0,0.9810132556787019,synthetic
route_census_untimed,decode,8,128,0,20340728,2,model.layers.0.block_sparse_moe,8,16,32,8,4.0,2.0,0.7043392062187195,0.875,0.9123888759175447,synthetic
route_census_untimed,decode,8,128,0,20340728,2,model.layers.1.block_sparse_moe,8,16,32,7,4.0,1.75,0.40019527077674866,1.0,0.9750896228385041,synthetic
route_census_untimed,decode,8,128,0,20340728,2,model.layers.2.block_sparse_moe,8,16,32,8,4.0,2.0,0.5077524185180664,0.96875,0.9588766807555463,synthetic
route_census_untimed,decode,8,128,0,20340728,2,model.layers.3.block_sparse_moe,8,16,32,8,4.0,2.0,0.45069390535354614,1.0,0.9682514550540781,synthetic
route_census_untimed,decode,8,128,0,20340728,2,model.layers.4.block_sparse_moe,8,16,32,6,4.0,1.5,0.3061862289905548,1.0,0.9846574992574245,synthetic
route_census_untimed,decode,8,128,0,20340728,2,model.layers.5.block_sparse_moe,8,16,32,8,4.0,2.0,0.4284784197807312,1.0,0.9722985507941817,synthetic
route_census_untimed,decode,8,128,0,20340728,2,model.layers.6.block_sparse_moe,8,16,32,8,4.0,2.0,0.6187184453010559,0.90625,0.9318253920152145,synthetic
route_census_untimed,decode,8,128,0,20340728,2,model.layers.7.block_sparse_moe,8,16,32,8,4.0,2.0,0.5412659049034119,1.0,0.9550652700401852,synthetic
route_census_untimed,decode,8,128,0,20340728,2,model.layers.8.block_sparse_moe,8,16,32,8,4.0,2.0,0.615553617477417,0.9375,0.937555991528084,synthetic
route_census_untimed,decode,8,128,0,20340728,2,model.layers.9.block_sparse_moe,8,16,32,8,4.0,2.0,0.5929270386695862,0.96875,0.9453269244177295,synthetic
route_census_untimed,decode,8,128,0,20340728,2,model.layers.10.block_sparse_moe,8,16,32,8,4.0,2.0,0.4841229319572449,0.96875,0.9628720441142704,synthetic
route_census_untimed,decode,8,128,0,20340728,2,model.layers.11.block_sparse_moe,8,16,32,8,4.0,2.0,0.5153881907463074,0.9375,0.9514612016087042,synthetic
route_census_untimed,decode,8,128,0,20340728,2,model.layers.12.block_sparse_moe,8,16,32,8,4.0,2.0,0.6059600114822388,0.90625,0.9361549520610952,synthetic
route_census_untimed,decode,8,128,0,20340728,2,model.layers.13.block_sparse_moe,8,16,32,8,4.0,2.0,0.615553617477417,0.90625,0.9320651358305173,synthetic
route_census_untimed,decode,8,128,0,20340728,2,model.layers.14.block_sparse_moe,8,16,32,8,4.0,2.0,0.6123724579811096,0.9375,0.9370813882047629,synthetic
route_census_untimed,decode,8,128,0,20340728,2,model.layers.15.block_sparse_moe,8,16,32,8,4.0,2.0,0.6218671202659607,0.96875,0.9369209627880382,synthetic
route_census_untimed,decode,8,128,0,20340728,3,model.layers.0.block_sparse_moe,8,16,32,8,4.0,2.0,0.6091746687889099,0.9375,0.9374001752464023,synthetic
route_census_untimed,decode,8,128,0,20340728,3,model.layers.1.block_sparse_moe,8,16,32,8,4.0,2.0,0.5448623895645142,1.0,0.9542743562253972,synthetic
route_census_untimed,decode,8,128,0,20340728,3,model.layers.2.block_sparse_moe,8,16,32,8,4.0,2.0,0.4841229319572449,1.0,0.9649846102044088,synthetic
route_census_untimed,decode,8,128,0,20340728,3,model.layers.3.block_sparse_moe,8,16,32,8,4.0,2.0,0.5340002179145813,0.96875,0.952347187432889,synthetic
route_census_untimed,decode,8,128,0,20340728,3,model.layers.4.block_sparse_moe,8,16,32,7,4.0,1.75,0.4841229319572449,1.0,0.9609529929028829,synthetic
route_census_untimed,decode,8,128,0,20340728,3,model.layers.5.block_sparse_moe,8,16,32,8,4.0,2.0,0.5484352707862854,0.96875,0.95219790649194,synthetic
route_census_untimed,decode,8,128,0,20340728,3,model.layers.6.block_sparse_moe,8,16,32,8,4.0,2.0,0.7015607357025146,0.875,0.9113514077744799,synthetic
route_census_untimed,decode,8,128,0,20340728,3,model.layers.7.block_sparse_moe,8,16,32,8,4.0,2.0,0.6343057155609131,0.9375,0.9332515409492292,synthetic
route_census_untimed,decode,8,128,0,20340728,3,model.layers.8.block_sparse_moe,8,16,32,8,4.0,2.0,0.7234898209571838,0.84375,0.9050608327504012,synthetic
route_census_untimed,decode,8,128,0,20340728,3,model.layers.9.block_sparse_moe,8,16,32,8,4.0,2.0,0.7207851409912109,0.84375,0.9040669106145348,synthetic
route_census_untimed,decode,8,128,0,20340728,3,model.layers.10.block_sparse_moe,8,16,32,8,4.0,2.0,0.5115845203399658,0.96875,0.9572573609080826,synthetic
route_census_untimed,decode,8,128,0,20340728,3,model.layers.11.block_sparse_moe,8,16,32,7,4.0,1.75,0.5340002179145813,0.96875,0.9501116193508535,synthetic
route_census_untimed,decode,8,128,0,20340728,3,model.layers.12.block_sparse_moe,8,16,32,8,4.0,2.0,0.5484352707862854,0.90625,0.9425511244328038,synthetic
route_census_untimed,decode,8,128,0,20340728,3,model.layers.13.block_sparse_moe,8,16,32,7,4.0,1.75,0.5266343355178833,0.96875,0.9523692012121995,synthetic
route_census_untimed,decode,8,128,0,20340728,3,model.layers.14.block_sparse_moe,8,16,32,7,4.0,1.75,0.47186464071273804,0.96875,0.9621466900859915,synthetic
route_census_untimed,decode,8,128,0,20340728,3,model.layers.15.block_sparse_moe,8,16,32,7,4.0,1.75,0.4284784197807312,1.0,0.9717070680613343,synthetic
route_census_untimed,decode,8,128,0,20340728,4,model.layers.0.block_sparse_moe,8,16,32,8,4.0,2.0,0.6465049982070923,0.875,0.9220369650448276,synthetic
route_census_untimed,decode,8,128,0,20340728,4,model.layers.1.block_sparse_moe,8,16,32,7,4.0,1.75,0.4375,1.0,0.9706400189023211,synthetic
route_census_untimed,decode,8,128,0,20340728,4,model.layers.2.block_sparse_moe,8,16,32,8,4.0,2.0,0.45069390535354614,1.0,0.9707262166069336,synthetic
route_census_untimed,decode,8,128,0,20340728,4,model.layers.3.block_sparse_moe,8,16,32,8,4.0,2.0,0.42389562726020813,1.0,0.9730643551419436,synthetic
route_census_untimed,decode,8,128,0,20340728,4,model.layers.4.block_sparse_moe,8,16,32,8,4.0,2.0,0.41926273703575134,1.0,0.9736340304746616,synthetic
route_census_untimed,decode,8,128,0,20340728,4,model.layers.5.block_sparse_moe,8,16,32,8,4.0,2.0,0.5694020986557007,0.90625,0.9401770071272332,synthetic
route_census_untimed,decode,8,128,0,20340728,4,model.layers.6.block_sparse_moe,8,16,32,8,4.0,2.0,0.709863543510437,0.84375,0.906462284975752,synthetic
route_census_untimed,decode,8,128,0,20340728,4,model.layers.7.block_sparse_moe,8,16,32,8,4.0,2.0,0.5994789600372314,0.9375,0.9376256101051532,synthetic
route_census_untimed,decode,8,128,0,20340728,4,model.layers.8.block_sparse_moe,8,16,32,8,4.0,2.0,0.6343057155609131,0.90625,0.9303226076119753,synthetic
route_census_untimed,decode,8,128,0,20340728,4,model.layers.9.block_sparse_moe,8,16,32,8,4.0,2.0,0.5994789600372314,0.875,0.9316627652205587,synthetic
route_census_untimed,decode,8,128,0,20340728,4,model.layers.10.block_sparse_moe,8,16,32,8,4.0,2.0,0.5412659049034119,0.96875,0.9536391898992308,synthetic
route_census_untimed,decode,8,128,0,20340728,4,model.layers.11.block_sparse_moe,8,16,32,7,4.0,1.75,0.503891110420227,0.9375,0.9524236165229324,synthetic
route_census_untimed,decode,8,128,0,20340728,4,model.layers.12.block_sparse_moe,8,16,32,8,4.0,2.0,0.5519850254058838,0.9375,0.9461188701284226,synthetic
route_census_untimed,decode,8,128,0,20340728,4,model.layers.13.block_sparse_moe,8,16,32,8,4.0,2.0,0.5519850254058838,0.9375,0.9461846362941125,synthetic
route_census_untimed,decode,8,128,0,20340728,4,model.layers.14.block_sparse_moe,8,16,32,7,4.0,1.75,0.455006867647171,0.96875,0.9653120651716517,synthetic
route_census_untimed,decode,8,128,0,20340728,4,model.layers.15.block_sparse_moe,8,16,32,8,4.0,2.0,0.40019527077674866,1.0,0.9781599947078276,synthetic
route_census_untimed,decode,8,128,0,20340728,5,model.layers.0.block_sparse_moe,8,16,32,8,4.0,2.0,0.7043392062187195,0.90625,0.9131658935341429,synthetic
route_census_untimed,decode,8,128,0,20340728,5,model.layers.1.block_sparse_moe,8,16,32,7,4.0,1.75,0.44633927941322327,0.96875,0.9642993625303111,synthetic
route_census_untimed,decode,8,128,0,20340728,5,model.layers.2.block_sparse_moe,8,16,32,8,4.0,2.0,0.49607837200164795,0.96875,0.9598890394315852,synthetic
route_census_untimed,decode,8,128,0,20340728,5,model.layers.3.block_sparse_moe,8,16,32,8,4.0,2.0,0.5077524185180664,0.96875,0.957087029290668,synthetic
route_census_untimed,decode,8,128,0,20340728,5,model.layers.4.block_sparse_moe,8,16,32,7,4.0,1.75,0.3365727961063385,1.0,0.9830494614718572,synthetic
route_census_untimed,decode,8,128,0,20340728,5,model.layers.5.block_sparse_moe,8,16,32,8,4.0,2.0,0.55901700258255,0.90625,0.9422936320079319,synthetic
route_census_untimed,decode,8,128,0,20340728,5,model.layers.6.block_sparse_moe,8,16,32,8,4.0,2.0,0.6673173904418945,0.90625,0.9221273591261211,synthetic
route_census_untimed,decode,8,128,0,20340728,5,model.layers.7.block_sparse_moe,8,16,32,8,4.0,2.0,0.5519850254058838,1.0,0.9533523228375916,synthetic
route_census_untimed,decode,8,128,0,20340728,5,model.layers.8.block_sparse_moe,8,16,32,8,4.0,2.0,0.6343057155609131,0.9375,0.934329253032596,synthetic
route_census_untimed,decode,8,128,0,20340728,5,model.layers.9.block_sparse_moe,8,16,32,8,4.0,2.0,0.6434769034385681,0.9375,0.9293901176789972,synthetic
route_census_untimed,decode,8,128,0,20340728,5,model.layers.10.block_sparse_moe,8,16,32,8,4.0,2.0,0.503891110420227,1.0,0.9601355937598621,synthetic
route_census_untimed,decode,8,128,0,20340728,5,model.layers.11.block_sparse_moe,8,16,32,8,4.0,2.0,0.5994789600372314,0.9375,0.9393496329904624,synthetic
route_census_untimed,decode,8,128,0,20340728,5,model.layers.12.block_sparse_moe,8,16,32,8,4.0,2.0,0.5728219747543335,1.0,0.9497733638731365,synthetic
route_census_untimed,decode,8,128,0,20340728,5,model.layers.13.block_sparse_moe,8,16,32,8,4.0,2.0,0.5762215256690979,0.90625,0.9386742915170543,synthetic
route_census_untimed,decode,8,128,0,20340728,5,model.layers.14.block_sparse_moe,8,16,32,8,4.0,2.0,0.48814061284065247,0.96875,0.9590871187271421,synthetic
route_census_untimed,decode,8,128,0,20340728,5,model.layers.15.block_sparse_moe,8,16,32,7,4.0,1.75,0.4419417381286621,1.0,0.9705746654949933,synthetic
route_census_untimed,decode,8,128,0,20340728,6,model.layers.0.block_sparse_moe,8,16,32,8,4.0,2.0,0.4921254813671112,0.96875,0.9592538731054187,synthetic
route_census_untimed,decode,8,128,0,20340728,6,model.layers.1.block_sparse_moe,8,16,32,7,4.0,1.75,0.4098398983478546,1.0,0.9749446070672966,synthetic
route_census_untimed,decode,8,128,0,20340728,6,model.layers.2.block_sparse_moe,8,16,32,8,4.0,2.0,0.47186464071273804,0.96875,0.9628581479160807,synthetic
route_census_untimed,decode,8,128,0,20340728,6,model.layers.3.block_sparse_moe,8,16,32,8,4.0,2.0,0.49607837200164795,0.96875,0.9608361822864169,synthetic
route_census_untimed,decode,8,128,0,20340728,6,model.layers.4.block_sparse_moe,8,16,32,6,4.0,1.5,0.3186887204647064,1.0,0.9846717394209159,synthetic
route_census_untimed,decode,8,128,0,20340728,6,model.layers.5.block_sparse_moe,8,16,32,8,4.0,2.0,0.5728219747543335,0.9375,0.9429286607479778,synthetic
route_census_untimed,decode,8,128,0,20340728,6,model.layers.6.block_sparse_moe,8,16,32,8,4.0,2.0,0.6584783792495728,0.9375,0.9265879699519592,synthetic
route_census_untimed,decode,8,128,0,20340728,6,model.layers.7.block_sparse_moe,8,16,32,8,4.0,2.0,0.6614378094673157,0.9375,0.9289358771015384,synthetic
route_census_untimed,decode,8,128,0,20340728,6,model.layers.8.block_sparse_moe,8,16,32,8,4.0,2.0,0.6702378392219543,0.90625,0.9224391292756052,synthetic
route_census_untimed,decode,8,128,0,20340728,6,model.layers.9.block_sparse_moe,8,16,32,8,4.0,2.0,0.709863543510437,0.8125,0.9027313621409946,synthetic
route_census_untimed,decode,8,128,0,20340728,6,model.layers.10.block_sparse_moe,8,16,32,7,4.0,1.75,0.4635123908519745,0.96875,0.9632466223278496,synthetic
route_census_untimed,decode,8,128,0,20340728,6,model.layers.11.block_sparse_moe,8,16,32,8,4.0,2.0,0.4921254813671112,0.96875,0.9590074563632625,synthetic
route_census_untimed,decode,8,128,0,20340728,6,model.layers.12.block_sparse_moe,8,16,32,8,4.0,2.0,0.5829612016677856,0.875,0.935393275296954,synthetic
route_census_untimed,decode,8,128,0,20340728,6,model.layers.13.block_sparse_moe,8,16,32,7,4.0,1.75,0.5376453399658203,0.90625,0.9438213194990162,synthetic
route_census_untimed,decode,8,128,0,20340728,6,model.layers.14.block_sparse_moe,8,16,32,7,4.0,1.75,0.49607837200164795,0.96875,0.9563101492601905,synthetic
route_census_untimed,decode,8,128,0,20340728,6,model.layers.15.block_sparse_moe,8,16,32,8,4.0,2.0,0.41926273703575134,1.0,0.9754737632874713,synthetic
route_census_untimed,decode,8,128,0,20340728,7,model.layers.0.block_sparse_moe,8,16,32,8,4.0,2.0,0.6760408878326416,0.9375,0.922671924991813,synthetic
route_census_untimed,decode,8,128,0,20340728,7,model.layers.1.block_sparse_moe,8,16,32,7,4.0,1.75,0.3952847123146057,1.0,0.9759319250693698,synthetic
route_census_untimed,decode,8,128,0,20340728,7,model.layers.2.block_sparse_moe,8,16,32,8,4.0,2.0,0.4800716042518616,0.96875,0.9607204723589163,synthetic
route_census_untimed,decode,8,128,0,20340728,7,model.layers.3.block_sparse_moe,8,16,32,7,4.0,1.75,0.5077524185180664,0.96875,0.9557156396326879,synthetic
route_census_untimed,decode,8,128,0,20340728,7,model.layers.4.block_sparse_moe,8,16,32,7,4.0,1.75,0.3125,1.0,0.9859420032801887,synthetic
route_census_untimed,decode,8,128,0,20340728,7,model.layers.5.block_sparse_moe,8,16,32,8,4.0,2.0,0.4841229319572449,0.96875,0.9615728871696528,synthetic
route_census_untimed,decode,8,128,0,20340728,7,model.layers.6.block_sparse_moe,8,16,32,8,4.0,2.0,0.5962120294570923,0.9375,0.9382565112615784,synthetic
route_census_untimed,decode,8,128,0,20340728,7,model.layers.7.block_sparse_moe,8,16,32,8,4.0,2.0,0.5896238088607788,1.0,0.9460135479530342,synthetic
route_census_untimed,decode,8,128,0,20340728,7,model.layers.8.block_sparse_moe,8,16,32,8,4.0,2.0,0.5448623895645142,1.0,0.9562405994761816,synthetic
route_census_untimed,decode,8,128,0,20340728,7,model.layers.9.block_sparse_moe,8,16,32,8,4.0,2.0,0.6218671202659607,0.9375,0.9366633327770457,synthetic
route_census_untimed,decode,8,128,0,20340728,7,model.layers.10.block_sparse_moe,8,16,32,8,4.0,2.0,0.5153881907463074,1.0,0.9586189131584332,synthetic
route_census_untimed,decode,8,128,0,20340728,7,model.layers.11.block_sparse_moe,8,16,32,8,4.0,2.0,0.6091746687889099,0.875,0.9295612748131358,synthetic
route_census_untimed,decode,8,128,0,20340728,7,model.layers.12.block_sparse_moe,8,16,32,8,4.0,2.0,0.5484352707862854,1.0,0.9551154201811768,synthetic
route_census_untimed,decode,8,128,0,20340728,7,model.layers.13.block_sparse_moe,8,16,32,8,4.0,2.0,0.664384126663208,0.9375,0.9249657607959609,synthetic
route_census_untimed,decode,8,128,0,20340728,7,model.layers.14.block_sparse_moe,8,16,32,8,4.0,2.0,0.6373774409294128,0.96875,0.9340286961519482,synthetic
route_census_untimed,decode,8,128,0,20340728,7,model.layers.15.block_sparse_moe,8,16,32,8,4.0,2.0,0.6555055379867554,0.96875,0.9289221872825296,synthetic
route_census_untimed,prefill,8,128,0,20340728,-1,model.layers.0.block_sparse_moe,1024,16,32,958,512.0,1.87109375,0.44989413022994995,1.0,0.9687366525086922,natural
route_census_untimed,prefill,8,128,0,20340728,-1,model.layers.1.block_sparse_moe,1024,16,32,995,512.0,1.943359375,0.3675172030925751,1.0,0.9812728118953841,natural
route_census_untimed,prefill,8,128,0,20340728,-1,model.layers.2.block_sparse_moe,1024,16,32,983,512.0,1.919921875,0.3920767605304718,1.0,0.9790673751737797,natural
route_census_untimed,prefill,8,128,0,20340728,-1,model.layers.3.block_sparse_moe,1024,16,32,863,512.0,1.685546875,0.26752376556396484,1.0,0.9900152403832234,natural
route_census_untimed,prefill,8,128,0,20340728,-1,model.layers.4.block_sparse_moe,1024,16,32,927,512.0,1.810546875,0.25764644145965576,1.0,0.9906925768553815,natural
route_census_untimed,prefill,8,128,0,20340728,-1,model.layers.5.block_sparse_moe,1024,16,32,899,512.0,1.755859375,0.3232676386833191,1.0,0.9850278810943226,natural
route_census_untimed,prefill,8,128,0,20340728,-1,model.layers.6.block_sparse_moe,1024,16,32,823,512.0,1.607421875,0.3190065026283264,1.0,0.9851461363650559,natural
route_census_untimed,prefill,8,128,0,20340728,-1,model.layers.7.block_sparse_moe,1024,16,32,957,512.0,1.869140625,0.326176255941391,1.0,0.9847159045656575,natural
route_census_untimed,prefill,8,128,0,20340728,-1,model.layers.8.block_sparse_moe,1024,16,32,988,512.0,1.9296875,0.38960346579551697,1.0,0.9783236533983887,natural
route_census_untimed,prefill,8,128,0,20340728,-1,model.layers.9.block_sparse_moe,1024,16,32,1020,512.0,1.9921875,0.35348427295684814,1.0,0.9816041192740061,natural
route_census_untimed,prefill,8,128,0,20340728,-1,model.layers.10.block_sparse_moe,1024,16,32,1005,512.0,1.962890625,0.37326377630233765,1.0,0.9807928427133562,natural
route_census_untimed,prefill,8,128,0,20340728,-1,model.layers.11.block_sparse_moe,1024,16,32,984,512.0,1.921875,0.3910611569881439,1.0,0.9761413311450603,natural
route_census_untimed,prefill,8,128,0,20340728,-1,model.layers.12.block_sparse_moe,1024,16,32,844,512.0,1.6484375,0.35255157947540283,1.0,0.9805780707789586,natural
route_census_untimed,prefill,8,128,0,20340728,-1,model.layers.13.block_sparse_moe,1024,16,32,869,512.0,1.697265625,0.320969820022583,1.0,0.9852170620102717,natural
route_census_untimed,prefill,8,128,0,20340728,-1,model.layers.14.block_sparse_moe,1024,16,32,953,512.0,1.861328125,0.38416191935539246,1.0,0.9792399081691253,natural
route_census_untimed,prefill,8,128,0,20340728,-1,model.layers.15.block_sparse_moe,1024,16,32,1005,512.0,1.962890625,0.45374780893325806,1.0,0.969404151573221,natural
route_census_untimed,decode,8,128,0,20340728,0,model.layers.0.block_sparse_moe,8,16,32,8,4.0,2.0,0.5555121302604675,0.90625,0.9442488683690611,natural
route_census_untimed,decode,8,128,0,20340728,0,model.layers.1.block_sparse_moe,8,16,32,8,4.0,2.0,0.55901700258255,1.0,0.9525096766414242,natural
route_census_untimed,decode,8,128,0,20340728,0,model.layers.2.block_sparse_moe,8,16,32,8,4.0,2.0,0.55901700258255,0.96875,0.9477665327167486,natural
route_census_untimed,decode,8,128,0,20340728,0,model.layers.3.block_sparse_moe,8,16,32,8,4.0,2.0,0.4284784197807312,0.96875,0.9675912480539459,natural
route_census_untimed,decode,8,128,0,20340728,0,model.layers.4.block_sparse_moe,8,16,32,8,4.0,2.0,0.40019527077674866,1.0,0.9757203176157482,natural
route_census_untimed,decode,8,128,0,20340728,0,model.layers.5.block_sparse_moe,8,16,32,8,4.0,2.0,0.5,0.96875,0.9596859623174464,natural
route_census_untimed,decode,8,128,0,20340728,0,model.layers.6.block_sparse_moe,8,16,32,8,4.0,2.0,0.4841229319572449,1.0,0.9643605195609579,natural
route_census_untimed,decode,8,128,0,20340728,0,model.layers.7.block_sparse_moe,8,16,32,7,4.0,1.75,0.4284784197807312,1.0,0.9713950227396089,natural
route_census_untimed,decode,8,128,0,20340728,0,model.layers.8.block_sparse_moe,8,16,32,7,4.0,1.75,0.5448623895645142,0.9375,0.9470009347481677,natural
route_census_untimed,decode,8,128,0,20340728,0,model.layers.9.block_sparse_moe,8,16,32,8,4.0,2.0,0.503891110420227,1.0,0.9618596166451713,natural
route_census_untimed,decode,8,128,0,20340728,0,model.layers.10.block_sparse_moe,8,16,32,8,4.0,2.0,0.5303300619125366,0.96875,0.9558814309081197,natural
route_census_untimed,decode,8,128,0,20340728,0,model.layers.11.block_sparse_moe,8,16,32,6,4.0,1.5,0.40019527077674866,0.96875,0.9715007576733593,natural
route_census_untimed,decode,8,128,0,20340728,0,model.layers.12.block_sparse_moe,8,16,32,7,4.0,1.75,0.3801726698875427,1.0,0.9773286305735568,natural
route_census_untimed,decode,8,128,0,20340728,0,model.layers.13.block_sparse_moe,8,16,32,8,4.0,2.0,0.4145781099796295,1.0,0.9727774880803044,natural
route_census_untimed,decode,8,128,0,20340728,0,model.layers.14.block_sparse_moe,8,16,32,8,4.0,2.0,0.5153881907463074,0.9375,0.9541474330290606,natural
route_census_untimed,decode,8,128,0,20340728,0,model.layers.15.block_sparse_moe,8,16,32,8,4.0,2.0,0.5376453399658203,0.90625,0.9460425098314394,natural
route_census_untimed,decode,8,128,0,20340728,1,model.layers.0.block_sparse_moe,8,16,32,8,4.0,2.0,0.5,1.0,0.9632605873190997,natural
route_census_untimed,decode,8,128,0,20340728,1,model.layers.1.block_sparse_moe,8,16,32,8,4.0,2.0,0.5555121302604675,0.96875,0.9497731574939555,natural
route_census_untimed,decode,8,128,0,20340728,1,model.layers.2.block_sparse_moe,8,16,32,8,4.0,2.0,0.5412659049034119,0.96875,0.9541684149124657,natural
route_census_untimed,decode,8,128,0,20340728,1,model.layers.3.block_sparse_moe,8,16,32,8,4.0,2.0,0.49607837200164795,1.0,0.9606441120619333,natural
route_census_untimed,decode,8,128,0,20340728,1,model.layers.4.block_sparse_moe,8,16,32,7,4.0,1.75,0.4145781099796295,1.0,0.9730645615211246,natural
route_census_untimed,decode,8,128,0,20340728,1,model.layers.5.block_sparse_moe,8,16,32,8,4.0,2.0,0.4759858250617981,0.96875,0.9634570602994454,natural
route_census_untimed,decode,8,128,0,20340728,1,model.layers.6.block_sparse_moe,8,16,32,7,4.0,1.75,0.5519850254058838,0.96875,0.9472988086994621,natural
route_census_untimed,decode,8,128,0,20340728,1,model.layers.7.block_sparse_moe,8,16,32,8,4.0,2.0,0.5863019824028015,0.96875,0.9422129377481471,natural
route_census_untimed,decode,8,128,0,20340728,1,model.layers.8.block_sparse_moe,8,16,32,8,4.0,2.0,0.6281172037124634,0.9375,0.933977032563629,natural
route_census_untimed,decode,8,128,0,20340728,1,model.layers.9.block_sparse_moe,8,16,32,8,4.0,2.0,0.4635123908519745,0.96875,0.9639358599994474,natural
route_census_untimed,decode,8,128,0,20340728,1,model.layers.10.block_sparse_moe,8,16,32,8,4.0,2.0,0.5229125022888184,0.9375,0.950009874414603,natural
route_census_untimed,decode,8,128,0,20340728,1,model.layers.11.block_sparse_moe,8,16,32,8,4.0,2.0,0.49607837200164795,0.9375,0.95651735395795,natural
route_census_untimed,decode,8,128,0,20340728,1,model.layers.12.block_sparse_moe,8,16,32,8,4.0,2.0,0.45069390535354614,1.0,0.9695619628536527,natural
route_census_untimed,decode,8,128,0,20340728,1,model.layers.13.block_sparse_moe,8,16,32,7,4.0,1.75,0.46770718693733215,0.96875,0.963104771037418,natural
route_census_untimed,decode,8,128,0,20340728,1,model.layers.14.block_sparse_moe,8,16,32,8,4.0,2.0,0.4841229319572449,0.96875,0.9616272336873255,natural
route_census_untimed,decode,8,128,0,20340728,1,model.layers.15.block_sparse_moe,8,16,32,8,4.0,2.0,0.6123724579811096,0.9375,0.9379333902571373,natural
route_census_untimed,decode,8,128,0,20340728,2,model.layers.0.block_sparse_moe,8,16,32,8,4.0,2.0,0.5728219747543335,0.96875,0.9465830856996315,natural
route_census_untimed,decode,8,128,0,20340728,2,model.layers.1.block_sparse_moe,8,16,32,8,4.0,2.0,0.5077524185180664,1.0,0.9608109352332702,natural
route_census_untimed,decode,8,128,0,20340728,2,model.layers.2.block_sparse_moe,8,16,32,8,4.0,2.0,0.5077524185180664,1.0,0.9620156393060341,natural
route_census_untimed,decode,8,128,0,20340728,2,model.layers.3.block_sparse_moe,8,16,32,8,4.0,2.0,0.48814061284065247,0.96875,0.9598126791346021,natural
route_census_untimed,decode,8,128,0,20340728,2,model.layers.4.block_sparse_moe,8,16,32,8,4.0,2.0,0.4098398983478546,0.96875,0.972025717516853,natural
route_census_untimed,decode,8,128,0,20340728,2,model.layers.5.block_sparse_moe,8,16,32,8,4.0,2.0,0.4800716042518616,1.0,0.9631994990815133,natural
route_census_untimed,decode,8,128,0,20340728,2,model.layers.6.block_sparse_moe,8,16,32,8,4.0,2.0,0.5303300619125366,0.96875,0.9525503333400881,natural
route_census_untimed,decode,8,128,0,20340728,2,model.layers.7.block_sparse_moe,8,16,32,8,4.0,2.0,0.4800716042518616,0.96875,0.9618638818149127,natural
route_census_untimed,decode,8,128,0,20340728,2,model.layers.8.block_sparse_moe,8,16,32,8,4.0,2.0,0.6027281880378723,0.90625,0.9340828362904398,natural
route_census_untimed,decode,8,128,0,20340728,2,model.layers.9.block_sparse_moe,8,16,32,8,4.0,2.0,0.5412659049034119,0.9375,0.9489569278329606,natural
route_census_untimed,decode,8,128,0,20340728,2,model.layers.10.block_sparse_moe,8,16,32,8,4.0,2.0,0.4330126941204071,1.0,0.9722831411486644,natural
route_census_untimed,decode,8,128,0,20340728,2,model.layers.11.block_sparse_moe,8,16,32,7,4.0,1.75,0.4759858250617981,1.0,0.9635184237092732,natural
route_census_untimed,decode,8,128,0,20340728,2,model.layers.12.block_sparse_moe,8,16,32,7,4.0,1.75,0.46770718693733215,1.0,0.9641576488260001,natural
route_census_untimed,decode,8,128,0,20340728,2,model.layers.13.block_sparse_moe,8,16,32,8,4.0,2.0,0.55901700258255,0.9375,0.9447433528868218,natural
route_census_untimed,decode,8,128,0,20340728,2,model.layers.14.block_sparse_moe,8,16,32,8,4.0,2.0,0.5303300619125366,1.0,0.9551307610336337,natural
route_census_untimed,decode,8,128,0,20340728,2,model.layers.15.block_sparse_moe,8,16,32,8,4.0,2.0,0.5115845203399658,0.96875,0.955004044216478,natural
route_census_untimed,decode,8,128,0,20340728,3,model.layers.0.block_sparse_moe,8,16,32,8,4.0,2.0,0.5340002179145813,0.90625,0.9471926610073496,natural
route_census_untimed,decode,8,128,0,20340728,3,model.layers.1.block_sparse_moe,8,16,32,8,4.0,2.0,0.5694020986557007,0.96875,0.9477262199833864,natural
route_census_untimed,decode,8,128,0,20340728,3,model.layers.2.block_sparse_moe,8,16,32,8,4.0,2.0,0.5694020986557007,0.96875,0.948840392388736,natural
route_census_untimed,decode,8,128,0,20340728,3,model.layers.3.block_sparse_moe,8,16,32,7,4.0,1.75,0.45069390535354614,1.0,0.9673480645856259,natural
route_census_untimed,decode,8,128,0,20340728,3,model.layers.4.block_sparse_moe,8,16,32,8,4.0,2.0,0.503891110420227,1.0,0.9607348501085285,natural
route_census_untimed,decode,8,128,0,20340728,3,model.layers.5.block_sparse_moe,8,16,32,8,4.0,2.0,0.4841229319572449,0.9375,0.9573990746123935,natural
route_census_untimed,decode,8,128,0,20340728,3,model.layers.6.block_sparse_moe,8,16,32,8,4.0,2.0,0.5962120294570923,0.90625,0.9363154462708804,natural
route_census_untimed,decode,8,128,0,20340728,3,model.layers.7.block_sparse_moe,8,16,32,8,4.0,2.0,0.615553617477417,0.96875,0.9382858171052854,natural
route_census_untimed,decode,8,128,0,20340728,3,model.layers.8.block_sparse_moe,8,16,32,8,4.0,2.0,0.6343057155609131,0.90625,0.928395645198648,natural
route_census_untimed,decode,8,128,0,20340728,3,model.layers.9.block_sparse_moe,8,16,32,8,4.0,2.0,0.5077524185180664,0.96875,0.9564813751873895,natural
route_census_untimed,decode,8,128,0,20340728,3,model.layers.10.block_sparse_moe,8,16,32,8,4.0,2.0,0.5762215256690979,0.9375,0.9424746265496999,natural
route_census_untimed,decode,8,128,0,20340728,3,model.layers.11.block_sparse_moe,8,16,32,8,4.0,2.0,0.5153881907463074,0.9375,0.9542380334895351,natural
route_census_untimed,decode,8,128,0,20340728,3,model.layers.12.block_sparse_moe,8,16,32,7,4.0,1.75,0.41926273703575134,0.96875,0.9687239257925284,natural
route_census_untimed,decode,8,128,0,20340728,3,model.layers.13.block_sparse_moe,8,16,32,7,4.0,1.75,0.503891110420227,0.96875,0.9578129336634298,natural
route_census_untimed,decode,8,128,0,20340728,3,model.layers.14.block_sparse_moe,8,16,32,8,4.0,2.0,0.5,1.0,0.9632354778520738,natural
route_census_untimed,decode,8,128,0,20340728,3,model.layers.15.block_sparse_moe,8,16,32,8,4.0,2.0,0.5448623895645142,0.96875,0.9509932712122366,natural
route_census_untimed,decode,8,128,0,20340728,4,model.layers.0.block_sparse_moe,8,16,32,8,4.0,2.0,0.5266343355178833,1.0,0.9590428159962798,natural
route_census_untimed,decode,8,128,0,20340728,4,model.layers.1.block_sparse_moe,8,16,32,8,4.0,2.0,0.5077524185180664,1.0,0.9626505992530195,natural
route_census_untimed,decode,8,128,0,20340728,4,model.layers.2.block_sparse_moe,8,16,32,8,4.0,2.0,0.5519850254058838,0.96875,0.952571040051252,natural
route_census_untimed,decode,8,128,0,20340728,4,model.layers.3.block_sparse_moe,8,16,32,8,4.0,2.0,0.519163966178894,1.0,0.9571122763438147,natural
route_census_untimed,decode,8,128,0,20340728,4,model.layers.4.block_sparse_moe,8,16,32,8,4.0,2.0,0.44633927941322327,0.96875,0.964934391270357,natural
route_census_untimed,decode,8,128,0,20340728,4,model.layers.5.block_sparse_moe,8,16,32,8,4.0,2.0,0.5266343355178833,0.9375,0.9527171565114251,natural
route_census_untimed,decode,8,128,0,20340728,4,model.layers.6.block_sparse_moe,8,16,32,8,4.0,2.0,0.5266343355178833,0.90625,0.9463950742657082,natural
route_census_untimed,decode,8,128,0,20340728,4,model.layers.7.block_sparse_moe,8,16,32,8,4.0,2.0,0.5555121302604675,0.9375,0.9453421276840658,natural
route_census_untimed,decode,8,128,0,20340728,4,model.layers.8.block_sparse_moe,8,16,32,8,4.0,2.0,0.6373774409294128,0.90625,0.9265625853126919,natural
route_census_untimed,decode,8,128,0,20340728,4,model.layers.9.block_sparse_moe,8,16,32,8,4.0,2.0,0.5115845203399658,0.90625,0.9489569278329606,natural
route_census_untimed,decode,8,128,0,20340728,4,model.layers.10.block_sparse_moe,8,16,32,8,4.0,2.0,0.5229125022888184,0.9375,0.951693378187369,natural
route_census_untimed,decode,8,128,0,20340728,4,model.layers.11.block_sparse_moe,8,16,32,8,4.0,2.0,0.42389562726020813,1.0,0.9722581692677591,natural
route_census_untimed,decode,8,128,0,20340728,4,model.layers.12.block_sparse_moe,8,16,32,6,4.0,1.5,0.3365727961063385,1.0,0.9822723062691384,natural
route_census_untimed,decode,8,128,0,20340728,4,model.layers.13.block_sparse_moe,8,16,32,7,4.0,1.75,0.44633927941322327,0.96875,0.9659176504818697,natural
route_census_untimed,decode,8,128,0,20340728,4,model.layers.14.block_sparse_moe,8,16,32,8,4.0,2.0,0.3952847123146057,0.96875,0.9742035682212589,natural
route_census_untimed,decode,8,128,0,20340728,4,model.layers.15.block_sparse_moe,8,16,32,8,4.0,2.0,0.3590351641178131,1.0,0.9798183202205072,natural
route_census_untimed,decode,8,128,0,20340728,5,model.layers.0.block_sparse_moe,8,16,32,8,4.0,2.0,0.519163966178894,0.96875,0.9572429831584703,natural
route_census_untimed,decode,8,128,0,20340728,5,model.layers.1.block_sparse_moe,8,16,32,8,4.0,2.0,0.48814061284065247,1.0,0.9644150724578116,natural
route_census_untimed,decode,8,128,0,20340728,5,model.layers.2.block_sparse_moe,8,16,32,8,4.0,2.0,0.5376453399658203,0.96875,0.9559870970488098,natural
route_census_untimed,decode,8,128,0,20340728,5,model.layers.3.block_sparse_moe,8,16,32,8,4.0,2.0,0.5266343355178833,1.0,0.9558967717605766,natural
route_census_untimed,decode,8,128,0,20340728,5,model.layers.4.block_sparse_moe,8,16,32,8,4.0,2.0,0.5266343355178833,0.96875,0.9532255372273756,natural
route_census_untimed,decode,8,128,0,20340728,5,model.layers.5.block_sparse_moe,8,16,32,8,4.0,2.0,0.6091746687889099,0.9375,0.9353933440900144,natural
route_census_untimed,decode,8,128,0,20340728,5,model.layers.6.block_sparse_moe,8,16,32,8,4.0,2.0,0.6027281880378723,0.90625,0.9354840821366096,natural
route_census_untimed,decode,8,128,0,20340728,5,model.layers.7.block_sparse_moe,8,16,32,8,4.0,2.0,0.5896238088607788,1.0,0.9442893874816043,natural
route_census_untimed,decode,8,128,0,20340728,5,model.layers.8.block_sparse_moe,8,16,32,8,4.0,2.0,0.6059600114822388,0.96875,0.9389718902961073,natural
route_census_untimed,decode,8,128,0,20340728,5,model.layers.9.block_sparse_moe,8,16,32,8,4.0,2.0,0.5448623895645142,0.96875,0.9526046110647004,natural
route_census_untimed,decode,8,128,0,20340728,5,model.layers.10.block_sparse_moe,8,16,32,8,4.0,2.0,0.5829612016677856,1.0,0.9456250047482049,natural
route_census_untimed,decode,8,128,0,20340728,5,model.layers.11.block_sparse_moe,8,16,32,8,4.0,2.0,0.5863019824028015,0.9375,0.9413201414109881,natural
route_census_untimed,decode,8,128,0,20340728,5,model.layers.12.block_sparse_moe,8,16,32,8,4.0,2.0,0.5728219747543335,0.90625,0.9404387647218464,natural
route_census_untimed,decode,8,128,0,20340728,5,model.layers.13.block_sparse_moe,8,16,32,8,4.0,2.0,0.5484352707862854,0.9375,0.9454438038272559,natural
route_census_untimed,decode,8,128,0,20340728,5,model.layers.14.block_sparse_moe,8,16,32,8,4.0,2.0,0.5625,0.9375,0.9453422652701865,natural
route_census_untimed,decode,8,128,0,20340728,5,model.layers.15.block_sparse_moe,8,16,32,8,4.0,2.0,0.6614378094673157,0.875,0.9215174398531012,natural
route_census_untimed,decode,8,128,0,20340728,6,model.layers.0.block_sparse_moe,8,16,32,8,4.0,2.0,0.6434769034385681,0.9375,0.9312698192598673,natural
route_census_untimed,decode,8,128,0,20340728,6,model.layers.1.block_sparse_moe,8,16,32,8,4.0,2.0,0.55901700258255,0.9375,0.9455996889019979,natural
route_census_untimed,decode,8,128,0,20340728,6,model.layers.2.block_sparse_moe,8,16,32,8,4.0,2.0,0.6312190294265747,0.90625,0.9270054750351938,natural
route_census_untimed,decode,8,128,0,20340728,6,model.layers.3.block_sparse_moe,8,16,32,8,4.0,2.0,0.5728219747543335,0.96875,0.9434328450872472,natural
route_census_untimed,decode,8,128,0,20340728,6,model.layers.4.block_sparse_moe,8,16,32,8,4.0,2.0,0.49607837200164795,1.0,0.9627523441892699,natural
route_census_untimed,decode,8,128,0,20340728,6,model.layers.5.block_sparse_moe,8,16,32,8,4.0,2.0,0.5376453399658203,0.9375,0.9488807051220982,natural
route_census_untimed,decode,8,128,0,20340728,6,model.layers.6.block_sparse_moe,8,16,32,8,4.0,2.0,0.5484352707862854,0.96875,0.949723213732145,natural
route_census_untimed,decode,8,128,0,20340728,6,model.layers.7.block_sparse_moe,8,16,32,7,4.0,1.75,0.5412659049034119,0.96875,0.9527426787368131,natural
route_census_untimed,decode,8,128,0,20340728,6,model.layers.8.block_sparse_moe,8,16,32,8,4.0,2.0,0.5762215256690979,0.96875,0.9469712161460986,natural
route_census_untimed,decode,8,128,0,20340728,6,model.layers.9.block_sparse_moe,8,16,32,8,4.0,2.0,0.5796011686325073,0.9375,0.9423437133558632,natural
route_census_untimed,decode,8,128,0,20340728,6,model.layers.10.block_sparse_moe,8,16,32,8,4.0,2.0,0.5994789600372314,0.9375,0.9395961185256789,natural
route_census_untimed,decode,8,128,0,20340728,6,model.layers.11.block_sparse_moe,8,16,32,8,4.0,2.0,0.5340002179145813,0.9375,0.9494210746111091,natural
route_census_untimed,decode,8,128,0,20340728,6,model.layers.12.block_sparse_moe,8,16,32,8,4.0,2.0,0.5266343355178833,0.96875,0.9534176762449195,natural
route_census_untimed,decode,8,128,0,20340728,6,model.layers.13.block_sparse_moe,8,16,32,8,4.0,2.0,0.5303300619125366,0.96875,0.9538966823241025,natural
route_census_untimed,decode,8,128,0,20340728,6,model.layers.14.block_sparse_moe,8,16,32,8,4.0,2.0,0.5994789600372314,0.96875,0.9426264528338817,natural
route_census_untimed,decode,8,128,0,20340728,6,model.layers.15.block_sparse_moe,8,16,32,8,4.0,2.0,0.7447734475135803,0.78125,0.893573492361731,natural
route_census_untimed,decode,8,128,0,20340728,7,model.layers.0.block_sparse_moe,8,16,32,8,4.0,2.0,0.55901700258255,1.0,0.9545458136415191,natural
route_census_untimed,decode,8,128,0,20340728,7,model.layers.1.block_sparse_moe,8,16,32,8,4.0,2.0,0.5266343355178833,0.96875,0.9567238019320458,natural
route_census_untimed,decode,8,128,0,20340728,7,model.layers.2.block_sparse_moe,8,16,32,8,4.0,2.0,0.6059600114822388,0.96875,0.9400753309840431,natural
route_census_untimed,decode,8,128,0,20340728,7,model.layers.3.block_sparse_moe,8,16,32,8,4.0,2.0,0.5519850254058838,0.9375,0.9456761179920413,natural
route_census_untimed,decode,8,128,0,20340728,7,model.layers.4.block_sparse_moe,8,16,32,8,4.0,2.0,0.4375,0.9375,0.9640265980460426,natural
route_census_untimed,decode,8,128,0,20340728,7,model.layers.5.block_sparse_moe,8,16,32,8,4.0,2.0,0.5340002179145813,0.9375,0.949167503390677,natural
route_census_untimed,decode,8,128,0,20340728,7,model.layers.6.block_sparse_moe,8,16,32,8,4.0,2.0,0.5519850254058838,0.90625,0.942822857021167,natural
route_census_untimed,decode,8,128,0,20340728,7,model.layers.7.block_sparse_moe,8,16,32,8,4.0,2.0,0.5762215256690979,0.9375,0.9419304046493097,natural
route_census_untimed,decode,8,128,0,20340728,7,model.layers.8.block_sparse_moe,8,16,32,8,4.0,2.0,0.6760408878326416,0.875,0.9149556137920816,natural
route_census_untimed,decode,8,128,0,20340728,7,model.layers.9.block_sparse_moe,8,16,32,8,4.0,2.0,0.5340002179145813,0.9375,0.94657283553364,natural
route_census_untimed,decode,8,128,0,20340728,7,model.layers.10.block_sparse_moe,8,16,32,8,4.0,2.0,0.5229125022888184,1.0,0.958382471410027,natural
route_census_untimed,decode,8,128,0,20340728,7,model.layers.11.block_sparse_moe,8,16,32,7,4.0,1.75,0.455006867647171,0.96875,0.9637801813038864,natural
route_census_untimed,decode,8,128,0,20340728,7,model.layers.12.block_sparse_moe,8,16,32,7,4.0,1.75,0.405046284198761,1.0,0.9752019619060476,natural
route_census_untimed,decode,8,128,0,20340728,7,model.layers.13.block_sparse_moe,8,16,32,7,4.0,1.75,0.41926273703575134,0.96875,0.9704478798847772,natural
route_census_untimed,decode,8,128,0,20340728,7,model.layers.14.block_sparse_moe,8,16,32,8,4.0,2.0,0.42389562726020813,1.0,0.9750241318450554,natural
route_census_untimed,decode,8,128,0,20340728,7,model.layers.15.block_sparse_moe,8,16,32,8,4.0,2.0,0.5303300619125366,1.0,0.9562449334389833,natural
