doc_id,step,kl,full_route_top1_weight_mean,full_route_top1_weight_std,full_route_top1_top2_margin_mean,full_route_tail_mass_mean,full_route_routing_entropy_mean,full_route_rank1_hhi_mean,full_route_active_expert_fraction_mean,full_route_same_id_adjacent_layer_rate
500,0,0.2879100441932678,0.1201324462890625,0.05506497249007225,0.02484130859375,0.15087127685546875,0.9444159865379333,1.0,0.125,0.0
500,1,0.08664455264806747,0.1425323486328125,0.07199252396821976,0.0517425537109375,0.1574249267578125,0.9311727285385132,1.0,0.125,0.0
500,2,0.0003446604241617024,0.146484375,0.08336982131004333,0.0539703369140625,0.1501617431640625,0.9306256175041199,1.0,0.125,0.0
500,3,0.29381754994392395,0.1231689453125,0.06262730807065964,0.0402984619140625,0.14494705200195312,0.9426994323730469,1.0,0.125,0.0
500,4,0.5860080718994141,0.1271209716796875,0.09712213277816772,0.045928955078125,0.13912200927734375,0.9379743337631226,1.0,0.125,0.06666666666666667
500,5,0.10472279787063599,0.159393310546875,0.07773242890834808,0.0682830810546875,0.14337921142578125,0.9135105609893799,1.0,0.125,0.0
500,6,0.0003863438905682415,0.1370697021484375,0.08705928176641464,0.0419921875,0.146240234375,0.9375982284545898,1.0,0.125,0.0
500,7,0.031827379018068314,0.122833251953125,0.05408912152051926,0.03765869140625,0.15575408935546875,0.943840742111206,1.0,0.125,0.0
500,8,0.02441011741757393,0.0813751220703125,0.02661030925810337,0.01690673828125,0.1414642333984375,0.9711965322494507,1.0,0.125,0.06666666666666667
500,9,0.0005714087747037411,0.1251068115234375,0.07134751230478287,0.03082275390625,0.15378952026367188,0.9456586837768555,1.0,0.125,0.0
500,10,0.008772917091846466,0.148712158203125,0.08010788261890411,0.0627288818359375,0.15872955322265625,0.9301337599754333,1.0,0.125,0.0
500,11,0.013975003734230995,0.107269287109375,0.03691964969038963,0.0243682861328125,0.15533447265625,0.9561163783073425,1.0,0.125,0.0
500,12,0.29995691776275635,0.11468505859375,0.05472124367952347,0.0367889404296875,0.14250946044921875,0.9442502856254578,1.0,0.125,0.0
500,13,0.06005622446537018,0.1128997802734375,0.04310058429837227,0.0268402099609375,0.13234710693359375,0.9378896951675415,1.0,0.125,0.0
500,14,0.003657849272713065,0.1248779296875,0.04631776362657547,0.0469818115234375,0.12853240966796875,0.9267594814300537,1.0,0.125,0.0
500,15,0.00483330525457859,0.1226654052734375,0.0392729789018631,0.0391693115234375,0.12625885009765625,0.9240208864212036,1.0,0.125,0.0
500,16,0.06156770884990692,0.1137237548828125,0.06389178335666656,0.03863525390625,0.12453460693359375,0.931714653968811,1.0,0.125,0.0
500,17,0.26758596301078796,0.130889892578125,0.15120641887187958,0.05517578125,0.14199447631835938,0.9281681776046753,1.0,0.125,0.06666666666666667
500,18,0.14868105947971344,0.1439056396484375,0.14084453880786896,0.0499725341796875,0.13198280334472656,0.9158526659011841,1.0,0.125,0.0
500,19,0.19186817109584808,0.13812255859375,0.09030627459287643,0.0406646728515625,0.144744873046875,0.9299784898757935,1.0,0.125,0.0
500,20,0.08622889220714569,0.124298095703125,0.12445835024118423,0.0453948974609375,0.1269702911376953,0.9306323528289795,1.0,0.125,0.06666666666666667
500,21,0.0023368350230157375,0.1245574951171875,0.08225560933351517,0.0401763916015625,0.14646148681640625,0.9408534169197083,1.0,0.125,0.06666666666666667
500,22,0.09844319522380829,0.132843017578125,0.049883753061294556,0.0404815673828125,0.14795684814453125,0.9344733357429504,1.0,0.125,0.0
500,23,2.5985411411966197e-05,0.12322998046875,0.055790238082408905,0.0323028564453125,0.15876007080078125,0.9476398229598999,1.0,0.125,0.0
500,24,0.0023633979726582766,0.129608154296875,0.0716690942645073,0.047149658203125,0.14601898193359375,0.9287887215614319,1.0,0.125,0.0
500,25,0.03764955699443817,0.0961151123046875,0.04353203624486923,0.022186279296875,0.13794708251953125,0.9542214274406433,1.0,0.125,0.13333333333333333
500,26,0.0003460430889390409,0.1137237548828125,0.06100928410887718,0.02984619140625,0.13770294189453125,0.9467211961746216,1.0,0.125,0.0
500,27,0.00039944786112755537,0.153900146484375,0.06520754098892212,0.0500946044921875,0.15735626220703125,0.9252550601959229,1.0,0.125,0.06666666666666667
500,28,0.01904914155602455,0.120697021484375,0.04909904673695564,0.0355072021484375,0.1457672119140625,0.9374644756317139,1.0,0.125,0.0
500,29,0.3471777141094208,0.133636474609375,0.0769272968173027,0.051116943359375,0.13946914672851562,0.9297151565551758,1.0,0.125,0.0
500,30,0.013154484331607819,0.1160736083984375,0.07253683358430862,0.0337677001953125,0.13347625732421875,0.9377197027206421,1.0,0.125,0.13333333333333333
500,31,0.24937966465950012,0.1168670654296875,0.1082843765616417,0.037200927734375,0.1306304931640625,0.9352360367774963,1.0,0.125,0.06666666666666667
500,32,0.044154372066259384,0.123291015625,0.08708157390356064,0.0366668701171875,0.12160491943359375,0.9245331287384033,1.0,0.125,0.0
500,33,0.7826308012008667,0.1528167724609375,0.08289600908756256,0.0673980712890625,0.129547119140625,0.9077812433242798,1.0,0.125,0.0
500,34,0.02747330069541931,0.1202239990234375,0.06509672850370407,0.036468505859375,0.14178466796875,0.946140468120575,1.0,0.125,0.06666666666666667
500,35,0.00011910375178558752,0.14202880859375,0.057522937655448914,0.0428619384765625,0.16167449951171875,0.9360336065292358,1.0,0.125,0.0
500,36,0.0244244784116745,0.1021270751953125,0.03829718381166458,0.02874755859375,0.1572723388671875,0.9575016498565674,1.0,0.125,0.0
500,37,0.2204771637916565,0.0858612060546875,0.022613951936364174,0.0191497802734375,0.13729095458984375,0.9646293520927429,1.0,0.125,0.0
500,38,0.13160721957683563,0.1044464111328125,0.03955908864736557,0.0345001220703125,0.13867950439453125,0.9520154595375061,1.0,0.125,0.0
500,39,0.5735324025154114,0.098785400390625,0.03231555223464966,0.027557373046875,0.1400146484375,0.9549779295921326,1.0,0.125,0.0
500,40,0.006104663945734501,0.123291015625,0.08830540627241135,0.0458526611328125,0.15287399291992188,0.950074315071106,1.0,0.125,0.0
500,41,0.006663402542471886,0.1157379150390625,0.037425696849823,0.03564453125,0.15308380126953125,0.9487972259521484,1.0,0.125,0.0
500,42,0.00426620664075017,0.10064697265625,0.03920258209109306,0.0291595458984375,0.15758514404296875,0.9628102779388428,1.0,0.125,0.0
500,43,0.05947813019156456,0.0892181396484375,0.037054117769002914,0.020294189453125,0.15381622314453125,0.9665961265563965,1.0,0.125,0.0
500,44,0.003605355741456151,0.0992431640625,0.06547396630048752,0.0267181396484375,0.14148330688476562,0.9588014483451843,1.0,0.125,0.0
500,45,0.0007257297984324396,0.1260528564453125,0.09181199967861176,0.043182373046875,0.12384033203125,0.9245939254760742,1.0,0.125,0.13333333333333333
500,46,0.030561184510588646,0.152679443359375,0.08641508221626282,0.0671234130859375,0.1383209228515625,0.9131920337677002,1.0,0.125,0.0
500,47,0.04556869715452194,0.1055450439453125,0.04120751842856407,0.03240966796875,0.14450836181640625,0.9544638395309448,1.0,0.125,0.0
501,0,0.034587208181619644,0.09088134765625,0.026242917403578758,0.01806640625,0.1531982421875,0.9640032052993774,1.0,0.125,0.0
501,1,0.018477829173207283,0.08477783203125,0.02568623051047325,0.01580810546875,0.14125823974609375,0.9653933644294739,1.0,0.125,0.06666666666666667
501,2,0.0003725496353581548,0.084197998046875,0.023138664662837982,0.026092529296875,0.13002777099609375,0.9631794691085815,1.0,0.125,0.06666666666666667
501,3,0.06071754917502403,0.09918212890625,0.02721586264669895,0.0281829833984375,0.14012908935546875,0.9560618996620178,1.0,0.125,0.0
501,4,0.016078457236289978,0.102203369140625,0.03619532659649849,0.01678466796875,0.136260986328125,0.9451372623443604,1.0,0.125,0.06666666666666667
501,5,0.04475553333759308,0.0955810546875,0.01935151405632496,0.020294189453125,0.14894866943359375,0.9573429226875305,1.0,0.125,0.0
501,6,0.05514323711395264,0.0766448974609375,0.023686274886131287,0.01129150390625,0.1517333984375,0.9765537977218628,1.0,0.125,0.0
501,7,0.04463045299053192,0.0943603515625,0.03737654536962509,0.0256195068359375,0.1446685791015625,0.9647438526153564,1.0,0.125,0.0
501,8,0.010570749640464783,0.087890625,0.024553587660193443,0.0207061767578125,0.141448974609375,0.9620561599731445,1.0,0.125,0.0
501,9,0.02727433294057846,0.0958099365234375,0.031937774270772934,0.028778076171875,0.15013885498046875,0.9624506831169128,1.0,0.125,0.0
501,10,0.04975162446498871,0.097259521484375,0.02579309605062008,0.021820068359375,0.13936614990234375,0.9491481781005859,1.0,0.125,0.0
501,11,0.057144418358802795,0.0999298095703125,0.03740062937140465,0.021636962890625,0.14865875244140625,0.9507843255996704,1.0,0.125,0.0
501,12,0.021121254190802574,0.1259765625,0.03788823261857033,0.0396575927734375,0.13954925537109375,0.9334543943405151,1.0,0.125,0.06666666666666667
501,13,0.036898862570524216,0.1014404296875,0.037132054567337036,0.02581787109375,0.1564483642578125,0.9588001370429993,1.0,0.125,0.06666666666666667
501,14,0.015029286965727806,0.0791015625,0.02947208099067211,0.0164947509765625,0.14237213134765625,0.9729252457618713,1.0,0.125,0.0
501,15,0.0555059015750885,0.09625244140625,0.028342336416244507,0.02294921875,0.13729095458984375,0.9539550542831421,1.0,0.125,0.0
501,16,0.13503777980804443,0.0847320556640625,0.024562152102589607,0.0150299072265625,0.137908935546875,0.9618632793426514,1.0,0.125,0.0
501,17,0.020289437845349312,0.086395263671875,0.020740078762173653,0.0137176513671875,0.1468353271484375,0.9650578498840332,1.0,0.125,0.0
501,18,0.020293746143579483,0.09796142578125,0.033659934997558594,0.0211181640625,0.1319427490234375,0.9500530958175659,1.0,0.125,0.0
501,19,0.14869584143161774,0.0994415283203125,0.03432571887969971,0.0260467529296875,0.14186859130859375,0.9539358615875244,1.0,0.125,0.0
501,20,0.2463718205690384,0.080902099609375,0.018759923055768013,0.016326904296875,0.14398956298828125,0.9699108600616455,1.0,0.125,0.0
501,21,0.031076189130544662,0.085968017578125,0.022698985412716866,0.01953125,0.1422882080078125,0.9616447687149048,1.0,0.125,0.0
501,22,0.0013603608822450042,0.0740509033203125,0.018263228237628937,0.02362060546875,0.1110992431640625,0.9624066352844238,1.0,0.125,0.0
501,23,0.060476504266262054,0.0697784423828125,0.015734104439616203,0.0162506103515625,0.11456298828125,0.9670993089675903,1.0,0.125,0.0
501,24,0.031538255512714386,0.0801239013671875,0.026971077546477318,0.012939453125,0.1477508544921875,0.9728859663009644,1.0,0.125,0.0
501,25,0.030482783913612366,0.098907470703125,0.03997647762298584,0.02044677734375,0.13222503662109375,0.9492402076721191,1.0,0.125,0.0
501,26,0.026883024722337723,0.1104888916015625,0.04420461878180504,0.026275634765625,0.14350128173828125,0.9438374638557434,1.0,0.125,0.0
501,27,0.004031317308545113,0.102142333984375,0.03731997683644295,0.026519775390625,0.14594268798828125,0.9533980488777161,1.0,0.125,0.0
501,28,0.042029257863759995,0.0914154052734375,0.018497372046113014,0.02105712890625,0.14508819580078125,0.9628658294677734,1.0,0.125,0.0
501,29,0.056803636252880096,0.0806121826171875,0.027435993775725365,0.012603759765625,0.135406494140625,0.9634574055671692,1.0,0.125,0.0
501,30,0.014773689210414886,0.08367919921875,0.01804092340171337,0.01361083984375,0.15155029296875,0.967190146446228,1.0,0.125,0.0
501,31,0.11225005984306335,0.0784759521484375,0.02322978712618351,0.01409912109375,0.143096923828125,0.969451367855072,1.0,0.125,0.06666666666666667
501,32,0.020640714094042778,0.08282470703125,0.028131777420639992,0.0113372802734375,0.15069580078125,0.9673665761947632,1.0,0.125,0.0
501,33,0.016151776537299156,0.095489501953125,0.0296332910656929,0.03070068359375,0.12842559814453125,0.9496973752975464,1.0,0.125,0.0
501,34,0.20950844883918762,0.094512939453125,0.033922795206308365,0.01904296875,0.1373291015625,0.9562487602233887,1.0,0.125,0.0
501,35,0.026450838893651962,0.0935211181640625,0.024435944855213165,0.0153656005859375,0.1388092041015625,0.9516808986663818,1.0,0.125,0.0
501,36,0.010480132885277271,0.0900726318359375,0.02876245230436325,0.0153045654296875,0.1385955810546875,0.9571794271469116,1.0,0.125,0.0
501,37,0.044367656111717224,0.081634521484375,0.012833322398364544,0.0139312744140625,0.1363372802734375,0.9647467136383057,1.0,0.125,0.0
501,38,0.04655933380126953,0.0807647705078125,0.02684176340699196,0.014617919921875,0.1498565673828125,0.972206711769104,1.0,0.125,0.0
501,39,0.02871343493461609,0.09442138671875,0.03240690752863884,0.0193023681640625,0.1422271728515625,0.9572349786758423,1.0,0.125,0.0
501,40,0.15829221904277802,0.09857177734375,0.020540393888950348,0.0156097412109375,0.154815673828125,0.9552501440048218,1.0,0.125,0.06666666666666667
501,41,0.06889724731445312,0.1043243408203125,0.04087785631418228,0.027130126953125,0.13869476318359375,0.9508553743362427,1.0,0.125,0.06666666666666667
501,42,0.06863474100828171,0.1118621826171875,0.052418943494558334,0.0420074462890625,0.124053955078125,0.9365031719207764,1.0,0.125,0.0
501,43,0.0021203518845140934,0.0963134765625,0.018381616100668907,0.0196685791015625,0.13593292236328125,0.9531863927841187,1.0,0.125,0.0
501,44,0.048762038350105286,0.0957794189453125,0.024766696617007256,0.033294677734375,0.136474609375,0.9575692415237427,1.0,0.125,0.0
501,45,0.03358912467956543,0.0814056396484375,0.01819584146142006,0.02496337890625,0.1191864013671875,0.9607306718826294,1.0,0.125,0.0
501,46,0.04475086182355881,0.083587646484375,0.024056505411863327,0.01914215087890625,0.13729095458984375,0.9638127088546753,1.0,0.125,0.0
501,47,0.06273189932107925,0.08453369140625,0.01891174167394638,0.0180206298828125,0.15010833740234375,0.967494010925293,1.0,0.125,0.0
502,0,0.002566987182945013,0.12451171875,0.06516062468290329,0.0322418212890625,0.136749267578125,0.9369699954986572,1.0,0.125,0.0
502,1,0.010941645130515099,0.08343505859375,0.022181136533617973,0.0161590576171875,0.14178466796875,0.9659437537193298,1.0,0.125,0.0
502,2,0.05262894555926323,0.0797882080078125,0.0243427325040102,0.0160980224609375,0.1485137939453125,0.9730073809623718,1.0,0.125,0.0
502,3,0.01608373410999775,0.06744384765625,0.015622496604919434,0.008514404296875,0.13263702392578125,0.9725869297981262,1.0,0.125,0.0
502,4,0.052880555391311646,0.077423095703125,0.026858225464820862,0.014190673828125,0.14569854736328125,0.9722105860710144,1.0,0.125,0.06666666666666667
502,5,0.0052824122831225395,0.07891845703125,0.021907201036810875,0.01696014404296875,0.12686920166015625,0.9651484489440918,1.0,0.125,0.0
502,6,0.025439411401748657,0.085052490234375,0.025150910019874573,0.0251007080078125,0.141845703125,0.9684213399887085,1.0,0.125,0.0
502,7,0.00459256861358881,0.10595703125,0.03600184619426727,0.0298614501953125,0.14551544189453125,0.952248215675354,1.0,0.125,0.06666666666666667
502,8,0.045508723706007004,0.0753631591796875,0.01277333777397871,0.013916015625,0.14086151123046875,0.9723650217056274,1.0,0.125,0.0
502,9,0.0310085229575634,0.0759429931640625,0.014579475857317448,0.0129852294921875,0.14592742919921875,0.971487820148468,1.0,0.125,0.0
502,10,0.015064012259244919,0.083770751953125,0.02941310405731201,0.0179901123046875,0.1451416015625,0.9652211666107178,1.0,0.125,0.0
502,11,0.011382623575627804,0.07733154296875,0.015268185175955296,0.0120697021484375,0.1392974853515625,0.969497799873352,1.0,0.125,0.0
502,12,0.09189093112945557,0.0822601318359375,0.027328960597515106,0.0165557861328125,0.150604248046875,0.9722421169281006,1.0,0.125,0.06666666666666667
502,13,0.09917212277650833,0.094390869140625,0.025721069425344467,0.0150146484375,0.14720916748046875,0.9556381702423096,1.0,0.125,0.0
502,14,0.09710584580898285,0.1107177734375,0.07136312127113342,0.039947509765625,0.11907196044921875,0.9348652362823486,1.0,0.125,0.0
502,15,0.011260037310421467,0.0988616943359375,0.024507490918040276,0.032073974609375,0.1444854736328125,0.9586598873138428,1.0,0.125,0.0
502,16,0.030590660870075226,0.06646728515625,0.016110621392726898,0.0098724365234375,0.13826751708984375,0.9809770584106445,1.0,0.125,0.06666666666666667
502,17,0.07514415681362152,0.0664825439453125,0.011959688737988472,0.00994873046875,0.143463134765625,0.9804002046585083,1.0,0.125,0.0
502,18,0.04977313429117203,0.0710296630859375,0.016441350802779198,0.008819580078125,0.1326751708984375,0.9678431153297424,1.0,0.125,0.0
502,19,0.017151810228824615,0.0748748779296875,0.027932999655604362,0.0122222900390625,0.14154052734375,0.9733238220214844,1.0,0.125,0.0
502,20,0.07423578947782516,0.081512451171875,0.022732768207788467,0.015869140625,0.15566253662109375,0.96757972240448,1.0,0.125,0.0
502,21,0.06269767880439758,0.0786285400390625,0.026344355195760727,0.011138916015625,0.1478271484375,0.9711384177207947,1.0,0.125,0.0
502,22,0.005793227348476648,0.1123046875,0.061482734978199005,0.026947021484375,0.14455413818359375,0.9483985900878906,1.0,0.125,0.0
502,23,0.005538702942430973,0.085052490234375,0.014427263289690018,0.0181121826171875,0.14049530029296875,0.9646727442741394,1.0,0.125,0.0
502,24,0.02742646634578705,0.063568115234375,0.01407330296933651,0.01025390625,0.13539886474609375,0.9813072681427002,1.0,0.125,0.0
502,25,0.026211842894554138,0.07171630859375,0.016886895522475243,0.00994873046875,0.1357574462890625,0.9711718559265137,1.0,0.125,0.0
502,26,0.04853162541985512,0.07086181640625,0.02083481289446354,0.01092529296875,0.12587738037109375,0.969802737236023,1.0,0.125,0.06666666666666667
502,27,0.04304804652929306,0.073272705078125,0.015313105657696724,0.0128021240234375,0.12088775634765625,0.9622026681900024,1.0,0.125,0.06666666666666667
502,28,0.025486137717962265,0.082794189453125,0.024530190974473953,0.01861572265625,0.13531494140625,0.9632418155670166,1.0,0.125,0.0
502,29,0.003841204335913062,0.08966064453125,0.038105446845293045,0.0203857421875,0.11284637451171875,0.9431767463684082,1.0,0.125,0.06666666666666667
502,30,0.16724492609500885,0.0915679931640625,0.024847451597452164,0.0248870849609375,0.135894775390625,0.9607102870941162,1.0,0.125,0.0
502,31,0.12958556413650513,0.0948028564453125,0.035289693623781204,0.029083251953125,0.1342926025390625,0.957007646560669,1.0,0.125,0.0
502,32,0.0910441130399704,0.1003570556640625,0.037738628685474396,0.0380706787109375,0.12859344482421875,0.9509252309799194,1.0,0.125,0.0
502,33,0.09298399835824966,0.0755157470703125,0.036697786301374435,0.017974853515625,0.1191558837890625,0.9675418138504028,1.0,0.125,0.06666666666666667
502,34,0.006337185390293598,0.07666015625,0.023162661120295525,0.01751708984375,0.1311187744140625,0.9714533090591431,1.0,0.125,0.06666666666666667
502,35,0.030753931030631065,0.079803466796875,0.030087407678365707,0.0185089111328125,0.12872314453125,0.9617332816123962,1.0,0.125,0.0
502,36,0.02810240536928177,0.077117919921875,0.026405712589621544,0.015838623046875,0.13314056396484375,0.9683423042297363,1.0,0.125,0.0
502,37,0.01188854593783617,0.074737548828125,0.024195166304707527,0.01729583740234375,0.1334686279296875,0.9711659550666809,1.0,0.125,0.0
502,38,0.035413265228271484,0.0838775634765625,0.01803523674607277,0.0160675048828125,0.13349151611328125,0.9637956619262695,1.0,0.125,0.06666666666666667
502,39,0.0746317133307457,0.0888519287109375,0.03840614855289459,0.01676177978515625,0.14156341552734375,0.9658066630363464,1.0,0.125,0.0
502,40,0.005350426770746708,0.0851287841796875,0.028701286762952805,0.0231781005859375,0.1199951171875,0.9537720680236816,1.0,0.125,0.0
502,41,0.06749481707811356,0.085601806640625,0.04377160221338272,0.023223876953125,0.13452911376953125,0.9664421677589417,1.0,0.125,0.0
502,42,0.04782678186893463,0.092926025390625,0.025100795552134514,0.0176849365234375,0.16219329833984375,0.9657966494560242,1.0,0.125,0.0
502,43,0.04679475724697113,0.0776824951171875,0.027599936351180077,0.015869140625,0.14013671875,0.971176028251648,1.0,0.125,0.0
502,44,0.08520132303237915,0.095733642578125,0.04250631853938103,0.01800537109375,0.129364013671875,0.9494126439094543,1.0,0.125,0.06666666666666667
502,45,0.010221272706985474,0.08795166015625,0.02669777162373066,0.0236053466796875,0.129241943359375,0.9565731883049011,1.0,0.125,0.0
502,46,0.027078313753008842,0.0749359130859375,0.027940034866333008,0.01422119140625,0.14583587646484375,0.9762668013572693,1.0,0.125,0.0
502,47,0.01317998580634594,0.072784423828125,0.01901005022227764,0.0133819580078125,0.14238739013671875,0.9782266616821289,1.0,0.125,0.0
503,0,0.04204455018043518,0.0807342529296875,0.023699836805462837,0.0173492431640625,0.13323974609375,0.966048002243042,1.0,0.125,0.0
503,1,0.03472665324807167,0.0858154296875,0.023291131481528282,0.016571044921875,0.14056396484375,0.9655519723892212,1.0,0.125,0.0
503,2,0.12986263632774353,0.082855224609375,0.01922730915248394,0.017578125,0.13811492919921875,0.9632811546325684,1.0,0.125,0.0
503,3,0.028506722301244736,0.0866851806640625,0.019537633284926414,0.018951416015625,0.15419769287109375,0.9664168953895569,1.0,0.125,0.06666666666666667
503,4,0.03919152170419693,0.06878662109375,0.014212019741535187,0.01129150390625,0.132720947265625,0.9751045107841492,1.0,0.125,0.06666666666666667
503,5,0.039800409227609634,0.0962371826171875,0.034419089555740356,0.01934814453125,0.148162841796875,0.9616020321846008,1.0,0.125,0.06666666666666667
503,6,0.021562233567237854,0.10089111328125,0.043344803154468536,0.0244903564453125,0.1440277099609375,0.9557855129241943,1.0,0.125,0.06666666666666667
503,7,0.003181712469086051,0.1092681884765625,0.039877306669950485,0.0270538330078125,0.13935089111328125,0.9426548480987549,1.0,0.125,0.0
503,8,0.011868460103869438,0.086517333984375,0.023942727595567703,0.016204833984375,0.1416778564453125,0.9635064601898193,1.0,0.125,0.06666666666666667
503,9,0.0755024328827858,0.0919189453125,0.039078421890735626,0.0249176025390625,0.145477294921875,0.9641250371932983,1.0,0.125,0.13333333333333333
503,10,0.010148158296942711,0.091278076171875,0.02399386279284954,0.0294647216796875,0.14032745361328125,0.9577274322509766,1.0,0.125,0.0
503,11,0.0168314091861248,0.0877838134765625,0.030510369688272476,0.01685333251953125,0.15636444091796875,0.9723291397094727,1.0,0.125,0.06666666666666667
503,12,0.05089660361409187,0.096954345703125,0.03742573782801628,0.025848388671875,0.14286041259765625,0.9594773054122925,1.0,0.125,0.06666666666666667
503,13,0.040904998779296875,0.094635009765625,0.01777305081486702,0.021240234375,0.1568450927734375,0.9638668298721313,1.0,0.125,0.0
503,14,0.008579298853874207,0.0900421142578125,0.03387349098920822,0.0218048095703125,0.150390625,0.9634454250335693,1.0,0.125,0.06666666666666667
503,15,0.03975485637784004,0.089508056640625,0.03020578995347023,0.019317626953125,0.150543212890625,0.9648014307022095,1.0,0.125,0.0
503,16,0.008631281554698944,0.08319091796875,0.0207827165722847,0.0160980224609375,0.13253021240234375,0.9630130529403687,1.0,0.125,0.0
503,17,0.004511405248194933,0.0951995849609375,0.03181688115000725,0.0251617431640625,0.13287353515625,0.9555956125259399,1.0,0.125,0.06666666666666667
503,18,0.08509865403175354,0.11004638671875,0.04194634035229683,0.02447509765625,0.1410980224609375,0.9418710470199585,1.0,0.125,0.0
503,19,0.04855647683143616,0.1156005859375,0.039645422250032425,0.030731201171875,0.14963531494140625,0.9442448616027832,1.0,0.125,0.0
503,20,0.09674563258886337,0.126800537109375,0.04206335172057152,0.0420074462890625,0.14890289306640625,0.9369840025901794,1.0,0.125,0.06666666666666667
503,21,0.03732282668352127,0.114654541015625,0.03809814900159836,0.0396728515625,0.1561737060546875,0.9525616765022278,1.0,0.125,0.0
503,22,0.04594387859106064,0.106719970703125,0.05790424719452858,0.0327606201171875,0.13797760009765625,0.9487756490707397,1.0,0.125,0.06666666666666667
503,23,0.15018053352832794,0.1325531005859375,0.05728086456656456,0.050628662109375,0.13683319091796875,0.9272748827934265,1.0,0.125,0.06666666666666667
503,24,0.04607784375548363,0.1073455810546875,0.0405956469476223,0.028656005859375,0.12967681884765625,0.9412834644317627,1.0,0.125,0.0
503,25,0.000109266591607593,0.119140625,0.050878871232271194,0.0322723388671875,0.1635284423828125,0.9537631273269653,1.0,0.125,0.0
503,26,0.17668278515338898,0.1212615966796875,0.04195532947778702,0.035919189453125,0.14176177978515625,0.9401440620422363,1.0,0.125,0.0
503,27,0.12901867926120758,0.1029815673828125,0.034913841634988785,0.03369140625,0.13730621337890625,0.9539883732795715,1.0,0.125,0.0
503,28,0.31058356165885925,0.10986328125,0.03959182649850845,0.036468505859375,0.14711761474609375,0.9512228965759277,1.0,0.125,0.0
503,29,0.2276761829853058,0.10284423828125,0.03221401944756508,0.02978515625,0.13668060302734375,0.9509630799293518,1.0,0.125,0.0
503,30,0.14174459874629974,0.123138427734375,0.05458419397473335,0.03857421875,0.1522979736328125,0.9467010498046875,1.0,0.125,0.0
503,31,0.04710763692855835,0.112060546875,0.03265511989593506,0.0394439697265625,0.14516448974609375,0.9458959698677063,1.0,0.125,0.06666666666666667
503,32,0.020759545266628265,0.09747314453125,0.026338845491409302,0.03070068359375,0.13544464111328125,0.9550574421882629,1.0,0.125,0.0
503,33,0.058219604194164276,0.1172943115234375,0.0529659241437912,0.0378875732421875,0.13893890380859375,0.9392427206039429,1.0,0.125,0.0
503,34,0.06978990137577057,0.13104248046875,0.07266642153263092,0.050567626953125,0.14007568359375,0.9339652061462402,1.0,0.125,0.0
503,35,0.054847024381160736,0.100067138671875,0.029981357976794243,0.02935791015625,0.153961181640625,0.9590945839881897,1.0,0.125,0.0
503,36,0.018948238343000412,0.080322265625,0.032889850437641144,0.0144805908203125,0.13515472412109375,0.9678468108177185,1.0,0.125,0.06666666666666667
503,37,0.06617581099271774,0.1034088134765625,0.04761265963315964,0.0286102294921875,0.14292144775390625,0.9548662900924683,1.0,0.125,0.0
503,38,0.12190084904432297,0.1143035888671875,0.056966450065374374,0.030303955078125,0.14354705810546875,0.944255530834198,1.0,0.125,0.0
503,39,0.15511158108711243,0.1231689453125,0.050045404583215714,0.042572021484375,0.14330291748046875,0.9381766319274902,1.0,0.125,0.06666666666666667
503,40,0.31237632036209106,0.125885009765625,0.04800397530198097,0.0406951904296875,0.14311981201171875,0.9342811107635498,1.0,0.125,0.06666666666666667
503,41,0.054566700011491776,0.12615966796875,0.07271187752485275,0.0467681884765625,0.16053009033203125,0.9396588802337646,1.0,0.125,0.0
503,42,0.0045783305540680885,0.111083984375,0.05158760026097298,0.035888671875,0.137237548828125,0.9419131278991699,1.0,0.125,0.0
503,43,0.37125176191329956,0.147430419921875,0.06402572989463806,0.064697265625,0.1424407958984375,0.9048518538475037,1.0,0.125,0.0
503,44,0.0044128065928816795,0.1270751953125,0.07006745785474777,0.039215087890625,0.14227294921875,0.9318020939826965,1.0,0.125,0.0
503,45,0.04544190689921379,0.10931396484375,0.049914631992578506,0.0343780517578125,0.14544677734375,0.9482288956642151,1.0,0.125,0.06666666666666667
503,46,0.0015486403135582805,0.114105224609375,0.04420722648501396,0.038299560546875,0.131378173828125,0.9299104809761047,1.0,0.125,0.0
503,47,0.009703028947114944,0.128204345703125,0.055438730865716934,0.04156494140625,0.13614654541015625,0.9264659285545349,1.0,0.125,0.0
504,0,0.0012612040154635906,0.100738525390625,0.04037768393754959,0.0239105224609375,0.15435791015625,0.9629519581794739,1.0,0.125,0.0
504,1,0.0023480800446122885,0.13958740234375,0.04868750274181366,0.031524658203125,0.16583251953125,0.9338138103485107,1.0,0.125,0.0
504,2,0.05992920696735382,0.1091461181640625,0.04808961600065231,0.0361480712890625,0.1443939208984375,0.9484330415725708,1.0,0.125,0.0
504,3,0.24441087245941162,0.1031341552734375,0.029739215970039368,0.0190582275390625,0.15961456298828125,0.9600653648376465,1.0,0.125,0.0
504,4,0.021285763010382652,0.1212005615234375,0.06292040646076202,0.031341552734375,0.14092254638671875,0.9425574541091919,1.0,0.125,0.0
504,5,0.0315234512090683,0.10888671875,0.03826860338449478,0.0222320556640625,0.15454864501953125,0.9532697200775146,1.0,0.125,0.06666666666666667
504,6,0.04220103099942207,0.13336181640625,0.03688700497150421,0.0473785400390625,0.152130126953125,0.9323475956916809,1.0,0.125,0.06666666666666667
504,7,0.45308491587638855,0.1062164306640625,0.030604060739278793,0.02642822265625,0.1629486083984375,0.9582668542861938,1.0,0.125,0.0
504,8,0.052831362932920456,0.0964813232421875,0.05473143607378006,0.0276336669921875,0.14003753662109375,0.9544010162353516,1.0,0.125,0.0
504,9,0.041291508823633194,0.1238555908203125,0.07045111060142517,0.0367584228515625,0.14998626708984375,0.9368904232978821,1.0,0.125,0.0
504,10,0.01862959936261177,0.1046600341796875,0.04859638214111328,0.02691650390625,0.1296234130859375,0.94563889503479,1.0,0.125,0.0
504,11,0.06080600619316101,0.105712890625,0.04719655588269234,0.028076171875,0.1395111083984375,0.9504363536834717,1.0,0.125,0.0
504,12,1.5471094846725464,0.1673583984375,0.0861940011382103,0.073089599609375,0.1408538818359375,0.883777916431427,1.0,0.125,0.0
504,13,0.10254902392625809,0.12213134765625,0.05091638118028641,0.0341949462890625,0.13779449462890625,0.9366783499717712,1.0,0.125,0.0
504,14,0.06596704572439194,0.101806640625,0.025790657848119736,0.021759033203125,0.14992523193359375,0.954956591129303,1.0,0.125,0.0
504,15,0.07273693382740021,0.116973876953125,0.045286841690540314,0.0331268310546875,0.1485748291015625,0.945083737373352,1.0,0.125,0.0
504,16,0.005758872255682945,0.14990234375,0.06692972034215927,0.0620269775390625,0.14434814453125,0.9002986550331116,1.0,0.125,0.0
504,17,0.05802299827337265,0.0870513916015625,0.02616094797849655,0.018707275390625,0.1400604248046875,0.9622960090637207,1.0,0.125,0.0
504,18,0.004429938737303019,0.0934600830078125,0.043212562799453735,0.018646240234375,0.13890838623046875,0.9598654508590698,1.0,0.125,0.0
504,19,0.00025032495614141226,0.114227294921875,0.042967524379491806,0.0222930908203125,0.1656341552734375,0.9539850354194641,1.0,0.125,0.06666666666666667
504,20,0.010023597627878189,0.13128662109375,0.056422073394060135,0.0428009033203125,0.1458740234375,0.9312634468078613,1.0,0.125,0.0
504,21,0.04076056927442551,0.082794189453125,0.022572921589016914,0.0136871337890625,0.153045654296875,0.9750418066978455,1.0,0.125,0.06666666666666667
504,22,0.3224913477897644,0.112548828125,0.05445478484034538,0.0260009765625,0.1412353515625,0.9465947151184082,1.0,0.125,0.0
504,23,0.6772388815879822,0.1179656982421875,0.04190153256058693,0.0322418212890625,0.15831756591796875,0.9477523565292358,1.0,0.125,0.0
504,24,0.025268059223890305,0.111083984375,0.05697382614016533,0.0354766845703125,0.15561676025390625,0.9570111632347107,1.0,0.125,0.0
504,25,0.32824504375457764,0.111907958984375,0.026568299159407616,0.026123046875,0.1430816650390625,0.9458141326904297,1.0,0.125,0.0
504,26,0.06981714069843292,0.0906829833984375,0.03067731112241745,0.0207366943359375,0.13495635986328125,0.9571499824523926,1.0,0.125,0.0
504,27,0.06527076661586761,0.1107330322265625,0.06082017347216606,0.0336151123046875,0.13631439208984375,0.9445303082466125,1.0,0.125,0.06666666666666667
504,28,0.843943178653717,0.1080322265625,0.0619083046913147,0.0219879150390625,0.1325531005859375,0.9451205730438232,1.0,0.125,0.0
504,29,0.1337912231683731,0.1343994140625,0.07140591740608215,0.0556793212890625,0.13433074951171875,0.9304628372192383,1.0,0.125,0.0
504,30,0.279946893453598,0.11767578125,0.05929577350616455,0.0404205322265625,0.13953399658203125,0.9420275688171387,1.0,0.125,0.06666666666666667
504,31,0.08478215336799622,0.132110595703125,0.08875241130590439,0.0460968017578125,0.13234710693359375,0.926883339881897,1.0,0.125,0.0
504,32,0.0044289855286479,0.124786376953125,0.05629287287592888,0.0378570556640625,0.1483001708984375,0.9432873129844666,1.0,0.125,0.0
504,33,0.002695072442293167,0.104400634765625,0.0421014167368412,0.0198822021484375,0.15390777587890625,0.9577037692070007,1.0,0.125,0.06666666666666667
504,34,0.02687031961977482,0.1353759765625,0.03595234826207161,0.04107666015625,0.1491241455078125,0.9253067970275879,1.0,0.125,0.0
504,35,0.1868562549352646,0.120849609375,0.05626925081014633,0.0371246337890625,0.1436004638671875,0.9401198625564575,1.0,0.125,0.06666666666666667
504,36,0.1882900446653366,0.1264801025390625,0.11634121835231781,0.0602264404296875,0.13550567626953125,0.9338332414627075,1.0,0.125,0.06666666666666667
504,37,0.007740742526948452,0.097442626953125,0.041281506419181824,0.02056884765625,0.1411285400390625,0.9550710320472717,1.0,0.125,0.0
504,38,0.0344538539648056,0.1064910888671875,0.04751799255609512,0.026092529296875,0.1425018310546875,0.9490678310394287,1.0,0.125,0.0
504,39,0.019809378311038017,0.1059112548828125,0.04457256570458412,0.020233154296875,0.13759613037109375,0.9472205638885498,1.0,0.125,0.0
504,40,0.007022361736744642,0.115570068359375,0.04923943802714348,0.0262603759765625,0.15622711181640625,0.9506704807281494,1.0,0.125,0.06666666666666667
504,41,0.03420788049697876,0.1309814453125,0.039040178060531616,0.040740966796875,0.15915679931640625,0.9371323585510254,1.0,0.125,0.0
504,42,0.0514487698674202,0.08135986328125,0.019187282770872116,0.014068603515625,0.15057373046875,0.9733433723449707,1.0,0.125,0.06666666666666667
504,43,0.1416412740945816,0.10064697265625,0.041505567729473114,0.0265655517578125,0.13533782958984375,0.9526040554046631,1.0,0.125,0.0
504,44,0.06844758987426758,0.10418701171875,0.044219497591257095,0.02496337890625,0.14005279541015625,0.9483377933502197,1.0,0.125,0.0
504,45,0.024513665586709976,0.098724365234375,0.02999613992869854,0.0298004150390625,0.13248443603515625,0.9523984789848328,1.0,0.125,0.06666666666666667
504,46,0.002743964083492756,0.10467529296875,0.026965592056512833,0.0219573974609375,0.141387939453125,0.9479578137397766,1.0,0.125,0.0
504,47,0.027875907719135284,0.117279052734375,0.028726866468787193,0.01861572265625,0.14835357666015625,0.9331487417221069,1.0,0.125,0.06666666666666667
505,0,0.007522571831941605,0.153045654296875,0.09238068759441376,0.0738677978515625,0.13758087158203125,0.9120494723320007,1.0,0.125,0.0
505,1,0.019627850502729416,0.12060546875,0.06729673594236374,0.034423828125,0.1439208984375,0.9468348026275635,1.0,0.125,0.0
505,2,0.00046454573748633265,0.156829833984375,0.08202093094587326,0.053497314453125,0.153228759765625,0.9187295436859131,1.0,0.125,0.0
505,3,0.0049255914054811,0.131866455078125,0.05943293869495392,0.0477447509765625,0.14336395263671875,0.9350768327713013,1.0,0.125,0.0
505,4,0.004010319709777832,0.131591796875,0.044946081936359406,0.0450592041015625,0.15008544921875,0.9371415972709656,1.0,0.125,0.06666666666666667
505,5,0.027569325640797615,0.14715576171875,0.07456625252962112,0.052459716796875,0.14765167236328125,0.9273908138275146,1.0,0.125,0.06666666666666667
505,6,0.0005319758201949298,0.13507080078125,0.07364672422409058,0.0456085205078125,0.15476226806640625,0.9402261972427368,1.0,0.125,0.0
505,7,0.005062161944806576,0.092437744140625,0.02536800131201744,0.0257110595703125,0.12628173828125,0.9525613188743591,1.0,0.125,0.0
505,8,0.010186886414885521,0.0826873779296875,0.018242614343762398,0.01788330078125,0.14391326904296875,0.9690074920654297,1.0,0.125,0.0
505,9,0.010835452936589718,0.0925445556640625,0.027442408725619316,0.0238800048828125,0.13863372802734375,0.9598100185394287,1.0,0.125,0.13333333333333333
505,10,1.1976476907730103,0.140960693359375,0.10525698959827423,0.07584381103515625,0.136322021484375,0.897815465927124,1.0,0.125,0.0
505,11,0.19209925830364227,0.0866851806640625,0.013513869605958462,0.0177154541015625,0.15009307861328125,0.9676743745803833,1.0,0.125,0.0
505,12,0.4659944772720337,0.1011810302734375,0.02640911191701889,0.027984619140625,0.14117431640625,0.9546378254890442,1.0,0.125,0.0
505,13,0.5074834227561951,0.1014404296875,0.04297308623790741,0.0337066650390625,0.1426239013671875,0.9563416838645935,1.0,0.125,0.06666666666666667
505,14,0.19296491146087646,0.091339111328125,0.03822524845600128,0.0260467529296875,0.1343994140625,0.9594628214836121,1.0,0.125,0.0
505,15,0.1170145645737648,0.08563232421875,0.029128864407539368,0.025238037109375,0.1409912109375,0.969868540763855,1.0,0.125,0.0
505,16,0.023617632687091827,0.1073760986328125,0.043126873672008514,0.035858154296875,0.13665771484375,0.9487205743789673,1.0,0.125,0.0
505,17,0.08712179213762283,0.0958251953125,0.041445162147283554,0.0282135009765625,0.14563751220703125,0.9550290107727051,1.0,0.125,0.0
505,18,0.06080533564090729,0.076751708984375,0.013841361738741398,0.0118408203125,0.14157867431640625,0.9711293578147888,1.0,0.125,0.0
505,19,0.012365990318357944,0.10638427734375,0.04705929383635521,0.0263671875,0.1474151611328125,0.9529421925544739,1.0,0.125,0.0
505,20,0.03383157402276993,0.09832763671875,0.029688380658626556,0.024261474609375,0.13739776611328125,0.9541437029838562,1.0,0.125,0.0
505,21,0.03440485894680023,0.0699005126953125,0.015577415004372597,0.010009765625,0.1478729248046875,0.9802176356315613,1.0,0.125,0.06666666666666667
505,22,0.006971660070121288,0.071746826171875,0.013231227174401283,0.009674072265625,0.1215362548828125,0.9666187763214111,1.0,0.125,0.0
505,23,0.01024866197258234,0.080810546875,0.021286485716700554,0.0142974853515625,0.1436004638671875,0.972404956817627,1.0,0.125,0.0
505,24,0.026111360639333725,0.14154052734375,0.08602135628461838,0.0670928955078125,0.1439971923828125,0.8995669484138489,1.0,0.125,0.0
505,25,0.003892997745424509,0.1065826416015625,0.03342832252383232,0.025543212890625,0.14728546142578125,0.9521701335906982,1.0,0.125,0.06666666666666667
505,26,0.037190694361925125,0.098907470703125,0.04213423281908035,0.0263519287109375,0.149383544921875,0.9574486017227173,1.0,0.125,0.0
505,27,0.032171305269002914,0.0737152099609375,0.018061554059386253,0.01043701171875,0.14163970947265625,0.9708197116851807,1.0,0.125,0.0
505,28,0.02764711156487465,0.0815277099609375,0.03211730718612671,0.02442169189453125,0.133941650390625,0.9600236415863037,1.0,0.125,0.0
505,29,0.034227531403303146,0.08197021484375,0.023490766063332558,0.01568603515625,0.1464385986328125,0.9687414169311523,1.0,0.125,0.0
505,30,0.06237402185797691,0.0941162109375,0.042910363525152206,0.030059814453125,0.137969970703125,0.9598352313041687,1.0,0.125,0.0
505,31,0.17623230814933777,0.105804443359375,0.03992556408047676,0.028839111328125,0.13411712646484375,0.9463343620300293,1.0,0.125,0.06666666666666667
505,32,0.00035817534080706537,0.11895751953125,0.054802875965833664,0.0274505615234375,0.16773223876953125,0.9528506398200989,1.0,0.125,0.0
505,33,0.0014448054134845734,0.12786865234375,0.04842696338891983,0.041748046875,0.14186859130859375,0.9343541860580444,1.0,0.125,0.0
505,34,0.019069446250796318,0.12701416015625,0.03135419264435768,0.044403076171875,0.1569366455078125,0.9415546655654907,1.0,0.125,0.0
505,35,0.0031628012657165527,0.0839385986328125,0.027079561725258827,0.017974853515625,0.13722991943359375,0.9666880369186401,1.0,0.125,0.0
505,36,0.0007391421240754426,0.12982177734375,0.036808956414461136,0.0240936279296875,0.16970062255859375,0.9441136717796326,1.0,0.125,0.0
505,37,0.029574936255812645,0.090484619140625,0.02687680535018444,0.016754150390625,0.1378936767578125,0.9616259336471558,1.0,0.125,0.0
505,38,0.0017465726705268025,0.095550537109375,0.03392532095313072,0.0286865234375,0.12879180908203125,0.9498969316482544,1.0,0.125,0.0
505,39,0.11097612977027893,0.105987548828125,0.04002397507429123,0.0308837890625,0.14696502685546875,0.9504705667495728,1.0,0.125,0.06666666666666667
505,40,0.0030587275978177786,0.120025634765625,0.06383553147315979,0.033294677734375,0.1512908935546875,0.9494625926017761,1.0,0.125,0.0
505,41,0.00019565311959013343,0.140289306640625,0.06134654954075813,0.058563232421875,0.14340972900390625,0.9256783723831177,1.0,0.125,0.06666666666666667
505,42,0.024429023265838623,0.096435546875,0.035050977021455765,0.0229949951171875,0.1475677490234375,0.958362340927124,1.0,0.125,0.0
505,43,0.06946052610874176,0.1089019775390625,0.04700027406215668,0.02880859375,0.15509796142578125,0.9556475877761841,1.0,0.125,0.0
505,44,0.024100469425320625,0.0864410400390625,0.020181598141789436,0.018768310546875,0.132568359375,0.9601910710334778,1.0,0.125,0.06666666666666667
505,45,0.06291061639785767,0.1053314208984375,0.04153763875365257,0.029144287109375,0.14493560791015625,0.9537295699119568,1.0,0.125,0.0
505,46,0.17312951385974884,0.140289306640625,0.09657581895589828,0.052093505859375,0.13315582275390625,0.9287168979644775,1.0,0.125,0.0
505,47,0.009334892965853214,0.092742919921875,0.02163175493478775,0.0185699462890625,0.149871826171875,0.9622989296913147,1.0,0.125,0.0
506,0,0.01773868501186371,0.1137847900390625,0.05328257009387016,0.0222625732421875,0.13678359985351562,0.931378960609436,1.0,0.125,0.0
506,1,0.031048007309436798,0.094757080078125,0.03161148354411125,0.0271759033203125,0.1364288330078125,0.9593513607978821,1.0,0.125,0.0
506,2,0.007432830519974232,0.110076904296875,0.047711215913295746,0.03814697265625,0.126190185546875,0.9354398846626282,1.0,0.125,0.0
506,3,0.0003815825330093503,0.113189697265625,0.04457095265388489,0.0391693115234375,0.13414764404296875,0.9391138553619385,1.0,0.125,0.0
506,4,0.33244866132736206,0.1235198974609375,0.07995346933603287,0.037750244140625,0.12293243408203125,0.9309976100921631,1.0,0.125,0.0
506,5,0.30939024686813354,0.1421661376953125,0.10978478193283081,0.0490570068359375,0.11456680297851562,0.9105024337768555,1.0,0.125,0.0
506,6,0.006090937182307243,0.1310882568359375,0.12000913172960281,0.0460052490234375,0.1448211669921875,0.9281672835350037,1.0,0.125,0.0
506,7,0.047278277575969696,0.09759521484375,0.04411938413977623,0.0233917236328125,0.1582489013671875,0.9677995443344116,1.0,0.125,0.0
506,8,0.025885365903377533,0.1013336181640625,0.0417485311627388,0.02386474609375,0.1434783935546875,0.9545896649360657,1.0,0.125,0.0
506,9,0.030491119250655174,0.105804443359375,0.022820763289928436,0.0250091552734375,0.156951904296875,0.9525487422943115,1.0,0.125,0.0
506,10,0.07411979138851166,0.0927734375,0.026874881237745285,0.02606201171875,0.1342926025390625,0.9585920572280884,1.0,0.125,0.0
506,11,0.06507400423288345,0.0983428955078125,0.05140647664666176,0.02911376953125,0.1316375732421875,0.9547722935676575,1.0,0.125,0.06666666666666667
506,12,0.24280905723571777,0.145172119140625,0.06374144554138184,0.0665435791015625,0.1406097412109375,0.9231142997741699,1.0,0.125,0.06666666666666667
506,13,0.06706187129020691,0.1280364990234375,0.07710974663496017,0.0457305908203125,0.116607666015625,0.9224041700363159,1.0,0.125,0.0
506,14,0.06845518201589584,0.138031005859375,0.07562050968408585,0.0464324951171875,0.1483001708984375,0.9355577230453491,1.0,0.125,0.0
506,15,0.0027495103422552347,0.18634033203125,0.09406480193138123,0.0810699462890625,0.13422012329101562,0.8888295888900757,1.0,0.125,0.06666666666666667
506,16,0.023192523047327995,0.143310546875,0.040582459419965744,0.0345306396484375,0.14826202392578125,0.9220386743545532,1.0,0.125,0.0
506,17,0.0014745781663805246,0.1121368408203125,0.04322139918804169,0.030853271484375,0.1417694091796875,0.940697431564331,1.0,0.125,0.0
506,18,0.03486727178096771,0.076171875,0.017320655286312103,0.01727294921875,0.1405181884765625,0.9706432819366455,1.0,0.125,0.0
506,19,0.027802832424640656,0.1227874755859375,0.08146880567073822,0.047027587890625,0.1451873779296875,0.9464216232299805,1.0,0.125,0.0
506,20,0.004838524851948023,0.0784912109375,0.015298532322049141,0.01275634765625,0.13753509521484375,0.9686758518218994,1.0,0.125,0.0
506,21,0.01307910680770874,0.0815887451171875,0.029114628210663795,0.0145721435546875,0.13967132568359375,0.9671977758407593,1.0,0.125,0.06666666666666667
506,22,0.04683702439069748,0.0756072998046875,0.021904176101088524,0.014923095703125,0.1446685791015625,0.9738737940788269,1.0,0.125,0.0
506,23,0.02926240861415863,0.0812530517578125,0.022080596536397934,0.0189666748046875,0.14719390869140625,0.9710007905960083,1.0,0.125,0.06666666666666667
506,24,0.04947806894779205,0.0892791748046875,0.02322188764810562,0.022735595703125,0.1237945556640625,0.9533501863479614,1.0,0.125,0.06666666666666667
506,25,0.02330753207206726,0.087615966796875,0.023892730474472046,0.0204010009765625,0.130859375,0.9547934532165527,1.0,0.125,0.0
506,26,0.11069027334451675,0.0778961181640625,0.023830218240618706,0.0135345458984375,0.1320343017578125,0.9681780934333801,1.0,0.125,0.0
506,27,0.0037818835116922855,0.13336181640625,0.057444654405117035,0.0335845947265625,0.1439208984375,0.9290576577186584,1.0,0.125,0.0
506,28,0.0011948656756430864,0.140350341796875,0.05508982390165329,0.043701171875,0.16332244873046875,0.9361740350723267,1.0,0.125,0.0
506,29,0.015709243714809418,0.13836669921875,0.03891722485423088,0.04901123046875,0.14838409423828125,0.929110050201416,1.0,0.125,0.06666666666666667
506,30,0.016071701422333717,0.1251983642578125,0.09660100936889648,0.0489349365234375,0.11099624633789062,0.9236830472946167,1.0,0.125,0.0
506,31,0.06445164978504181,0.14617919921875,0.08128359168767929,0.0550079345703125,0.12839508056640625,0.9147704839706421,1.0,0.125,0.0
506,32,0.0002558882115408778,0.150634765625,0.042139194905757904,0.059967041015625,0.1641693115234375,0.9295613765716553,1.0,0.125,0.0
506,33,0.06249717250466347,0.114776611328125,0.03272872045636177,0.0311126708984375,0.14762115478515625,0.9454584121704102,1.0,0.125,0.0
506,34,0.025980696082115173,0.0728302001953125,0.019494159147143364,0.015289306640625,0.1359405517578125,0.9698468446731567,1.0,0.125,0.0
506,35,0.0009589203400537372,0.072601318359375,0.021709797903895378,0.01171875,0.1310272216796875,0.9727160930633545,1.0,0.125,0.0
506,36,0.03867257758975029,0.0794830322265625,0.025257933884859085,0.0115509033203125,0.13961029052734375,0.9656240940093994,1.0,0.125,0.0
506,37,0.003601780626922846,0.077667236328125,0.01661813072860241,0.00885009765625,0.13727569580078125,0.9678888320922852,1.0,0.125,0.0
506,38,0.0191691555082798,0.0812530517578125,0.02074786275625229,0.0135040283203125,0.14434814453125,0.9680391550064087,1.0,0.125,0.06666666666666667
506,39,0.02259759232401848,0.07354736328125,0.01307335402816534,0.0125579833984375,0.126129150390625,0.9664555788040161,1.0,0.125,0.06666666666666667
506,40,0.025949498638510704,0.1042022705078125,0.06808718293905258,0.0372772216796875,0.11594390869140625,0.9409922361373901,1.0,0.125,0.0
506,41,0.04911228269338608,0.0828399658203125,0.01846628077328205,0.01361083984375,0.13228607177734375,0.9600259065628052,1.0,0.125,0.0
506,42,0.006771125830709934,0.081207275390625,0.014655270613729954,0.0163421630859375,0.13858795166015625,0.9676303267478943,1.0,0.125,0.0
506,43,0.048620764166116714,0.0988311767578125,0.054901331663131714,0.034088134765625,0.116058349609375,0.9434852600097656,1.0,0.125,0.0
506,44,0.023645326495170593,0.095855712890625,0.05874251574277878,0.031585693359375,0.11932373046875,0.9480359554290771,1.0,0.125,0.0
506,45,0.0027838870882987976,0.1314697265625,0.04672583192586899,0.0530548095703125,0.132781982421875,0.9254194498062134,1.0,0.125,0.0
506,46,0.04780806601047516,0.1290435791015625,0.10337791591882706,0.0420684814453125,0.10799789428710938,0.9183206558227539,1.0,0.125,0.0
506,47,0.003573046065866947,0.1397552490234375,0.09236807376146317,0.0458526611328125,0.14272308349609375,0.9345321655273438,1.0,0.125,0.0
507,0,0.5960966348648071,0.0959320068359375,0.03015846572816372,0.0249176025390625,0.14017486572265625,0.9583373069763184,1.0,0.125,0.06666666666666667
507,1,0.001898441230878234,0.102508544921875,0.04704871401190758,0.0253143310546875,0.14678955078125,0.9585521221160889,1.0,0.125,0.0
507,2,0.046332601457834244,0.1099090576171875,0.05023665726184845,0.0268096923828125,0.132720947265625,0.9432958364486694,1.0,0.125,0.06666666666666667
507,3,0.007064265664666891,0.1269378662109375,0.07906191796064377,0.043548583984375,0.14617919921875,0.9375634789466858,1.0,0.125,0.0
507,4,0.6021687984466553,0.12030029296875,0.039347514510154724,0.0386810302734375,0.14606475830078125,0.9437397718429565,1.0,0.125,0.0
507,5,0.1753065586090088,0.1092071533203125,0.0401240773499012,0.028717041015625,0.152099609375,0.9546788930892944,1.0,0.125,0.0
507,6,0.0995284765958786,0.10723876953125,0.037268396466970444,0.0335693359375,0.1447601318359375,0.9529497623443604,1.0,0.125,0.0
507,7,0.014699718914926052,0.1106719970703125,0.04588550701737404,0.0296630859375,0.15271759033203125,0.9541636109352112,1.0,0.125,0.0
507,8,0.025464437901973724,0.111236572265625,0.034626346081495285,0.0350799560546875,0.147735595703125,0.9481977820396423,1.0,0.125,0.0
507,9,0.024052660912275314,0.0872802734375,0.04442814365029335,0.0155181884765625,0.13304901123046875,0.960721492767334,1.0,0.125,0.0
507,10,0.04785763472318649,0.0933380126953125,0.041151612997055054,0.01898193359375,0.12744903564453125,0.9514537453651428,1.0,0.125,0.0
507,11,0.07268539071083069,0.11590576171875,0.03540623188018799,0.0258026123046875,0.12830352783203125,0.9248013496398926,1.0,0.125,0.0
507,12,0.03849894180893898,0.137054443359375,0.07722116261720657,0.04486083984375,0.13144683837890625,0.9203451871871948,1.0,0.125,0.0
507,13,0.009429539553821087,0.098297119140625,0.024814657866954803,0.024017333984375,0.14563751220703125,0.9582250118255615,1.0,0.125,0.0
507,14,0.0174097903072834,0.1087646484375,0.049071505665779114,0.022491455078125,0.137603759765625,0.9410043954849243,1.0,0.125,0.0
507,15,0.17712917923927307,0.11962890625,0.05039656162261963,0.030029296875,0.13719940185546875,0.9338061809539795,1.0,0.125,0.0
507,16,0.16070201992988586,0.1028594970703125,0.04491031914949417,0.029541015625,0.13806915283203125,0.951630711555481,1.0,0.125,0.0
507,17,0.0047318460419774055,0.086669921875,0.04290376603603363,0.0276641845703125,0.12833404541015625,0.9605079889297485,1.0,0.125,0.0
507,18,0.05810556188225746,0.1153564453125,0.06537580490112305,0.0340576171875,0.13268280029296875,0.9425503015518188,1.0,0.125,0.0
507,19,0.05993301793932915,0.119293212890625,0.05550501495599747,0.0363922119140625,0.138153076171875,0.9388176798820496,1.0,0.125,0.0
507,20,0.001919600646942854,0.114105224609375,0.05534612387418747,0.0257415771484375,0.14667510986328125,0.9455451965332031,1.0,0.125,0.0
507,21,0.0009079058072529733,0.14630126953125,0.053004633635282516,0.0520172119140625,0.1441650390625,0.915834903717041,1.0,0.125,0.06666666666666667
507,22,0.006272938102483749,0.0925140380859375,0.025644278153777122,0.0207061767578125,0.1412506103515625,0.9584022760391235,1.0,0.125,0.0
507,23,0.015145584009587765,0.0875091552734375,0.030118850991129875,0.0193328857421875,0.15079498291015625,0.9682861566543579,1.0,0.125,0.06666666666666667
507,24,0.041005395352840424,0.08660888671875,0.03377494961023331,0.0177764892578125,0.1365814208984375,0.9618092775344849,1.0,0.125,0.0
507,25,0.04911128431558609,0.105682373046875,0.03320759907364845,0.03150177001953125,0.1348419189453125,0.9439178705215454,1.0,0.125,0.06666666666666667
507,26,0.05949625372886658,0.11053466796875,0.032471563667058945,0.035125732421875,0.14781951904296875,0.950642466545105,1.0,0.125,0.0
507,27,0.026028338819742203,0.1006927490234375,0.02521822787821293,0.0257110595703125,0.1436920166015625,0.9552617073059082,1.0,0.125,0.0
507,28,0.2043236941099167,0.10906982421875,0.024695565924048424,0.022552490234375,0.13503265380859375,0.9373832941055298,1.0,0.125,0.0
507,29,0.0001223138824570924,0.124267578125,0.08173521608114243,0.047882080078125,0.14608001708984375,0.9456130266189575,1.0,0.125,0.0
507,30,0.047259408980607986,0.093170166015625,0.01729889214038849,0.0198211669921875,0.1479034423828125,0.9621289372444153,1.0,0.125,0.0
507,31,0.003356159897521138,0.106475830078125,0.04253978654742241,0.0264739990234375,0.14048004150390625,0.9479442238807678,1.0,0.125,0.0
507,32,0.7456750273704529,0.144439697265625,0.078025221824646,0.06113433837890625,0.1431884765625,0.8993226289749146,1.0,0.125,0.0
507,33,0.00495478929951787,0.126556396484375,0.06572264432907104,0.0444488525390625,0.12474822998046875,0.9254387617111206,1.0,0.125,0.0
507,34,0.004190506413578987,0.128509521484375,0.049925778061151505,0.0453033447265625,0.131866455078125,0.9258702993392944,1.0,0.125,0.0
507,35,0.21994011104106903,0.1195068359375,0.030044427141547203,0.0343017578125,0.15557861328125,0.9490534663200378,1.0,0.125,0.0
507,36,0.09950419515371323,0.0932769775390625,0.04458453506231308,0.027496337890625,0.13634490966796875,0.9613140821456909,1.0,0.125,0.06666666666666667
507,37,0.010102473199367523,0.121307373046875,0.05537660792469978,0.0387420654296875,0.1261444091796875,0.9288838505744934,1.0,0.125,0.0
507,38,0.06128453090786934,0.116241455078125,0.03217031806707382,0.0345916748046875,0.1281280517578125,0.9298596382141113,1.0,0.125,0.0
507,39,0.08891100436449051,0.111907958984375,0.035832665860652924,0.033905029296875,0.140380859375,0.9413002729415894,1.0,0.125,0.0
507,40,0.04190875217318535,0.0764923095703125,0.022810449823737144,0.0167999267578125,0.1401519775390625,0.9755121469497681,1.0,0.125,0.06666666666666667
507,41,0.0012955698184669018,0.1084747314453125,0.035542141646146774,0.027374267578125,0.1478729248046875,0.9514586925506592,1.0,0.125,0.0
507,42,0.10054521262645721,0.129791259765625,0.03587879613041878,0.0471343994140625,0.1353607177734375,0.9245344400405884,1.0,0.125,0.0
507,43,0.0063907792791724205,0.1147918701171875,0.04428395628929138,0.0338134765625,0.14400482177734375,0.9469841718673706,1.0,0.125,0.0
507,44,0.013235357590019703,0.124664306640625,0.05346818268299103,0.0458831787109375,0.13359832763671875,0.9324268102645874,1.0,0.125,0.0
507,45,0.008815702050924301,0.120513916015625,0.04487988352775574,0.0414276123046875,0.1537933349609375,0.9461789727210999,1.0,0.125,0.0
507,46,0.03800177201628685,0.1114501953125,0.029661579057574272,0.037841796875,0.14662933349609375,0.9486314058303833,1.0,0.125,0.0
507,47,0.02226167358458042,0.0790557861328125,0.024291258305311203,0.0144500732421875,0.15305328369140625,0.9773330092430115,1.0,0.125,0.06666666666666667
508,0,0.0021173611748963594,0.11102294921875,0.05653493106365204,0.03505706787109375,0.1318359375,0.9362531304359436,1.0,0.125,0.0
508,1,0.001035402063280344,0.1327972412109375,0.06950070708990097,0.053009033203125,0.13562774658203125,0.9224576950073242,1.0,0.125,0.0
508,2,0.2687864899635315,0.12506103515625,0.048740118741989136,0.0354461669921875,0.1420440673828125,0.9361646771430969,1.0,0.125,0.0
508,3,0.006150233559310436,0.13623046875,0.057312238961458206,0.0333251953125,0.1166839599609375,0.9063065648078918,1.0,0.125,0.0
508,4,0.026093140244483948,0.134063720703125,0.04371070861816406,0.0429534912109375,0.119384765625,0.9079712629318237,1.0,0.125,0.0
508,5,0.020413093268871307,0.1048736572265625,0.04306686297059059,0.033782958984375,0.1344451904296875,0.9502170085906982,1.0,0.125,0.13333333333333333
508,6,0.015071041882038116,0.1333770751953125,0.07641571015119553,0.0592193603515625,0.1296539306640625,0.9252074956893921,1.0,0.125,0.0
508,7,0.008217157796025276,0.126922607421875,0.04234853759407997,0.0454559326171875,0.15027618408203125,0.937453031539917,1.0,0.125,0.0
508,8,0.016683651134371758,0.123870849609375,0.033226776868104935,0.033233642578125,0.15065765380859375,0.940131425857544,1.0,0.125,0.0
508,9,0.11107663065195084,0.135589599609375,0.059492144733667374,0.045379638671875,0.14530181884765625,0.9294629693031311,1.0,0.125,0.06666666666666667
508,10,0.01686856895685196,0.1275634765625,0.05541118234395981,0.0576629638671875,0.1395416259765625,0.932344913482666,1.0,0.125,0.0
508,11,0.0764387845993042,0.095672607421875,0.0473097562789917,0.018798828125,0.1623687744140625,0.9693988561630249,1.0,0.125,0.0
508,12,0.22672009468078613,0.10693359375,0.043088916689157486,0.0235443115234375,0.1464385986328125,0.9518082141876221,1.0,0.125,0.0
508,13,0.07098839432001114,0.11004638671875,0.03934069722890854,0.0345306396484375,0.1528167724609375,0.9555128812789917,1.0,0.125,0.0
508,14,0.12226076424121857,0.1106719970703125,0.037378113716840744,0.025238037109375,0.13034820556640625,0.9362029433250427,1.0,0.125,0.0
508,15,0.1586695909500122,0.101654052734375,0.0302375927567482,0.018829345703125,0.146484375,0.9538532495498657,1.0,0.125,0.0
508,16,0.26258015632629395,0.094635009765625,0.02655932307243347,0.028289794921875,0.1424713134765625,0.958154022693634,1.0,0.125,0.06666666666666667
508,17,0.03326834365725517,0.1074676513671875,0.061982352286577225,0.0316925048828125,0.14949798583984375,0.9523816108703613,1.0,0.125,0.0
508,18,0.010477237403392792,0.0849609375,0.023943835869431496,0.023101806640625,0.1314849853515625,0.964134693145752,1.0,0.125,0.0
508,19,0.002298597013577819,0.0925750732421875,0.03858128935098648,0.0350341796875,0.1431121826171875,0.963611364364624,1.0,0.125,0.0
508,20,0.007809746079146862,0.099334716796875,0.03348242864012718,0.037109375,0.1303558349609375,0.9534158110618591,1.0,0.125,0.0
508,21,0.003232372459024191,0.118499755859375,0.05191662535071373,0.0449066162109375,0.13671112060546875,0.9367716312408447,1.0,0.125,0.0
508,22,0.011245976202189922,0.0926513671875,0.03372202068567276,0.0291595458984375,0.13036346435546875,0.9567972421646118,1.0,0.125,0.0
508,23,0.0606975182890892,0.0871734619140625,0.03047964721918106,0.0308990478515625,0.1433258056640625,0.9674345254898071,1.0,0.125,0.0
508,24,0.04742642864584923,0.0816650390625,0.03130645304918289,0.025634765625,0.13231658935546875,0.9661933183670044,1.0,0.125,0.0
508,25,0.05535362288355827,0.1004486083984375,0.041994668543338776,0.0285186767578125,0.13732147216796875,0.9530599117279053,1.0,0.125,0.0
508,26,0.004008576739579439,0.0886383056640625,0.024358682334423065,0.02276611328125,0.13481903076171875,0.9583973288536072,1.0,0.125,0.0
508,27,0.007697696797549725,0.0861663818359375,0.028779543936252594,0.0316925048828125,0.141815185546875,0.9692482948303223,1.0,0.125,0.0
508,28,0.05267534404993057,0.078582763671875,0.032440729439258575,0.022979736328125,0.13208770751953125,0.9689847230911255,1.0,0.125,0.0
508,29,0.3316113352775574,0.092376708984375,0.027950752526521683,0.0233612060546875,0.13780975341796875,0.9611477255821228,1.0,0.125,0.06666666666666667
508,30,0.044316526502370834,0.0687255859375,0.013728433288633823,0.0143280029296875,0.12361907958984375,0.9708267450332642,1.0,0.125,0.0
508,31,0.03562608361244202,0.09100341796875,0.01722349040210247,0.02587890625,0.13607025146484375,0.9593071341514587,1.0,0.125,0.0
508,32,0.04241454228758812,0.07269287109375,0.020769448950886726,0.007080078125,0.149993896484375,0.978481650352478,1.0,0.125,0.06666666666666667
508,33,0.15051347017288208,0.0873870849609375,0.02187963016331196,0.0167694091796875,0.1402435302734375,0.9616164565086365,1.0,0.125,0.06666666666666667
508,34,0.16053038835525513,0.109588623046875,0.04359806329011917,0.0334014892578125,0.12015533447265625,0.9344645738601685,1.0,0.125,0.0
508,35,0.010336482897400856,0.080322265625,0.020492730662226677,0.0195159912109375,0.126190185546875,0.9654362201690674,1.0,0.125,0.0
508,36,0.005611441098153591,0.0895538330078125,0.030461033806204796,0.03228759765625,0.1285247802734375,0.9606426954269409,1.0,0.125,0.0
508,37,0.05575653165578842,0.0978240966796875,0.037845805287361145,0.041656494140625,0.12293243408203125,0.9488880634307861,1.0,0.125,0.0
508,38,0.05195195972919464,0.0750885009765625,0.0330091267824173,0.0159759521484375,0.13193511962890625,0.97269207239151,1.0,0.125,0.0
508,39,0.03783959150314331,0.0810394287109375,0.018272966146469116,0.0151824951171875,0.138275146484375,0.9671038389205933,1.0,0.125,0.0
508,40,0.05321124568581581,0.0681610107421875,0.018153464421629906,0.0066070556640625,0.142181396484375,0.9781856536865234,1.0,0.125,0.06666666666666667
508,41,0.03814411163330078,0.0815582275390625,0.020194515585899353,0.016754150390625,0.13150787353515625,0.9619194269180298,1.0,0.125,0.06666666666666667
508,42,0.026179201900959015,0.0902099609375,0.03835669904947281,0.0230712890625,0.13159942626953125,0.9587537050247192,1.0,0.125,0.13333333333333333
508,43,0.034624747931957245,0.07830810546875,0.015611762180924416,0.0118255615234375,0.1239166259765625,0.9632340669631958,1.0,0.125,0.06666666666666667
508,44,0.016527235507965088,0.0778656005859375,0.020736053586006165,0.0150909423828125,0.14093780517578125,0.9728249311447144,1.0,0.125,0.06666666666666667
508,45,0.05532034859061241,0.097930908203125,0.025086544454097748,0.0211334228515625,0.13934326171875,0.9497581720352173,1.0,0.125,0.0
508,46,0.13227097690105438,0.0691986083984375,0.01368847768753767,0.0137176513671875,0.13307952880859375,0.9763978123664856,1.0,0.125,0.0
508,47,0.0635954737663269,0.082916259765625,0.01815790683031082,0.0191802978515625,0.1307525634765625,0.9603332281112671,1.0,0.125,0.0
509,0,0.09077920019626617,0.1016082763671875,0.0426340252161026,0.0298004150390625,0.14408111572265625,0.956619381904602,1.0,0.125,0.0
509,1,0.09156838059425354,0.1081085205078125,0.06225844472646713,0.0269012451171875,0.14156341552734375,0.9495725631713867,1.0,0.125,0.0
509,2,0.06177239492535591,0.128143310546875,0.08371121436357498,0.050628662109375,0.153411865234375,0.9424518942832947,1.0,0.125,0.0
509,3,0.026066074147820473,0.0975494384765625,0.08315784484148026,0.0334625244140625,0.1354217529296875,0.9576545357704163,1.0,0.125,0.0
509,4,0.006354771554470062,0.127777099609375,0.057684317231178284,0.029296875,0.14665985107421875,0.939077615737915,1.0,0.125,0.0
509,5,0.044156283140182495,0.1468505859375,0.04872073605656624,0.0486907958984375,0.15488433837890625,0.9262224435806274,1.0,0.125,0.06666666666666667
509,6,0.01680210418999195,0.109344482421875,0.038612622767686844,0.0318603515625,0.139007568359375,0.9455620050430298,1.0,0.125,0.0
509,7,0.043548833578825,0.0907440185546875,0.037193574011325836,0.029937744140625,0.132110595703125,0.959864616394043,1.0,0.125,0.0
509,8,0.04132319986820221,0.0871734619140625,0.03099702298641205,0.0238037109375,0.13295745849609375,0.9606963992118835,1.0,0.125,0.0
509,9,0.07242505252361298,0.0997314453125,0.025969436392188072,0.024261474609375,0.13639068603515625,0.9457716345787048,1.0,0.125,0.0
509,10,0.03469761088490486,0.09490966796875,0.0386795811355114,0.0252838134765625,0.138671875,0.9585211277008057,1.0,0.125,0.06666666666666667
509,11,0.0864666998386383,0.0723724365234375,0.018779590725898743,0.0113677978515625,0.13470458984375,0.9753152132034302,1.0,0.125,0.0
509,12,0.03373688459396362,0.090576171875,0.017742658033967018,0.01263427734375,0.13965606689453125,0.9578165411949158,1.0,0.125,0.13333333333333333
509,13,0.005011642351746559,0.0999755859375,0.046688262373209,0.02569580078125,0.13401031494140625,0.9508588314056396,1.0,0.125,0.0
509,14,0.006252584513276815,0.0792999267578125,0.02277212031185627,0.0189971923828125,0.14838409423828125,0.9704264402389526,1.0,0.125,0.0
509,15,0.02629825286567211,0.09283447265625,0.04096059128642082,0.021636962890625,0.14241790771484375,0.9606373906135559,1.0,0.125,0.0
509,16,0.019288597628474236,0.0911102294921875,0.03202400356531143,0.016845703125,0.14131927490234375,0.9592846632003784,1.0,0.125,0.0
509,17,0.0720369964838028,0.0986175537109375,0.06289301812648773,0.0303955078125,0.1349945068359375,0.9562416076660156,1.0,0.125,0.0
509,18,0.14620204269886017,0.126312255859375,0.10589561611413956,0.0480499267578125,0.13089752197265625,0.9354570508003235,1.0,0.125,0.0
509,19,0.32083675265312195,0.1607666015625,0.07341339439153671,0.0462493896484375,0.1468505859375,0.9135351777076721,1.0,0.125,0.0
509,20,0.023753633722662926,0.115753173828125,0.040587037801742554,0.0303955078125,0.1507415771484375,0.9466156959533691,1.0,0.125,0.0
509,21,0.03486073017120361,0.073150634765625,0.01038131583482027,0.0115966796875,0.14361572265625,0.9781752824783325,1.0,0.125,0.0
509,22,0.02837451547384262,0.07611083984375,0.027665896341204643,0.0152130126953125,0.130035400390625,0.9707753658294678,1.0,0.125,0.0
509,23,0.009000984020531178,0.075927734375,0.012584792450070381,0.0146484375,0.13312530517578125,0.9717024564743042,1.0,0.125,0.06666666666666667
509,24,0.030750691890716553,0.0618133544921875,0.011827037669718266,0.0103607177734375,0.1409454345703125,0.9867335557937622,1.0,0.125,0.0
509,25,0.040369912981987,0.0867462158203125,0.04208458960056305,0.0228118896484375,0.14968109130859375,0.9676721096038818,1.0,0.125,0.0
509,26,0.07699493318796158,0.097076416015625,0.03141133487224579,0.0239715576171875,0.1514434814453125,0.9600188732147217,1.0,0.125,0.0
509,27,0.06692289561033249,0.1158905029296875,0.03906828910112381,0.0337982177734375,0.134979248046875,0.9395514726638794,1.0,0.125,0.0
509,28,0.07538869231939316,0.0905609130859375,0.030973097309470177,0.0206146240234375,0.15381622314453125,0.9652969241142273,1.0,0.125,0.06666666666666667
509,29,0.04476059973239899,0.1210784912109375,0.06723617017269135,0.034515380859375,0.12920379638671875,0.9359419345855713,1.0,0.125,0.0
509,30,0.5732406377792358,0.145538330078125,0.057869430631399155,0.0443878173828125,0.14644622802734375,0.9207228422164917,1.0,0.125,0.0
509,31,0.19183161854743958,0.13983154296875,0.06276761740446091,0.046661376953125,0.144927978515625,0.9281926155090332,1.0,0.125,0.0
509,32,0.018436139449477196,0.08013916015625,0.011408024467527866,0.01202392578125,0.15637969970703125,0.9748569130897522,1.0,0.125,0.0
509,33,0.09855838119983673,0.098236083984375,0.04148414358496666,0.02435302734375,0.13829803466796875,0.9545472860336304,1.0,0.125,0.0
509,34,0.22161144018173218,0.111297607421875,0.05583498254418373,0.026092529296875,0.12313079833984375,0.9354716539382935,1.0,0.125,0.0
509,35,0.2513773441314697,0.123626708984375,0.041918035596609116,0.0420684814453125,0.13852691650390625,0.9340876340866089,1.0,0.125,0.0
509,36,0.024159913882613182,0.081817626953125,0.027933288365602493,0.015777587890625,0.1514892578125,0.9748532772064209,1.0,0.125,0.06666666666666667
509,37,0.03285893052816391,0.0891876220703125,0.027398832142353058,0.0166015625,0.13834381103515625,0.9604090452194214,1.0,0.125,0.06666666666666667
509,38,0.024917175993323326,0.084808349609375,0.018401239067316055,0.0163421630859375,0.151458740234375,0.9697263240814209,1.0,0.125,0.06666666666666667
509,39,0.03488859906792641,0.0966949462890625,0.02900531329214573,0.0222320556640625,0.13594818115234375,0.9519935250282288,1.0,0.125,0.06666666666666667
509,40,0.012626372277736664,0.1005706787109375,0.03973313048481941,0.03241729736328125,0.13214111328125,0.9475367069244385,1.0,0.125,0.0
509,41,0.030940961092710495,0.095703125,0.030247831717133522,0.0153656005859375,0.12726593017578125,0.9495904445648193,1.0,0.125,0.0
509,42,0.021483110263943672,0.0924072265625,0.027885787189006805,0.023284912109375,0.1249542236328125,0.9522110223770142,1.0,0.125,0.0
509,43,0.022808071225881577,0.085662841796875,0.02539544738829136,0.0183868408203125,0.1520233154296875,0.9716235399246216,1.0,0.125,0.13333333333333333
509,44,0.012005772441625595,0.07916259765625,0.01584176905453205,0.0128631591796875,0.145965576171875,0.9702969789505005,1.0,0.125,0.0
509,45,0.04847618564963341,0.09490966796875,0.02204298786818981,0.0200958251953125,0.15122222900390625,0.9592757821083069,1.0,0.125,0.0
509,46,0.005256277974694967,0.088287353515625,0.020549889653921127,0.017974853515625,0.14266204833984375,0.9605506658554077,1.0,0.125,0.0
509,47,0.051017068326473236,0.090179443359375,0.03140920028090477,0.021087646484375,0.139190673828125,0.9585525393486023,1.0,0.125,0.0
510,0,0.3584979176521301,0.13433837890625,0.056370023638010025,0.0633392333984375,0.14595794677734375,0.9336936473846436,1.0,0.125,0.0
510,1,0.035300444811582565,0.107086181640625,0.0408688485622406,0.02325439453125,0.13622283935546875,0.9453788995742798,1.0,0.125,0.0
510,2,0.029855508357286453,0.1407318115234375,0.06978066265583038,0.0415802001953125,0.11424636840820312,0.9046889543533325,1.0,0.125,0.0
510,3,0.04462466761469841,0.129852294921875,0.0408957302570343,0.0363006591796875,0.11812591552734375,0.9090838432312012,1.0,0.125,0.0
510,4,0.01670578494668007,0.0906829833984375,0.024500269442796707,0.019622802734375,0.13469696044921875,0.9590593576431274,1.0,0.125,0.06666666666666667
510,5,0.011645208112895489,0.107330322265625,0.039644282311201096,0.0322113037109375,0.1285858154296875,0.9412508606910706,1.0,0.125,0.0
510,6,0.034797027707099915,0.0937042236328125,0.03276538848876953,0.016754150390625,0.16262054443359375,0.9676703214645386,1.0,0.125,0.06666666666666667
510,7,0.0019829152151942253,0.0834808349609375,0.018852349370718002,0.023712158203125,0.12946319580078125,0.9634928703308105,1.0,0.125,0.0
510,8,0.09199196100234985,0.0957183837890625,0.032066233456134796,0.0239105224609375,0.14153289794921875,0.9589889645576477,1.0,0.125,0.0
510,9,0.035242777317762375,0.0905609130859375,0.023220563307404518,0.0167083740234375,0.157257080078125,0.9664064645767212,1.0,0.125,0.0
510,10,0.026520922780036926,0.0958251953125,0.016798311844468117,0.0220489501953125,0.14319610595703125,0.9580349922180176,1.0,0.125,0.0
510,11,0.030624771490693092,0.082061767578125,0.02529653161764145,0.02099609375,0.139129638671875,0.9719655513763428,1.0,0.125,0.06666666666666667
510,12,0.05946072190999985,0.0851593017578125,0.02349674701690674,0.0198822021484375,0.14007568359375,0.9666936993598938,1.0,0.125,0.0
510,13,0.04144036024808884,0.09619140625,0.03394871577620506,0.0240020751953125,0.13928985595703125,0.9565144777297974,1.0,0.125,0.0
510,14,0.018445925787091255,0.07550048828125,0.017899541184306145,0.01776123046875,0.133270263671875,0.97318035364151,1.0,0.125,0.0
510,15,0.0013986030826345086,0.0840911865234375,0.03079536184668541,0.026824951171875,0.13739776611328125,0.9694151282310486,1.0,0.125,0.0
510,16,0.04789794981479645,0.092010498046875,0.03420320525765419,0.0302581787109375,0.133544921875,0.9590138792991638,1.0,0.125,0.0
510,17,0.018203215673565865,0.10528564453125,0.0652528628706932,0.0302276611328125,0.12890625,0.9458887577056885,1.0,0.125,0.0
510,18,0.02066345512866974,0.1241302490234375,0.06111316755414009,0.0335235595703125,0.13149261474609375,0.9308838844299316,1.0,0.125,0.06666666666666667
510,19,0.050140105187892914,0.1181640625,0.05818696320056915,0.03961181640625,0.16375732421875,0.9399512410163879,1.0,0.125,0.0
510,20,0.016402199864387512,0.07745361328125,0.019833983853459358,0.0152130126953125,0.1422576904296875,0.9735684394836426,1.0,0.125,0.0
510,21,0.014008707366883755,0.088653564453125,0.021416274830698967,0.017852783203125,0.1450042724609375,0.9613378047943115,1.0,0.125,0.0
510,22,0.015256138518452644,0.0835418701171875,0.02527802065014839,0.0174407958984375,0.14406585693359375,0.9658511877059937,1.0,0.125,0.0
510,23,0.039957195520401,0.076324462890625,0.02517222985625267,0.013885498046875,0.155120849609375,0.9746416807174683,1.0,0.125,0.06666666666666667
510,24,0.04035904258489609,0.081756591796875,0.025424769148230553,0.0143585205078125,0.13641357421875,0.966177225112915,1.0,0.125,0.0
510,25,0.0071389819495379925,0.11962890625,0.07679866999387741,0.02977752685546875,0.13007354736328125,0.9364978075027466,1.0,0.125,0.0
510,26,0.019454455003142357,0.08380126953125,0.020784150809049606,0.0106658935546875,0.1364593505859375,0.9615575075149536,1.0,0.125,0.0
510,27,0.0563829280436039,0.100067138671875,0.04014451429247856,0.03369140625,0.1362457275390625,0.9539438486099243,1.0,0.125,0.0
510,28,0.026552928611636162,0.0897216796875,0.020961644127964973,0.013092041015625,0.1555938720703125,0.965386688709259,1.0,0.125,0.0
510,29,0.03679140284657478,0.086669921875,0.020057642832398415,0.0180206298828125,0.13909912109375,0.9638950824737549,1.0,0.125,0.0
510,30,0.02952216938138008,0.081573486328125,0.019068162888288498,0.0150909423828125,0.14466094970703125,0.9695090055465698,1.0,0.125,0.0
510,31,0.029722444713115692,0.06866455078125,0.013966918922960758,0.0113372802734375,0.14469146728515625,0.9789621829986572,1.0,0.125,0.0
510,32,0.01966470666229725,0.0756378173828125,0.02153688669204712,0.01324462890625,0.1393585205078125,0.9735352993011475,1.0,0.125,0.0
510,33,0.021279197186231613,0.0767822265625,0.0218505859375,0.0177001953125,0.1394500732421875,0.9674322009086609,1.0,0.125,0.0
510,34,0.0024492559023201466,0.072998046875,0.025785023346543312,0.0142974853515625,0.11989593505859375,0.9651890993118286,1.0,0.125,0.0
510,35,0.027824129909276962,0.07208251953125,0.020145392045378685,0.0104522705078125,0.1422576904296875,0.9765989780426025,1.0,0.125,0.0
510,36,0.006304558366537094,0.074737548828125,0.012193252332508564,0.011627197265625,0.1374969482421875,0.970710277557373,1.0,0.125,0.0
510,37,0.053021952509880066,0.073822021484375,0.018158523365855217,0.0152435302734375,0.1353759765625,0.9707823991775513,1.0,0.125,0.06666666666666667
510,38,0.05775349959731102,0.08721923828125,0.03391605615615845,0.02356719970703125,0.13751983642578125,0.9562907218933105,1.0,0.125,0.0
510,39,0.045555971562862396,0.08746337890625,0.01701195538043976,0.017669677734375,0.15584564208984375,0.96892249584198,1.0,0.125,0.0
510,40,0.0021887212060391903,0.0810394287109375,0.020703332498669624,0.020843505859375,0.1314697265625,0.9675438404083252,1.0,0.125,0.06666666666666667
510,41,0.04488188400864601,0.0875701904296875,0.021933579817414284,0.0210113525390625,0.1447601318359375,0.9612021446228027,1.0,0.125,0.0
510,42,0.029522119089961052,0.09844970703125,0.020574461668729782,0.0223541259765625,0.14633941650390625,0.9519685506820679,1.0,0.125,0.0
510,43,0.0012319209054112434,0.0763702392578125,0.011079929769039154,0.016082763671875,0.12282562255859375,0.9647793769836426,1.0,0.125,0.0
510,44,0.015276294201612473,0.0946807861328125,0.028759442269802094,0.0198516845703125,0.13654327392578125,0.9546899795532227,1.0,0.125,0.06666666666666667
510,45,0.07608842849731445,0.103607177734375,0.024394046515226364,0.0181732177734375,0.139434814453125,0.9429146647453308,1.0,0.125,0.0
510,46,0.00011149893543915823,0.1111297607421875,0.06098857894539833,0.0277862548828125,0.13173675537109375,0.9408882856369019,1.0,0.125,0.0
510,47,0.0013864629436284304,0.099761962890625,0.04428258165717125,0.023345947265625,0.149139404296875,0.9612724781036377,1.0,0.125,0.06666666666666667
511,0,0.009713777340948582,0.0832366943359375,0.017996465787291527,0.0118865966796875,0.145965576171875,0.9670982956886292,1.0,0.125,0.0
511,1,0.03814233839511871,0.08380126953125,0.02620399184525013,0.014617919921875,0.14519500732421875,0.9657723903656006,1.0,0.125,0.06666666666666667
511,2,0.049051087349653244,0.0902252197265625,0.024720514193177223,0.0235748291015625,0.1431427001953125,0.9651519060134888,1.0,0.125,0.0
511,3,0.04732406139373779,0.0989532470703125,0.03109089471399784,0.0213623046875,0.148040771484375,0.9574228525161743,1.0,0.125,0.0
511,4,0.39298149943351746,0.14630126953125,0.09055361151695251,0.0703125,0.13786697387695312,0.894504189491272,1.0,0.125,0.0
511,5,0.06950825452804565,0.111419677734375,0.055873602628707886,0.0391693115234375,0.13153839111328125,0.9369363188743591,1.0,0.125,0.0
511,6,0.036277953535318375,0.0847930908203125,0.01816156879067421,0.0121307373046875,0.14647674560546875,0.9670107364654541,1.0,0.125,0.06666666666666667
511,7,0.0660051628947258,0.108917236328125,0.07455042749643326,0.0364532470703125,0.13885498046875,0.9500751495361328,1.0,0.125,0.0
511,8,0.011184773407876492,0.088897705078125,0.024386867880821228,0.023529052734375,0.12335968017578125,0.9540073275566101,1.0,0.125,0.0
511,9,0.017353061586618423,0.085174560546875,0.023966055363416672,0.015380859375,0.15081787109375,0.9697365164756775,1.0,0.125,0.06666666666666667
511,10,0.029388803988695145,0.0824127197265625,0.025109415873885155,0.0184478759765625,0.13695526123046875,0.9646425247192383,1.0,0.125,0.0
511,11,0.023146824911236763,0.0899505615234375,0.024703027680516243,0.024322509765625,0.14432525634765625,0.9636639356613159,1.0,0.125,0.0
511,12,0.012344606220722198,0.085906982421875,0.018297700211405754,0.0200042724609375,0.13820648193359375,0.965986967086792,1.0,0.125,0.0
511,13,0.06208007410168648,0.0818328857421875,0.02247871272265911,0.0156707763671875,0.1395416259765625,0.9672279357910156,1.0,0.125,0.0
511,14,0.08929944038391113,0.083587646484375,0.01865418069064617,0.012786865234375,0.1417388916015625,0.9675973057746887,1.0,0.125,0.0
511,15,0.10893014073371887,0.0959930419921875,0.028725873678922653,0.02227783203125,0.13946533203125,0.9550477862358093,1.0,0.125,0.0
511,16,0.08978072553873062,0.1006622314453125,0.03776214271783829,0.027191162109375,0.13694000244140625,0.9507436752319336,1.0,0.125,0.06666666666666667
511,17,0.1677098125219345,0.10107421875,0.034939415752887726,0.036163330078125,0.12555694580078125,0.948296070098877,1.0,0.125,0.0
511,18,0.022198813036084175,0.080963134765625,0.03391532972455025,0.0209808349609375,0.1335906982421875,0.9672743082046509,1.0,0.125,0.0
511,19,0.020742569118738174,0.1046905517578125,0.05190688744187355,0.0303802490234375,0.13309478759765625,0.9487141966819763,1.0,0.125,0.0
511,20,0.10154015570878983,0.0966033935546875,0.05187555029988289,0.015533447265625,0.13915252685546875,0.9556910991668701,1.0,0.125,0.0
511,21,0.001454017125070095,0.0828704833984375,0.026941055431962013,0.019317626953125,0.12522125244140625,0.9596703052520752,1.0,0.125,0.0
511,22,0.10174845904111862,0.1061859130859375,0.07331480830907822,0.0245361328125,0.11309432983398438,0.9366847276687622,1.0,0.125,0.0
511,23,0.4572642743587494,0.14080810546875,0.10618659853935242,0.0486602783203125,0.12157249450683594,0.9194867014884949,1.0,0.125,0.06666666666666667
511,24,0.24596014618873596,0.1915740966796875,0.08385389298200607,0.0885009765625,0.13807296752929688,0.8747238516807556,1.0,0.125,0.06666666666666667
511,25,0.8514667749404907,0.1499176025390625,0.08679509907960892,0.04595947265625,0.1218719482421875,0.9085599184036255,1.0,0.125,0.0
511,26,0.018324101343750954,0.13702392578125,0.07362891733646393,0.048126220703125,0.1388702392578125,0.9197045564651489,1.0,0.125,0.0
511,27,0.033229533582925797,0.0815887451171875,0.036756668239831924,0.012908935546875,0.13722991943359375,0.9666872024536133,1.0,0.125,0.0
511,28,0.03380407765507698,0.145294189453125,0.11570941656827927,0.0639801025390625,0.13471221923828125,0.9266923069953918,1.0,0.125,0.0
511,29,0.4843704104423523,0.1853179931640625,0.11445722728967667,0.0746002197265625,0.12167739868164062,0.8848251104354858,1.0,0.125,0.0
511,30,0.0026496420614421368,0.1265411376953125,0.06765766441822052,0.0427093505859375,0.13996124267578125,0.9325140714645386,1.0,0.125,0.0
511,31,0.04703793302178383,0.0999755859375,0.06830873340368271,0.01898193359375,0.12570571899414062,0.9469226002693176,1.0,0.125,0.0
511,32,0.1628021001815796,0.145751953125,0.10609715431928635,0.049896240234375,0.12588882446289062,0.9177901744842529,1.0,0.125,0.0
511,33,0.0034249599557369947,0.1229248046875,0.06546895951032639,0.02459716796875,0.146026611328125,0.9318351745605469,1.0,0.125,0.0
511,34,0.06586302816867828,0.1031036376953125,0.06567715853452682,0.01947021484375,0.11933517456054688,0.9398122429847717,1.0,0.125,0.0
511,35,0.5253193378448486,0.1463165283203125,0.09990613162517548,0.0408477783203125,0.13184738159179688,0.9180614948272705,1.0,0.125,0.0
511,36,0.01178881898522377,0.112091064453125,0.05391749367117882,0.02197265625,0.14770126342773438,0.9427872896194458,1.0,0.125,0.0
511,37,0.030775563791394234,0.0682220458984375,0.018289165571331978,0.0109405517578125,0.13242340087890625,0.9735919237136841,1.0,0.125,0.06666666666666667
511,38,0.007373742759227753,0.0825958251953125,0.020515570417046547,0.01751708984375,0.1317596435546875,0.9613674283027649,1.0,0.125,0.0
511,39,0.028743604198098183,0.0765380859375,0.016317974776029587,0.0110626220703125,0.1459503173828125,0.9724858999252319,1.0,0.125,0.0
511,40,0.009728910401463509,0.0727691650390625,0.01752154901623726,0.0195159912109375,0.12032318115234375,0.9678633213043213,1.0,0.125,0.06666666666666667
511,41,0.03880085051059723,0.0826263427734375,0.026163369417190552,0.0177459716796875,0.14090728759765625,0.9661924242973328,1.0,0.125,0.0
511,42,0.023757362738251686,0.0959930419921875,0.020229673013091087,0.0225067138671875,0.13763427734375,0.9522746801376343,1.0,0.125,0.0
511,43,0.0008179043652489781,0.07342529296875,0.024576257914304733,0.0177001953125,0.11400604248046875,0.9637539386749268,1.0,0.125,0.0
511,44,0.07118603587150574,0.0822601318359375,0.021242771297693253,0.0173492431640625,0.13460540771484375,0.9624814987182617,1.0,0.125,0.06666666666666667
511,45,0.03429393842816353,0.091705322265625,0.028926270082592964,0.0218353271484375,0.1353912353515625,0.9560495018959045,1.0,0.125,0.06666666666666667
511,46,0.013488349504768848,0.0883026123046875,0.024058958515524864,0.020416259765625,0.1368865966796875,0.9575480222702026,1.0,0.125,0.0
511,47,0.0006100807804614305,0.06597900390625,0.01676379144191742,0.01340484619140625,0.1188507080078125,0.9735256433486938,1.0,0.125,0.0
512,0,0.00021093840769026428,0.1252899169921875,0.061287637799978256,0.0409393310546875,0.17020416259765625,0.955134391784668,1.0,0.125,0.06666666666666667
512,1,0.12052985280752182,0.104278564453125,0.02591283805668354,0.0217437744140625,0.14841461181640625,0.9535467624664307,1.0,0.125,0.0
512,2,0.0001242661674041301,0.1288909912109375,0.07600817829370499,0.039764404296875,0.151580810546875,0.9440188407897949,1.0,0.125,0.0
512,3,0.017506182193756104,0.0846405029296875,0.016647884622216225,0.0148468017578125,0.1550750732421875,0.9703742265701294,1.0,0.125,0.06666666666666667
512,4,0.030422862619161606,0.07537841796875,0.0192347913980484,0.01531982421875,0.1376800537109375,0.973410427570343,1.0,0.125,0.0
512,5,0.02946724370121956,0.09234619140625,0.03407352790236473,0.0234527587890625,0.13813018798828125,0.9602453708648682,1.0,0.125,0.0
512,6,0.030205775052309036,0.105560302734375,0.03444253280758858,0.02655029296875,0.1358489990234375,0.9411165714263916,1.0,0.125,0.0
512,7,0.032233864068984985,0.088836669921875,0.025071987882256508,0.0152435302734375,0.14691162109375,0.9657509326934814,1.0,0.125,0.0
512,8,0.00467532267794013,0.0746002197265625,0.013084026984870434,0.0115203857421875,0.13346099853515625,0.9698414206504822,1.0,0.125,0.06666666666666667
512,9,0.011578721925616264,0.0719451904296875,0.015936773270368576,0.010162353515625,0.14658355712890625,0.9762471914291382,1.0,0.125,0.06666666666666667
512,10,0.012580322101712227,0.07232666015625,0.012471948750317097,0.00860595703125,0.1358184814453125,0.9706430435180664,1.0,0.125,0.06666666666666667
512,11,0.025083007290959358,0.086822509765625,0.032176803797483444,0.0241241455078125,0.13655853271484375,0.9576568603515625,1.0,0.125,0.0
512,12,0.046090345829725266,0.08221435546875,0.02455836534500122,0.016571044921875,0.13677978515625,0.9681963920593262,1.0,0.125,0.06666666666666667
512,13,0.1156146302819252,0.08038330078125,0.027767641469836235,0.0182037353515625,0.148101806640625,0.970022439956665,1.0,0.125,0.0
512,14,0.10642065107822418,0.075103759765625,0.016257794573903084,0.015625,0.13590240478515625,0.9719982743263245,1.0,0.125,0.0
512,15,0.012253339402377605,0.075958251953125,0.019815264269709587,0.0118255615234375,0.1388397216796875,0.9721421599388123,1.0,0.125,0.0
512,16,0.06809483468532562,0.090972900390625,0.01830299198627472,0.0218658447265625,0.1411285400390625,0.9583974480628967,1.0,0.125,0.0
512,17,0.03730904310941696,0.0850830078125,0.025588657706975937,0.021026611328125,0.13771820068359375,0.9653713703155518,1.0,0.125,0.06666666666666667
512,18,0.03939087316393852,0.079681396484375,0.028656233102083206,0.0178375244140625,0.1338043212890625,0.9666938185691833,1.0,0.125,0.0
512,19,0.0328863263130188,0.08123779296875,0.03433199226856232,0.0177154541015625,0.129302978515625,0.9648367762565613,1.0,0.125,0.06666666666666667
512,20,0.00626547122374177,0.1219024658203125,0.0785641148686409,0.03363037109375,0.149566650390625,0.945225715637207,1.0,0.125,0.0
512,21,0.056144699454307556,0.1451416015625,0.04548048973083496,0.0292510986328125,0.1763763427734375,0.9367965459823608,1.0,0.125,0.0
512,22,0.03311656042933464,0.097259521484375,0.030280927196145058,0.026336669921875,0.1456756591796875,0.9588849544525146,1.0,0.125,0.0
512,23,0.01572677493095398,0.078033447265625,0.023444313555955887,0.0155792236328125,0.13790130615234375,0.9707862734794617,1.0,0.125,0.06666666666666667
512,24,0.0864420160651207,0.0796661376953125,0.010510005056858063,0.011383056640625,0.151824951171875,0.9744468927383423,1.0,0.125,0.0
512,25,0.05585631728172302,0.08380126953125,0.01706704869866371,0.0182342529296875,0.138092041015625,0.9647647142410278,1.0,0.125,0.0
512,26,0.03616198152303696,0.06854248046875,0.01855398528277874,0.00921630859375,0.12841033935546875,0.9746423363685608,1.0,0.125,0.0
512,27,0.07322702556848526,0.0811309814453125,0.01795092038810253,0.01080322265625,0.13338470458984375,0.9611808061599731,1.0,0.125,0.0
512,28,0.0452582985162735,0.07672119140625,0.016167866066098213,0.011383056640625,0.13036346435546875,0.9628628492355347,1.0,0.125,0.0
512,29,0.0006814358639530838,0.0958709716796875,0.039285093545913696,0.023773193359375,0.1522674560546875,0.9631838202476501,1.0,0.125,0.0
512,30,0.02208312600851059,0.119140625,0.06509244441986084,0.0410003662109375,0.14577484130859375,0.9391410946846008,1.0,0.125,0.0
512,31,0.08327281475067139,0.08843994140625,0.028265472501516342,0.030242919921875,0.13271331787109375,0.9629687070846558,1.0,0.125,0.0
512,32,0.07988929748535156,0.0928802490234375,0.03259242698550224,0.027099609375,0.13686370849609375,0.9594937562942505,1.0,0.125,0.0
512,33,0.06436373293399811,0.093994140625,0.03541417419910431,0.0356597900390625,0.1363067626953125,0.9587944746017456,1.0,0.125,0.0
512,34,0.019349873065948486,0.080657958984375,0.03131334111094475,0.01947021484375,0.14205169677734375,0.9727261662483215,1.0,0.125,0.06666666666666667
512,35,0.011069992557168007,0.083831787109375,0.029893381521105766,0.0187225341796875,0.1484375,0.9688422679901123,1.0,0.125,0.0
512,36,0.06319230794906616,0.076324462890625,0.031082883477211,0.0146636962890625,0.13079833984375,0.9696526527404785,1.0,0.125,0.06666666666666667
512,37,0.08696572482585907,0.079376220703125,0.024696528911590576,0.0160369873046875,0.13997650146484375,0.9689580202102661,1.0,0.125,0.0
512,38,0.08846525102853775,0.0771484375,0.025680646300315857,0.0133819580078125,0.140899658203125,0.9716942310333252,1.0,0.125,0.0
512,39,0.026279335841536522,0.0780792236328125,0.012930300086736679,0.01251220703125,0.13759613037109375,0.9689295291900635,1.0,0.125,0.0
512,40,0.052265264093875885,0.074127197265625,0.021275611594319344,0.013458251953125,0.1282501220703125,0.9674865007400513,1.0,0.125,0.0
512,41,0.012117056176066399,0.091217041015625,0.021476896479725838,0.0202484130859375,0.13542938232421875,0.9582617282867432,1.0,0.125,0.13333333333333333
512,42,0.023121943697333336,0.0760650634765625,0.027972348034381866,0.0184173583984375,0.12933349609375,0.97089022397995,1.0,0.125,0.06666666666666667
512,43,0.04620525240898132,0.0795135498046875,0.027320949360728264,0.01861572265625,0.13129425048828125,0.9669649600982666,1.0,0.125,0.13333333333333333
512,44,0.001959477551281452,0.116729736328125,0.051081568002700806,0.0435333251953125,0.14809417724609375,0.9497166872024536,1.0,0.125,0.06666666666666667
512,45,0.018993929028511047,0.0802764892578125,0.019314367324113846,0.014068603515625,0.14063262939453125,0.9666229486465454,1.0,0.125,0.06666666666666667
512,46,0.025338822975754738,0.0684661865234375,0.014402478002011776,0.008544921875,0.1338958740234375,0.9750922918319702,1.0,0.125,0.0
512,47,0.017750781029462814,0.0656890869140625,0.015249378979206085,0.008392333984375,0.12351226806640625,0.9720516800880432,1.0,0.125,0.0
513,0,0.03170520067214966,0.09259033203125,0.03194005414843559,0.024627685546875,0.13343048095703125,0.9587967395782471,1.0,0.125,0.13333333333333333
513,1,0.011869682930409908,0.1005096435546875,0.029632391408085823,0.0296173095703125,0.12885284423828125,0.9487279057502747,1.0,0.125,0.0
513,2,0.01810348406434059,0.0895843505859375,0.02630600705742836,0.022705078125,0.1478118896484375,0.9650951027870178,1.0,0.125,0.0
513,3,0.032183632254600525,0.0848388671875,0.027555327862501144,0.01880645751953125,0.14238739013671875,0.9677974581718445,1.0,0.125,0.06666666666666667
513,4,0.007587980479001999,0.096405029296875,0.041271038353443146,0.02362060546875,0.1477508544921875,0.950663685798645,1.0,0.125,0.0
513,5,0.031049229204654694,0.0890960693359375,0.02132660709321499,0.0186920166015625,0.14421844482421875,0.9651577472686768,1.0,0.125,0.06666666666666667
513,6,0.02001238986849785,0.0915374755859375,0.028740037232637405,0.0244140625,0.1337432861328125,0.9577875137329102,1.0,0.125,0.06666666666666667
513,7,0.009750502184033394,0.097747802734375,0.02265463024377823,0.0301971435546875,0.13716888427734375,0.9524105787277222,1.0,0.125,0.0
513,8,0.24726036190986633,0.0924530029296875,0.03382093459367752,0.0220184326171875,0.127349853515625,0.954249382019043,1.0,0.125,0.0
513,9,0.025216905400156975,0.1013946533203125,0.03116581030189991,0.0279693603515625,0.12358856201171875,0.9427112936973572,1.0,0.125,0.0
513,10,0.02761923521757126,0.089324951171875,0.023708976805210114,0.0208282470703125,0.12758636474609375,0.9568774700164795,1.0,0.125,0.0
513,11,0.02366696484386921,0.0846710205078125,0.0270069669932127,0.015289306640625,0.15573883056640625,0.9725008606910706,1.0,0.125,0.06666666666666667
513,12,0.006610718090087175,0.0855712890625,0.03370102494955063,0.02020263671875,0.1385650634765625,0.9644885063171387,1.0,0.125,0.0
513,13,0.05375530570745468,0.0960845947265625,0.027823593467473984,0.025421142578125,0.13625335693359375,0.9518166780471802,1.0,0.125,0.06666666666666667
513,14,0.01697324961423874,0.0984344482421875,0.0452742800116539,0.0204010009765625,0.14048004150390625,0.9523792266845703,1.0,0.125,0.0
513,15,0.33094725012779236,0.10845947265625,0.04820861667394638,0.034759521484375,0.14272308349609375,0.9493287801742554,1.0,0.125,0.0
513,16,0.15887680649757385,0.108489990234375,0.04146662726998329,0.0398712158203125,0.13965606689453125,0.9502280950546265,1.0,0.125,0.0
513,17,0.2116479128599167,0.102874755859375,0.03548939898610115,0.0350341796875,0.14145660400390625,0.9537425637245178,1.0,0.125,0.0
513,18,0.03295811638236046,0.0787353515625,0.03022146411240101,0.01611328125,0.13529205322265625,0.9713047742843628,1.0,0.125,0.0
513,19,0.04979069530963898,0.0964508056640625,0.04380040615797043,0.0225830078125,0.14536285400390625,0.9592169523239136,1.0,0.125,0.0
513,20,0.01886056177318096,0.101409912109375,0.03166999667882919,0.024078369140625,0.14435577392578125,0.952548086643219,1.0,0.125,0.0
513,21,0.02523334138095379,0.1140594482421875,0.052749574184417725,0.0323486328125,0.13864898681640625,0.9443085789680481,1.0,0.125,0.0
513,22,0.0013452882412821054,0.10845947265625,0.044528692960739136,0.02593994140625,0.14495849609375,0.950488805770874,1.0,0.125,0.0
513,23,0.013866312801837921,0.1183624267578125,0.043901652097702026,0.028167724609375,0.1449127197265625,0.9423050880432129,1.0,0.125,0.0
513,24,9.792443961487152e-06,0.136260986328125,0.06846272200345993,0.04705810546875,0.13367462158203125,0.9202394485473633,1.0,0.125,0.0
513,25,0.21376413106918335,0.109130859375,0.023588962852954865,0.0287628173828125,0.1481781005859375,0.9501116275787354,1.0,0.125,0.0
513,26,0.10059018433094025,0.091094970703125,0.026239704340696335,0.024078369140625,0.1476287841796875,0.965240478515625,1.0,0.125,0.13333333333333333
513,27,0.030120233073830605,0.0830230712890625,0.025544283911585808,0.023834228515625,0.13513946533203125,0.9681578278541565,1.0,0.125,0.0
513,28,0.002588527509942651,0.0948028564453125,0.03251148760318756,0.0317840576171875,0.14267730712890625,0.9630202651023865,1.0,0.125,0.0
513,29,0.1662771999835968,0.0905303955078125,0.03732999041676521,0.0319671630859375,0.129974365234375,0.9579974412918091,1.0,0.125,0.0
513,30,0.1783214807510376,0.0914306640625,0.042190175503492355,0.0293731689453125,0.1284942626953125,0.9561840891838074,1.0,0.125,0.0
513,31,0.043092742562294006,0.0867462158203125,0.02425987645983696,0.0161285400390625,0.13600921630859375,0.9617277383804321,1.0,0.125,0.0
513,32,0.00765112554654479,0.114898681640625,0.055832382291555405,0.0263519287109375,0.12078094482421875,0.9330307245254517,1.0,0.125,0.13333333333333333
513,33,0.043625932186841965,0.1103363037109375,0.040441807359457016,0.030303955078125,0.122589111328125,0.9324774742126465,1.0,0.125,0.0
513,34,0.09635289013385773,0.1015472412109375,0.04689013212919235,0.02978515625,0.129119873046875,0.9495351910591125,1.0,0.125,0.0
513,35,0.021179543808102608,0.0868988037109375,0.02120661549270153,0.017822265625,0.12945556640625,0.9596361517906189,1.0,0.125,0.0
513,36,0.03881829231977463,0.076324462890625,0.023080309852957726,0.01513671875,0.12967681884765625,0.9630080461502075,1.0,0.125,0.06666666666666667
513,37,0.01763378269970417,0.1001434326171875,0.04798249900341034,0.0359039306640625,0.1412353515625,0.9490035772323608,1.0,0.125,0.06666666666666667
513,38,0.11074357479810715,0.097991943359375,0.027836164459586143,0.0259246826171875,0.146881103515625,0.9576495885848999,1.0,0.125,0.0
513,39,0.00910219270735979,0.1360015869140625,0.09094711393117905,0.0464630126953125,0.12902069091796875,0.926776111125946,1.0,0.125,0.0
513,40,0.21768160164356232,0.1357421875,0.059527020901441574,0.047760009765625,0.15230560302734375,0.9368749856948853,1.0,0.125,0.0
513,41,0.08830384165048599,0.0906524658203125,0.035465437918901443,0.0301055908203125,0.14870452880859375,0.9665650129318237,1.0,0.125,0.06666666666666667
513,42,0.05569588020443916,0.0879058837890625,0.03074626997113228,0.0161285400390625,0.13170623779296875,0.960320770740509,1.0,0.125,0.0
513,43,0.008658342063426971,0.0835113525390625,0.020847856998443604,0.0189056396484375,0.12250518798828125,0.9588032960891724,1.0,0.125,0.0
513,44,0.024676205590367317,0.087799072265625,0.035538699477910995,0.0181884765625,0.140777587890625,0.9639294147491455,1.0,0.125,0.0
513,45,0.014901997521519661,0.090789794921875,0.02897375263273716,0.0177154541015625,0.13666534423828125,0.9578633308410645,1.0,0.125,0.0
513,46,0.021445462480187416,0.0847015380859375,0.02245587296783924,0.0150299072265625,0.14768218994140625,0.9673724174499512,1.0,0.125,0.0
513,47,0.04626300185918808,0.0895538330078125,0.030232829973101616,0.01837158203125,0.13462066650390625,0.9559293389320374,1.0,0.125,0.13333333333333333
514,0,0.07656299322843552,0.1192779541015625,0.03727244213223457,0.0399322509765625,0.14603424072265625,0.9487015008926392,1.0,0.125,0.06666666666666667
514,1,0.09580646455287933,0.1322174072265625,0.057924963533878326,0.0510711669921875,0.140380859375,0.934877872467041,1.0,0.125,0.0
514,2,0.04427496716380119,0.0824432373046875,0.030890146270394325,0.02032470703125,0.1409149169921875,0.9679194688796997,1.0,0.125,0.0
514,3,0.024321362376213074,0.079620361328125,0.020284779369831085,0.01275634765625,0.131561279296875,0.9665842056274414,1.0,0.125,0.0
514,4,0.04476608335971832,0.0876617431640625,0.03348527476191521,0.0235595703125,0.12880706787109375,0.9552100300788879,1.0,0.125,0.0
514,5,0.03604968264698982,0.0877685546875,0.03136732056736946,0.030364990234375,0.1207275390625,0.9542043209075928,1.0,0.125,0.0
514,6,0.026629526168107986,0.08758544921875,0.02493082545697689,0.024200439453125,0.126678466796875,0.9605721831321716,1.0,0.125,0.0
514,7,0.05975903570652008,0.1120758056640625,0.06511781364679337,0.01718902587890625,0.13828277587890625,0.945875883102417,1.0,0.125,0.0
514,8,0.0033301294315606356,0.141571044921875,0.05977344885468483,0.038238525390625,0.15353012084960938,0.9303054809570312,1.0,0.125,0.0
514,9,0.08641970902681351,0.146331787109375,0.04801313206553459,0.0525665283203125,0.14873504638671875,0.9250707030296326,1.0,0.125,0.0
514,10,0.28820475935935974,0.126434326171875,0.06526470184326172,0.0252838134765625,0.14803314208984375,0.9398747682571411,1.0,0.125,0.0
514,11,0.29639896750450134,0.142669677734375,0.042718756943941116,0.039459228515625,0.14996337890625,0.9256942272186279,1.0,0.125,0.0
514,12,0.03321002796292305,0.092041015625,0.03107546642422676,0.023040771484375,0.12883758544921875,0.9546651840209961,1.0,0.125,0.0
514,13,0.012972643598914146,0.1175079345703125,0.06998636573553085,0.022430419921875,0.13695144653320312,0.9414000511169434,1.0,0.125,0.0
514,14,0.00948849692940712,0.138916015625,0.05443624407052994,0.0389404296875,0.15668106079101562,0.9351209402084351,1.0,0.125,0.0
514,15,0.04196862503886223,0.1395263671875,0.04476719722151756,0.0523529052734375,0.1457977294921875,0.930107831954956,1.0,0.125,0.0
514,16,0.1233392283320427,0.1175537109375,0.03809121996164322,0.025054931640625,0.16098785400390625,0.9512752890586853,1.0,0.125,0.0
514,17,0.007950176484882832,0.0733642578125,0.012886659242212772,0.0153045654296875,0.1424407958984375,0.9771223068237305,1.0,0.125,0.0
514,18,0.003444529138505459,0.086151123046875,0.02612830512225628,0.01788330078125,0.14113616943359375,0.9619830846786499,1.0,0.125,0.06666666666666667
514,19,0.060221463441848755,0.101531982421875,0.02992912568151951,0.022918701171875,0.14682769775390625,0.9507966041564941,1.0,0.125,0.0
514,20,0.07001520693302155,0.0886688232421875,0.028725871816277504,0.0186309814453125,0.1518402099609375,0.9645031690597534,1.0,0.125,0.0
514,21,0.02218349277973175,0.0928192138671875,0.026051105931401253,0.021453857421875,0.1542510986328125,0.9658254981040955,1.0,0.125,0.0
514,22,0.002446193713694811,0.1121063232421875,0.0356118269264698,0.0285186767578125,0.14257049560546875,0.94377601146698,1.0,0.125,0.0
514,23,0.011925746686756611,0.10723876953125,0.026514770463109016,0.0292205810546875,0.167236328125,0.9583876132965088,1.0,0.125,0.13333333333333333
514,24,0.015210647135972977,0.093994140625,0.022683409973978996,0.017425537109375,0.15511322021484375,0.9630296230316162,1.0,0.125,0.0
514,25,0.016045868396759033,0.0978240966796875,0.02750386856496334,0.0196075439453125,0.14391326904296875,0.9569627046585083,1.0,0.125,0.0
514,26,0.1106153205037117,0.1533203125,0.10142184793949127,0.07968902587890625,0.14310455322265625,0.8923908472061157,1.0,0.125,0.0
514,27,0.002252888400107622,0.08331298828125,0.02269728295505047,0.016510009765625,0.14519500732421875,0.9674665927886963,1.0,0.125,0.0
514,28,0.03538321331143379,0.112701416015625,0.05830470100045204,0.0366058349609375,0.1256866455078125,0.9317912459373474,1.0,0.125,0.06666666666666667
514,29,6.216492329258472e-05,0.126739501953125,0.09042694419622421,0.0465087890625,0.1385650634765625,0.9383959770202637,1.0,0.125,0.0
514,30,0.009850287809967995,0.1612548828125,0.060168035328388214,0.04827880859375,0.17533111572265625,0.9254204034805298,1.0,0.125,0.0
514,31,0.003811368951573968,0.1610107421875,0.04945354536175728,0.054046630859375,0.1625213623046875,0.9225062131881714,1.0,0.125,0.06666666666666667
514,32,0.016509147360920906,0.115447998046875,0.03964296728372574,0.0235443115234375,0.15304183959960938,0.9451885223388672,1.0,0.125,0.0
514,33,0.036807239055633545,0.112213134765625,0.05866172909736633,0.033477783203125,0.14307403564453125,0.9489789009094238,1.0,0.125,0.0
514,34,0.0014186501502990723,0.1316986083984375,0.08135397732257843,0.0371246337890625,0.13756561279296875,0.93224036693573,1.0,0.125,0.0
514,35,0.001091931015253067,0.15179443359375,0.047622717916965485,0.0367431640625,0.16206741333007812,0.9196597337722778,1.0,0.125,0.0
514,36,0.10913868993520737,0.12237548828125,0.04072572663426399,0.032440185546875,0.144134521484375,0.9396082162857056,1.0,0.125,0.0
514,37,0.022558752447366714,0.087615966796875,0.01595713384449482,0.0181732177734375,0.14361572265625,0.966675341129303,1.0,0.125,0.0
514,38,0.06385061144828796,0.0949859619140625,0.04835682734847069,0.031646728515625,0.1404571533203125,0.9638795852661133,1.0,0.125,0.0
514,39,0.0545257143676281,0.1000213623046875,0.03223947435617447,0.021575927734375,0.136444091796875,0.949029266834259,1.0,0.125,0.06666666666666667
514,40,0.0016078012995421886,0.105560302734375,0.038040220737457275,0.0267181396484375,0.13976287841796875,0.9479076862335205,1.0,0.125,0.06666666666666667
514,41,0.0028282024431973696,0.10089111328125,0.026045283302664757,0.0312042236328125,0.14356231689453125,0.9554809331893921,1.0,0.125,0.0
514,42,0.02040381357073784,0.095703125,0.0419386588037014,0.0196685791015625,0.1527252197265625,0.9656511545181274,1.0,0.125,0.06666666666666667
514,43,0.04023009166121483,0.0905609130859375,0.02322826348245144,0.0168304443359375,0.14069366455078125,0.9572784304618835,1.0,0.125,0.0
514,44,0.011434447020292282,0.0871734619140625,0.020634843036532402,0.0140380859375,0.15872955322265625,0.9709890484809875,1.0,0.125,0.0
514,45,0.02471749484539032,0.09466552734375,0.024801386520266533,0.0193939208984375,0.13687896728515625,0.9493632912635803,1.0,0.125,0.13333333333333333
514,46,0.011610880494117737,0.0925140380859375,0.020722396671772003,0.02776336669921875,0.12801361083984375,0.9562101364135742,1.0,0.125,0.0
514,47,0.0105751259252429,0.1001434326171875,0.03013804741203785,0.02275848388671875,0.14769744873046875,0.9544671773910522,1.0,0.125,0.0
515,0,0.05641944706439972,0.144317626953125,0.1077037826180458,0.05609130859375,0.13091278076171875,0.9157523512840271,1.0,0.125,0.13333333333333333
515,1,0.02199648506939411,0.108856201171875,0.035570237785577774,0.032196044921875,0.153289794921875,0.9547505378723145,1.0,0.125,0.06666666666666667
515,2,0.12082665413618088,0.099029541015625,0.05284769460558891,0.0243988037109375,0.12804412841796875,0.94962477684021,1.0,0.125,0.06666666666666667
515,3,0.09920115768909454,0.1295623779296875,0.08332855254411697,0.0479736328125,0.12630462646484375,0.9204316139221191,1.0,0.125,0.0
515,4,0.08738075196743011,0.104278564453125,0.03247252479195595,0.0238800048828125,0.1450958251953125,0.9533414840698242,1.0,0.125,0.06666666666666667
515,5,0.003903247183188796,0.09564208984375,0.021252771839499474,0.02056884765625,0.1482086181640625,0.9580450057983398,1.0,0.125,0.0
515,6,0.06607154756784439,0.1255950927734375,0.0837588682770729,0.0410003662109375,0.1280975341796875,0.9287282228469849,1.0,0.125,0.0
515,7,0.0014914239291101694,0.122894287109375,0.07571129500865936,0.0427703857421875,0.13301849365234375,0.9352056980133057,1.0,0.125,0.0
515,8,0.2615995407104492,0.140167236328125,0.07006824761629105,0.04241943359375,0.14313125610351562,0.9250705242156982,1.0,0.125,0.0
515,9,0.09550592303276062,0.1314239501953125,0.061280615627765656,0.0391693115234375,0.12467193603515625,0.9182119369506836,1.0,0.125,0.0
515,10,0.008603567257523537,0.0848388671875,0.018421296030282974,0.020233154296875,0.1380615234375,0.9627326726913452,1.0,0.125,0.0
515,11,0.013443293049931526,0.0900726318359375,0.037354856729507446,0.0257568359375,0.14768218994140625,0.9675161242485046,1.0,0.125,0.13333333333333333
515,12,0.04376707971096039,0.108367919921875,0.047422852367162704,0.0207977294921875,0.1461944580078125,0.9512879848480225,1.0,0.125,0.0
515,13,0.060835402458906174,0.1214599609375,0.06335519999265671,0.02606201171875,0.15938949584960938,0.9449864625930786,1.0,0.125,0.0
515,14,0.12391172349452972,0.090606689453125,0.02985459938645363,0.028045654296875,0.13866424560546875,0.9605571031570435,1.0,0.125,0.06666666666666667
515,15,0.04988812655210495,0.0975494384765625,0.028304651379585266,0.0297088623046875,0.13448333740234375,0.9553501605987549,1.0,0.125,0.0
515,16,0.09774325788021088,0.1032867431640625,0.03157511726021767,0.03271484375,0.148284912109375,0.9569659233093262,1.0,0.125,0.0
515,17,0.05231887474656105,0.094970703125,0.027645085006952286,0.0216217041015625,0.1415863037109375,0.9552623629570007,1.0,0.125,0.0
515,18,0.24988865852355957,0.1204833984375,0.03457392379641533,0.0326385498046875,0.14292144775390625,0.9307804703712463,1.0,0.125,0.0
515,19,0.018633635714650154,0.0835723876953125,0.017545823007822037,0.012939453125,0.14452362060546875,0.9663225412368774,1.0,0.125,0.06666666666666667
515,20,0.03462827950716019,0.0715484619140625,0.016207441687583923,0.01116943359375,0.1387939453125,0.9741922616958618,1.0,0.125,0.0
515,21,0.01556757465004921,0.08135986328125,0.02474875934422016,0.015838623046875,0.13730621337890625,0.9675662517547607,1.0,0.125,0.0
515,22,0.06934770941734314,0.08746337890625,0.023315031081438065,0.016815185546875,0.1347503662109375,0.9599840044975281,1.0,0.125,0.0
515,23,0.11647066473960876,0.0880889892578125,0.02135833166539669,0.0233612060546875,0.14665985107421875,0.9648774862289429,1.0,0.125,0.0
515,24,0.010932844132184982,0.0960845947265625,0.02755153924226761,0.018524169921875,0.154449462890625,0.9617444276809692,1.0,0.125,0.06666666666666667
515,25,0.011940369382500648,0.089019775390625,0.02276846580207348,0.0190277099609375,0.1465606689453125,0.9629072546958923,1.0,0.125,0.0
515,26,0.10706228017807007,0.09765625,0.04060402512550354,0.02099609375,0.1385955810546875,0.9560655355453491,1.0,0.125,0.0
515,27,0.1444488912820816,0.11834716796875,0.06030912697315216,0.034149169921875,0.12342071533203125,0.9322975873947144,1.0,0.125,0.06666666666666667
515,28,0.07058285921812057,0.1092529296875,0.04325132071971893,0.026824951171875,0.12403106689453125,0.9383348226547241,1.0,0.125,0.0
515,29,0.20090869069099426,0.1427764892578125,0.0988776758313179,0.0342559814453125,0.11365318298339844,0.8998504877090454,1.0,0.125,0.0
515,30,0.05819883942604065,0.10357666015625,0.025581741705536842,0.027435302734375,0.1346588134765625,0.9449753761291504,1.0,0.125,0.0
515,31,0.3171307146549225,0.1092071533203125,0.045260000973939896,0.0287628173828125,0.14257049560546875,0.9448747038841248,1.0,0.125,0.0
515,32,0.1585141271352768,0.108489990234375,0.03247401490807533,0.028106689453125,0.1488800048828125,0.9498966932296753,1.0,0.125,0.0
515,33,0.08169884979724884,0.0851593017578125,0.016165727749466896,0.0177459716796875,0.1513671875,0.9685997366905212,1.0,0.125,0.06666666666666667
515,34,1.1864303350448608,0.1193389892578125,0.08572131395339966,0.04085540771484375,0.133453369140625,0.9364058375358582,1.0,0.125,0.06666666666666667
515,35,0.173498272895813,0.1340484619140625,0.10655855387449265,0.049163818359375,0.13721466064453125,0.9368044137954712,1.0,0.125,0.0
515,36,0.12576808035373688,0.159576416015625,0.08693210035562515,0.05279541015625,0.14961624145507812,0.9188984632492065,1.0,0.125,0.0
515,37,0.014433351345360279,0.105072021484375,0.02923435904085636,0.0230560302734375,0.15185546875,0.9553395509719849,1.0,0.125,0.0
515,38,0.051185883581638336,0.0960845947265625,0.041867177933454514,0.0164794921875,0.14115142822265625,0.954978346824646,1.0,0.125,0.0
515,39,0.014960730448365211,0.07867431640625,0.014007668010890484,0.015472412109375,0.13181304931640625,0.964893102645874,1.0,0.125,0.0
515,40,0.031338199973106384,0.074188232421875,0.022267691791057587,0.0108184814453125,0.1488037109375,0.977673351764679,1.0,0.125,0.06666666666666667
515,41,0.0013631497276946902,0.114166259765625,0.0682983547449112,0.0373077392578125,0.14269256591796875,0.9494959712028503,1.0,0.125,0.0
515,42,7.909909618319944e-05,0.107696533203125,0.03038838319480419,0.0218658447265625,0.18270111083984375,0.9675819873809814,1.0,0.125,0.0
515,43,0.02667423151433468,0.09320068359375,0.021623939275741577,0.0186309814453125,0.14807891845703125,0.9615361094474792,1.0,0.125,0.0
515,44,0.048242148011922836,0.08343505859375,0.02558407001197338,0.0203857421875,0.1354522705078125,0.9665895104408264,1.0,0.125,0.13333333333333333
515,45,0.14654132723808289,0.081024169921875,0.010636897757649422,0.013916015625,0.137725830078125,0.966782808303833,1.0,0.125,0.06666666666666667
515,46,0.0521223247051239,0.0782470703125,0.017692405730485916,0.018310546875,0.13491058349609375,0.9664322137832642,1.0,0.125,0.0
515,47,0.055951789021492004,0.0780029296875,0.024257155135273933,0.0179901123046875,0.1454925537109375,0.9706047773361206,1.0,0.125,0.06666666666666667
516,0,0.0019138776697218418,0.0863494873046875,0.025006650015711784,0.0233306884765625,0.1249847412109375,0.9577804207801819,1.0,0.125,0.0
516,1,0.09011116623878479,0.0716552734375,0.013624381273984909,0.0124053955078125,0.13509368896484375,0.9741569757461548,1.0,0.125,0.0
516,2,0.02309522219002247,0.0664520263671875,0.021639905869960785,0.0052947998046875,0.1338958740234375,0.9757910966873169,1.0,0.125,0.0
516,3,0.045118723064661026,0.0742340087890625,0.021013380959630013,0.00955963134765625,0.143035888671875,0.9740798473358154,1.0,0.125,0.0
516,4,0.0027161953039467335,0.0708465576171875,0.011346702463924885,0.013427734375,0.1273193359375,0.9701294898986816,1.0,0.125,0.0
516,5,0.05266495794057846,0.0897979736328125,0.04904000461101532,0.022308349609375,0.1333465576171875,0.9600591659545898,1.0,0.125,0.0
516,6,0.08417025953531265,0.0884857177734375,0.026412779465317726,0.0153961181640625,0.13735198974609375,0.9580191969871521,1.0,0.125,0.0
516,7,0.06154201552271843,0.08929443359375,0.03180048614740372,0.0217437744140625,0.1359100341796875,0.9638586044311523,1.0,0.125,0.06666666666666667
516,8,0.01831260696053505,0.0948638916015625,0.03599832206964493,0.0205230712890625,0.13729095458984375,0.9543032646179199,1.0,0.125,0.0
516,9,0.1015697494149208,0.1215362548828125,0.08292430639266968,0.040374755859375,0.12221908569335938,0.9299904704093933,1.0,0.125,0.0
516,10,0.23343752324581146,0.126708984375,0.09434191137552261,0.0493316650390625,0.1349029541015625,0.9388059377670288,1.0,0.125,0.0
516,11,0.036852382123470306,0.153839111328125,0.08127013593912125,0.0560760498046875,0.1555023193359375,0.9273828864097595,1.0,0.125,0.0
516,12,0.5045007467269897,0.1429443359375,0.06446364521980286,0.039337158203125,0.1579132080078125,0.9327800273895264,1.0,0.125,0.0
516,13,0.015995286405086517,0.10986328125,0.044746968895196915,0.0226593017578125,0.15674591064453125,0.9498184323310852,1.0,0.125,0.0
516,14,0.042067769914865494,0.07489013671875,0.01824767515063286,0.01434326171875,0.14362335205078125,0.9750122427940369,1.0,0.125,0.13333333333333333
516,15,0.03165699169039726,0.0680999755859375,0.017514318227767944,0.0077667236328125,0.1376953125,0.9752081632614136,1.0,0.125,0.0
516,16,0.027539096772670746,0.070556640625,0.018994588404893875,0.01336669921875,0.14240264892578125,0.9777483940124512,1.0,0.125,0.0
516,17,0.012969725765287876,0.076202392578125,0.019386878237128258,0.0093994140625,0.13747406005859375,0.9689964056015015,1.0,0.125,0.13333333333333333
516,18,0.006145250517874956,0.081634521484375,0.019574284553527832,0.0150146484375,0.13626861572265625,0.9643087983131409,1.0,0.125,0.13333333333333333
516,19,0.010102754458785057,0.0673828125,0.01294204406440258,0.009185791015625,0.12238311767578125,0.9705910682678223,1.0,0.125,0.0
516,20,0.0190102718770504,0.0872650146484375,0.034285999834537506,0.0226287841796875,0.14173126220703125,0.9639025330543518,1.0,0.125,0.0
516,21,0.0011293054558336735,0.12017822265625,0.07857690006494522,0.0417327880859375,0.14516448974609375,0.9489637017250061,1.0,0.125,0.0
516,22,0.05028712376952171,0.0984039306640625,0.03338700905442238,0.028289794921875,0.13967132568359375,0.9526792764663696,1.0,0.125,0.0
516,23,0.06772457808256149,0.080780029296875,0.018637197092175484,0.0151519775390625,0.13533782958984375,0.963728666305542,1.0,0.125,0.0
516,24,0.06363614648580551,0.103729248046875,0.03350645303726196,0.02874755859375,0.15708160400390625,0.9589922428131104,1.0,0.125,0.06666666666666667
516,25,0.022377993911504745,0.0721435546875,0.015683304518461227,0.0142364501953125,0.13724517822265625,0.9747439622879028,1.0,0.125,0.06666666666666667
516,26,0.0996423289179802,0.102996826171875,0.04978567734360695,0.024627685546875,0.138397216796875,0.9509768486022949,1.0,0.125,0.0
516,27,0.0033953492529690266,0.14459228515625,0.07832598686218262,0.06678009033203125,0.14075469970703125,0.9243550896644592,1.0,0.125,0.0
516,28,0.0032643405720591545,0.0699462890625,0.013635586947202682,0.0123748779296875,0.13320159912109375,0.9743548631668091,1.0,0.125,0.06666666666666667
516,29,0.012371753342449665,0.069915771484375,0.018937602639198303,0.01202392578125,0.140106201171875,0.9778200387954712,1.0,0.125,0.0
516,30,0.039661478251218796,0.06805419921875,0.010722923092544079,0.0086212158203125,0.13449859619140625,0.9740039110183716,1.0,0.125,0.13333333333333333
516,31,0.03299573063850403,0.0731048583984375,0.023760158568620682,0.01720428466796875,0.1376953125,0.967644214630127,1.0,0.125,0.0
516,32,0.003929572179913521,0.0799102783203125,0.020665735006332397,0.0170745849609375,0.13094329833984375,0.9650475978851318,1.0,0.125,0.0
516,33,0.0413702130317688,0.09320068359375,0.031646888703107834,0.02227783203125,0.14861297607421875,0.9612473845481873,1.0,0.125,0.0
516,34,0.23673203587532043,0.134490966796875,0.06639255583286285,0.04534912109375,0.1441802978515625,0.9345090985298157,1.0,0.125,0.0
516,35,0.07660886645317078,0.12005615234375,0.03865482285618782,0.0285797119140625,0.1466217041015625,0.9385327100753784,1.0,0.125,0.0
516,36,0.015386044047772884,0.0958251953125,0.02761191688477993,0.0263519287109375,0.14812469482421875,0.9602031111717224,1.0,0.125,0.0
516,37,0.010400302708148956,0.0816802978515625,0.032322824001312256,0.019134521484375,0.1331329345703125,0.9670220017433167,1.0,0.125,0.0
516,38,0.005128188524395227,0.0720672607421875,0.009444179944694042,0.0098114013671875,0.1460723876953125,0.9770081639289856,1.0,0.125,0.0
516,39,0.0050711194053292274,0.0582275390625,0.011356804519891739,0.008514404296875,0.13751983642578125,0.9877310395240784,1.0,0.125,0.0
516,40,0.027398597449064255,0.0690155029296875,0.012918049469590187,0.0129547119140625,0.1354522705078125,0.9775338768959045,1.0,0.125,0.0
516,41,0.008771452121436596,0.10791015625,0.07009430229663849,0.051910400390625,0.1159820556640625,0.9296422004699707,1.0,0.125,0.0
516,42,0.008129877038300037,0.094390869140625,0.04246256500482559,0.0281829833984375,0.1235809326171875,0.9508846402168274,1.0,0.125,0.06666666666666667
516,43,0.008384402841329575,0.09381103515625,0.02751372568309307,0.0270538330078125,0.121673583984375,0.948711633682251,1.0,0.125,0.06666666666666667
516,44,0.009677065536379814,0.0773773193359375,0.019426152110099792,0.0191497802734375,0.1362152099609375,0.9694597721099854,1.0,0.125,0.0
516,45,0.027533164247870445,0.0804443359375,0.022746387869119644,0.015716552734375,0.13767242431640625,0.9678587317466736,1.0,0.125,0.0
516,46,0.052330173552036285,0.0743560791015625,0.01809915527701378,0.01324462890625,0.12931060791015625,0.9667995572090149,1.0,0.125,0.06666666666666667
516,47,0.021145356819033623,0.0767364501953125,0.022828245535492897,0.0111541748046875,0.144256591796875,0.974097490310669,1.0,0.125,0.13333333333333333
517,0,0.061779845505952835,0.096923828125,0.02718360908329487,0.029998779296875,0.14960479736328125,0.9595649242401123,1.0,0.125,0.0
517,1,0.16170866787433624,0.1366729736328125,0.11447781324386597,0.05511474609375,0.13652420043945312,0.9356570243835449,1.0,0.125,0.0
517,2,0.10620193183422089,0.10400390625,0.025711381807923317,0.028167724609375,0.14847564697265625,0.9559270143508911,1.0,0.125,0.06666666666666667
517,3,0.08755236864089966,0.103790283203125,0.06782523542642593,0.032257080078125,0.13158416748046875,0.9495614767074585,1.0,0.125,0.0
517,4,0.12601909041404724,0.0736083984375,0.013483935967087746,0.0112457275390625,0.1348876953125,0.9708338975906372,1.0,0.125,0.0
517,5,0.0009736256906762719,0.1136474609375,0.047810282558202744,0.0292816162109375,0.15077972412109375,0.9511023163795471,1.0,0.125,0.0
517,6,0.021375948563218117,0.086822509765625,0.027703894302248955,0.016937255859375,0.13690185546875,0.9639451503753662,1.0,0.125,0.0
517,7,0.01318162027746439,0.10931396484375,0.06493844836950302,0.02130126953125,0.13786697387695312,0.9469918012619019,1.0,0.125,0.0
517,8,0.024967681616544724,0.142974853515625,0.08674192428588867,0.0446319580078125,0.1421051025390625,0.9265908598899841,1.0,0.125,0.0
517,9,0.08975210785865784,0.1517333984375,0.04900282993912697,0.044189453125,0.15471649169921875,0.9208766222000122,1.0,0.125,0.0
517,10,0.01312570832669735,0.1025390625,0.035428162664175034,0.0239410400390625,0.15541839599609375,0.9611132144927979,1.0,0.125,0.0
517,11,0.06993228197097778,0.0901336669921875,0.027745995670557022,0.01605224609375,0.14414215087890625,0.9621132612228394,1.0,0.125,0.0
517,12,0.0505080483853817,0.0767059326171875,0.021523045375943184,0.014312744140625,0.13295745849609375,0.969640851020813,1.0,0.125,0.0
517,13,0.03513362258672714,0.08673095703125,0.014852375723421574,0.013824462890625,0.1502227783203125,0.9644711017608643,1.0,0.125,0.0
517,14,0.03588561713695526,0.07891845703125,0.023085573688149452,0.0160980224609375,0.13320159912109375,0.9652539491653442,1.0,0.125,0.13333333333333333
517,15,0.00044410116970539093,0.07989501953125,0.023236285895109177,0.0207061767578125,0.11438751220703125,0.9565274715423584,1.0,0.125,0.0
517,16,0.057859282940626144,0.0814208984375,0.02414802648127079,0.0133819580078125,0.14205169677734375,0.9660535454750061,1.0,0.125,0.0
517,17,0.03864552825689316,0.07708740234375,0.018275214359164238,0.0146942138671875,0.13658905029296875,0.9662513732910156,1.0,0.125,0.0
517,18,0.027036145329475403,0.073089599609375,0.01386422012001276,0.0129547119140625,0.12616729736328125,0.9681766033172607,1.0,0.125,0.0
517,19,0.034471169114112854,0.082611083984375,0.024643978103995323,0.0154571533203125,0.13681793212890625,0.9651337265968323,1.0,0.125,0.0
517,20,0.11877059936523438,0.1287841796875,0.062274884432554245,0.05889129638671875,0.14185333251953125,0.9140512347221375,1.0,0.125,0.0
517,21,0.02320036105811596,0.076446533203125,0.01700481027364731,0.014801025390625,0.13053131103515625,0.9667985439300537,1.0,0.125,0.0
517,22,0.04621686786413193,0.068115234375,0.021769966930150986,0.011962890625,0.13735198974609375,0.9799198508262634,1.0,0.125,0.0
517,23,0.060023680329322815,0.0742645263671875,0.01659487932920456,0.0124359130859375,0.14386749267578125,0.9759255051612854,1.0,0.125,0.0
517,24,0.06608164310455322,0.0936126708984375,0.021616438403725624,0.0263824462890625,0.1441650390625,0.9573279619216919,1.0,0.125,0.0
517,25,0.026711367070674896,0.0755615234375,0.01259100716561079,0.01318359375,0.139190673828125,0.972757875919342,1.0,0.125,0.0
517,26,0.0006277930224314332,0.102783203125,0.034493882209062576,0.031707763671875,0.12917327880859375,0.9435746669769287,1.0,0.125,0.0
517,27,0.08709320425987244,0.084991455078125,0.021234950050711632,0.0142822265625,0.14192962646484375,0.9642059803009033,1.0,0.125,0.0
517,28,0.01460634171962738,0.0706634521484375,0.015315803699195385,0.01251220703125,0.13480377197265625,0.975016176700592,1.0,0.125,0.0
517,29,0.06290047615766525,0.073089599609375,0.01782265678048134,0.0105133056640625,0.13677215576171875,0.9728132486343384,1.0,0.125,0.0
517,30,0.006500673480331898,0.07720947265625,0.026118982583284378,0.0168914794921875,0.13425445556640625,0.9706685543060303,1.0,0.125,0.0
517,31,0.05958908051252365,0.0782318115234375,0.022174663841724396,0.019317626953125,0.1389617919921875,0.9680243134498596,1.0,0.125,0.0
517,32,0.004399594385176897,0.085052490234375,0.01622958481311798,0.02166748046875,0.1300506591796875,0.958128809928894,1.0,0.125,0.0
517,33,0.005680819042026997,0.0791168212890625,0.016878945752978325,0.0132598876953125,0.13033294677734375,0.9619254469871521,1.0,0.125,0.0
517,34,0.18184126913547516,0.08673095703125,0.01985744759440422,0.0161285400390625,0.14093780517578125,0.959753155708313,1.0,0.125,0.0
517,35,0.05668182671070099,0.0784454345703125,0.022112207487225533,0.016082763671875,0.13648223876953125,0.9701095819473267,1.0,0.125,0.0
517,36,0.009314365684986115,0.09393310546875,0.03172695264220238,0.032928466796875,0.12693023681640625,0.9537112712860107,1.0,0.125,0.0
517,37,0.0009670949075371027,0.0996551513671875,0.041358981281518936,0.0359344482421875,0.14423370361328125,0.9566367864608765,1.0,0.125,0.0
517,38,0.11926702409982681,0.0913543701171875,0.033966075628995895,0.03509521484375,0.1269989013671875,0.9564829468727112,1.0,0.125,0.0
517,39,0.08068539202213287,0.086151123046875,0.03553398326039314,0.0204620361328125,0.12969207763671875,0.9625767469406128,1.0,0.125,0.0
517,40,0.04292741045355797,0.074920654296875,0.014277237467467785,0.010345458984375,0.133880615234375,0.9680919647216797,1.0,0.125,0.06666666666666667
517,41,0.028048742562532425,0.06719970703125,0.016350246965885162,0.010406494140625,0.131500244140625,0.9758968353271484,1.0,0.125,0.06666666666666667
517,42,0.02037346549332142,0.0632781982421875,0.014830216765403748,0.00482177734375,0.14531707763671875,0.9808475971221924,1.0,0.125,0.0
517,43,0.07936196774244308,0.077606201171875,0.02674020826816559,0.01287841796875,0.14130401611328125,0.9676309823989868,1.0,0.125,0.0
517,44,0.008955609053373337,0.09613037109375,0.036545280367136,0.016998291015625,0.13831329345703125,0.9539105892181396,1.0,0.125,0.06666666666666667
517,45,0.028568219393491745,0.1052093505859375,0.04198060557246208,0.02801513671875,0.161651611328125,0.9629937410354614,1.0,0.125,0.06666666666666667
517,46,0.20619894564151764,0.10906982421875,0.04140995815396309,0.02679443359375,0.1521453857421875,0.9523903131484985,1.0,0.125,0.0
517,47,0.19372770190238953,0.1245574951171875,0.08582811057567596,0.0370635986328125,0.1332244873046875,0.9382848739624023,1.0,0.125,0.06666666666666667
518,0,0.00622845022007823,0.0761566162109375,0.014335979707539082,0.0123291015625,0.132537841796875,0.9671045541763306,1.0,0.125,0.0
518,1,0.0033580008894205093,0.0628509521484375,0.00904761254787445,0.006317138671875,0.12111663818359375,0.9755414724349976,1.0,0.125,0.0
518,2,0.019563959911465645,0.079254150390625,0.027186332270503044,0.0161895751953125,0.1449432373046875,0.9704039692878723,1.0,0.125,0.0
518,3,0.038097843527793884,0.066619873046875,0.016820888966321945,0.0078887939453125,0.12976837158203125,0.9729745984077454,1.0,0.125,0.0
518,4,0.00908992812037468,0.06396484375,0.009694027714431286,0.00640869140625,0.13101959228515625,0.9770271182060242,1.0,0.125,0.0
518,5,0.06673234701156616,0.065460205078125,0.013029218651354313,0.010833740234375,0.12522125244140625,0.973410964012146,1.0,0.125,0.0
518,6,0.05384904146194458,0.08758544921875,0.030532527714967728,0.02081298828125,0.1337432861328125,0.9600470662117004,1.0,0.125,0.0
518,7,0.013715486973524094,0.10150146484375,0.023693514987826347,0.030975341796875,0.141387939453125,0.9520717263221741,1.0,0.125,0.0
518,8,0.0020838314667344093,0.07647705078125,0.019863074645400047,0.0185546875,0.12122344970703125,0.9635762572288513,1.0,0.125,0.06666666666666667
518,9,0.0029273838736116886,0.071014404296875,0.016517849639058113,0.014190673828125,0.14130401611328125,0.9771816730499268,1.0,0.125,0.0
518,10,0.06663564592599869,0.077484130859375,0.019142063334584236,0.0106353759765625,0.1392669677734375,0.9658608436584473,1.0,0.125,0.0
518,11,0.05203591287136078,0.081390380859375,0.019939705729484558,0.014617919921875,0.149078369140625,0.9686373472213745,1.0,0.125,0.0
518,12,0.017829598858952522,0.0823516845703125,0.024737348780035973,0.0157012939453125,0.147979736328125,0.9706894159317017,1.0,0.125,0.0
518,13,0.11743759363889694,0.0853118896484375,0.02230348065495491,0.0117950439453125,0.1561279296875,0.9692908525466919,1.0,0.125,0.0
518,14,0.023242667317390442,0.0780792236328125,0.017750680446624756,0.0157623291015625,0.13913726806640625,0.9688440561294556,1.0,0.125,0.0
518,15,0.005728770978748798,0.0750274658203125,0.02079762890934944,0.0111236572265625,0.13167572021484375,0.968445360660553,1.0,0.125,0.0
518,16,0.020186377689242363,0.069122314453125,0.01858816109597683,0.0144195556640625,0.13144683837890625,0.9759917259216309,1.0,0.125,0.0
518,17,0.022327587008476257,0.0667877197265625,0.009538671933114529,0.00750732421875,0.134796142578125,0.9749119281768799,1.0,0.125,0.06666666666666667
518,18,0.05520101264119148,0.09173583984375,0.027455171570181847,0.0223236083984375,0.1315155029296875,0.9470416307449341,1.0,0.125,0.0
518,19,0.030296361073851585,0.069488525390625,0.014672291465103626,0.0105743408203125,0.144073486328125,0.9754992723464966,1.0,0.125,0.0
518,20,0.014805685728788376,0.0779266357421875,0.02634771354496479,0.0208740234375,0.13471221923828125,0.9687142968177795,1.0,0.125,0.0
518,21,0.04782785102725029,0.07684326171875,0.02523115463554859,0.0163421630859375,0.13967132568359375,0.9719150066375732,1.0,0.125,0.0
518,22,0.022033270448446274,0.0691070556640625,0.020528050139546394,0.0123748779296875,0.13262939453125,0.9739875793457031,1.0,0.125,0.0
518,23,0.16845503449440002,0.0770416259765625,0.014938276261091232,0.016815185546875,0.14847564697265625,0.9761257171630859,1.0,0.125,0.0
518,24,0.030102264136075974,0.078338623046875,0.01430148258805275,0.0120849609375,0.14118194580078125,0.9704904556274414,1.0,0.125,0.0
518,25,0.04816247522830963,0.0753326416015625,0.023044949397444725,0.013427734375,0.13523101806640625,0.9686330556869507,1.0,0.125,0.0
518,26,0.02416941523551941,0.0670318603515625,0.014201654121279716,0.0111541748046875,0.13408660888671875,0.9772627353668213,1.0,0.125,0.0
518,27,0.02031695656478405,0.0880126953125,0.017690932378172874,0.022247314453125,0.1427459716796875,0.9623397588729858,1.0,0.125,0.06666666666666667
518,28,0.007777288090437651,0.0676116943359375,0.018015500158071518,0.012725830078125,0.10872650146484375,0.9642131328582764,1.0,0.125,0.0
518,29,0.004058923572301865,0.0885467529296875,0.02990158461034298,0.0257110595703125,0.12842559814453125,0.9605675935745239,1.0,0.125,0.0
518,30,0.0021368477027863264,0.1021575927734375,0.04816195368766785,0.027862548828125,0.13018798828125,0.9481161832809448,1.0,0.125,0.0
518,31,0.03915604203939438,0.08929443359375,0.01921502687036991,0.014373779296875,0.160064697265625,0.9651873111724854,1.0,0.125,0.0
518,32,0.03698452562093735,0.0692138671875,0.017713239416480064,0.0115966796875,0.1419677734375,0.9770399928092957,1.0,0.125,0.0
518,33,0.020026380196213722,0.0728302001953125,0.021930690854787827,0.01435089111328125,0.12538909912109375,0.9698749780654907,1.0,0.125,0.0
518,34,0.0042263176292181015,0.0706939697265625,0.016078557819128036,0.0114593505859375,0.12218475341796875,0.9693605303764343,1.0,0.125,0.0
518,35,0.02222886122763157,0.0693206787109375,0.012776181101799011,0.0123443603515625,0.1289825439453125,0.9742689728736877,1.0,0.125,0.0
518,36,0.046351175755262375,0.08026123046875,0.017060717567801476,0.021514892578125,0.138946533203125,0.9687755107879639,1.0,0.125,0.0
518,37,0.01861986517906189,0.072265625,0.01622479408979416,0.013275146484375,0.1361083984375,0.9734976291656494,1.0,0.125,0.0
518,38,0.026600897312164307,0.092071533203125,0.027931954711675644,0.026458740234375,0.14810943603515625,0.9645010232925415,1.0,0.125,0.0
518,39,0.06519023329019547,0.0798492431640625,0.02446245588362217,0.014617919921875,0.1495513916015625,0.974149227142334,1.0,0.125,0.0
518,40,0.06343365460634232,0.080078125,0.020814867690205574,0.0141754150390625,0.15776824951171875,0.9772660732269287,1.0,0.125,0.0
518,41,0.01719900593161583,0.0753631591796875,0.012903333641588688,0.013153076171875,0.1322784423828125,0.9688819646835327,1.0,0.125,0.06666666666666667
518,42,0.02711556851863861,0.075042724609375,0.02054753340780735,0.014434814453125,0.1337432861328125,0.9673614501953125,1.0,0.125,0.0
518,43,0.028237588703632355,0.0663909912109375,0.01543633732944727,0.0124053955078125,0.1229095458984375,0.9731006622314453,1.0,0.125,0.0
518,44,0.018064668402075768,0.0689544677734375,0.016753893345594406,0.00823974609375,0.14090728759765625,0.979606032371521,1.0,0.125,0.0
518,45,0.05794808641076088,0.072784423828125,0.018431782722473145,0.01422119140625,0.141510009765625,0.9750457406044006,1.0,0.125,0.0
518,46,0.09750214219093323,0.07757568359375,0.01427191961556673,0.014373779296875,0.14475250244140625,0.9734615087509155,1.0,0.125,0.06666666666666667
518,47,0.02425418235361576,0.0801239013671875,0.023600997403264046,0.0182647705078125,0.14658355712890625,0.9710444211959839,1.0,0.125,0.0
519,0,0.0094666238874197,0.1316986083984375,0.08552887290716171,0.041046142578125,0.144073486328125,0.93922358751297,1.0,0.125,0.0
519,1,0.3297797739505768,0.143585205078125,0.057107895612716675,0.046783447265625,0.16251373291015625,0.933158814907074,1.0,0.125,0.0
519,2,0.0025592013262212276,0.142578125,0.08344431966543198,0.051422119140625,0.14373779296875,0.931396484375,1.0,0.125,0.0
519,3,0.1947409212589264,0.1103515625,0.030960168689489365,0.023895263671875,0.15877532958984375,0.9546467065811157,1.0,0.125,0.0
519,4,0.038593996316194534,0.084259033203125,0.011709805577993393,0.014434814453125,0.156494140625,0.9725556373596191,1.0,0.125,0.0
519,5,0.024690765887498856,0.1029052734375,0.04411976411938667,0.0261688232421875,0.14422607421875,0.9521852731704712,1.0,0.125,0.0
519,6,0.007133796811103821,0.0916290283203125,0.03773421421647072,0.0290679931640625,0.13622283935546875,0.9610828161239624,1.0,0.125,0.0
519,7,0.04781002923846245,0.1080322265625,0.04729291424155235,0.031982421875,0.12140655517578125,0.9393969774246216,1.0,0.125,0.0
519,8,0.025919167324900627,0.126708984375,0.0503862127661705,0.0446929931640625,0.13677978515625,0.9374310970306396,1.0,0.125,0.06666666666666667
519,9,0.08988578617572784,0.0999603271484375,0.03816976398229599,0.0289764404296875,0.173309326171875,0.9652574062347412,1.0,0.125,0.0
519,10,0.15794077515602112,0.1024169921875,0.037780020385980606,0.01910400390625,0.14678955078125,0.9534687995910645,1.0,0.125,0.0
519,11,0.294491708278656,0.1453704833984375,0.09034011512994766,0.06661224365234375,0.15170669555664062,0.8996356129646301,1.0,0.125,0.0
519,12,0.003230421571061015,0.105133056640625,0.02720482461154461,0.0218353271484375,0.14577484130859375,0.9530066251754761,1.0,0.125,0.06666666666666667
519,13,0.013629850000143051,0.0874786376953125,0.02084718458354473,0.0174560546875,0.1424560546875,0.9628674983978271,1.0,0.125,0.0
519,14,0.01440981775522232,0.0976409912109375,0.033190835267305374,0.0182952880859375,0.13716888427734375,0.9534609317779541,1.0,0.125,0.06666666666666667
519,15,0.008206263184547424,0.0921630859375,0.0232591200619936,0.022705078125,0.1274566650390625,0.9530330896377563,1.0,0.125,0.0
519,16,0.028528694063425064,0.0739288330078125,0.018831145018339157,0.014129638671875,0.14992523193359375,0.9781326651573181,1.0,0.125,0.06666666666666667
519,17,0.014774346724152565,0.0744171142578125,0.018535848706960678,0.0121307373046875,0.14373779296875,0.9733154773712158,1.0,0.125,0.06666666666666667
519,18,0.026725348085165024,0.0776214599609375,0.017156735062599182,0.0157470703125,0.1298828125,0.9631165862083435,1.0,0.125,0.0
519,19,0.07715535908937454,0.1123199462890625,0.057332608848810196,0.029815673828125,0.12633514404296875,0.9398929476737976,1.0,0.125,0.06666666666666667
519,20,0.0004786453500855714,0.139984130859375,0.0625404492020607,0.0405426025390625,0.1687774658203125,0.9379266500473022,1.0,0.125,0.0
519,21,0.002517451997846365,0.11773681640625,0.03441295027732849,0.024627685546875,0.16379547119140625,0.9505494832992554,1.0,0.125,0.0
519,22,0.19274459779262543,0.12225341796875,0.04210660606622696,0.0321807861328125,0.165191650390625,0.9476305842399597,1.0,0.125,0.0
519,23,0.06492971628904343,0.121124267578125,0.048841692507267,0.0243988037109375,0.15807342529296875,0.9469105005264282,1.0,0.125,0.0
519,24,0.046523962169885635,0.086151123046875,0.015966469421982765,0.01483154296875,0.1568145751953125,0.9719098806381226,1.0,0.125,0.0
519,25,0.009429368190467358,0.090911865234375,0.03500182554125786,0.021484375,0.13802337646484375,0.9620316028594971,1.0,0.125,0.0
519,26,0.0018720193766057491,0.0767974853515625,0.02299850806593895,0.0136566162109375,0.13851165771484375,0.9718754291534424,1.0,0.125,0.0
519,27,0.0704692006111145,0.1065216064453125,0.044453348964452744,0.02935791015625,0.12158966064453125,0.9399615526199341,1.0,0.125,0.0
519,28,0.00792967900633812,0.112884521484375,0.04529589042067528,0.0407562255859375,0.1310577392578125,0.9458216428756714,1.0,0.125,0.06666666666666667
519,29,0.011095408350229263,0.08770751953125,0.03030437044799328,0.0236663818359375,0.149169921875,0.9633044004440308,1.0,0.125,0.0
519,30,0.0979873389005661,0.1025238037109375,0.04370308667421341,0.0328369140625,0.1483612060546875,0.9570344686508179,1.0,0.125,0.06666666666666667
519,31,0.08636990189552307,0.0861358642578125,0.019582532346248627,0.018402099609375,0.1477203369140625,0.9700203537940979,1.0,0.125,0.0
519,32,0.036377742886543274,0.072601318359375,0.014768458902835846,0.0133514404296875,0.14129638671875,0.9765821099281311,1.0,0.125,0.0
519,33,0.07144252955913544,0.1024932861328125,0.05419778823852539,0.0204620361328125,0.1386566162109375,0.9504426717758179,1.0,0.125,0.0
519,34,0.019177375361323357,0.0896453857421875,0.02585287019610405,0.0212860107421875,0.139739990234375,0.9608092308044434,1.0,0.125,0.0
519,35,0.028349393978714943,0.0729522705078125,0.02121693268418312,0.010894775390625,0.14696502685546875,0.9779852628707886,1.0,0.125,0.06666666666666667
519,36,0.01792958565056324,0.098785400390625,0.03683358058333397,0.02880859375,0.1338653564453125,0.9537789821624756,1.0,0.125,0.0
519,37,0.0266922265291214,0.0997772216796875,0.02969229780137539,0.029327392578125,0.1213531494140625,0.9410786032676697,1.0,0.125,0.0
519,38,0.033638861030340195,0.09814453125,0.02792663499712944,0.0224151611328125,0.12566375732421875,0.9435407519340515,1.0,0.125,0.0
519,39,0.009963960386812687,0.08612060546875,0.016963711008429527,0.0209808349609375,0.12969207763671875,0.9565112590789795,1.0,0.125,0.0
519,40,0.02107739821076393,0.070770263671875,0.016324108466506004,0.0111236572265625,0.13277435302734375,0.9710475206375122,1.0,0.125,0.0
519,41,0.03421565145254135,0.07574462890625,0.023966306820511818,0.0113525390625,0.13744354248046875,0.9687231779098511,1.0,0.125,0.0
519,42,0.03513123095035553,0.0808563232421875,0.021027512848377228,0.016815185546875,0.13576507568359375,0.9659527540206909,1.0,0.125,0.0
519,43,0.054931387305259705,0.0945892333984375,0.030391214415431023,0.0217437744140625,0.1456451416015625,0.9562778472900391,1.0,0.125,0.0
519,44,0.002460378222167492,0.0792999267578125,0.030479494482278824,0.0211944580078125,0.14185333251953125,0.9718855619430542,1.0,0.125,0.0
519,45,0.0341811329126358,0.1011962890625,0.039056967943906784,0.0232086181640625,0.12491607666015625,0.9454560279846191,1.0,0.125,0.0
519,46,0.04518292471766472,0.1270751953125,0.061048705130815506,0.050262451171875,0.13580322265625,0.9355696439743042,1.0,0.125,0.06666666666666667
519,47,0.0218794047832489,0.0861053466796875,0.016754060983657837,0.00970458984375,0.16211700439453125,0.9727663993835449,1.0,0.125,0.0
520,0,0.08954150229692459,0.115081787109375,0.037797559052705765,0.0263824462890625,0.140411376953125,0.9395883083343506,1.0,0.125,0.0
520,1,0.004067898262292147,0.13836669921875,0.06564383953809738,0.0343170166015625,0.1518402099609375,0.929015040397644,1.0,0.125,0.0
520,2,0.012045118026435375,0.142578125,0.043339602649211884,0.041595458984375,0.1549224853515625,0.9263299107551575,1.0,0.125,0.06666666666666667
520,3,0.04135046526789665,0.1020355224609375,0.04953667148947716,0.022186279296875,0.1540985107421875,0.954384446144104,1.0,0.125,0.06666666666666667
520,4,0.019488802179694176,0.0726470947265625,0.01786818541586399,0.01123046875,0.14400482177734375,0.9763903617858887,1.0,0.125,0.0
520,5,0.05587984248995781,0.09954833984375,0.025374701246619225,0.014892578125,0.14926910400390625,0.9541760087013245,1.0,0.125,0.0
520,6,0.20461685955524445,0.1143646240234375,0.05298702046275139,0.026763916015625,0.138397216796875,0.9424555897712708,1.0,0.125,0.0
520,7,0.09575171768665314,0.116943359375,0.03633555769920349,0.0447998046875,0.14044952392578125,0.9421881437301636,1.0,0.125,0.0
520,8,0.15213704109191895,0.0992889404296875,0.03284130617976189,0.0254058837890625,0.14072418212890625,0.9553898572921753,1.0,0.125,0.0
520,9,0.12543556094169617,0.115386962890625,0.030731050297617912,0.041717529296875,0.13532257080078125,0.9388986825942993,1.0,0.125,0.0
520,10,0.044058673083782196,0.106048583984375,0.03294370695948601,0.036712646484375,0.13800811767578125,0.9499273896217346,1.0,0.125,0.0
520,11,0.035301826894283295,0.100250244140625,0.024682193994522095,0.02789306640625,0.147247314453125,0.9533317685127258,1.0,0.125,0.0
520,12,0.06470495462417603,0.117523193359375,0.04668594151735306,0.03143310546875,0.13115692138671875,0.9286673665046692,1.0,0.125,0.0
520,13,0.04213617369532585,0.1214752197265625,0.04636494442820549,0.031036376953125,0.11857986450195312,0.9230104088783264,1.0,0.125,0.0
520,14,0.03194441273808479,0.1174774169921875,0.03890226036310196,0.04473876953125,0.13970184326171875,0.9438373446464539,1.0,0.125,0.0
520,15,0.205874502658844,0.10614013671875,0.03696519136428833,0.015350341796875,0.1510772705078125,0.9526879787445068,1.0,0.125,0.0
520,16,0.11548405885696411,0.1124420166015625,0.04098563641309738,0.0277099609375,0.1440887451171875,0.9402651190757751,1.0,0.125,0.0
520,17,0.20952001214027405,0.11236572265625,0.04384206607937813,0.035736083984375,0.12693023681640625,0.9357404708862305,1.0,0.125,0.0
520,18,0.0106570515781641,0.0975341796875,0.02026771567761898,0.0276336669921875,0.125640869140625,0.945360541343689,1.0,0.125,0.0
520,19,0.08787599951028824,0.0771484375,0.01985454000532627,0.019683837890625,0.13745880126953125,0.9717329740524292,1.0,0.125,0.0
520,20,0.057710789144039154,0.090667724609375,0.01772729866206646,0.01983642578125,0.14313507080078125,0.9601055383682251,1.0,0.125,0.06666666666666667
520,21,0.08553247153759003,0.0988006591796875,0.0465627983212471,0.0211181640625,0.14128875732421875,0.9546370506286621,1.0,0.125,0.0
520,22,0.012066679075360298,0.0867156982421875,0.025991979986429214,0.0182647705078125,0.1365203857421875,0.9601759910583496,1.0,0.125,0.0
520,23,0.044370196759700775,0.09271240234375,0.04366198554635048,0.0234832763671875,0.13720703125,0.961823582649231,1.0,0.125,0.13333333333333333
520,24,0.015747005119919777,0.0997772216796875,0.029623212292790413,0.0262603759765625,0.1404266357421875,0.9539939165115356,1.0,0.125,0.0
520,25,0.02060074359178543,0.095550537109375,0.031875066459178925,0.0241851806640625,0.13999176025390625,0.9531229734420776,1.0,0.125,0.0
520,26,0.1034577339887619,0.0870513916015625,0.025889264419674873,0.018218994140625,0.14084625244140625,0.9636512994766235,1.0,0.125,0.0
520,27,0.01633717678487301,0.083282470703125,0.01286086905747652,0.0159912109375,0.1342315673828125,0.9605993032455444,1.0,0.125,0.0
520,28,0.024025002494454384,0.1060028076171875,0.05080927908420563,0.0243988037109375,0.14875030517578125,0.9544559121131897,1.0,0.125,0.0
520,29,0.21417753398418427,0.145660400390625,0.06595293432474136,0.0622406005859375,0.15210723876953125,0.9086087346076965,1.0,0.125,0.0
520,30,0.0005863320548087358,0.07525634765625,0.025578828528523445,0.015899658203125,0.127960205078125,0.9694761037826538,1.0,0.125,0.0
520,31,0.006997523829340935,0.1049957275390625,0.03678029775619507,0.0240325927734375,0.15427398681640625,0.9567425847053528,1.0,0.125,0.0
520,32,0.18018049001693726,0.1146240234375,0.036933280527591705,0.0298309326171875,0.1494293212890625,0.945918083190918,1.0,0.125,0.0
520,33,0.013502036221325397,0.098876953125,0.04453776776790619,0.0226898193359375,0.13938140869140625,0.9534029960632324,1.0,0.125,0.0
520,34,0.1779123693704605,0.0878753662109375,0.025301625952124596,0.023651123046875,0.12828826904296875,0.958970308303833,1.0,0.125,0.06666666666666667
520,35,0.12909500300884247,0.0929412841796875,0.0357864573597908,0.027130126953125,0.13851165771484375,0.9594852924346924,1.0,0.125,0.0
520,36,0.313694566488266,0.0944061279296875,0.03668844699859619,0.02996826171875,0.14031982421875,0.9591995477676392,1.0,0.125,0.0
520,37,0.16818593442440033,0.107208251953125,0.02435293234884739,0.027679443359375,0.15386199951171875,0.955798864364624,1.0,0.125,0.0
520,38,0.029444411396980286,0.092529296875,0.039176393300294876,0.026763916015625,0.1363067626953125,0.9577202796936035,1.0,0.125,0.06666666666666667
520,39,0.0935225859284401,0.0879669189453125,0.029513098299503326,0.0223388671875,0.1445770263671875,0.9618051052093506,1.0,0.125,0.0
520,40,0.07121068239212036,0.0837860107421875,0.020273085683584213,0.0189208984375,0.13791656494140625,0.9624089002609253,1.0,0.125,0.0
520,41,0.05486812815070152,0.094329833984375,0.024562062695622444,0.0218658447265625,0.1420135498046875,0.9566318988800049,1.0,0.125,0.0
520,42,0.18332725763320923,0.1155853271484375,0.035919588059186935,0.0245361328125,0.14476776123046875,0.9386929273605347,1.0,0.125,0.0
520,43,0.17058534920215607,0.1052398681640625,0.030028238892555237,0.0234375,0.14696502685546875,0.9518561363220215,1.0,0.125,0.0
520,44,0.032988306134939194,0.101318359375,0.023840928450226784,0.0260772705078125,0.1500396728515625,0.9555102586746216,1.0,0.125,0.0
520,45,0.004778812639415264,0.105712890625,0.0489937849342823,0.0364990234375,0.14281463623046875,0.9559318423271179,1.0,0.125,0.0
520,46,0.10376443713903427,0.099334716796875,0.020805716514587402,0.0174560546875,0.1392974853515625,0.9463653564453125,1.0,0.125,0.06666666666666667
520,47,0.1342402845621109,0.0933380126953125,0.026630600914359093,0.0287322998046875,0.14496612548828125,0.963661789894104,1.0,0.125,0.0
521,0,0.06459202617406845,0.1083221435546875,0.03527871146798134,0.0265350341796875,0.13299560546875,0.9433591365814209,1.0,0.125,0.0
521,1,0.03653370216488838,0.0925445556640625,0.03579528257250786,0.0188446044921875,0.13979339599609375,0.9621906876564026,1.0,0.125,0.0
521,2,0.02934509888291359,0.1128692626953125,0.045648232102394104,0.0320892333984375,0.1294097900390625,0.9312514662742615,1.0,0.125,0.0
521,3,0.024888891726732254,0.110137939453125,0.05016650632023811,0.0309906005859375,0.11557769775390625,0.929713249206543,1.0,0.125,0.0
521,4,0.04910757392644882,0.104766845703125,0.03202245011925697,0.0258331298828125,0.128814697265625,0.9435790181159973,1.0,0.125,0.0
521,5,0.15717782080173492,0.1077880859375,0.043485309928655624,0.0335235595703125,0.1224822998046875,0.9372726082801819,1.0,0.125,0.0
521,6,0.042089685797691345,0.0973663330078125,0.028806423768401146,0.0253143310546875,0.12009429931640625,0.9403812885284424,1.0,0.125,0.0
521,7,0.03954819589853287,0.084197998046875,0.025791218504309654,0.0153961181640625,0.13999176025390625,0.9665578603744507,1.0,0.125,0.0
521,8,0.026383908465504646,0.081787109375,0.026586538180708885,0.0154571533203125,0.14606475830078125,0.9716124534606934,1.0,0.125,0.06666666666666667
521,9,0.04223528504371643,0.084808349609375,0.025381214916706085,0.0152587890625,0.14391326904296875,0.9625253081321716,1.0,0.125,0.0
521,10,0.02313416637480259,0.0850830078125,0.021266700699925423,0.0218353271484375,0.13365936279296875,0.9632591009140015,1.0,0.125,0.13333333333333333
521,11,0.024304110556840897,0.1005706787109375,0.04128345474600792,0.0215301513671875,0.1532440185546875,0.9610548615455627,1.0,0.125,0.0
521,12,0.034560054540634155,0.1220855712890625,0.04593401029706001,0.0293121337890625,0.15541839599609375,0.9414094686508179,1.0,0.125,0.06666666666666667
521,13,0.1258004903793335,0.1487274169921875,0.12734775245189667,0.0675048828125,0.14068603515625,0.9253042936325073,1.0,0.125,0.0
521,14,0.09839348495006561,0.1409912109375,0.04233024641871452,0.030120849609375,0.1572113037109375,0.9297226667404175,1.0,0.125,0.0
521,15,0.05247100070118904,0.099639892578125,0.019796831533312798,0.02374267578125,0.1598358154296875,0.9618839621543884,1.0,0.125,0.0
521,16,0.006336471997201443,0.09161376953125,0.03999125584959984,0.0150299072265625,0.15013885498046875,0.9657368659973145,1.0,0.125,0.0
521,17,0.21093545854091644,0.16070556640625,0.07925999909639359,0.08284759521484375,0.14908218383789062,0.8967136144638062,1.0,0.125,0.0
521,18,0.2270965278148651,0.13226318359375,0.09030598402023315,0.053863525390625,0.13887786865234375,0.9354879856109619,1.0,0.125,0.0
521,19,0.3275400400161743,0.1175079345703125,0.05119221284985542,0.0234527587890625,0.15540313720703125,0.9487392902374268,1.0,0.125,0.0
521,20,0.13768549263477325,0.11700439453125,0.02645513229072094,0.032928466796875,0.14666748046875,0.9434938430786133,1.0,0.125,0.0
521,21,0.0322289802134037,0.0854339599609375,0.031984105706214905,0.0299835205078125,0.125152587890625,0.9623235464096069,1.0,0.125,0.06666666666666667
521,22,0.6196436882019043,0.111846923828125,0.056512217968702316,0.0231475830078125,0.14760589599609375,0.9523375034332275,1.0,0.125,0.0
521,23,0.05359542742371559,0.0999908447265625,0.030183840543031693,0.020294189453125,0.15598297119140625,0.9628114104270935,1.0,0.125,0.0
521,24,0.0001635338121559471,0.11590576171875,0.07339276373386383,0.0353546142578125,0.1407928466796875,0.9470678567886353,1.0,0.125,0.0
521,25,0.0761684775352478,0.09747314453125,0.020693618804216385,0.0269317626953125,0.156097412109375,0.9604170322418213,1.0,0.125,0.06666666666666667
521,26,0.014496704563498497,0.071868896484375,0.019731048494577408,0.0124053955078125,0.13733673095703125,0.9754177331924438,1.0,0.125,0.0
521,27,0.034378744661808014,0.078765869140625,0.03443128243088722,0.014312744140625,0.146026611328125,0.9735690951347351,1.0,0.125,0.0
521,28,0.02720710076391697,0.0828094482421875,0.029021715745329857,0.0154266357421875,0.1296539306640625,0.9620519876480103,1.0,0.125,0.0
521,29,0.0829174667596817,0.0913238525390625,0.03416164219379425,0.0186309814453125,0.14209747314453125,0.9618630409240723,1.0,0.125,0.0
521,30,0.0003802224528044462,0.08624267578125,0.02545795403420925,0.0278778076171875,0.122161865234375,0.9573280811309814,1.0,0.125,0.0
521,31,0.001245257444679737,0.0913543701171875,0.03011467680335045,0.0178680419921875,0.14620208740234375,0.9603410363197327,1.0,0.125,0.0
521,32,0.10183413326740265,0.11541748046875,0.04515046626329422,0.031646728515625,0.14600372314453125,0.9428293108940125,1.0,0.125,0.06666666666666667
521,33,0.002974630333483219,0.12432861328125,0.05591430142521858,0.0343170166015625,0.14865875244140625,0.9395788908004761,1.0,0.125,0.0
521,34,0.0001001679920591414,0.1316680908203125,0.0596829392015934,0.0393218994140625,0.16119384765625,0.9437944889068604,1.0,0.125,0.0
521,35,0.3234027028083801,0.143402099609375,0.056895170360803604,0.02593994140625,0.16059112548828125,0.9250990748405457,1.0,0.125,0.0
521,36,0.111503005027771,0.095489501953125,0.050146229565143585,0.0323486328125,0.128631591796875,0.9565492868423462,1.0,0.125,0.06666666666666667
521,37,0.14309340715408325,0.121337890625,0.07937593013048172,0.0283203125,0.12774276733398438,0.9362421035766602,1.0,0.125,0.0
521,38,0.08287899196147919,0.141510009765625,0.06954178214073181,0.03192138671875,0.14408111572265625,0.9248656630516052,1.0,0.125,0.0
521,39,0.0005217025172896683,0.136505126953125,0.05478930100798607,0.0445556640625,0.1566009521484375,0.9316357970237732,1.0,0.125,0.0
521,40,0.16452261805534363,0.118316650390625,0.041324980556964874,0.03314208984375,0.1463165283203125,0.9352110028266907,1.0,0.125,0.0
521,41,0.0006477689021266997,0.1199798583984375,0.07966049015522003,0.0423126220703125,0.14229202270507812,0.9501535892486572,1.0,0.125,0.0
521,42,0.14123520255088806,0.1052703857421875,0.03146635740995407,0.0258331298828125,0.15270233154296875,0.9562175273895264,1.0,0.125,0.06666666666666667
521,43,0.009944368153810501,0.0794677734375,0.018990077078342438,0.0176544189453125,0.143096923828125,0.9713130593299866,1.0,0.125,0.0
521,44,0.021816646680235863,0.075958251953125,0.01853216253221035,0.0129241943359375,0.142425537109375,0.9748458862304688,1.0,0.125,0.06666666666666667
521,45,0.14980463683605194,0.0924072265625,0.014235199429094791,0.016998291015625,0.157501220703125,0.9650132656097412,1.0,0.125,0.0
521,46,0.06908611953258514,0.0908050537109375,0.027492454275488853,0.0223846435546875,0.15882110595703125,0.9711874127388,1.0,0.125,0.06666666666666667
521,47,0.046998318284749985,0.0879669189453125,0.02816370315849781,0.01708984375,0.14342498779296875,0.9639064073562622,1.0,0.125,0.0
522,0,0.0041962857358157635,0.067840576171875,0.015342756174504757,0.01556396484375,0.1316375732421875,0.9784636497497559,1.0,0.125,0.0
522,1,0.027118541300296783,0.0686492919921875,0.015210915356874466,0.011932373046875,0.13156890869140625,0.9763188362121582,1.0,0.125,0.0
522,2,0.01743435300886631,0.07562255859375,0.017635568976402283,0.01563262939453125,0.13338470458984375,0.9675142765045166,1.0,0.125,0.0
522,3,0.06980040669441223,0.086395263671875,0.032404422760009766,0.0159454345703125,0.14116668701171875,0.9662286043167114,1.0,0.125,0.0
522,4,0.013219988904893398,0.0845947265625,0.023513510823249817,0.014923095703125,0.15232086181640625,0.9686698317527771,1.0,0.125,0.0
522,5,1.2756211757659912,0.148529052734375,0.11067237704992294,0.07520294189453125,0.14005661010742188,0.8915700316429138,1.0,0.125,0.0
522,6,0.019007261842489243,0.0885467529296875,0.03398476913571358,0.0270233154296875,0.1302032470703125,0.9579102396965027,1.0,0.125,0.0
522,7,0.2554357349872589,0.09112548828125,0.022982876747846603,0.0202178955078125,0.15369415283203125,0.9662134647369385,1.0,0.125,0.0
522,8,0.705977201461792,0.0927581787109375,0.027384111657738686,0.024505615234375,0.14749908447265625,0.9628633260726929,1.0,0.125,0.0
522,9,0.05558627098798752,0.0842437744140625,0.01833117939531803,0.0159149169921875,0.14478302001953125,0.9668608903884888,1.0,0.125,0.06666666666666667
522,10,0.03281571716070175,0.0668182373046875,0.014115286991000175,0.0112152099609375,0.1385040283203125,0.979643702507019,1.0,0.125,0.0
522,11,0.0362892672419548,0.0754547119140625,0.02613537572324276,0.015228271484375,0.14395904541015625,0.9739682674407959,1.0,0.125,0.06666666666666667
522,12,0.09229692071676254,0.105499267578125,0.05619988217949867,0.02984619140625,0.14110565185546875,0.9495054483413696,1.0,0.125,0.0
522,13,0.05768033489584923,0.112701416015625,0.04632796347141266,0.0322265625,0.12171173095703125,0.9293612241744995,1.0,0.125,0.0
522,14,0.021397758275270462,0.1019287109375,0.018464118242263794,0.0252838134765625,0.15232086181640625,0.9535492658615112,1.0,0.125,0.0
522,15,0.045337338000535965,0.0728912353515625,0.017569638788700104,0.01129150390625,0.1395263671875,0.9735163450241089,1.0,0.125,0.0
522,16,0.02354728989303112,0.0788116455078125,0.01507536694407463,0.0136566162109375,0.1432647705078125,0.9736008644104004,1.0,0.125,0.0
522,17,0.000537663814611733,0.1263275146484375,0.05951324850320816,0.047149658203125,0.156341552734375,0.9429336190223694,1.0,0.125,0.0
522,18,0.00034603517269715667,0.1314697265625,0.05750962719321251,0.0421600341796875,0.1629638671875,0.9407467246055603,1.0,0.125,0.0
522,19,7.614791684318334e-05,0.122528076171875,0.0376117117702961,0.0259552001953125,0.1745452880859375,0.952558696269989,1.0,0.125,0.0
522,20,0.04567141830921173,0.1100006103515625,0.05358649790287018,0.01751708984375,0.1526947021484375,0.9523407220840454,1.0,0.125,0.0
522,21,0.03092433139681816,0.0747833251953125,0.02600179612636566,0.01129150390625,0.13755035400390625,0.9718800783157349,1.0,0.125,0.06666666666666667
522,22,0.06170335412025452,0.0833282470703125,0.023572804406285286,0.02276611328125,0.12574005126953125,0.9629206657409668,1.0,0.125,0.0
522,23,0.03740537166595459,0.0794830322265625,0.027083929628133774,0.018280029296875,0.13259124755859375,0.9692928791046143,1.0,0.125,0.0
522,24,0.0940639078617096,0.0944366455078125,0.020546145737171173,0.02130126953125,0.14449310302734375,0.9523822069168091,1.0,0.125,0.0
522,25,0.023476621136069298,0.0751800537109375,0.013695416040718555,0.0089874267578125,0.14009857177734375,0.9695495367050171,1.0,0.125,0.0
522,26,0.030742913484573364,0.0940704345703125,0.03187469765543938,0.0217132568359375,0.14180755615234375,0.9561450481414795,1.0,0.125,0.0
522,27,0.11249884963035583,0.1038360595703125,0.01991705782711506,0.023773193359375,0.13626861572265625,0.9424505829811096,1.0,0.125,0.0
522,28,0.6937332153320312,0.11590576171875,0.039041467010974884,0.033355712890625,0.13988494873046875,0.9403660893440247,1.0,0.125,0.0
522,29,0.36546215415000916,0.139495849609375,0.07192038744688034,0.04461669921875,0.1657257080078125,0.9433332681655884,1.0,0.125,0.0
522,30,0.08034613728523254,0.111907958984375,0.023447809740900993,0.02789306640625,0.14914703369140625,0.9481562972068787,1.0,0.125,0.0
522,31,0.015164170414209366,0.09722900390625,0.02266755700111389,0.027496337890625,0.13610076904296875,0.9535963535308838,1.0,0.125,0.0
522,32,0.06524179130792618,0.09063720703125,0.023108316585421562,0.0226287841796875,0.1398468017578125,0.9610500931739807,1.0,0.125,0.0
522,33,0.033987078815698624,0.0774993896484375,0.020306454971432686,0.0154571533203125,0.13729095458984375,0.9708547592163086,1.0,0.125,0.0
522,34,0.022697536274790764,0.0812225341796875,0.019323140382766724,0.0156707763671875,0.135040283203125,0.9631035327911377,1.0,0.125,0.0
522,35,0.4333593249320984,0.1067962646484375,0.07121073454618454,0.0241546630859375,0.12274932861328125,0.9408692121505737,1.0,0.125,0.0
522,36,0.043166402727365494,0.129974365234375,0.10026892274618149,0.029876708984375,0.11674976348876953,0.9207199215888977,1.0,0.125,0.0
522,37,0.01916947402060032,0.1002197265625,0.034469034522771835,0.018402099609375,0.12933349609375,0.941491961479187,1.0,0.125,0.0
522,38,0.042533595114946365,0.0700531005859375,0.016237065196037292,0.009429931640625,0.14194488525390625,0.9768081903457642,1.0,0.125,0.0
522,39,0.09484133869409561,0.0941162109375,0.03009646013379097,0.0231170654296875,0.13614654541015625,0.9590497612953186,1.0,0.125,0.0
522,40,0.05672086402773857,0.124908447265625,0.0708288624882698,0.034820556640625,0.1186370849609375,0.9229305386543274,1.0,0.125,0.0
522,41,0.001510005327872932,0.109375,0.03239627555012703,0.026824951171875,0.12403106689453125,0.9317540526390076,1.0,0.125,0.0
522,42,0.04510408639907837,0.085723876953125,0.027459021657705307,0.0200958251953125,0.13019561767578125,0.9621537923812866,1.0,0.125,0.06666666666666667
522,43,0.0041079469956457615,0.080963134765625,0.019933726638555527,0.016082763671875,0.1194000244140625,0.957747757434845,1.0,0.125,0.0
522,44,0.1212717592716217,0.07269287109375,0.02067939192056656,0.01654052734375,0.13336944580078125,0.9711427688598633,1.0,0.125,0.0
522,45,0.04765591397881508,0.0713958740234375,0.02129225619137287,0.0101470947265625,0.13448333740234375,0.9724853038787842,1.0,0.125,0.0
522,46,0.03550948202610016,0.082427978515625,0.025319494307041168,0.0156402587890625,0.14020538330078125,0.9663344621658325,1.0,0.125,0.0
522,47,0.10433834791183472,0.0877838134765625,0.02334049716591835,0.0133056640625,0.15276336669921875,0.9633104801177979,1.0,0.125,0.0
523,0,0.012521954253315926,0.0915679931640625,0.0214565210044384,0.0270538330078125,0.1463470458984375,0.9620417356491089,1.0,0.125,0.06666666666666667
523,1,0.028008954599499702,0.0670318603515625,0.011350231245160103,0.008026123046875,0.13094329833984375,0.9761090278625488,1.0,0.125,0.0
523,2,0.052073147147893906,0.094879150390625,0.02129678800702095,0.01824951171875,0.14617156982421875,0.9592452049255371,1.0,0.125,0.0
523,3,0.06132310628890991,0.095611572265625,0.03997424244880676,0.0254974365234375,0.13588714599609375,0.9568581581115723,1.0,0.125,0.0
523,4,0.021643206477165222,0.1066436767578125,0.04498760402202606,0.0371856689453125,0.1319732666015625,0.9457686543464661,1.0,0.125,0.0
523,5,0.04505608230829239,0.101318359375,0.030501948669552803,0.02154541015625,0.154388427734375,0.9555814862251282,1.0,0.125,0.0
523,6,0.003864277619868517,0.11517333984375,0.05254382640123367,0.03424072265625,0.1345367431640625,0.938668966293335,1.0,0.125,0.06666666666666667
523,7,0.04593939706683159,0.099517822265625,0.027228230610489845,0.0220794677734375,0.1331634521484375,0.9506136178970337,1.0,0.125,0.0
523,8,0.004142706748098135,0.113067626953125,0.03709038347005844,0.0307769775390625,0.1462554931640625,0.9478759765625,1.0,0.125,0.0
523,9,0.03910951316356659,0.11334228515625,0.03474434092640877,0.0386505126953125,0.13674163818359375,0.9421131014823914,1.0,0.125,0.0
523,10,0.057417187839746475,0.112060546875,0.03862633556127548,0.0276031494140625,0.14771270751953125,0.9446172714233398,1.0,0.125,0.06666666666666667
523,11,0.002286851406097412,0.08697509765625,0.021161425858736038,0.0184478759765625,0.14284515380859375,0.9633839726448059,1.0,0.125,0.0
523,12,0.008531006053090096,0.08770751953125,0.018246857449412346,0.0179290771484375,0.136810302734375,0.9588444232940674,1.0,0.125,0.0
523,13,0.04974420741200447,0.0726470947265625,0.022949375212192535,0.007781982421875,0.1543426513671875,0.9800909161567688,1.0,0.125,0.0
523,14,0.06387455761432648,0.0847930908203125,0.03262016177177429,0.0152435302734375,0.14173126220703125,0.9625393152236938,1.0,0.125,0.0
523,15,0.03822556510567665,0.088287353515625,0.026680653914809227,0.0178070068359375,0.1406402587890625,0.9602701663970947,1.0,0.125,0.0
523,16,0.0007742339512333274,0.117950439453125,0.08019893616437912,0.0367889404296875,0.134368896484375,0.9450618028640747,1.0,0.125,0.0
523,17,0.00032519170781597495,0.123046875,0.048294201493263245,0.0394287109375,0.15662002563476562,0.9442836046218872,1.0,0.125,0.0
523,18,0.00364994746632874,0.154083251953125,0.07180120795965195,0.0682220458984375,0.15057373046875,0.9151549339294434,1.0,0.125,0.06666666666666667
523,19,0.03068646602332592,0.09490966796875,0.019276194274425507,0.0196685791015625,0.14556884765625,0.9596241116523743,1.0,0.125,0.06666666666666667
523,20,0.05595085024833679,0.0963287353515625,0.027939967811107635,0.0199737548828125,0.14847564697265625,0.9577703475952148,1.0,0.125,0.0
523,21,0.01743409037590027,0.0757293701171875,0.0139307901263237,0.013580322265625,0.14441680908203125,0.9751107692718506,1.0,0.125,0.0
523,22,0.04819266498088837,0.077423095703125,0.021216697990894318,0.0193939208984375,0.14463043212890625,0.9748857021331787,1.0,0.125,0.0
523,23,0.02241525612771511,0.0684051513671875,0.013832839205861092,0.0086822509765625,0.14069366455078125,0.9786652326583862,1.0,0.125,0.06666666666666667
523,24,0.01870911754667759,0.0732574462890625,0.017483023926615715,0.0172576904296875,0.13689422607421875,0.971979022026062,1.0,0.125,0.0
523,25,0.06646184623241425,0.083953857421875,0.016457747668027878,0.019287109375,0.13764190673828125,0.9603330492973328,1.0,0.125,0.0
523,26,0.011175595223903656,0.089813232421875,0.022873591631650925,0.0226287841796875,0.1377105712890625,0.9594641923904419,1.0,0.125,0.0
523,27,0.0033135241828858852,0.0793609619140625,0.015670107677578926,0.016937255859375,0.1362457275390625,0.9655822515487671,1.0,0.125,0.0
523,28,0.016363592818379402,0.0702056884765625,0.014958462677896023,0.012603759765625,0.1287994384765625,0.9731365442276001,1.0,0.125,0.0
523,29,0.0006029549986124039,0.106353759765625,0.061506956815719604,0.032806396484375,0.13509368896484375,0.9529202580451965,1.0,0.125,0.0
523,30,0.00012873411469627172,0.1179656982421875,0.0483146533370018,0.034332275390625,0.15804290771484375,0.9479922652244568,1.0,0.125,0.0
523,31,0.00041401563794352114,0.13006591796875,0.055417466908693314,0.0460662841796875,0.163818359375,0.9452776908874512,1.0,0.125,0.06666666666666667
523,32,0.02608247473835945,0.096038818359375,0.021552735939621925,0.0146636962890625,0.160369873046875,0.9594161510467529,1.0,0.125,0.0
523,33,0.025087689980864525,0.0882720947265625,0.03184303641319275,0.018524169921875,0.13533782958984375,0.9576202630996704,1.0,0.125,0.0
523,34,0.02812816947698593,0.094635009765625,0.018990639597177505,0.014373779296875,0.14471435546875,0.9567813873291016,1.0,0.125,0.0
523,35,0.00862539280205965,0.098358154296875,0.0400342121720314,0.0290374755859375,0.13721466064453125,0.9548764824867249,1.0,0.125,0.0
523,36,0.010109368711709976,0.1072998046875,0.033358268439769745,0.0319976806640625,0.1428680419921875,0.9506504535675049,1.0,0.125,0.06666666666666667
523,37,0.01990668661892414,0.0904388427734375,0.019675858318805695,0.023040771484375,0.1472930908203125,0.9635462760925293,1.0,0.125,0.0
523,38,0.07334907352924347,0.0938720703125,0.033243827521800995,0.01300048828125,0.14977264404296875,0.9598535895347595,1.0,0.125,0.0
523,39,0.036159541457891464,0.108001708984375,0.047751251608133316,0.0305023193359375,0.1363983154296875,0.9429840445518494,1.0,0.125,0.0
523,40,0.023863330483436584,0.0926666259765625,0.02048654295504093,0.0233001708984375,0.1419219970703125,0.9557830095291138,1.0,0.125,0.0
523,41,0.05102834105491638,0.074066162109375,0.02037200890481472,0.0077972412109375,0.14775848388671875,0.974637508392334,1.0,0.125,0.0
523,42,8.3581791841425e-05,0.1182861328125,0.07772989571094513,0.029296875,0.12384796142578125,0.9336779117584229,1.0,0.125,0.0
523,43,0.0006204202072694898,0.0874481201171875,0.027463272213935852,0.0178680419921875,0.13495635986328125,0.9629195928573608,1.0,0.125,0.06666666666666667
523,44,0.01991819590330124,0.0917205810546875,0.0442422516644001,0.0212249755859375,0.13427734375,0.9547537565231323,1.0,0.125,0.0
523,45,0.02256719395518303,0.0850982666015625,0.022867580875754356,0.0191802978515625,0.1359405517578125,0.9635284543037415,1.0,0.125,0.0
523,46,0.0028350672218948603,0.1044158935546875,0.04517192766070366,0.0362396240234375,0.1320953369140625,0.9483931660652161,1.0,0.125,0.0
523,47,0.05829741433262825,0.0876312255859375,0.019865132868289948,0.0140838623046875,0.142303466796875,0.9609159231185913,1.0,0.125,0.0
524,0,0.003733858233317733,0.0810089111328125,0.02163577452301979,0.0136871337890625,0.1371002197265625,0.9642413258552551,1.0,0.125,0.0
524,1,0.0004193923086859286,0.0688934326171875,0.009557496756315231,0.01129150390625,0.1237640380859375,0.9718971848487854,1.0,0.125,0.06666666666666667
524,2,0.0031168246641755104,0.07220458984375,0.01277794037014246,0.0102386474609375,0.13446807861328125,0.9722505807876587,1.0,0.125,0.06666666666666667
524,3,0.007315794471651316,0.0895233154296875,0.016863543540239334,0.0189361572265625,0.1392059326171875,0.9593580961227417,1.0,0.125,0.0
524,4,0.2291024923324585,0.08746337890625,0.02569391578435898,0.0270843505859375,0.14708709716796875,0.9705044627189636,1.0,0.125,0.06666666666666667
524,5,0.007870690897107124,0.105255126953125,0.044898971915245056,0.02984619140625,0.13642120361328125,0.9486048221588135,1.0,0.125,0.0
524,6,0.0005215931450948119,0.1058349609375,0.04512260854244232,0.04097747802734375,0.12407684326171875,0.9333210587501526,1.0,0.125,0.13333333333333333
524,7,0.006994920317083597,0.08819580078125,0.015528259798884392,0.01806640625,0.1412353515625,0.9611085653305054,1.0,0.125,0.0
524,8,0.02214009128510952,0.0815277099609375,0.018606508150696754,0.0171966552734375,0.14459228515625,0.9710566997528076,1.0,0.125,0.06666666666666667
524,9,0.00012731198512483388,0.1153564453125,0.07492059469223022,0.0341644287109375,0.12933349609375,0.9424499273300171,1.0,0.125,0.0
524,10,0.019103217869997025,0.10858154296875,0.04258028045296669,0.030487060546875,0.14928436279296875,0.9511418342590332,1.0,0.125,0.0
524,11,8.416641503572464e-05,0.0856475830078125,0.032031796872615814,0.0212860107421875,0.14069366455078125,0.970038890838623,1.0,0.125,0.0
524,12,0.015015453100204468,0.0842742919921875,0.01933094672858715,0.0124664306640625,0.15020751953125,0.9679966568946838,1.0,0.125,0.0
524,13,0.0028987599071115255,0.07562255859375,0.019098933786153793,0.01519775390625,0.12599945068359375,0.9656845331192017,1.0,0.125,0.06666666666666667
524,14,0.03399494290351868,0.088287353515625,0.02438976988196373,0.02435302734375,0.1394195556640625,0.9624751806259155,1.0,0.125,0.06666666666666667
524,15,0.18100020289421082,0.1131591796875,0.042809102684259415,0.030181884765625,0.136383056640625,0.9400680065155029,1.0,0.125,0.0
524,16,0.034582581371068954,0.10943603515625,0.04463965445756912,0.0326080322265625,0.1524810791015625,0.9515560865402222,1.0,0.125,0.0
524,17,0.05027586966753006,0.0935516357421875,0.04963259398937225,0.028411865234375,0.1337432861328125,0.9577415585517883,1.0,0.125,0.06666666666666667
524,18,0.08634378761053085,0.1114349365234375,0.06423456221818924,0.0343017578125,0.136016845703125,0.9383248090744019,1.0,0.125,0.06666666666666667
524,19,0.07365730404853821,0.090606689453125,0.019985239952802658,0.0174102783203125,0.15116119384765625,0.9648251533508301,1.0,0.125,0.0
524,20,0.12720030546188354,0.0911407470703125,0.022996362298727036,0.0247802734375,0.138153076171875,0.961734414100647,1.0,0.125,0.0
524,21,0.0333782359957695,0.0767822265625,0.019495168700814247,0.0145416259765625,0.1328887939453125,0.9691519737243652,1.0,0.125,0.0
524,22,0.031516898423433304,0.0744781494140625,0.01777820475399494,0.0112152099609375,0.14810943603515625,0.9786303639411926,1.0,0.125,0.0
524,23,0.032987985759973526,0.0677642822265625,0.013318528421223164,0.008636474609375,0.125885009765625,0.972824215888977,1.0,0.125,0.0
524,24,0.012173942290246487,0.084259033203125,0.024615997448563576,0.0164794921875,0.13873291015625,0.9632316827774048,1.0,0.125,0.06666666666666667
524,25,0.03821118175983429,0.0798492431640625,0.022154243662953377,0.0116729736328125,0.1292266845703125,0.9618998765945435,1.0,0.125,0.06666666666666667
524,26,0.00028572772862389684,0.1045989990234375,0.06493165343999863,0.0356597900390625,0.121734619140625,0.9431904554367065,1.0,0.125,0.06666666666666667
524,27,0.07105125486850739,0.105682373046875,0.045957233756780624,0.02484130859375,0.1443328857421875,0.9515153169631958,1.0,0.125,0.06666666666666667
524,28,0.07039234787225723,0.08892822265625,0.020939862355589867,0.022979736328125,0.15499114990234375,0.9692079424858093,1.0,0.125,0.06666666666666667
524,29,0.11223407834768295,0.08111572265625,0.016097204759716988,0.0151214599609375,0.13742828369140625,0.9672988653182983,1.0,0.125,0.13333333333333333
524,30,0.024138489738106728,0.0713653564453125,0.012248075567185879,0.01104736328125,0.14397430419921875,0.9705707430839539,1.0,0.125,0.0
524,31,0.015326052904129028,0.07830810546875,0.01986120082437992,0.01385498046875,0.12279510498046875,0.9616401791572571,1.0,0.125,0.06666666666666667
524,32,0.06748802959918976,0.0840301513671875,0.02652091160416603,0.0123138427734375,0.142822265625,0.9635096788406372,1.0,0.125,0.0
524,33,0.015516158193349838,0.0867919921875,0.025195768103003502,0.0234375,0.13494110107421875,0.9602562785148621,1.0,0.125,0.0
524,34,0.025945007801055908,0.0947723388671875,0.03074502944946289,0.0264892578125,0.137969970703125,0.9558959007263184,1.0,0.125,0.0
524,35,0.014080774039030075,0.0791015625,0.014881568029522896,0.01507568359375,0.1298065185546875,0.9642045497894287,1.0,0.125,0.06666666666666667
524,36,0.02338145300745964,0.07305908203125,0.01622398942708969,0.01068115234375,0.14524078369140625,0.9773355722427368,1.0,0.125,0.0
524,37,8.899134991224855e-05,0.114990234375,0.07301309704780579,0.03875732421875,0.12744140625,0.942858099937439,1.0,0.125,0.0
524,38,0.01317009050399065,0.10760498046875,0.040738899260759354,0.0343780517578125,0.1473388671875,0.9518661499023438,1.0,0.125,0.0
524,39,0.00038764337659813464,0.08111572265625,0.031439147889614105,0.0202484130859375,0.14022064208984375,0.9733592867851257,1.0,0.125,0.0
524,40,0.021717946976423264,0.0848388671875,0.022439531981945038,0.0164337158203125,0.149566650390625,0.9690296649932861,1.0,0.125,0.0
524,41,0.013310467824339867,0.0773162841796875,0.02396354265511036,0.0134735107421875,0.13132476806640625,0.9633536338806152,1.0,0.125,0.06666666666666667
524,42,0.062360115349292755,0.078125,0.02250881865620613,0.013336181640625,0.1341094970703125,0.9658752679824829,1.0,0.125,0.06666666666666667
524,43,0.05150891840457916,0.0872344970703125,0.023583389818668365,0.022491455078125,0.12708282470703125,0.9565945267677307,1.0,0.125,0.0
524,44,0.021819420158863068,0.078094482421875,0.019938398152589798,0.011962890625,0.1396636962890625,0.9679884910583496,1.0,0.125,0.0
524,45,0.0432707816362381,0.0758819580078125,0.026639901101589203,0.0159454345703125,0.1401214599609375,0.9737237691879272,1.0,0.125,0.0
524,46,0.0352780818939209,0.0740966796875,0.015149019658565521,0.01336669921875,0.1380157470703125,0.9719843864440918,1.0,0.125,0.0
524,47,0.00813288427889347,0.068603515625,0.01474248617887497,0.0086669921875,0.13503265380859375,0.9743318557739258,1.0,0.125,0.0
525,0,0.02382693439722061,0.0761871337890625,0.0197302158921957,0.0145721435546875,0.1286163330078125,0.965610921382904,1.0,0.125,0.0
525,1,0.019108328968286514,0.0918731689453125,0.021435026079416275,0.024169921875,0.13877105712890625,0.9552379250526428,1.0,0.125,0.0
525,2,0.0004239268891979009,0.0936431884765625,0.03984842821955681,0.0223846435546875,0.14239501953125,0.9609783887863159,1.0,0.125,0.06666666666666667
525,3,0.0034498595632612705,0.0680084228515625,0.012429901398718357,0.0103912353515625,0.13201904296875,0.9736301898956299,1.0,0.125,0.0
525,4,0.008255190216004848,0.0700225830078125,0.015660060569643974,0.0127410888671875,0.1283111572265625,0.9723118543624878,1.0,0.125,0.0
525,5,0.015689020976424217,0.0661468505859375,0.014441869221627712,0.0083160400390625,0.13376617431640625,0.9769220352172852,1.0,0.125,0.0
525,6,0.028839102014899254,0.071685791015625,0.02733651176095009,0.0124359130859375,0.13706207275390625,0.9736253023147583,1.0,0.125,0.06666666666666667
525,7,0.04138221591711044,0.090423583984375,0.03444080054759979,0.0231781005859375,0.1394805908203125,0.9597077965736389,1.0,0.125,0.06666666666666667
525,8,0.09634003043174744,0.1030120849609375,0.039052240550518036,0.0329132080078125,0.136566162109375,0.9520021677017212,1.0,0.125,0.06666666666666667
525,9,0.0150859784334898,0.0797576904296875,0.01863936521112919,0.0144195556640625,0.137237548828125,0.9649457335472107,1.0,0.125,0.0
525,10,0.015311279334127903,0.0773162841796875,0.024425918236374855,0.01776123046875,0.12580108642578125,0.9670364856719971,1.0,0.125,0.0
525,11,0.013457901775836945,0.0740814208984375,0.014824124053120613,0.0133209228515625,0.1208648681640625,0.9646744132041931,1.0,0.125,0.0
525,12,0.017300602048635483,0.0761260986328125,0.022765740752220154,0.0117950439453125,0.13965606689453125,0.970111608505249,1.0,0.125,0.0
525,13,0.008246302604675293,0.090423583984375,0.020091021433472633,0.025390625,0.13411712646484375,0.9562707543373108,1.0,0.125,0.0
525,14,0.010619327425956726,0.0731964111328125,0.012458116747438908,0.0129852294921875,0.1331787109375,0.9720077514648438,1.0,0.125,0.06666666666666667
525,15,0.021854931488633156,0.0770111083984375,0.020189810544252396,0.0132293701171875,0.14556121826171875,0.9722659587860107,1.0,0.125,0.06666666666666667
525,16,0.045403555035591125,0.0973358154296875,0.04558395966887474,0.02972412109375,0.14189910888671875,0.9598226547241211,1.0,0.125,0.06666666666666667
525,17,0.10319377481937408,0.105804443359375,0.05390644073486328,0.029022216796875,0.13335037231445312,0.9479789733886719,1.0,0.125,0.0
525,18,0.003670725040137768,0.13568115234375,0.045975275337696075,0.0449981689453125,0.14267730712890625,0.9290330410003662,1.0,0.125,0.0
525,19,0.054262176156044006,0.123046875,0.02506992593407631,0.035675048828125,0.16538238525390625,0.9484987854957581,1.0,0.125,0.0
525,20,0.10156095027923584,0.0790252685546875,0.02313074842095375,0.0150146484375,0.13561248779296875,0.969181478023529,1.0,0.125,0.06666666666666667
525,21,0.031059017404913902,0.074310302734375,0.017862536013126373,0.0089874267578125,0.14354705810546875,0.971287727355957,1.0,0.125,0.0
525,22,0.038914330303668976,0.0722198486328125,0.02050294727087021,0.008880615234375,0.14859771728515625,0.9744847416877747,1.0,0.125,0.0
525,23,0.06385256350040436,0.0809478759765625,0.03394344449043274,0.0243988037109375,0.13697052001953125,0.9691327810287476,1.0,0.125,0.0
525,24,0.029115423560142517,0.0798187255859375,0.020473536103963852,0.01580810546875,0.144989013671875,0.96610027551651,1.0,0.125,0.0
525,25,0.02367163822054863,0.0823974609375,0.026078658178448677,0.01043701171875,0.14722442626953125,0.9682837724685669,1.0,0.125,0.0
525,26,0.029745018109679222,0.0972900390625,0.03340781480073929,0.0208892822265625,0.14447784423828125,0.9579240083694458,1.0,0.125,0.0
525,27,0.09060756117105484,0.08782958984375,0.03162263333797455,0.0170135498046875,0.14316558837890625,0.9645336866378784,1.0,0.125,0.0
525,28,0.023546939715743065,0.1081085205078125,0.04394694045186043,0.0277099609375,0.15268707275390625,0.9558262825012207,1.0,0.125,0.0
525,29,0.02538726106286049,0.0848236083984375,0.02752678282558918,0.0218505859375,0.13140869140625,0.9558024406433105,1.0,0.125,0.0
525,30,0.004646275192499161,0.095550537109375,0.03512347862124443,0.0290069580078125,0.122039794921875,0.9489058256149292,1.0,0.125,0.0
525,31,0.06086044758558273,0.090301513671875,0.025662925094366074,0.0228729248046875,0.14231109619140625,0.9630516767501831,1.0,0.125,0.0
525,32,0.1684173345565796,0.087646484375,0.026332691311836243,0.0192108154296875,0.138946533203125,0.961433470249176,1.0,0.125,0.0
525,33,0.021198052912950516,0.1226043701171875,0.0823381319642067,0.052703857421875,0.1258392333984375,0.934561014175415,1.0,0.125,0.0
525,34,0.030711496248841286,0.0894927978515625,0.03703340142965317,0.0285491943359375,0.1480865478515625,0.9637042880058289,1.0,0.125,0.0
525,35,0.056076131761074066,0.0682373046875,0.011977829039096832,0.0088958740234375,0.1452178955078125,0.9783644676208496,1.0,0.125,0.0
525,36,0.003678050823509693,0.07794189453125,0.022497478872537613,0.0174713134765625,0.13405609130859375,0.9694872498512268,1.0,0.125,0.0
525,37,0.02533024176955223,0.0793609619140625,0.02451600320637226,0.0160675048828125,0.13600921630859375,0.9658811092376709,1.0,0.125,0.0
525,38,0.0005634521949104965,0.078033447265625,0.024709496647119522,0.0156097412109375,0.1224517822265625,0.9625409245491028,1.0,0.125,0.0
525,39,0.012408457696437836,0.0666961669921875,0.01820121519267559,0.0095672607421875,0.12458038330078125,0.9736764430999756,1.0,0.125,0.06666666666666667
525,40,0.053627002984285355,0.0702362060546875,0.019136972725391388,0.012176513671875,0.12982177734375,0.9723467826843262,1.0,0.125,0.0
525,41,0.011221811175346375,0.0804595947265625,0.022471876814961433,0.016876220703125,0.13629150390625,0.9652875661849976,1.0,0.125,0.0
525,42,0.003649491351097822,0.070068359375,0.016370398923754692,0.01177978515625,0.12615203857421875,0.9706194400787354,1.0,0.125,0.0
525,43,0.005469313822686672,0.0784912109375,0.015551633201539516,0.0167999267578125,0.120269775390625,0.9604538679122925,1.0,0.125,0.0
525,44,0.02391115203499794,0.091339111328125,0.023818084970116615,0.027557373046875,0.1280517578125,0.9539217948913574,1.0,0.125,0.0
525,45,0.023767048493027687,0.07806396484375,0.02487323060631752,0.0115966796875,0.1470184326171875,0.9731740355491638,1.0,0.125,0.0
525,46,0.036412034183740616,0.08245849609375,0.016688065603375435,0.0206756591796875,0.1397552490234375,0.9660944938659668,1.0,0.125,0.0
525,47,0.055761247873306274,0.074676513671875,0.02195703238248825,0.017913818359375,0.137420654296875,0.9704985618591309,1.0,0.125,0.0
526,0,0.05227331072092056,0.0820159912109375,0.024883408099412918,0.0186920166015625,0.143035888671875,0.9691820740699768,1.0,0.125,0.0
526,1,0.00014313528663478792,0.088409423828125,0.029342345893383026,0.0278778076171875,0.12807464599609375,0.9575047492980957,1.0,0.125,0.06666666666666667
526,2,0.09139080345630646,0.1047821044921875,0.028541387990117073,0.03533935546875,0.1462860107421875,0.9548693299293518,1.0,0.125,0.0
526,3,0.04981467127799988,0.1012115478515625,0.03567962720990181,0.0235748291015625,0.14886474609375,0.9591282606124878,1.0,0.125,0.0
526,4,0.018775273114442825,0.105499267578125,0.02669433504343033,0.034912109375,0.14495086669921875,0.953403115272522,1.0,0.125,0.0
526,5,0.027818679809570312,0.0876617431640625,0.030126210302114487,0.0161590576171875,0.143463134765625,0.9645153284072876,1.0,0.125,0.06666666666666667
526,6,0.022933926433324814,0.1013031005859375,0.03836286440491676,0.0259552001953125,0.14403533935546875,0.9552043676376343,1.0,0.125,0.0
526,7,0.030619094148278236,0.0884246826171875,0.023051293566823006,0.0247955322265625,0.1520233154296875,0.9682857394218445,1.0,0.125,0.0
526,8,0.05786629393696785,0.0932159423828125,0.03178006410598755,0.0203399658203125,0.140350341796875,0.9578924775123596,1.0,0.125,0.0
526,9,0.017955459654331207,0.086090087890625,0.023845752701163292,0.02166748046875,0.13818359375,0.9644482135772705,1.0,0.125,0.0
526,10,0.018128804862499237,0.0863800048828125,0.02234090492129326,0.022552490234375,0.133392333984375,0.9620449542999268,1.0,0.125,0.0
526,11,0.1514892876148224,0.0956573486328125,0.030468247830867767,0.016845703125,0.14577484130859375,0.9570506811141968,1.0,0.125,0.0
526,12,0.04841861128807068,0.091827392578125,0.024440579116344452,0.0142974853515625,0.1449432373046875,0.9614050388336182,1.0,0.125,0.06666666666666667
526,13,0.03308602422475815,0.092559814453125,0.029070664197206497,0.02044677734375,0.15357208251953125,0.9612647294998169,1.0,0.125,0.0
526,14,0.004125533159822226,0.106842041015625,0.03429251164197922,0.036102294921875,0.1338958740234375,0.946900486946106,1.0,0.125,0.0
526,15,0.08266405016183853,0.1022491455078125,0.03877142071723938,0.0244140625,0.13883209228515625,0.9532369375228882,1.0,0.125,0.0
526,16,0.06578158587217331,0.096282958984375,0.04317372292280197,0.0223846435546875,0.14249420166015625,0.9620463252067566,1.0,0.125,0.0
526,17,0.0982242301106453,0.10015869140625,0.04511910304427147,0.0327911376953125,0.1383819580078125,0.9498602151870728,1.0,0.125,0.0
526,18,0.02815239503979683,0.0891876220703125,0.0297197625041008,0.0226898193359375,0.14006805419921875,0.9644591808319092,1.0,0.125,0.0
526,19,0.024724960327148438,0.09051513671875,0.023094771429896355,0.0183563232421875,0.12823486328125,0.9550414681434631,1.0,0.125,0.0
526,20,0.05007532238960266,0.0767059326171875,0.02804114855825901,0.01860809326171875,0.1364288330078125,0.9626342058181763,1.0,0.125,0.0
526,21,0.013461406342685223,0.088470458984375,0.030450595542788506,0.0284576416015625,0.12481689453125,0.9530895948410034,1.0,0.125,0.0
526,22,0.011847863905131817,0.0864105224609375,0.0282937902957201,0.01812744140625,0.12647247314453125,0.9561336636543274,1.0,0.125,0.0
526,23,0.0003706814022734761,0.088409423828125,0.03116343915462494,0.0183258056640625,0.13994598388671875,0.9652791023254395,1.0,0.125,0.0
526,24,0.010599629953503609,0.090057373046875,0.04278985410928726,0.0283050537109375,0.12900543212890625,0.9548956155776978,1.0,0.125,0.0
526,25,0.01993749663233757,0.086212158203125,0.033908408135175705,0.0245819091796875,0.1214599609375,0.9578871726989746,1.0,0.125,0.0
526,26,0.009437058120965958,0.085418701171875,0.01778499409556389,0.01776123046875,0.1219635009765625,0.9544888734817505,1.0,0.125,0.0
526,27,0.019625669345259666,0.076629638671875,0.020968908444046974,0.0158233642578125,0.1392059326171875,0.9669688940048218,1.0,0.125,0.0
526,28,0.016307445243000984,0.075103759765625,0.01774011179804802,0.0098724365234375,0.14009857177734375,0.9734991192817688,1.0,0.125,0.0
526,29,0.07595203071832657,0.1004638671875,0.01938152126967907,0.024444580078125,0.14008331298828125,0.9475976228713989,1.0,0.125,0.0
526,30,0.05710773169994354,0.0863800048828125,0.020313289016485214,0.0245208740234375,0.1318359375,0.962724506855011,1.0,0.125,0.06666666666666667
526,31,0.006576886400580406,0.1016845703125,0.03197426721453667,0.0314483642578125,0.1450347900390625,0.9547141194343567,1.0,0.125,0.0
526,32,0.0126964021474123,0.078765869140625,0.023129325360059738,0.0151519775390625,0.1347503662109375,0.9673988819122314,1.0,0.125,0.0
526,33,0.02997022680938244,0.0923309326171875,0.02941669337451458,0.0237884521484375,0.12847137451171875,0.9546790719032288,1.0,0.125,0.0
526,34,0.005007750354707241,0.0887298583984375,0.02351493202149868,0.020843505859375,0.1189117431640625,0.9515136480331421,1.0,0.125,0.0
526,35,0.02961904928088188,0.0875396728515625,0.033394984900951385,0.018524169921875,0.138763427734375,0.9623032212257385,1.0,0.125,0.0
526,36,0.2932083010673523,0.118988037109375,0.034506719559431076,0.032196044921875,0.1591644287109375,0.9468419551849365,1.0,0.125,0.0
526,37,0.21234922111034393,0.118927001953125,0.02948596701025963,0.0292816162109375,0.1653289794921875,0.9496107697486877,1.0,0.125,0.0
526,38,0.32800281047821045,0.1013641357421875,0.04183230549097061,0.027008056640625,0.14605712890625,0.9571324586868286,1.0,0.125,0.06666666666666667
526,39,0.011364063248038292,0.12200927734375,0.045740995556116104,0.046600341796875,0.13018035888671875,0.9320308566093445,1.0,0.125,0.0
526,40,0.10841052234172821,0.10162353515625,0.026146922260522842,0.017242431640625,0.1580047607421875,0.9597523212432861,1.0,0.125,0.0
526,41,0.19521576166152954,0.105621337890625,0.024749116972088814,0.019683837890625,0.15335845947265625,0.951042652130127,1.0,0.125,0.0
526,42,0.02449948899447918,0.0859832763671875,0.020491860806941986,0.01885986328125,0.13538360595703125,0.9637805223464966,1.0,0.125,0.0
526,43,0.0063063460402190685,0.093841552734375,0.030418403446674347,0.02459716796875,0.15265655517578125,0.964367151260376,1.0,0.125,0.06666666666666667
526,44,0.05329366773366928,0.09588623046875,0.022191882133483887,0.0236663818359375,0.1472015380859375,0.959796667098999,1.0,0.125,0.0
526,45,0.04852183535695076,0.1080322265625,0.03659646958112717,0.03607177734375,0.133148193359375,0.9434405565261841,1.0,0.125,0.06666666666666667
526,46,0.004031674936413765,0.105682373046875,0.04016019403934479,0.0362701416015625,0.1335296630859375,0.9471023082733154,1.0,0.125,0.0
526,47,0.042749859392642975,0.110137939453125,0.030916806310415268,0.0285491943359375,0.13709259033203125,0.9400219917297363,1.0,0.125,0.0
527,0,0.011303345672786236,0.0884552001953125,0.03212881460785866,0.0171051025390625,0.14058685302734375,0.965668797492981,1.0,0.125,0.0
527,1,0.24649126827716827,0.149810791015625,0.08616040647029877,0.07355499267578125,0.13860321044921875,0.8924958109855652,1.0,0.125,0.0
527,2,0.23427487909793854,0.10772705078125,0.03176356479525566,0.0311737060546875,0.14707183837890625,0.9535152912139893,1.0,0.125,0.0
527,3,0.002944572828710079,0.112274169921875,0.07063652575016022,0.037261962890625,0.12580108642578125,0.939613938331604,1.0,0.125,0.0
527,4,0.0011171167716383934,0.125,0.08654797822237015,0.0254974365234375,0.12571144104003906,0.9298145771026611,1.0,0.125,0.0
527,5,0.02350834757089615,0.124847412109375,0.03325994685292244,0.033782958984375,0.15708160400390625,0.9428327083587646,1.0,0.125,0.0
527,6,0.03200509026646614,0.100189208984375,0.035226210951805115,0.0234222412109375,0.138641357421875,0.9537090063095093,1.0,0.125,0.0
527,7,0.0009340611286461353,0.15521240234375,0.07107556611299515,0.07094573974609375,0.1256561279296875,0.8987431526184082,1.0,0.125,0.0
527,8,0.00028951658168807626,0.1361846923828125,0.046304747462272644,0.0351104736328125,0.142303466796875,0.9230482578277588,1.0,0.125,0.0
527,9,0.00018516714044380933,0.104705810546875,0.03174155205488205,0.0245208740234375,0.15137481689453125,0.9578609466552734,1.0,0.125,0.06666666666666667
527,10,0.005616392008960247,0.1029052734375,0.032855626195669174,0.0204315185546875,0.16019439697265625,0.9568495750427246,1.0,0.125,0.0
527,11,0.03968396037817001,0.0764007568359375,0.020243525505065918,0.0129241943359375,0.137969970703125,0.971274733543396,1.0,0.125,0.0
527,12,0.006039904896169901,0.079803466796875,0.024174988269805908,0.0144805908203125,0.1497955322265625,0.9740101099014282,1.0,0.125,0.0
527,13,0.024758175015449524,0.08599853515625,0.023144882172346115,0.0172882080078125,0.135894775390625,0.9577040076255798,1.0,0.125,0.0
527,14,0.11404067277908325,0.07659912109375,0.022154921665787697,0.011993408203125,0.14498138427734375,0.9733235239982605,1.0,0.125,0.06666666666666667
527,15,0.013535109348595142,0.0733489990234375,0.017840644344687462,0.0134429931640625,0.127777099609375,0.9689301252365112,1.0,0.125,0.0
527,16,0.02579684555530548,0.0749969482421875,0.01842336170375347,0.0107421875,0.1372222900390625,0.9696483016014099,1.0,0.125,0.0
527,17,0.11734253168106079,0.098175048828125,0.03300708532333374,0.0194549560546875,0.12908935546875,0.9487431645393372,1.0,0.125,0.0
527,18,0.0015598733443766832,0.0780181884765625,0.01873032934963703,0.021575927734375,0.1276397705078125,0.9635353088378906,1.0,0.125,0.0
527,19,0.0715307742357254,0.08331298828125,0.023138443008065224,0.0201263427734375,0.139007568359375,0.9626346826553345,1.0,0.125,0.0
527,20,0.007092656567692757,0.078948974609375,0.022267524152994156,0.0176544189453125,0.1313629150390625,0.9650639295578003,1.0,0.125,0.0
527,21,0.1426716297864914,0.0792694091796875,0.021084748208522797,0.0114288330078125,0.1429443359375,0.971782386302948,1.0,0.125,0.0
527,22,0.053074467927217484,0.09796142578125,0.02642596699297428,0.0219268798828125,0.14544677734375,0.954964280128479,1.0,0.125,0.0
527,23,0.004934065043926239,0.0994415283203125,0.04085461050271988,0.02960205078125,0.127349853515625,0.9479846954345703,1.0,0.125,0.06666666666666667
527,24,0.4339603781700134,0.0936431884765625,0.025924205780029297,0.0227813720703125,0.12762451171875,0.9540265202522278,1.0,0.125,0.0
527,25,0.21219505369663239,0.102447509765625,0.03937755152583122,0.036407470703125,0.1329803466796875,0.9503875970840454,1.0,0.125,0.0
527,26,0.6366636753082275,0.09765625,0.03886362910270691,0.0346221923828125,0.13280487060546875,0.9539673328399658,1.0,0.125,0.0
527,27,0.07456020265817642,0.087371826171875,0.028995344415307045,0.01666259765625,0.13939666748046875,0.9628446102142334,1.0,0.125,0.0
527,28,0.0046042148023843765,0.0885009765625,0.026462804526090622,0.02569580078125,0.13623809814453125,0.9601538181304932,1.0,0.125,0.0
527,29,0.00025840193848125637,0.0764007568359375,0.025837915018200874,0.01947021484375,0.12957763671875,0.9654247760772705,1.0,0.125,0.0
527,30,0.00109054334461689,0.08026123046875,0.015306930989027023,0.015625,0.13042449951171875,0.963250994682312,1.0,0.125,0.0
527,31,0.005149172618985176,0.0746917724609375,0.015054657123982906,0.01483154296875,0.1183319091796875,0.9612443447113037,1.0,0.125,0.0
527,32,0.019176550209522247,0.0850067138671875,0.029815809801220894,0.0172576904296875,0.14514923095703125,0.9698630571365356,1.0,0.125,0.06666666666666667
527,33,0.028802398592233658,0.092559814453125,0.02351301722228527,0.0208740234375,0.13916778564453125,0.9554794430732727,1.0,0.125,0.0
527,34,0.00951035600155592,0.106201171875,0.035817600786685944,0.0350799560546875,0.1279754638671875,0.9394418001174927,1.0,0.125,0.0
527,35,0.06620936095714569,0.090667724609375,0.02073073759675026,0.0211639404296875,0.13993072509765625,0.9595546126365662,1.0,0.125,0.0
527,36,0.02565906196832657,0.086944580078125,0.01995147205889225,0.0213470458984375,0.1527099609375,0.9694887399673462,1.0,0.125,0.0
527,37,0.056568775326013565,0.0927276611328125,0.04141838848590851,0.0235595703125,0.1408843994140625,0.9594938158988953,1.0,0.125,0.06666666666666667
527,38,0.049031324684619904,0.09161376953125,0.03872222453355789,0.018707275390625,0.13370513916015625,0.9566791653633118,1.0,0.125,0.0
527,39,0.33243924379348755,0.10992431640625,0.03604388236999512,0.02655029296875,0.14716339111328125,0.9493724703788757,1.0,0.125,0.0
527,40,0.0008962517604231834,0.122039794921875,0.06514701247215271,0.038543701171875,0.16018295288085938,0.9504991769790649,1.0,0.125,0.0
527,41,0.0017910628812387586,0.120269775390625,0.03071504458785057,0.0337982177734375,0.1611328125,0.9504808187484741,1.0,0.125,0.06666666666666667
527,42,0.0005407722783274949,0.1255340576171875,0.04835095256567001,0.0357666015625,0.18193817138671875,0.9559876918792725,1.0,0.125,0.0
527,43,0.0047545102424919605,0.127532958984375,0.027653826400637627,0.043548583984375,0.1680450439453125,0.9511094093322754,1.0,0.125,0.0
527,44,0.013474026694893837,0.09466552734375,0.02202540449798107,0.01654052734375,0.16374969482421875,0.9669822454452515,1.0,0.125,0.0
527,45,0.07366250455379486,0.09979248046875,0.045073501765728,0.025970458984375,0.146759033203125,0.9599447250366211,1.0,0.125,0.06666666666666667
527,46,8.065570000326261e-06,0.1122894287109375,0.06040214002132416,0.03125,0.11923980712890625,0.9318843483924866,1.0,0.125,0.0
527,47,0.01940220594406128,0.117767333984375,0.034931402653455734,0.02996826171875,0.14177703857421875,0.94008469581604,1.0,0.125,0.0
528,0,0.008484046906232834,0.1012725830078125,0.029074937105178833,0.0287322998046875,0.13468170166015625,0.9507616758346558,1.0,0.125,0.0
528,1,0.01832723431289196,0.0925750732421875,0.028621677309274673,0.0225372314453125,0.1494140625,0.9632853269577026,1.0,0.125,0.06666666666666667
528,2,0.02377384714782238,0.089813232421875,0.02850973978638649,0.0222930908203125,0.138153076171875,0.9606136083602905,1.0,0.125,0.0
528,3,0.04765121638774872,0.0912933349609375,0.029115045443177223,0.020599365234375,0.1623382568359375,0.9701802134513855,1.0,0.125,0.0
528,4,0.13872291147708893,0.090789794921875,0.03442998230457306,0.021575927734375,0.14463043212890625,0.9624024629592896,1.0,0.125,0.0
528,5,0.04121650382876396,0.081298828125,0.014766976237297058,0.0157012939453125,0.1321868896484375,0.9639431238174438,1.0,0.125,0.0
528,6,0.06299912929534912,0.09490966796875,0.028936393558979034,0.0250701904296875,0.1447296142578125,0.9594278335571289,1.0,0.125,0.06666666666666667
528,7,0.2029832899570465,0.1085357666015625,0.04038258269429207,0.0236358642578125,0.13784027099609375,0.9429491758346558,1.0,0.125,0.0
528,8,0.042643073946237564,0.142913818359375,0.07942429929971695,0.0532073974609375,0.12491226196289062,0.9096181988716125,1.0,0.125,0.0
528,9,0.14660558104515076,0.1071624755859375,0.028172001242637634,0.0296173095703125,0.1468353271484375,0.9526231288909912,1.0,0.125,0.0
528,10,0.18991327285766602,0.1044921875,0.0420355461537838,0.0303955078125,0.136810302734375,0.9515265226364136,1.0,0.125,0.0
528,11,0.2000797539949417,0.1146392822265625,0.04461740329861641,0.0360107421875,0.137054443359375,0.9362109899520874,1.0,0.125,0.0
528,12,0.36062103509902954,0.1241607666015625,0.06229916214942932,0.0442962646484375,0.12944793701171875,0.930747389793396,1.0,0.125,0.0
528,13,0.01982421986758709,0.095245361328125,0.030139489099383354,0.0219879150390625,0.14487457275390625,0.9602240920066833,1.0,0.125,0.0
528,14,0.15281015634536743,0.1094207763671875,0.046618249267339706,0.025909423828125,0.15081787109375,0.9499049782752991,1.0,0.125,0.0
528,15,0.14690497517585754,0.102630615234375,0.037349212914705276,0.0321502685546875,0.1403656005859375,0.9530158638954163,1.0,0.125,0.0
528,16,0.1118520200252533,0.117767333984375,0.046246517449617386,0.034271240234375,0.1605682373046875,0.954113245010376,1.0,0.125,0.0
528,17,0.14809668064117432,0.116912841796875,0.041878823190927505,0.0411224365234375,0.14293670654296875,0.9434252977371216,1.0,0.125,0.0
528,18,0.13597926497459412,0.1176910400390625,0.04625792056322098,0.0361175537109375,0.14411163330078125,0.9413236975669861,1.0,0.125,0.0
528,19,0.0837525874376297,0.1324310302734375,0.06621551513671875,0.04083251953125,0.124267578125,0.9185830354690552,1.0,0.125,0.0
528,20,0.017505113035440445,0.101806640625,0.03572428971529007,0.026275634765625,0.1355133056640625,0.9488055109977722,1.0,0.125,0.0
528,21,0.013756226748228073,0.096405029296875,0.024614635854959488,0.020751953125,0.14524078369140625,0.9608657360076904,1.0,0.125,0.06666666666666667
528,22,0.16432327032089233,0.1139678955078125,0.047279614955186844,0.0286712646484375,0.137786865234375,0.935803234577179,1.0,0.125,0.0
528,23,0.009311411529779434,0.1118621826171875,0.043840937316417694,0.029296875,0.12802886962890625,0.9376029968261719,1.0,0.125,0.0
528,24,0.23205555975437164,0.096435546875,0.03462829440832138,0.03240966796875,0.13686370849609375,0.9570295214653015,1.0,0.125,0.0
528,25,0.10387822985649109,0.0894775390625,0.03456832095980644,0.0290374755859375,0.13565826416015625,0.9629226922988892,1.0,0.125,0.0
528,26,0.021616952493786812,0.11151123046875,0.028690354898571968,0.037109375,0.15743255615234375,0.9550697803497314,1.0,0.125,0.0
528,27,0.3259828984737396,0.0991973876953125,0.031229693442583084,0.020111083984375,0.14264678955078125,0.9549260139465332,1.0,0.125,0.0
528,28,0.07343064993619919,0.112548828125,0.03992091119289398,0.03301239013671875,0.14795684814453125,0.9441637992858887,1.0,0.125,0.0
528,29,0.3206450343132019,0.112884521484375,0.041259121149778366,0.0306854248046875,0.1451416015625,0.9457255601882935,1.0,0.125,0.0
528,30,0.000799624074716121,0.137451171875,0.06795929372310638,0.045562744140625,0.14978790283203125,0.9339008331298828,1.0,0.125,0.0
528,31,0.04561001434922218,0.1083984375,0.035265859216451645,0.024749755859375,0.1569976806640625,0.95415198802948,1.0,0.125,0.0
528,32,0.11565838754177094,0.078521728515625,0.023808542639017105,0.01361083984375,0.14586639404296875,0.9745458364486694,1.0,0.125,0.0
528,33,0.06947899609804153,0.07666015625,0.023896334692835808,0.0149078369140625,0.1437225341796875,0.9737917184829712,1.0,0.125,0.06666666666666667
528,34,0.020525477826595306,0.0846099853515625,0.02655905671417713,0.026031494140625,0.1331024169921875,0.9592761993408203,1.0,0.125,0.0
528,35,0.3094213008880615,0.1038360595703125,0.03114907070994377,0.0245513916015625,0.14302825927734375,0.9516627788543701,1.0,0.125,0.0
528,36,0.001385978888720274,0.115936279296875,0.03305918723344803,0.0344085693359375,0.1432037353515625,0.9447939395904541,1.0,0.125,0.0
528,37,0.001367010292597115,0.09454345703125,0.013550217263400555,0.0212249755859375,0.15547943115234375,0.9654390811920166,1.0,0.125,0.0
528,38,0.12641355395317078,0.1100921630859375,0.07009097188711166,0.0372772216796875,0.124298095703125,0.9342391490936279,1.0,0.125,0.0
528,39,0.0765034556388855,0.118499755859375,0.06550746411085129,0.0339202880859375,0.1187744140625,0.9298572540283203,1.0,0.125,0.0
528,40,0.010862980037927628,0.107696533203125,0.036149702966213226,0.0281524658203125,0.14063262939453125,0.9496268033981323,1.0,0.125,0.0
528,41,0.0020587656181305647,0.091400146484375,0.028580734506249428,0.024139404296875,0.14215087890625,0.965548574924469,1.0,0.125,0.0
528,42,0.6853068470954895,0.1213531494140625,0.053878068923950195,0.0381927490234375,0.12644195556640625,0.9220279455184937,1.0,0.125,0.0
528,43,0.17898884415626526,0.1189422607421875,0.0537370927631855,0.034820556640625,0.1239471435546875,0.929878294467926,1.0,0.125,0.0
528,44,0.037566397339105606,0.10162353515625,0.02391822822391987,0.027496337890625,0.13962554931640625,0.9525526762008667,1.0,0.125,0.0
528,45,0.07052405178546906,0.114532470703125,0.045158665627241135,0.0326995849609375,0.128814697265625,0.933917224407196,1.0,0.125,0.0
528,46,0.33461353182792664,0.1235198974609375,0.06333757936954498,0.0331268310546875,0.11826324462890625,0.9226963520050049,1.0,0.125,0.0
528,47,0.0047095762565732,0.0988616943359375,0.02642976865172386,0.026458740234375,0.1415863037109375,0.9557875394821167,1.0,0.125,0.0
529,0,0.1306673139333725,0.1053466796875,0.0319388285279274,0.0394134521484375,0.12420654296875,0.9398384094238281,1.0,0.125,0.0
529,1,0.4729350805282593,0.096771240234375,0.02160762995481491,0.0227813720703125,0.1378936767578125,0.9539786577224731,1.0,0.125,0.06666666666666667
529,2,0.03005828894674778,0.10467529296875,0.034194886684417725,0.02984619140625,0.1462249755859375,0.9539018273353577,1.0,0.125,0.0
529,3,0.2097111940383911,0.0901947021484375,0.033312223851680756,0.02471923828125,0.1408843994140625,0.9625124931335449,1.0,0.125,0.0
529,4,0.03914020210504532,0.09063720703125,0.035824622958898544,0.0251312255859375,0.136016845703125,0.9590739011764526,1.0,0.125,0.0
529,5,0.024004433304071426,0.089569091796875,0.03822173923254013,0.0212249755859375,0.1394195556640625,0.9608464241027832,1.0,0.125,0.06666666666666667
529,6,0.031837139278650284,0.08331298828125,0.030771950259804726,0.02342987060546875,0.13254547119140625,0.9596362113952637,1.0,0.125,0.06666666666666667
529,7,0.10214011371135712,0.0989990234375,0.04610065743327141,0.0222625732421875,0.1318511962890625,0.9501033425331116,1.0,0.125,0.0
529,8,0.15111523866653442,0.116119384765625,0.05213794857263565,0.0341644287109375,0.1367950439453125,0.9373493194580078,1.0,0.125,0.06666666666666667
529,9,0.012544604949653149,0.1016998291015625,0.024757709354162216,0.02935791015625,0.1553802490234375,0.959004282951355,1.0,0.125,0.06666666666666667
529,10,0.0501403845846653,0.0996551513671875,0.04505280777812004,0.020538330078125,0.14217376708984375,0.9524171352386475,1.0,0.125,0.0
529,11,0.006624323315918446,0.1045379638671875,0.04138491302728653,0.0336761474609375,0.14253997802734375,0.9498298168182373,1.0,0.125,0.0
529,12,0.06798741966485977,0.09710693359375,0.02222408913075924,0.02069091796875,0.15229034423828125,0.9551130533218384,1.0,0.125,0.0
529,13,0.014094127342104912,0.0876007080078125,0.03346889093518257,0.0214080810546875,0.1468353271484375,0.9692023396492004,1.0,0.125,0.06666666666666667
529,14,0.06231158226728439,0.1041259765625,0.029353532940149307,0.02496337890625,0.14501190185546875,0.9533264636993408,1.0,0.125,0.0
529,15,0.05255751311779022,0.1017913818359375,0.04209199920296669,0.0279998779296875,0.13404083251953125,0.9491804838180542,1.0,0.125,0.06666666666666667
529,16,0.013017062097787857,0.115936279296875,0.04554612189531326,0.0429534912109375,0.131591796875,0.9390213489532471,1.0,0.125,0.0
529,17,0.00810549408197403,0.10284423828125,0.02076047845184803,0.0293426513671875,0.1475372314453125,0.9551151990890503,1.0,0.125,0.0
529,18,0.10500798374414444,0.0963592529296875,0.023526770994067192,0.0281524658203125,0.1508026123046875,0.9630997776985168,1.0,0.125,0.0
529,19,0.12511046230793,0.099395751953125,0.0418546237051487,0.022125244140625,0.151458740234375,0.9602906703948975,1.0,0.125,0.0
529,20,0.07593221217393875,0.150299072265625,0.07269924134016037,0.066070556640625,0.13549041748046875,0.894236147403717,1.0,0.125,0.0
529,21,0.19048741459846497,0.1345367431640625,0.0998305156826973,0.041839599609375,0.1446380615234375,0.9363434314727783,1.0,0.125,0.06666666666666667
529,22,0.0011973526561632752,0.14263916015625,0.05784841626882553,0.037567138671875,0.1448974609375,0.9233661890029907,1.0,0.125,0.0
529,23,0.23661616444587708,0.138580322265625,0.045420728623867035,0.0402069091796875,0.15258026123046875,0.9315983653068542,1.0,0.125,0.0
529,24,0.016877081245183945,0.12957763671875,0.061623115092515945,0.0320892333984375,0.1408843994140625,0.9348995685577393,1.0,0.125,0.0
529,25,0.06346917897462845,0.095458984375,0.017595071345567703,0.0136871337890625,0.14670562744140625,0.9578436017036438,1.0,0.125,0.0
529,26,0.1771007478237152,0.0836334228515625,0.03069612942636013,0.01336669921875,0.136932373046875,0.9665017127990723,1.0,0.125,0.0
529,27,0.011854592710733414,0.0982513427734375,0.026607543230056763,0.0268707275390625,0.12921905517578125,0.9494216442108154,1.0,0.125,0.0
529,28,0.012217112816870213,0.0780029296875,0.022736230865120888,0.0143280029296875,0.1491546630859375,0.973603367805481,1.0,0.125,0.06666666666666667
529,29,0.012119835242629051,0.0799102783203125,0.0267848689109087,0.019256591796875,0.136688232421875,0.9703873991966248,1.0,0.125,0.0
529,30,0.017295056954026222,0.0826416015625,0.03103768266737461,0.01776123046875,0.1329193115234375,0.9623191952705383,1.0,0.125,0.0
529,31,0.006234793923795223,0.0950927734375,0.028107203543186188,0.0242919921875,0.1393280029296875,0.9576256275177002,1.0,0.125,0.0
529,32,0.005033689085394144,0.096710205078125,0.027472855523228645,0.01995849609375,0.13938140869140625,0.9526336193084717,1.0,0.125,0.0
529,33,0.03757283091545105,0.10894775390625,0.025988580659031868,0.0253143310546875,0.1356048583984375,0.9363646507263184,1.0,0.125,0.0
529,34,0.018744349479675293,0.1143951416015625,0.06669414043426514,0.038330078125,0.14239501953125,0.9492201805114746,1.0,0.125,0.0
529,35,0.0017831805162131786,0.109954833984375,0.06707010418176651,0.0371246337890625,0.1398468017578125,0.9520407915115356,1.0,0.125,0.06666666666666667
529,36,0.021089985966682434,0.120330810546875,0.05545136332511902,0.037689208984375,0.1316680908203125,0.934878945350647,1.0,0.125,0.0
529,37,0.022411182522773743,0.10186767578125,0.04259147495031357,0.0225830078125,0.142974853515625,0.9501138925552368,1.0,0.125,0.0
529,38,0.030031539499759674,0.078521728515625,0.022062478587031364,0.010009765625,0.1460113525390625,0.971576452255249,1.0,0.125,0.06666666666666667
529,39,0.048008520156145096,0.083984375,0.02157590538263321,0.0168914794921875,0.143310546875,0.96455979347229,1.0,0.125,0.0
529,40,0.0401155948638916,0.091644287109375,0.027099043130874634,0.019256591796875,0.14565277099609375,0.9604809284210205,1.0,0.125,0.0
529,41,0.05009239912033081,0.109283447265625,0.04667436704039574,0.0237274169921875,0.12918853759765625,0.9366834163665771,1.0,0.125,0.0
529,42,0.015638960525393486,0.0863189697265625,0.017877565696835518,0.01678466796875,0.14923858642578125,0.9668447971343994,1.0,0.125,0.0
529,43,0.026558278128504753,0.082977294921875,0.023085635155439377,0.0166473388671875,0.12877655029296875,0.960690438747406,1.0,0.125,0.0
529,44,0.033690545707941055,0.104400634765625,0.02413427270948887,0.030181884765625,0.1336822509765625,0.9411628246307373,1.0,0.125,0.0
529,45,0.020683152601122856,0.0762786865234375,0.015015881508588791,0.015960693359375,0.1355133056640625,0.9704157114028931,1.0,0.125,0.0
529,46,0.019345814362168312,0.068450927734375,0.014570633880794048,0.0113677978515625,0.13585662841796875,0.9768192768096924,1.0,0.125,0.0
529,47,0.05172388628125191,0.091339111328125,0.03533686324954033,0.0200347900390625,0.14568328857421875,0.961551308631897,1.0,0.125,0.0
530,0,0.17212843894958496,0.111968994140625,0.03831752762198448,0.0298004150390625,0.1461639404296875,0.9496625661849976,1.0,0.125,0.0
530,1,0.10628274083137512,0.121826171875,0.05704903602600098,0.0456695556640625,0.1546630859375,0.9416665434837341,1.0,0.125,0.06666666666666667
530,2,0.012918705120682716,0.090850830078125,0.029128912836313248,0.0231475830078125,0.1474761962890625,0.9648920893669128,1.0,0.125,0.0
530,3,0.01837761327624321,0.07525634765625,0.019960548728704453,0.0140228271484375,0.13777923583984375,0.9708706140518188,1.0,0.125,0.0
530,4,0.0046492088586091995,0.0878448486328125,0.02819906361401081,0.0211334228515625,0.14324951171875,0.9658710956573486,1.0,0.125,0.0
530,5,0.03690311312675476,0.1112060546875,0.05813738703727722,0.035247802734375,0.15274810791015625,0.955184280872345,1.0,0.125,0.0
530,6,0.05744418874382973,0.11090087890625,0.03691285103559494,0.02874755859375,0.14196014404296875,0.9490426182746887,1.0,0.125,0.0
530,7,0.01396245788782835,0.095458984375,0.019794972613453865,0.02252197265625,0.1515350341796875,0.9620240926742554,1.0,0.125,0.0
530,8,0.026096325367689133,0.0944976806640625,0.032814156264066696,0.0212554931640625,0.1424407958984375,0.9593228101730347,1.0,0.125,0.0
530,9,0.03556928038597107,0.0914154052734375,0.024892015382647514,0.0198211669921875,0.12982940673828125,0.9534288644790649,1.0,0.125,0.0
530,10,0.0014425176195800304,0.0742645263671875,0.02064887434244156,0.01849365234375,0.12503814697265625,0.96486496925354,1.0,0.125,0.0
530,11,0.0250089131295681,0.0814056396484375,0.01968475431203842,0.0125274658203125,0.1383514404296875,0.9634280800819397,1.0,0.125,0.0
530,12,0.023414358496665955,0.0862579345703125,0.023955613374710083,0.0203704833984375,0.13681793212890625,0.964085578918457,1.0,0.125,0.0
530,13,0.024199631065130234,0.0961456298828125,0.026989994570612907,0.02630615234375,0.1545867919921875,0.9630694389343262,1.0,0.125,0.06666666666666667
530,14,0.019197601824998856,0.0855560302734375,0.028906699270009995,0.01741790771484375,0.14633941650390625,0.9702483415603638,1.0,0.125,0.06666666666666667
530,15,0.00020855663751717657,0.0854339599609375,0.03148213028907776,0.0214691162109375,0.13771820068359375,0.967093825340271,1.0,0.125,0.0
530,16,0.022235766053199768,0.09564208984375,0.021880146116018295,0.0186004638671875,0.1533203125,0.959355890750885,1.0,0.125,0.0
530,17,0.013381578028202057,0.081817626953125,0.031409673392772675,0.01507568359375,0.14485931396484375,0.9714717864990234,1.0,0.125,0.0
530,18,0.0669732540845871,0.104461669921875,0.03686501830816269,0.0287933349609375,0.1494903564453125,0.9559792280197144,1.0,0.125,0.0
530,19,0.0003025381010957062,0.133148193359375,0.07835653424263,0.0359954833984375,0.15826797485351562,0.9418317079544067,1.0,0.125,0.0
530,20,0.07717330753803253,0.1119842529296875,0.043744344264268875,0.026824951171875,0.151031494140625,0.948616623878479,1.0,0.125,0.0
530,21,0.0005563940503634512,0.107147216796875,0.035232871770858765,0.030914306640625,0.14774322509765625,0.9548367261886597,1.0,0.125,0.06666666666666667
530,22,0.00928424671292305,0.09002685546875,0.016409151256084442,0.0149078369140625,0.1536865234375,0.9635160565376282,1.0,0.125,0.06666666666666667
530,23,0.02545560710132122,0.074951171875,0.018088867887854576,0.0126800537109375,0.15007781982421875,0.9735994338989258,1.0,0.125,0.0
530,24,0.01690082438290119,0.0909271240234375,0.02821844443678856,0.0195465087890625,0.1421356201171875,0.9574957489967346,1.0,0.125,0.0
530,25,0.007518543396145105,0.096466064453125,0.02888193354010582,0.023590087890625,0.1347808837890625,0.9535285830497742,1.0,0.125,0.0
530,26,0.009086554870009422,0.08599853515625,0.012713932432234287,0.0151214599609375,0.15189361572265625,0.9657065868377686,1.0,0.125,0.0
530,27,0.03642160817980766,0.08966064453125,0.026423711329698563,0.01751708984375,0.14678192138671875,0.960943877696991,1.0,0.125,0.06666666666666667
530,28,0.04004932940006256,0.0934295654296875,0.0334785170853138,0.0210723876953125,0.14405059814453125,0.9584101438522339,1.0,0.125,0.06666666666666667
530,29,0.027706313878297806,0.0963287353515625,0.04628557339310646,0.0307159423828125,0.12876129150390625,0.952796220779419,1.0,0.125,0.06666666666666667
530,30,0.018241776153445244,0.0900421142578125,0.02697632648050785,0.01739501953125,0.150421142578125,0.962857723236084,1.0,0.125,0.06666666666666667
530,31,0.06682637333869934,0.1044769287109375,0.05316862463951111,0.0293426513671875,0.1424560546875,0.9545235633850098,1.0,0.125,0.0
530,32,0.03719353675842285,0.149505615234375,0.07575841248035431,0.07338714599609375,0.15195465087890625,0.9054251909255981,1.0,0.125,0.0
530,33,0.012227210216224194,0.136322021484375,0.08699768036603928,0.0339813232421875,0.1377544403076172,0.9299536943435669,1.0,0.125,0.0
530,34,0.004461266100406647,0.1343994140625,0.040700703859329224,0.029571533203125,0.1566314697265625,0.931667685508728,1.0,0.125,0.06666666666666667
530,35,0.03184836357831955,0.101409912109375,0.03392312675714493,0.0220947265625,0.145416259765625,0.9539128541946411,1.0,0.125,0.0
530,36,0.00531886937096715,0.134613037109375,0.047958169132471085,0.0452117919921875,0.12328338623046875,0.9108628034591675,1.0,0.125,0.06666666666666667
530,37,0.002461680443957448,0.13818359375,0.036733224987983704,0.039093017578125,0.12322998046875,0.9041674137115479,1.0,0.125,0.06666666666666667
530,38,0.023299140855669975,0.10064697265625,0.021085239946842194,0.024078369140625,0.14923858642578125,0.9564473628997803,1.0,0.125,0.0
530,39,0.026911815628409386,0.0762481689453125,0.018385814502835274,0.0115814208984375,0.14749908447265625,0.9755479693412781,1.0,0.125,0.0
530,40,0.027193745598196983,0.077606201171875,0.019364960491657257,0.0182647705078125,0.13082122802734375,0.9671679735183716,1.0,0.125,0.0
530,41,0.0260821171104908,0.0700225830078125,0.022731514647603035,0.01556396484375,0.10657501220703125,0.9597578048706055,1.0,0.125,0.0
530,42,0.012358066625893116,0.0677032470703125,0.011496897786855698,0.0102996826171875,0.12503814697265625,0.9726382493972778,1.0,0.125,0.0
530,43,0.03302702307701111,0.0856170654296875,0.021107351407408714,0.0151214599609375,0.133392333984375,0.9596848487854004,1.0,0.125,0.0
530,44,0.04526185989379883,0.078277587890625,0.012966739013791084,0.0130157470703125,0.14211273193359375,0.9701547622680664,1.0,0.125,0.0
530,45,0.10425572842359543,0.132110595703125,0.0891224816441536,0.0523681640625,0.13962173461914062,0.9363236427307129,1.0,0.125,0.0
530,46,0.31033265590667725,0.128448486328125,0.046017907559871674,0.0446319580078125,0.12871551513671875,0.9238814115524292,1.0,0.125,0.0
530,47,0.029446765780448914,0.0840301513671875,0.03153494745492935,0.0225067138671875,0.13780975341796875,0.9678586721420288,1.0,0.125,0.0
531,0,0.210495263338089,0.09930419921875,0.037212781608104706,0.0318145751953125,0.1391143798828125,0.9549528360366821,1.0,0.125,0.0
531,1,0.059142936021089554,0.09197998046875,0.035251542925834656,0.030975341796875,0.134857177734375,0.9608659744262695,1.0,0.125,0.0
531,2,0.11125855147838593,0.0926361083984375,0.03747269883751869,0.0164642333984375,0.148529052734375,0.9618431925773621,1.0,0.125,0.0
531,3,0.13195635378360748,0.1160888671875,0.040360257029533386,0.0338134765625,0.14365386962890625,0.943149745464325,1.0,0.125,0.06666666666666667
531,4,0.014427956193685532,0.10986328125,0.05364764481782913,0.0373992919921875,0.1478424072265625,0.9500135779380798,1.0,0.125,0.0
531,5,0.024240804836153984,0.0851898193359375,0.038715291768312454,0.01788330078125,0.15277862548828125,0.9732756614685059,1.0,0.125,0.06666666666666667
531,6,0.10660742968320847,0.108856201171875,0.04440087452530861,0.02581787109375,0.15573883056640625,0.9536558389663696,1.0,0.125,0.0
531,7,0.1561431884765625,0.108673095703125,0.03554823622107506,0.0274200439453125,0.14315032958984375,0.9483500719070435,1.0,0.125,0.0
531,8,0.003298113588243723,0.096771240234375,0.02814890444278717,0.0264892578125,0.1435699462890625,0.9586167931556702,1.0,0.125,0.0
531,9,0.003513029310852289,0.1154022216796875,0.05324425920844078,0.03253173828125,0.1364288330078125,0.9404621720314026,1.0,0.125,0.0
531,10,0.02022731676697731,0.100128173828125,0.04220375791192055,0.030120849609375,0.14252471923828125,0.9567579627037048,1.0,0.125,0.0
531,11,0.014683988876640797,0.0918121337890625,0.025258449837565422,0.0216217041015625,0.1448211669921875,0.9624943137168884,1.0,0.125,0.0
531,12,0.08016387373209,0.09503173828125,0.03067142702639103,0.0283203125,0.1441192626953125,0.9614227414131165,1.0,0.125,0.0
531,13,0.05236469581723213,0.079376220703125,0.027474211528897285,0.0136871337890625,0.1444091796875,0.9723800420761108,1.0,0.125,0.06666666666666667
531,14,0.10039022564888,0.101226806640625,0.04121485725045204,0.0238037109375,0.14013671875,0.9525256156921387,1.0,0.125,0.0
531,15,0.11234887689352036,0.0899658203125,0.02266928181052208,0.0177154541015625,0.1465911865234375,0.9606457352638245,1.0,0.125,0.0
531,16,0.007293893024325371,0.0819549560546875,0.020664112642407417,0.0150299072265625,0.1397247314453125,0.9670772552490234,1.0,0.125,0.0
531,17,0.08062054216861725,0.103973388671875,0.027659887447953224,0.0269927978515625,0.1375579833984375,0.9469095468521118,1.0,0.125,0.0
531,18,0.0443279966711998,0.1087799072265625,0.04428486153483391,0.0307464599609375,0.149627685546875,0.9470439553260803,1.0,0.125,0.0
531,19,0.03004944883286953,0.0822296142578125,0.03683219477534294,0.0220794677734375,0.13503265380859375,0.9645529985427856,1.0,0.125,0.06666666666666667
531,20,0.05505939945578575,0.09967041015625,0.0397280752658844,0.023284912109375,0.15068817138671875,0.957658052444458,1.0,0.125,0.0
531,21,0.09374728798866272,0.14483642578125,0.06534602493047714,0.06262969970703125,0.15041351318359375,0.9064589738845825,1.0,0.125,0.0
531,22,0.030151788145303726,0.1084747314453125,0.03499755263328552,0.028411865234375,0.1429595947265625,0.9490491151809692,1.0,0.125,0.0
531,23,0.017597440630197525,0.089508056640625,0.0182499960064888,0.0171356201171875,0.1364898681640625,0.958410382270813,1.0,0.125,0.0
531,24,0.03335844725370407,0.09735107421875,0.04560421034693718,0.0270538330078125,0.1390533447265625,0.9593416452407837,1.0,0.125,0.0
531,25,0.029344987124204636,0.094390869140625,0.02994418330490589,0.0230712890625,0.13571929931640625,0.9566340446472168,1.0,0.125,0.0
531,26,0.0746927559375763,0.1025543212890625,0.053094301372766495,0.02923583984375,0.13195037841796875,0.9505251049995422,1.0,0.125,0.0
531,27,0.024092836305499077,0.085662841796875,0.01072965282946825,0.0190582275390625,0.133575439453125,0.9621390104293823,1.0,0.125,0.0
531,28,0.02001621387898922,0.0767059326171875,0.015748541802167892,0.01404571533203125,0.14943695068359375,0.9719017744064331,1.0,0.125,0.0
531,29,0.07118520140647888,0.069671630859375,0.01031543780118227,0.008148193359375,0.13756561279296875,0.9729179739952087,1.0,0.125,0.06666666666666667
531,30,0.13238468766212463,0.10467529296875,0.031142467632889748,0.0218048095703125,0.1297760009765625,0.9338090419769287,1.0,0.125,0.0
531,31,0.0013107904233038425,0.1279296875,0.12317021191120148,0.0542144775390625,0.14383316040039062,0.9378577470779419,1.0,0.125,0.0
531,32,0.0003680860681924969,0.12213134765625,0.05654395744204521,0.0277557373046875,0.1608428955078125,0.9473371505737305,1.0,0.125,0.0
531,33,0.00014828520943410695,0.118682861328125,0.042526647448539734,0.01776123046875,0.1636199951171875,0.9488693475723267,1.0,0.125,0.06666666666666667
531,34,4.595499558490701e-05,0.152099609375,0.06105810031294823,0.05108642578125,0.16429901123046875,0.929158091545105,1.0,0.125,0.0
531,35,0.0005058768438175321,0.130523681640625,0.14894509315490723,0.0694122314453125,0.14015579223632812,0.9291881322860718,1.0,0.125,0.0
531,36,0.045212965458631516,0.103363037109375,0.04085535556077957,0.0192413330078125,0.1501007080078125,0.9497874975204468,1.0,0.125,0.0
531,37,0.00010497888433746994,0.116485595703125,0.07305792719125748,0.0442962646484375,0.140777587890625,0.9481092691421509,1.0,0.125,0.0
531,38,0.010884466581046581,0.084686279296875,0.022426392883062363,0.0193328857421875,0.15152740478515625,0.9712803363800049,1.0,0.125,0.0
531,39,0.017472831532359123,0.07806396484375,0.026230279356241226,0.013946533203125,0.13471221923828125,0.9686747789382935,1.0,0.125,0.13333333333333333
531,40,0.029071036726236343,0.088470458984375,0.023277031257748604,0.0168914794921875,0.1406097412109375,0.9610655903816223,1.0,0.125,0.0
531,41,0.024414144456386566,0.077423095703125,0.016364678740501404,0.0107269287109375,0.1391448974609375,0.9675076603889465,1.0,0.125,0.0
531,42,0.00902088824659586,0.07318115234375,0.016379838809370995,0.0106658935546875,0.13370513916015625,0.9715110063552856,1.0,0.125,0.0
531,43,0.015617209486663342,0.0863037109375,0.021488016471266747,0.01629638671875,0.1332550048828125,0.9599705934524536,1.0,0.125,0.0
531,44,0.07289697229862213,0.0899200439453125,0.020722800865769386,0.020782470703125,0.134490966796875,0.9534496068954468,1.0,0.125,0.0
531,45,0.01168398093432188,0.0643768310546875,0.010838757269084454,0.012542724609375,0.1198577880859375,0.9750965237617493,1.0,0.125,0.0
531,46,0.014142438769340515,0.08087158203125,0.02121136337518692,0.0144805908203125,0.13581085205078125,0.9667660593986511,1.0,0.125,0.06666666666666667
531,47,0.034901730716228485,0.0856475830078125,0.038879942148923874,0.019073486328125,0.14379119873046875,0.9665336608886719,1.0,0.125,0.06666666666666667
