doc_id,step,kl,full_route_top1_weight_mean,full_route_top1_weight_std,full_route_top1_top2_margin_mean,full_route_tail_mass_mean,full_route_routing_entropy_mean,full_route_rank1_hhi_mean,full_route_active_expert_fraction_mean,full_route_same_id_adjacent_layer_rate
500,0,0.0009777207160368562,0.21185302734375,0.1119755208492279,0.08929443359375,0.278900146484375,0.9105565547943115,1.0,0.5,0.13333333333333333
500,1,0.002222918439656496,0.210235595703125,0.0953855812549591,0.09320068359375,0.26456451416015625,0.9116844534873962,1.0,0.5,0.0
500,2,0.061360739171504974,0.174072265625,0.04932577162981033,0.053253173828125,0.282928466796875,0.9338793754577637,1.0,0.5,0.13333333333333333
500,3,0.04634861648082733,0.2091064453125,0.0691085085272789,0.078826904296875,0.253936767578125,0.9068202376365662,1.0,0.5,0.13333333333333333
500,4,0.052891623228788376,0.17132568359375,0.06389208883047104,0.03955078125,0.2840766906738281,0.9295599460601807,1.0,0.5,0.0
500,5,0.07177311927080154,0.173736572265625,0.07128868997097015,0.04443359375,0.2797279357910156,0.9280240535736084,1.0,0.5,0.06666666666666667
500,6,0.08096863329410553,0.16900634765625,0.050692811608314514,0.040252685546875,0.28400421142578125,0.9333584308624268,1.0,0.5,0.06666666666666667
500,7,0.16287851333618164,0.189239501953125,0.08695364743471146,0.063262939453125,0.2746467590332031,0.9179254174232483,1.0,0.5,0.0
500,8,0.001837317831814289,0.229339599609375,0.11595210433006287,0.11065673828125,0.25736236572265625,0.8954209089279175,1.0,0.5,0.0
500,9,0.0025618316140025854,0.237274169921875,0.09170664846897125,0.088287353515625,0.20737838745117188,0.8670303821563721,1.0,0.5,0.0
500,10,0.12344400584697723,0.215057373046875,0.0931374803185463,0.096923828125,0.257781982421875,0.9058167338371277,1.0,0.5,0.06666666666666667
500,11,1.5391502529382706e-05,0.20941162109375,0.08081088960170746,0.07855224609375,0.2396087646484375,0.8970587253570557,1.0,0.5,0.0
500,12,4.1474362660665065e-05,0.2276611328125,0.13235749304294586,0.104400634765625,0.2364635467529297,0.8778785467147827,1.0,0.5,0.0
500,13,0.010608498007059097,0.194549560546875,0.07305333763360977,0.061798095703125,0.2518806457519531,0.9104669094085693,1.0,0.5,0.0
500,14,0.05125129595398903,0.162353515625,0.037731774151325226,0.02789306640625,0.2692070007324219,0.9301015138626099,1.0,0.5,0.0
500,15,0.013702686876058578,0.169158935546875,0.05073573812842369,0.052490234375,0.2836418151855469,0.9343572854995728,1.0,0.5,0.0
500,16,0.1725359708070755,0.188568115234375,0.05088508501648903,0.06072998046875,0.2915458679199219,0.9303514361381531,1.0,0.5,0.0
500,17,0.00044029633863829076,0.211273193359375,0.1425374448299408,0.090545654296875,0.2504253387451172,0.8944878578186035,1.0,0.5,0.0
500,18,0.00020058915833942592,0.25146484375,0.08876048028469086,0.130157470703125,0.23412322998046875,0.8821699023246765,1.0,0.5,0.0
500,19,0.2494402825832367,0.222564697265625,0.08350041508674622,0.103271484375,0.2585258483886719,0.9046072959899902,1.0,0.5,0.0
500,20,0.12939780950546265,0.155059814453125,0.03035796619951725,0.02691650390625,0.2834320068359375,0.9388333559036255,1.0,0.5,0.0
500,21,0.0006690267473459244,0.21197509765625,0.09636859595775604,0.08343505859375,0.228546142578125,0.889142632484436,1.0,0.5,0.06666666666666667
500,22,0.0011063143610954285,0.26171875,0.09031223505735397,0.13067626953125,0.214752197265625,0.8674164414405823,1.0,0.5,0.0
500,23,0.019874928519129753,0.208282470703125,0.055079005658626556,0.064666748046875,0.2525787353515625,0.907145082950592,1.0,0.5,0.0
500,24,7.187639857875183e-05,0.21588134765625,0.10276303440332413,0.091552734375,0.2593269348144531,0.900122880935669,1.0,0.5,0.0
500,25,0.04069481045007706,0.177520751953125,0.062389031052589417,0.046722412109375,0.2518157958984375,0.9195338487625122,1.0,0.5,0.0
500,26,0.019051143899559975,0.1822509765625,0.0468999482691288,0.056365966796875,0.2559471130371094,0.9198942184448242,1.0,0.5,0.0
500,27,0.16944153606891632,0.239166259765625,0.10891082882881165,0.09552001953125,0.24040985107421875,0.8772438764572144,1.0,0.5,0.0
500,28,0.0476498045027256,0.25494384765625,0.0982886403799057,0.122894287109375,0.23907470703125,0.8790382146835327,1.0,0.5,0.0
500,29,0.00130722566973418,0.206390380859375,0.10721898078918457,0.098236083984375,0.30017852783203125,0.9234957098960876,1.0,0.5,0.0
500,30,0.000760723021812737,0.208099365234375,0.1202731728553772,0.099822998046875,0.2862434387207031,0.9168926477432251,1.0,0.5,0.0
500,31,0.047293223440647125,0.17059326171875,0.05444277822971344,0.055633544921875,0.295623779296875,0.940366804599762,1.0,0.5,0.06666666666666667
500,32,0.07507239282131195,0.20623779296875,0.07951807975769043,0.0758056640625,0.24949264526367188,0.9045972228050232,1.0,0.5,0.2
500,33,0.06744902580976486,0.152496337890625,0.04238731041550636,0.030426025390625,0.287384033203125,0.940288782119751,1.0,0.5,0.0
500,34,0.015296684578061104,0.198638916015625,0.08439803868532181,0.06878662109375,0.2604827880859375,0.9087345600128174,1.0,0.5,0.0
500,35,0.03932752460241318,0.188934326171875,0.059360187500715256,0.059967041015625,0.25971221923828125,0.9163447618484497,1.0,0.5,0.06666666666666667
500,36,0.03508230298757553,0.197540283203125,0.053083036094903946,0.067169189453125,0.27278900146484375,0.9189068675041199,1.0,0.5,0.0
500,37,0.008639910258352757,0.171234130859375,0.0462244413793087,0.041595458984375,0.274505615234375,0.9279741644859314,1.0,0.5,0.0
500,38,0.13475118577480316,0.190673828125,0.05449041724205017,0.0645751953125,0.27593994140625,0.9230815172195435,1.0,0.5,0.0
500,39,5.9806388890137896e-05,0.204864501953125,0.09704504162073135,0.071014404296875,0.23368072509765625,0.8937273621559143,1.0,0.5,0.0
500,40,5.152626181370579e-05,0.2576904296875,0.0864422470331192,0.125640869140625,0.2162628173828125,0.8702374696731567,1.0,0.5,0.0
500,41,0.1801902949810028,0.20440673828125,0.05705004557967186,0.07958984375,0.2565116882324219,0.9147340655326843,1.0,0.5,0.0
500,42,0.2774125933647156,0.201324462890625,0.08382412791252136,0.078369140625,0.26212310791015625,0.9156168699264526,1.0,0.5,0.0
500,43,7.352466491283849e-05,0.211944580078125,0.1151089295744896,0.0902099609375,0.2659339904785156,0.9044147729873657,1.0,0.5,0.06666666666666667
500,44,0.00033090676879510283,0.229400634765625,0.09508834034204483,0.08563232421875,0.21913909912109375,0.8727841377258301,1.0,0.5,0.0
500,45,0.0012818299001082778,0.2398681640625,0.08469243347644806,0.11236572265625,0.2383880615234375,0.8878418803215027,1.0,0.5,0.0
500,46,0.029556242749094963,0.195159912109375,0.07029633224010468,0.059906005859375,0.2624168395996094,0.9139204025268555,1.0,0.5,0.0
500,47,0.017558738589286804,0.160888671875,0.04335438460111618,0.039306640625,0.27020263671875,0.9359599351882935,1.0,0.5,0.0
501,0,0.25803640484809875,0.227630615234375,0.10559980571269989,0.092620849609375,0.23914527893066406,0.8868499994277954,1.0,0.5,0.0
501,1,0.011849837377667427,0.225616455078125,0.07359016686677933,0.0819091796875,0.20404815673828125,0.8744595646858215,1.0,0.5,0.0
501,2,0.05106145888566971,0.20672607421875,0.047572627663612366,0.06170654296875,0.22613525390625,0.8978890180587769,1.0,0.5,0.13333333333333333
501,3,0.015849808230996132,0.1788330078125,0.042455028742551804,0.0523681640625,0.2666015625,0.927523136138916,1.0,0.5,0.13333333333333333
501,4,0.059281427413225174,0.167236328125,0.035966645926237106,0.04425048828125,0.290252685546875,0.9393430948257446,1.0,0.5,0.0
501,5,0.02068406715989113,0.203582763671875,0.0878467783331871,0.065582275390625,0.2433319091796875,0.8985224962234497,1.0,0.5,0.0
501,6,0.023090828210115433,0.19281005859375,0.06830417364835739,0.04541015625,0.2449188232421875,0.9041048288345337,1.0,0.5,0.06666666666666667
501,7,0.005604851990938187,0.184326171875,0.05182283744215965,0.055389404296875,0.26399993896484375,0.9213203191757202,1.0,0.5,0.06666666666666667
501,8,0.03453051298856735,0.19085693359375,0.06438092142343521,0.059326171875,0.2680511474609375,0.9197003841400146,1.0,0.5,0.0
501,9,0.007867565378546715,0.1910400390625,0.05756298080086708,0.064300537109375,0.27089691162109375,0.9200475811958313,1.0,0.5,0.06666666666666667
501,10,0.027339063584804535,0.18878173828125,0.05654870346188545,0.052764892578125,0.23187255859375,0.9064908027648926,1.0,0.5,0.06666666666666667
501,11,0.028956759721040726,0.196746826171875,0.04886456951498985,0.063323974609375,0.26975250244140625,0.91896653175354,1.0,0.5,0.0
501,12,0.019378893077373505,0.17120361328125,0.04508870840072632,0.039764404296875,0.26657867431640625,0.9252575635910034,1.0,0.5,0.0
501,13,0.07158990204334259,0.18353271484375,0.05866335704922676,0.04632568359375,0.2612457275390625,0.9181865453720093,1.0,0.5,0.0
501,14,0.06694243103265762,0.174835205078125,0.052840929478406906,0.045867919921875,0.2825508117675781,0.9319553375244141,1.0,0.5,0.0
501,15,0.06836412101984024,0.178863525390625,0.040151193737983704,0.05487060546875,0.2773857116699219,0.9325461387634277,1.0,0.5,0.0
501,16,0.06686336547136307,0.19683837890625,0.06594686955213547,0.070709228515625,0.2665748596191406,0.9177510142326355,1.0,0.5,0.0
501,17,0.10289080440998077,0.18994140625,0.09594586491584778,0.053497314453125,0.2603187561035156,0.9117442965507507,1.0,0.5,0.0
501,18,0.03148805350065231,0.171478271484375,0.03940441086888313,0.046905517578125,0.25222015380859375,0.9245342016220093,1.0,0.5,0.0
501,19,0.06389651447534561,0.1973876953125,0.06318845599889755,0.072113037109375,0.25817108154296875,0.9161129593849182,1.0,0.5,0.0
501,20,0.1322578340768814,0.210205078125,0.0946865975856781,0.071990966796875,0.27008819580078125,0.9060521721839905,1.0,0.5,0.0
501,21,0.060035642236471176,0.195068359375,0.05450354143977165,0.058685302734375,0.2669029235839844,0.9180206060409546,1.0,0.5,0.0
501,22,0.037638109177351,0.1817626953125,0.05565670132637024,0.043853759765625,0.2423553466796875,0.9111665487289429,1.0,0.5,0.06666666666666667
501,23,0.07359021157026291,0.1761474609375,0.04478749632835388,0.05072021484375,0.29335784912109375,0.9358352422714233,1.0,0.5,0.0
501,24,0.02861049585044384,0.1751708984375,0.03775763139128685,0.052947998046875,0.272216796875,0.931178867816925,1.0,0.5,0.0
501,25,0.06941874325275421,0.15631103515625,0.025801561772823334,0.023468017578125,0.2697601318359375,0.9347944259643555,1.0,0.5,0.06666666666666667
501,26,0.03968814015388489,0.19696044921875,0.08934661000967026,0.075775146484375,0.27216339111328125,0.9186804294586182,1.0,0.5,0.0
501,27,0.0020099813118577003,0.16845703125,0.0564962700009346,0.055328369140625,0.2939605712890625,0.9406675100326538,1.0,0.5,0.06666666666666667
501,28,0.17625930905342102,0.187896728515625,0.039731670171022415,0.059234619140625,0.28353118896484375,0.930508553981781,1.0,0.5,0.06666666666666667
501,29,0.015898311510682106,0.18280029296875,0.047009870409965515,0.05352783203125,0.26326751708984375,0.9235718250274658,1.0,0.5,0.06666666666666667
501,30,0.06572218239307404,0.19085693359375,0.051183391362428665,0.070709228515625,0.27924346923828125,0.9285529851913452,1.0,0.5,0.06666666666666667
501,31,0.05851717293262482,0.205841064453125,0.07742587476968765,0.0711669921875,0.2607574462890625,0.9059332609176636,1.0,0.5,0.06666666666666667
501,32,0.019561227411031723,0.19146728515625,0.06518460065126419,0.0567626953125,0.2704010009765625,0.9161896705627441,1.0,0.5,0.0
501,33,0.03668633848428726,0.185943603515625,0.04944230988621712,0.045562744140625,0.23963165283203125,0.9111632108688354,1.0,0.5,0.06666666666666667
501,34,0.053214751183986664,0.18231201171875,0.04795200005173683,0.054107666015625,0.275970458984375,0.9278666973114014,1.0,0.5,0.0
501,35,0.029629211872816086,0.194854736328125,0.08762360364198685,0.054290771484375,0.242919921875,0.9018357396125793,1.0,0.5,0.0
501,36,0.0627574622631073,0.190643310546875,0.06326092034578323,0.04840087890625,0.25201416015625,0.9100225567817688,1.0,0.5,0.0
501,37,0.10622181743383408,0.18817138671875,0.06679441034793854,0.056488037109375,0.2638435363769531,0.9153105616569519,1.0,0.5,0.0
501,38,0.023944059386849403,0.190521240234375,0.06372636556625366,0.055023193359375,0.26229095458984375,0.9140854477882385,1.0,0.5,0.06666666666666667
501,39,0.1002226322889328,0.18853759765625,0.05213813856244087,0.055145263671875,0.2631988525390625,0.9194470643997192,1.0,0.5,0.0
501,40,0.1802467554807663,0.1920166015625,0.04906786233186722,0.06158447265625,0.2666015625,0.9184349775314331,1.0,0.5,0.0
501,41,0.09396842122077942,0.207763671875,0.04409628361463547,0.075775146484375,0.2500801086425781,0.910821795463562,1.0,0.5,0.0
501,42,0.010355583392083645,0.169586181640625,0.03854280710220337,0.03009033203125,0.2552833557128906,0.9222830533981323,1.0,0.5,0.06666666666666667
501,43,0.03099185973405838,0.186309814453125,0.04938795417547226,0.060028076171875,0.26441192626953125,0.9227822422981262,1.0,0.5,0.06666666666666667
501,44,0.011731181293725967,0.21258544921875,0.08296738564968109,0.0899658203125,0.26239013671875,0.9099093675613403,1.0,0.5,0.06666666666666667
501,45,0.04801216721534729,0.196044921875,0.06196123734116554,0.073760986328125,0.27738189697265625,0.9227861166000366,1.0,0.5,0.0
501,46,0.02952508255839348,0.2471923828125,0.07386444509029388,0.0975341796875,0.22771453857421875,0.8730296492576599,1.0,0.5,0.0
501,47,0.04394379258155823,0.19708251953125,0.07497241348028183,0.07073974609375,0.26744842529296875,0.9169379472732544,1.0,0.5,0.06666666666666667
502,0,0.03740715980529785,0.1605224609375,0.04129893332719803,0.042633056640625,0.29753875732421875,0.9455326795578003,1.0,0.5,0.0
502,1,0.07002199441194534,0.1607666015625,0.04325511306524277,0.037322998046875,0.28167724609375,0.9377175569534302,1.0,0.5,0.0
502,2,0.04714895784854889,0.17352294921875,0.039762284606695175,0.046875,0.2523651123046875,0.9245551824569702,1.0,0.5,0.0
502,3,0.011654662899672985,0.167144775390625,0.026089780032634735,0.028350830078125,0.27496337890625,0.9324944615364075,1.0,0.5,0.0
502,4,0.037793613970279694,0.151153564453125,0.0425911583006382,0.038818359375,0.30382537841796875,0.9495248794555664,1.0,0.5,0.06666666666666667
502,5,0.035521648824214935,0.138519287109375,0.025474829599261284,0.02545166015625,0.3204193115234375,0.9586998224258423,1.0,0.5,0.0
502,6,0.11788877099752426,0.1478271484375,0.022922907024621964,0.02874755859375,0.28905487060546875,0.9469542503356934,1.0,0.5,0.0
502,7,0.01750766485929489,0.20562744140625,0.0908512994647026,0.068359375,0.2491016387939453,0.895810604095459,1.0,0.5,0.0
502,8,0.009742440655827522,0.1678466796875,0.03620511665940285,0.044097900390625,0.26926422119140625,0.932834804058075,1.0,0.5,0.0
502,9,0.017031202092766762,0.19677734375,0.0615215003490448,0.077606201171875,0.274261474609375,0.922920286655426,1.0,0.5,0.06666666666666667
502,10,0.027933701872825623,0.166412353515625,0.05037592723965645,0.0467529296875,0.2860107421875,0.9351598620414734,1.0,0.5,0.0
502,11,0.030996929854154587,0.197479248046875,0.07813795655965805,0.07135009765625,0.27227783203125,0.9181743860244751,1.0,0.5,0.0
502,12,0.003102920949459076,0.192626953125,0.06811436265707016,0.06927490234375,0.2804069519042969,0.9255231618881226,1.0,0.5,0.06666666666666667
502,13,0.03144717589020729,0.175872802734375,0.038676921278238297,0.036224365234375,0.25811767578125,0.9205641150474548,1.0,0.5,0.0
502,14,0.03039313480257988,0.1844482421875,0.07328520715236664,0.067138671875,0.2770538330078125,0.9288657903671265,1.0,0.5,0.0
502,15,0.07506423443555832,0.1595458984375,0.04042702540755272,0.0333251953125,0.29026031494140625,0.9402260780334473,1.0,0.5,0.0
502,16,0.023654939606785774,0.166229248046875,0.036109283566474915,0.04168701171875,0.27591705322265625,0.9355274438858032,1.0,0.5,0.0
502,17,0.03371782973408699,0.168060302734375,0.06185200810432434,0.0516357421875,0.28798675537109375,0.9377338290214539,1.0,0.5,0.0
502,18,0.009460363537073135,0.1695556640625,0.04537946358323097,0.043365478515625,0.28079986572265625,0.9345929622650146,1.0,0.5,0.0
502,19,0.020303724333643913,0.183135986328125,0.044870585203170776,0.06573486328125,0.26360321044921875,0.9261264204978943,1.0,0.5,0.0
502,20,0.025352157652378082,0.162200927734375,0.04218662902712822,0.049468994140625,0.301116943359375,0.9465236067771912,1.0,0.5,0.06666666666666667
502,21,0.028245244175195694,0.1759033203125,0.061843402683734894,0.051239013671875,0.26706695556640625,0.9240543842315674,1.0,0.5,0.06666666666666667
502,22,0.03099549189209938,0.184814453125,0.04931338503956795,0.05120849609375,0.2764892578125,0.9258580803871155,1.0,0.5,0.0
502,23,0.00872232299298048,0.1741943359375,0.037814024835824966,0.046844482421875,0.25644683837890625,0.9253891110420227,1.0,0.5,0.0
502,24,0.015451353043317795,0.19696044921875,0.05534159019589424,0.078704833984375,0.26145172119140625,0.922016978263855,1.0,0.5,0.0
502,25,0.0366293229162693,0.160858154296875,0.03299466893076897,0.041656494140625,0.277008056640625,0.9390882253646851,1.0,0.5,0.0
502,26,0.01660548523068428,0.189056396484375,0.06448715180158615,0.055694580078125,0.2710723876953125,0.9196664690971375,1.0,0.5,0.0
502,27,0.04147971048951149,0.193939208984375,0.05977114289999008,0.064056396484375,0.24407958984375,0.911519467830658,1.0,0.5,0.06666666666666667
502,28,0.05959918349981308,0.20379638671875,0.05394979566335678,0.069793701171875,0.236297607421875,0.9052721261978149,1.0,0.5,0.0
502,29,0.09162544459104538,0.1956787109375,0.03670542687177658,0.0513916015625,0.23249053955078125,0.9042933583259583,1.0,0.5,0.0
502,30,0.18392351269721985,0.233062744140625,0.1318335235118866,0.10845947265625,0.24801254272460938,0.8866012096405029,1.0,0.5,0.13333333333333333
502,31,0.017720401287078857,0.1859130859375,0.05782358720898628,0.054534912109375,0.2510871887207031,0.9168153405189514,1.0,0.5,0.0
502,32,0.01318422518670559,0.15789794921875,0.03442031145095825,0.04052734375,0.27752685546875,0.941714882850647,1.0,0.5,0.06666666666666667
502,33,0.028148025274276733,0.19403076171875,0.057006411254405975,0.076995849609375,0.2694816589355469,0.9234978556632996,1.0,0.5,0.0
502,34,0.051011405885219574,0.183441162109375,0.05521458014845848,0.055816650390625,0.27190399169921875,0.927138090133667,1.0,0.5,0.13333333333333333
502,35,0.04041700065135956,0.175567626953125,0.06225920096039772,0.055633544921875,0.28437042236328125,0.9338356256484985,1.0,0.5,0.06666666666666667
502,36,0.05833425745368004,0.16455078125,0.04304324463009834,0.037261962890625,0.287261962890625,0.9355542063713074,1.0,0.5,0.0
502,37,0.06533107161521912,0.18878173828125,0.07931205630302429,0.0675048828125,0.27986907958984375,0.9235981702804565,1.0,0.5,0.0
502,38,0.2339227944612503,0.171844482421875,0.040029559284448624,0.063232421875,0.30376434326171875,0.9466691613197327,1.0,0.5,0.13333333333333333
502,39,0.12289014458656311,0.20794677734375,0.09197556227445602,0.0755615234375,0.2548828125,0.9059031009674072,1.0,0.5,0.0
502,40,0.19566313922405243,0.1651611328125,0.04511270299553871,0.053131103515625,0.308349609375,0.9476768970489502,1.0,0.5,0.06666666666666667
502,41,0.10908077657222748,0.15277099609375,0.039354708045721054,0.0462646484375,0.32405853271484375,0.9576992988586426,1.0,0.5,0.13333333333333333
502,42,0.17230969667434692,0.165283203125,0.04068843647837639,0.0433349609375,0.27965545654296875,0.9370040893554688,1.0,0.5,0.0
502,43,0.05005382373929024,0.17840576171875,0.04480458423495293,0.048187255859375,0.24737548828125,0.9180907607078552,1.0,0.5,0.0
502,44,0.03897949308156967,0.176727294921875,0.06317359209060669,0.052032470703125,0.2644004821777344,0.9245378375053406,1.0,0.5,0.0
502,45,0.03418836370110512,0.18035888671875,0.06740445643663406,0.043365478515625,0.26219940185546875,0.917961835861206,1.0,0.5,0.0
502,46,0.012669621035456657,0.174560546875,0.04020136967301369,0.05841064453125,0.28176116943359375,0.9353538751602173,1.0,0.5,0.0
502,47,0.018813760951161385,0.19244384765625,0.05796010419726372,0.07415771484375,0.282470703125,0.9275612831115723,1.0,0.5,0.06666666666666667
503,0,0.006762480363249779,0.236602783203125,0.09235583990812302,0.091583251953125,0.20145606994628906,0.8649471998214722,1.0,0.5,0.06666666666666667
503,1,0.008549119345843792,0.22967529296875,0.10024832934141159,0.088623046875,0.2237396240234375,0.8783290982246399,1.0,0.5,0.13333333333333333
503,2,0.002696241019293666,0.232208251953125,0.09205929934978485,0.08184814453125,0.21940231323242188,0.8747543096542358,1.0,0.5,0.0
503,3,0.06236051023006439,0.197509765625,0.0542975552380085,0.06787109375,0.25426483154296875,0.9148458242416382,1.0,0.5,0.06666666666666667
503,4,0.0020448907744139433,0.17352294921875,0.04741198197007179,0.04656982421875,0.25763702392578125,0.9233220815658569,1.0,0.5,0.0
503,5,0.10175996273756027,0.177642822265625,0.05242950841784477,0.052764892578125,0.28055572509765625,0.9313156604766846,1.0,0.5,0.0
503,6,0.09196440875530243,0.18115234375,0.06777331978082657,0.0579833984375,0.2773590087890625,0.9260851144790649,1.0,0.5,0.0
503,7,0.04286041855812073,0.22259521484375,0.09311618655920029,0.092529296875,0.23978805541992188,0.8911443948745728,1.0,0.5,0.06666666666666667
503,8,0.022673770785331726,0.170623779296875,0.0347152054309845,0.038787841796875,0.25804901123046875,0.9232270121574402,1.0,0.5,0.06666666666666667
503,9,0.1825304627418518,0.181121826171875,0.050977904349565506,0.05401611328125,0.26650238037109375,0.9241946935653687,1.0,0.5,0.0
503,10,0.1348159909248352,0.172027587890625,0.06972784548997879,0.0570068359375,0.28803253173828125,0.9367315769195557,1.0,0.5,0.0
503,11,0.043526411056518555,0.190887451171875,0.06664758920669556,0.05682373046875,0.27706146240234375,0.9209667444229126,1.0,0.5,0.0
503,12,0.029188087210059166,0.205780029296875,0.07919719070196152,0.08343505859375,0.2745094299316406,0.915753185749054,1.0,0.5,0.06666666666666667
503,13,0.057756803929805756,0.166107177734375,0.0466587208211422,0.04327392578125,0.29915618896484375,0.9419817924499512,1.0,0.5,0.06666666666666667
503,14,0.06048504263162613,0.16180419921875,0.04307296499609947,0.04315185546875,0.29538726806640625,0.9422656297683716,1.0,0.5,0.0
503,15,0.025565890595316887,0.1790771484375,0.05892937257885933,0.04754638671875,0.2547760009765625,0.91987144947052,1.0,0.5,0.0
503,16,0.05001191049814224,0.15106201171875,0.03368692845106125,0.030487060546875,0.295745849609375,0.9479957222938538,1.0,0.5,0.06666666666666667
503,17,0.038662031292915344,0.1845703125,0.04651888087391853,0.065887451171875,0.28446197509765625,0.9328749775886536,1.0,0.5,0.0
503,18,0.08299290388822556,0.19219970703125,0.05269278585910797,0.0703125,0.27887725830078125,0.9259611368179321,1.0,0.5,0.06666666666666667
503,19,0.0031870545353740454,0.1978759765625,0.084633469581604,0.0589599609375,0.2635765075683594,0.908478856086731,1.0,0.5,0.13333333333333333
503,20,0.06712032109498978,0.176116943359375,0.0464639812707901,0.04461669921875,0.25949859619140625,0.9234936237335205,1.0,0.5,0.0
503,21,0.07131785154342651,0.195159912109375,0.059062790125608444,0.071746826171875,0.25933837890625,0.9188531637191772,1.0,0.5,0.0
503,22,0.021442191675305367,0.154998779296875,0.044789981096982956,0.036956787109375,0.2758331298828125,0.9396003484725952,1.0,0.5,0.0
503,23,0.038677819073200226,0.203826904296875,0.060077935457229614,0.064788818359375,0.24932098388671875,0.9069178700447083,1.0,0.5,0.06666666666666667
503,24,0.04538942873477936,0.154815673828125,0.043880317360162735,0.037750244140625,0.289825439453125,0.9440872669219971,1.0,0.5,0.0
503,25,0.00273268879391253,0.21295166015625,0.09452324360609055,0.08502197265625,0.2526206970214844,0.9019216299057007,1.0,0.5,0.0
503,26,0.026701435446739197,0.1905517578125,0.07582433521747589,0.057830810546875,0.26055908203125,0.9130887389183044,1.0,0.5,0.0
503,27,0.08711560815572739,0.19189453125,0.07082939893007278,0.069549560546875,0.2747650146484375,0.9240710139274597,1.0,0.5,0.0
503,28,0.05414408817887306,0.1912841796875,0.06509552896022797,0.0587158203125,0.2678375244140625,0.9185514450073242,1.0,0.5,0.0
503,29,0.008987227454781532,0.1826171875,0.04680915176868439,0.067474365234375,0.28432464599609375,0.935554027557373,1.0,0.5,0.13333333333333333
503,30,0.020963694900274277,0.1834716796875,0.07074277102947235,0.06976318359375,0.2931976318359375,0.9352728724479675,1.0,0.5,0.0
503,31,0.03607301041483879,0.159271240234375,0.05983542650938034,0.0438232421875,0.2966461181640625,0.9434436559677124,1.0,0.5,0.0
503,32,0.06854774057865143,0.177581787109375,0.052797552198171616,0.05145263671875,0.2776947021484375,0.9298649430274963,1.0,0.5,0.06666666666666667
503,33,0.10525788366794586,0.17919921875,0.06568426638841629,0.052581787109375,0.2827568054199219,0.9236013889312744,1.0,0.5,0.13333333333333333
503,34,0.05248885601758957,0.176727294921875,0.043481871485710144,0.04058837890625,0.2571868896484375,0.921103835105896,1.0,0.5,0.0
503,35,0.024602394551038742,0.16815185546875,0.05996644124388695,0.047210693359375,0.28028106689453125,0.9340308904647827,1.0,0.5,0.0
503,36,0.09176091849803925,0.170196533203125,0.05335686728358269,0.045166015625,0.2781181335449219,0.929547905921936,1.0,0.5,0.13333333333333333
503,37,0.055468812584877014,0.207916259765625,0.07416737824678421,0.09503173828125,0.27260589599609375,0.9204369783401489,1.0,0.5,0.0
503,38,0.00011192829697392881,0.18572998046875,0.05985825136303902,0.05718994140625,0.27081298828125,0.9248290061950684,1.0,0.5,0.0
503,39,0.048212938010692596,0.183319091796875,0.054214052855968475,0.05908203125,0.2783050537109375,0.9248608350753784,1.0,0.5,0.13333333333333333
503,40,0.19939973950386047,0.159759521484375,0.060802098363637924,0.05169677734375,0.32205963134765625,0.9529353976249695,1.0,0.5,0.06666666666666667
503,41,0.49625521898269653,0.201385498046875,0.0768168568611145,0.08746337890625,0.2885589599609375,0.9256373643875122,1.0,0.5,0.0
503,42,0.10844273865222931,0.1583251953125,0.04436999931931496,0.04278564453125,0.3077239990234375,0.9490991830825806,1.0,0.5,0.06666666666666667
503,43,0.10390432178974152,0.164337158203125,0.05760864540934563,0.04974365234375,0.3039703369140625,0.9415802955627441,1.0,0.5,0.06666666666666667
503,44,0.06124035269021988,0.1802978515625,0.07016197592020035,0.056304931640625,0.26824188232421875,0.9219019412994385,1.0,0.5,0.13333333333333333
503,45,0.014648713171482086,0.166168212890625,0.0316949263215065,0.04229736328125,0.2748260498046875,0.9365619421005249,1.0,0.5,0.0
503,46,0.04046587273478508,0.17706298828125,0.05112221837043762,0.062347412109375,0.2900390625,0.9359588623046875,1.0,0.5,0.0
503,47,0.008709117770195007,0.18536376953125,0.06828104704618454,0.059661865234375,0.2703857421875,0.9227687120437622,1.0,0.5,0.0
504,0,0.026332102715969086,0.187591552734375,0.04570656269788742,0.056060791015625,0.27263641357421875,0.9248488545417786,1.0,0.5,0.06666666666666667
504,1,0.060396574437618256,0.174591064453125,0.04927710071206093,0.062286376953125,0.2870025634765625,0.9380953907966614,1.0,0.5,0.0
504,2,0.004508041776716709,0.196685791015625,0.08487341552972794,0.071380615234375,0.2820091247558594,0.9163403511047363,1.0,0.5,0.0
504,3,0.09515362232923508,0.211334228515625,0.08351343870162964,0.09332275390625,0.2675437927246094,0.9112064838409424,1.0,0.5,0.0
504,4,0.028188806027173996,0.179229736328125,0.06617505103349686,0.050933837890625,0.28047943115234375,0.9262537360191345,1.0,0.5,0.06666666666666667
504,5,0.4582063555717468,0.199951171875,0.07794588804244995,0.078338623046875,0.2803611755371094,0.9211471676826477,1.0,0.5,0.06666666666666667
504,6,0.13446907699108124,0.173095703125,0.08347377926111221,0.055419921875,0.2878532409667969,0.9305087327957153,1.0,0.5,0.06666666666666667
504,7,0.0785614475607872,0.22186279296875,0.0832696482539177,0.0843505859375,0.22981643676757812,0.8899397850036621,1.0,0.5,0.06666666666666667
504,8,9.554731514072046e-05,0.218109130859375,0.06098208576440811,0.087432861328125,0.22170257568359375,0.888864278793335,1.0,0.5,0.06666666666666667
504,9,0.02590765617787838,0.167755126953125,0.0733485072851181,0.048187255859375,0.2852325439453125,0.9338068962097168,1.0,0.5,0.06666666666666667
504,10,0.07792822271585464,0.182586669921875,0.04768075421452522,0.0504913330078125,0.26531219482421875,0.9215870499610901,1.0,0.5,0.0
504,11,0.021535882726311684,0.14752197265625,0.03274574503302574,0.03631591796875,0.303802490234375,0.9514540433883667,1.0,0.5,0.0
504,12,0.00021212833235040307,0.2044677734375,0.07784286886453629,0.06689453125,0.2509498596191406,0.9037376642227173,1.0,0.5,0.0
504,13,0.01315908133983612,0.21490478515625,0.09332415461540222,0.088714599609375,0.24912261962890625,0.8996602892875671,1.0,0.5,0.0
504,14,0.06538871675729752,0.18145751953125,0.05691877752542496,0.064666748046875,0.2766265869140625,0.9297547936439514,1.0,0.5,0.0
504,15,0.023838307708501816,0.19293212890625,0.06671315431594849,0.068267822265625,0.28681182861328125,0.9238766431808472,1.0,0.5,0.0
504,16,0.0016996931517496705,0.172698974609375,0.062013089656829834,0.054290771484375,0.28823089599609375,0.9349032640457153,1.0,0.5,0.0
504,17,0.08742903172969818,0.181884765625,0.06314563751220703,0.062225341796875,0.28667449951171875,0.9300540685653687,1.0,0.5,0.0
504,18,0.01965414360165596,0.178314208984375,0.06847811490297318,0.060455322265625,0.2983551025390625,0.9344873428344727,1.0,0.5,0.0
504,19,0.004926403984427452,0.1912841796875,0.05801089107990265,0.070587158203125,0.28253936767578125,0.9266308546066284,1.0,0.5,0.06666666666666667
504,20,0.011779312044382095,0.1739501953125,0.051881030201911926,0.05718994140625,0.298858642578125,0.9413120150566101,1.0,0.5,0.0
504,21,0.09167315065860748,0.164154052734375,0.04389652982354164,0.04217529296875,0.30060577392578125,0.9437267780303955,1.0,0.5,0.0
504,22,0.2406284064054489,0.175018310546875,0.07794129103422165,0.06494140625,0.29845428466796875,0.9393956661224365,1.0,0.5,0.0
504,23,0.03992500156164169,0.16412353515625,0.04132287576794624,0.04095458984375,0.28896331787109375,0.9399466514587402,1.0,0.5,0.0
504,24,0.02617746964097023,0.162261962890625,0.04495593532919884,0.0433349609375,0.29596710205078125,0.9426088333129883,1.0,0.5,0.06666666666666667
504,25,0.03660209849476814,0.1676025390625,0.04502111300826073,0.050872802734375,0.29410552978515625,0.9411132335662842,1.0,0.5,0.0
504,26,0.024837523698806763,0.176239013671875,0.06042356416583061,0.044036865234375,0.29290771484375,0.9315669536590576,1.0,0.5,0.0
504,27,0.1777026206254959,0.171783447265625,0.04954256862401962,0.051910400390625,0.29779815673828125,0.9406787753105164,1.0,0.5,0.0
504,28,0.010701388120651245,0.19891357421875,0.0939127579331398,0.080780029296875,0.2802467346191406,0.9165722727775574,1.0,0.5,0.0
504,29,0.23950469493865967,0.191650390625,0.06841733306646347,0.075653076171875,0.2849464416503906,0.9272828698158264,1.0,0.5,0.0
504,30,0.013405196368694305,0.171173095703125,0.059013381600379944,0.04437255859375,0.2789421081542969,0.9291099905967712,1.0,0.5,0.06666666666666667
504,31,0.08067622780799866,0.1800537109375,0.05123915150761604,0.055267333984375,0.2681236267089844,0.9243896007537842,1.0,0.5,0.0
504,32,0.024797536432743073,0.136871337890625,0.020404167473316193,0.0283203125,0.3162078857421875,0.9587630033493042,1.0,0.5,0.0
504,33,0.004539491608738899,0.1949462890625,0.0628780648112297,0.074981689453125,0.27486419677734375,0.9210323095321655,1.0,0.5,0.06666666666666667
504,34,0.113737091422081,0.15777587890625,0.04389302060008049,0.036956787109375,0.3009185791015625,0.9450035095214844,1.0,0.5,0.0
504,35,0.13543424010276794,0.15887451171875,0.049597177654504776,0.044281005859375,0.29830169677734375,0.9451867341995239,1.0,0.5,0.0
504,36,0.04295200854539871,0.157318115234375,0.0523037351667881,0.040496826171875,0.30078125,0.9440061450004578,1.0,0.5,0.06666666666666667
504,37,0.07919023931026459,0.15130615234375,0.04224192723631859,0.040496826171875,0.3118476867675781,0.9518271684646606,1.0,0.5,0.13333333333333333
504,38,0.0690644234418869,0.179107666015625,0.05778304114937782,0.064422607421875,0.295379638671875,0.93654865026474,1.0,0.5,0.0
504,39,0.058198440819978714,0.20123291015625,0.04994029924273491,0.071868896484375,0.2696533203125,0.9211006164550781,1.0,0.5,0.0
504,40,0.058521755039691925,0.152587890625,0.03933657705783844,0.0360107421875,0.30156707763671875,0.9486092329025269,1.0,0.5,0.0
504,41,0.09729869663715363,0.157135009765625,0.058998797088861465,0.056640625,0.3213958740234375,0.9548397064208984,1.0,0.5,0.0
504,42,0.05399260297417641,0.15631103515625,0.03501732274889946,0.038177490234375,0.28559112548828125,0.9412402510643005,1.0,0.5,0.0
504,43,0.03587343543767929,0.149871826171875,0.026156947016716003,0.024688720703125,0.2794952392578125,0.9423205852508545,1.0,0.5,0.0
504,44,0.0005398056237027049,0.19500732421875,0.08637402206659317,0.0587158203125,0.2640266418457031,0.9099017977714539,1.0,0.5,0.0
504,45,0.037519097328186035,0.233489990234375,0.12440565973520279,0.111358642578125,0.25034141540527344,0.8870679140090942,1.0,0.5,0.0
504,46,0.0889415368437767,0.18511962890625,0.06364064663648605,0.063629150390625,0.28304290771484375,0.9280960559844971,1.0,0.5,0.0
504,47,0.07711365073919296,0.16485595703125,0.04989492520689964,0.048553466796875,0.29373931884765625,0.9418940544128418,1.0,0.5,0.0
505,0,0.018336627632379532,0.222900390625,0.08032374829053879,0.0921630859375,0.2580070495605469,0.9019865989685059,1.0,0.5,0.06666666666666667
505,1,0.015722591429948807,0.2264404296875,0.07060002535581589,0.0916748046875,0.240570068359375,0.8948687314987183,1.0,0.5,0.06666666666666667
505,2,0.00010303139424649999,0.191650390625,0.051499783992767334,0.061187744140625,0.2591705322265625,0.9190544486045837,1.0,0.5,0.0
505,3,0.08193041384220123,0.220367431640625,0.05360783264040947,0.08270263671875,0.23830795288085938,0.8977353572845459,1.0,0.5,0.0
505,4,0.1292162984609604,0.163726806640625,0.04557253420352936,0.053619384765625,0.2943992614746094,0.9446974992752075,1.0,0.5,0.06666666666666667
505,5,0.7574203014373779,0.21112060546875,0.08095183223485947,0.0867919921875,0.2679595947265625,0.9106517434120178,1.0,0.5,0.0
505,6,0.09936042129993439,0.158721923828125,0.05673091486096382,0.05072021484375,0.31702423095703125,0.9512551426887512,1.0,0.5,0.06666666666666667
505,7,0.06554171442985535,0.179290771484375,0.05575533211231232,0.04461669921875,0.27191925048828125,0.9240182042121887,1.0,0.5,0.0
505,8,0.03441964462399483,0.1708984375,0.03922542929649353,0.038299560546875,0.2703590393066406,0.9267182350158691,1.0,0.5,0.06666666666666667
505,9,0.06523118913173676,0.18408203125,0.04455549642443657,0.06451416015625,0.2610893249511719,0.9267935752868652,1.0,0.5,0.06666666666666667
505,10,0.06951065361499786,0.18035888671875,0.05789373442530632,0.0523681640625,0.2716217041015625,0.9275140166282654,1.0,0.5,0.06666666666666667
505,11,0.02514386922121048,0.202362060546875,0.07433971017599106,0.07574462890625,0.25652313232421875,0.9116405248641968,1.0,0.5,0.0
505,12,0.012407769449055195,0.17156982421875,0.0375448577105999,0.035736083984375,0.23841094970703125,0.9173848628997803,1.0,0.5,0.0
505,13,0.03211076930165291,0.2166748046875,0.06792628765106201,0.0775146484375,0.26337432861328125,0.9058765172958374,1.0,0.5,0.0
505,14,0.0020423345267772675,0.1656494140625,0.04042555019259453,0.04571533203125,0.28473663330078125,0.9384665489196777,1.0,0.5,0.06666666666666667
505,15,0.027419287711381912,0.15325927734375,0.03945227712392807,0.040252685546875,0.3042449951171875,0.9489700794219971,1.0,0.5,0.06666666666666667
505,16,0.05492043495178223,0.172760009765625,0.060995399951934814,0.057373046875,0.29248046875,0.9369295835494995,1.0,0.5,0.0
505,17,0.0027825208380818367,0.20318603515625,0.05467493087053299,0.078857421875,0.2505950927734375,0.9142481088638306,1.0,0.5,0.06666666666666667
505,18,0.06611426174640656,0.183868408203125,0.05435405299067497,0.050994873046875,0.24181365966796875,0.9125192761421204,1.0,0.5,0.0
505,19,0.03346647694706917,0.1746826171875,0.05603319779038429,0.05084228515625,0.28328704833984375,0.9343585968017578,1.0,0.5,0.0
505,20,0.035541824996471405,0.16705322265625,0.04769587889313698,0.049774169921875,0.29711151123046875,0.9433038234710693,1.0,0.5,0.0
505,21,0.012775921262800694,0.208465576171875,0.05688357725739479,0.077606201171875,0.27159881591796875,0.9159326553344727,1.0,0.5,0.06666666666666667
505,22,0.0521463006734848,0.179656982421875,0.05359497666358948,0.04254150390625,0.2563629150390625,0.922505259513855,1.0,0.5,0.0
505,23,0.022601649165153503,0.181793212890625,0.060571905225515366,0.0574951171875,0.27556610107421875,0.9273571968078613,1.0,0.5,0.0
505,24,0.18596360087394714,0.21514892578125,0.1010398417711258,0.078369140625,0.24777984619140625,0.8973388671875,1.0,0.5,0.06666666666666667
505,25,0.018372854217886925,0.2559814453125,0.09854930639266968,0.113800048828125,0.20921707153320312,0.8631898760795593,1.0,0.5,0.0
505,26,0.02461560256779194,0.268310546875,0.10995574295520782,0.1254425048828125,0.22069168090820312,0.8598471283912659,1.0,0.5,0.0
505,27,0.0020067659206688404,0.216522216796875,0.09929712116718292,0.090484619140625,0.2553138732910156,0.8996243476867676,1.0,0.5,0.0
505,28,0.025639023631811142,0.19952392578125,0.07759042829275131,0.074676513671875,0.2623558044433594,0.9162911772727966,1.0,0.5,0.0
505,29,0.0018230716232210398,0.2744140625,0.11910409480333328,0.133148193359375,0.1970806121826172,0.8440172672271729,1.0,0.5,0.0
505,30,0.1579917073249817,0.199249267578125,0.05487694591283798,0.0526123046875,0.2263031005859375,0.8978709578514099,1.0,0.5,0.13333333333333333
505,31,0.001547948457300663,0.172882080078125,0.03427306190133095,0.043731689453125,0.26926422119140625,0.9294096827507019,1.0,0.5,0.0
505,32,0.10186994075775146,0.18450927734375,0.054372388869524,0.05322265625,0.2618255615234375,0.9189903140068054,1.0,0.5,0.0
505,33,0.01856376975774765,0.193023681640625,0.06280958652496338,0.059173583984375,0.24663543701171875,0.9102516174316406,1.0,0.5,0.0
505,34,0.04494383931159973,0.21002197265625,0.056701067835092545,0.069061279296875,0.232452392578125,0.8986208438873291,1.0,0.5,0.0
505,35,0.0629478394985199,0.19097900390625,0.05016239732503891,0.05718994140625,0.2542839050292969,0.9153074622154236,1.0,0.5,0.0
505,36,0.0942966639995575,0.17401123046875,0.033788952976465225,0.046356201171875,0.265411376953125,0.9279196858406067,1.0,0.5,0.13333333333333333
505,37,0.011596938595175743,0.173492431640625,0.05563211813569069,0.042083740234375,0.28932952880859375,0.9338451623916626,1.0,0.5,0.0
505,38,0.06581196933984756,0.2001953125,0.055377423763275146,0.076568603515625,0.2630767822265625,0.9187518358230591,1.0,0.5,0.06666666666666667
505,39,0.03878575563430786,0.231353759765625,0.13172197341918945,0.11090087890625,0.244598388671875,0.8872508406639099,1.0,0.5,0.0
505,40,0.014145408757030964,0.18585205078125,0.04909772798418999,0.055145263671875,0.248016357421875,0.914823591709137,1.0,0.5,0.0
505,41,0.14594341814517975,0.203521728515625,0.08129245042800903,0.07830810546875,0.26739501953125,0.9144814014434814,1.0,0.5,0.0
505,42,0.16183079779148102,0.2314453125,0.07037350535392761,0.097381591796875,0.24410247802734375,0.8941404819488525,1.0,0.5,0.0
505,43,0.16490717232227325,0.216339111328125,0.08324505388736725,0.08746337890625,0.261199951171875,0.9030916690826416,1.0,0.5,0.0
505,44,0.031164906919002533,0.180389404296875,0.0565679594874382,0.050079345703125,0.2536659240722656,0.9166072607040405,1.0,0.5,0.06666666666666667
505,45,0.009202975779771805,0.204620361328125,0.07668647915124893,0.085845947265625,0.2584991455078125,0.915499210357666,1.0,0.5,0.0
505,46,0.027577513828873634,0.17242431640625,0.043252140283584595,0.059356689453125,0.289093017578125,0.941031813621521,1.0,0.5,0.0
505,47,0.0023154534865170717,0.185943603515625,0.05749685689806938,0.056060791015625,0.26375579833984375,0.9208738803863525,1.0,0.5,0.0
506,0,0.02116476744413376,0.195068359375,0.04822565242648125,0.0684814453125,0.276458740234375,0.925351619720459,1.0,0.5,0.0
506,1,0.019752170890569687,0.20098876953125,0.07894106209278107,0.0582275390625,0.24435043334960938,0.8999652862548828,1.0,0.5,0.0
506,2,0.2427491843700409,0.268585205078125,0.08487152308225632,0.118896484375,0.2069244384765625,0.8543754816055298,1.0,0.5,0.0
506,3,0.29289746284484863,0.228607177734375,0.10875529050827026,0.072662353515625,0.20577430725097656,0.8599436283111572,1.0,0.5,0.06666666666666667
506,4,0.5954744219779968,0.2174072265625,0.10545172542333603,0.08538818359375,0.232025146484375,0.8888343572616577,1.0,0.5,0.0
506,5,0.028282547369599342,0.19830322265625,0.051556430757045746,0.061492919921875,0.26239013671875,0.9159274697303772,1.0,0.5,0.06666666666666667
506,6,0.18698395788669586,0.23138427734375,0.13759884238243103,0.102264404296875,0.24127197265625,0.879096508026123,1.0,0.5,0.0
506,7,0.005128378979861736,0.159759521484375,0.02978876791894436,0.034454345703125,0.26425933837890625,0.9333999752998352,1.0,0.5,0.0
506,8,0.02133074775338173,0.2119140625,0.06590983271598816,0.080230712890625,0.25244140625,0.9076473712921143,1.0,0.5,0.0
506,9,0.027598787099123,0.20782470703125,0.09590903669595718,0.096435546875,0.27019500732421875,0.9151358604431152,1.0,0.5,0.0
506,10,0.00019407513900659978,0.183563232421875,0.04967960715293884,0.05242919921875,0.26586151123046875,0.9226195812225342,1.0,0.5,0.06666666666666667
506,11,0.028327127918601036,0.19293212890625,0.042318761348724365,0.0552978515625,0.265655517578125,0.9197969436645508,1.0,0.5,0.0
506,12,0.28764232993125916,0.25054931640625,0.1518537849187851,0.114532470703125,0.2227783203125,0.8530135154724121,1.0,0.5,0.06666666666666667
506,13,0.06708945333957672,0.204010009765625,0.06587053090333939,0.080841064453125,0.2533073425292969,0.9119101762771606,1.0,0.5,0.0
506,14,0.030019886791706085,0.19464111328125,0.055300645530223846,0.068756103515625,0.25957489013671875,0.9177440404891968,1.0,0.5,0.06666666666666667
506,15,0.03205673396587372,0.16552734375,0.04610704258084297,0.042877197265625,0.28580474853515625,0.9373917579650879,1.0,0.5,0.0
506,16,0.0354008749127388,0.2005615234375,0.05263694003224373,0.077178955078125,0.2581901550292969,0.9170761108398438,1.0,0.5,0.0
506,17,0.012004089541733265,0.16998291015625,0.05230335518717766,0.04254150390625,0.27320098876953125,0.9301924705505371,1.0,0.5,0.0
506,18,0.04827253147959709,0.17340087890625,0.04888176918029785,0.062347412109375,0.2951507568359375,0.9415634870529175,1.0,0.5,0.0
506,19,0.062280066311359406,0.201171875,0.08217426389455795,0.067108154296875,0.251068115234375,0.9056417942047119,1.0,0.5,0.0
506,20,0.06032437086105347,0.19732666015625,0.04569471254944801,0.064056396484375,0.26624298095703125,0.9216656684875488,1.0,0.5,0.0
506,21,0.01706651598215103,0.220550537109375,0.10219956189393997,0.070404052734375,0.2124462127685547,0.8737494945526123,1.0,0.5,0.0
506,22,0.19693712890148163,0.26739501953125,0.09322094917297363,0.11785888671875,0.19858932495117188,0.848659873008728,1.0,0.5,0.0
506,23,0.014169391244649887,0.25665283203125,0.1405525952577591,0.112945556640625,0.2031574249267578,0.8477110862731934,1.0,0.5,0.0
506,24,0.006018098909407854,0.24151611328125,0.09388117492198944,0.1141357421875,0.23348617553710938,0.8829795718193054,1.0,0.5,0.0
506,25,0.01707100309431553,0.18450927734375,0.04418536275625229,0.046112060546875,0.26599884033203125,0.9239346981048584,1.0,0.5,0.0
506,26,0.00017961475532501936,0.192047119140625,0.06612396985292435,0.07037353515625,0.280548095703125,0.9263994693756104,1.0,0.5,0.0
506,27,0.00900694727897644,0.159698486328125,0.03603513538837433,0.029388427734375,0.277740478515625,0.9358724355697632,1.0,0.5,0.06666666666666667
506,28,0.028075911104679108,0.196533203125,0.07807501405477524,0.069122314453125,0.2626953125,0.9152325987815857,1.0,0.5,0.0
506,29,0.03391428291797638,0.174102783203125,0.037041038274765015,0.042938232421875,0.2749481201171875,0.9300957918167114,1.0,0.5,0.0
506,30,0.04224339872598648,0.186676025390625,0.08966439217329025,0.059478759765625,0.2549781799316406,0.9136316776275635,1.0,0.5,0.0
506,31,0.13982179760932922,0.224945068359375,0.09508810192346573,0.095458984375,0.24637985229492188,0.8961697816848755,1.0,0.5,0.06666666666666667
506,32,0.0015093076508492231,0.22943115234375,0.08100280165672302,0.106475830078125,0.2360687255859375,0.8954829573631287,1.0,0.5,0.0
506,33,0.019478650763630867,0.20098876953125,0.06390725076198578,0.070648193359375,0.24550247192382812,0.9087498188018799,1.0,0.5,0.0
506,34,0.06589968502521515,0.162384033203125,0.04259185865521431,0.03680419921875,0.26142120361328125,0.92969810962677,1.0,0.5,0.0
506,35,0.04003105312585831,0.19390869140625,0.057115569710731506,0.06182861328125,0.2514610290527344,0.9138034582138062,1.0,0.5,0.0
506,36,0.015583129599690437,0.2034912109375,0.06827027350664139,0.058807373046875,0.24611663818359375,0.9013909101486206,1.0,0.5,0.0
506,37,0.02703240141272545,0.196044921875,0.04977775365114212,0.060943603515625,0.26609039306640625,0.9177067875862122,1.0,0.5,0.0
506,38,0.4303976595401764,0.22845458984375,0.1057044118642807,0.087005615234375,0.22261428833007812,0.8754671216011047,1.0,0.5,0.0
506,39,0.0732821524143219,0.220611572265625,0.08844905346632004,0.0777587890625,0.23123931884765625,0.8868893384933472,1.0,0.5,0.0
506,40,0.017122207209467888,0.20501708984375,0.06263952702283859,0.084869384765625,0.2592277526855469,0.9136021733283997,1.0,0.5,0.06666666666666667
506,41,0.04180653393268585,0.181549072265625,0.05303311347961426,0.049407958984375,0.27336883544921875,0.9270660877227783,1.0,0.5,0.0
506,42,0.011151799000799656,0.188018798828125,0.048083145171403885,0.063079833984375,0.27536773681640625,0.9287875890731812,1.0,0.5,0.0
506,43,0.04333016648888588,0.21405029296875,0.07636898010969162,0.090179443359375,0.25293731689453125,0.9073494672775269,1.0,0.5,0.06666666666666667
506,44,9.194328595185652e-05,0.2200927734375,0.06263040006160736,0.066375732421875,0.22370338439941406,0.8791946172714233,1.0,0.5,0.0
506,45,0.06870972365140915,0.188690185546875,0.056838374584913254,0.060455322265625,0.2515068054199219,0.9166558980941772,1.0,0.5,0.06666666666666667
506,46,0.07186558097600937,0.191131591796875,0.05226718634366989,0.06536865234375,0.275238037109375,0.9229660630226135,1.0,0.5,0.0
506,47,0.018225284293293953,0.1927490234375,0.061651308089494705,0.059356689453125,0.2404937744140625,0.9092204570770264,1.0,0.5,0.0
507,0,0.0034103889483958483,0.1981201171875,0.047781601548194885,0.04632568359375,0.24881744384765625,0.907923698425293,1.0,0.5,0.0
507,1,0.07155504822731018,0.200958251953125,0.08809670805931091,0.06927490234375,0.25482940673828125,0.9094094038009644,1.0,0.5,0.0
507,2,0.02690165489912033,0.204315185546875,0.08583565056324005,0.072662353515625,0.2551231384277344,0.9065757989883423,1.0,0.5,0.0
507,3,0.5336616039276123,0.207550048828125,0.07553409785032272,0.074615478515625,0.22989273071289062,0.8992339968681335,1.0,0.5,0.0
507,4,0.22173672914505005,0.235595703125,0.08221814036369324,0.090087890625,0.20772933959960938,0.8724227547645569,1.0,0.5,0.0
507,5,0.0699709802865982,0.23114013671875,0.07368738204240799,0.115936279296875,0.2521095275878906,0.9035859107971191,1.0,0.5,0.0
507,6,0.10614854097366333,0.173492431640625,0.041999537497758865,0.04840087890625,0.269073486328125,0.9318888187408447,1.0,0.5,0.0
507,7,0.00887959823012352,0.2069091796875,0.07931461930274963,0.08123779296875,0.25717926025390625,0.910491943359375,1.0,0.5,0.0
507,8,0.3923856317996979,0.229034423828125,0.10245145857334137,0.09222412109375,0.2537422180175781,0.8949161767959595,1.0,0.5,0.06666666666666667
507,9,0.10325074195861816,0.254302978515625,0.11949345469474792,0.1102752685546875,0.21979522705078125,0.8646211624145508,1.0,0.5,0.0
507,10,0.2219420224428177,0.1907958984375,0.05339805409312248,0.07806396484375,0.2855987548828125,0.9318329691886902,1.0,0.5,0.0
507,11,0.3510245680809021,0.244140625,0.11178868263959885,0.111968994140625,0.24077987670898438,0.8808765411376953,1.0,0.5,0.0
507,12,0.20746341347694397,0.193145751953125,0.06071030721068382,0.082916259765625,0.28502655029296875,0.931187629699707,1.0,0.5,0.0
507,13,0.012329942546784878,0.189239501953125,0.09022556245326996,0.06610107421875,0.261260986328125,0.9146304130554199,1.0,0.5,0.0
507,14,0.06894505769014359,0.21246337890625,0.08563871681690216,0.08148193359375,0.24512863159179688,0.9001718759536743,1.0,0.5,0.0
507,15,0.027418971061706543,0.202178955078125,0.07294872403144836,0.066375732421875,0.25079345703125,0.9074078798294067,1.0,0.5,0.06666666666666667
507,16,0.026464875787496567,0.2022705078125,0.07685186713933945,0.065338134765625,0.24808120727539062,0.9048280119895935,1.0,0.5,0.0
507,17,0.12221511453390121,0.237396240234375,0.09375352412462234,0.10400390625,0.24205780029296875,0.8871293663978577,1.0,0.5,0.13333333333333333
507,18,0.32621538639068604,0.214691162109375,0.09504467993974686,0.07183837890625,0.22507476806640625,0.8817059993743896,1.0,0.5,0.0
507,19,0.7820031642913818,0.2982177734375,0.11463949084281921,0.145233154296875,0.18083953857421875,0.8190105557441711,1.0,0.5,0.0
507,20,0.0005346816033124924,0.201446533203125,0.08952705562114716,0.064910888671875,0.22214126586914062,0.8932194709777832,1.0,0.5,0.0
507,21,0.007054575718939304,0.20587158203125,0.07058849930763245,0.057647705078125,0.22441864013671875,0.8945820927619934,1.0,0.5,0.0
507,22,0.011039741337299347,0.236572265625,0.09791743755340576,0.1112060546875,0.2571983337402344,0.8956899642944336,1.0,0.5,0.0
507,23,0.3576332926750183,0.2431640625,0.10379968583583832,0.110626220703125,0.2552986145019531,0.8879835605621338,1.0,0.5,0.06666666666666667
507,24,0.23333793878555298,0.19134521484375,0.0750107616186142,0.05926513671875,0.266204833984375,0.9180341958999634,1.0,0.5,0.0
507,25,0.007635543122887611,0.192138671875,0.05603279918432236,0.073974609375,0.2620849609375,0.9232370257377625,1.0,0.5,0.0
507,26,0.19781433045864105,0.222625732421875,0.1170852780342102,0.097259521484375,0.2593994140625,0.8979459404945374,1.0,0.5,0.06666666666666667
507,27,0.06072987988591194,0.202362060546875,0.09692735224962234,0.076629638671875,0.24701309204101562,0.9073382616043091,1.0,0.5,0.0
507,28,0.007368127349764109,0.20782470703125,0.0994214341044426,0.08685302734375,0.2552337646484375,0.9094536304473877,1.0,0.5,0.0
507,29,0.008358065038919449,0.21795654296875,0.08353050798177719,0.08917236328125,0.24057388305664062,0.900416910648346,1.0,0.5,0.13333333333333333
507,30,0.041654668748378754,0.207000732421875,0.057862479239702225,0.0732421875,0.2405242919921875,0.9055792093276978,1.0,0.5,0.0
507,31,0.030613332986831665,0.2020263671875,0.05502528324723244,0.072174072265625,0.24180221557617188,0.9076131582260132,1.0,0.5,0.06666666666666667
507,32,0.026678426191210747,0.2216796875,0.13219352066516876,0.09326171875,0.24946975708007812,0.8895848393440247,1.0,0.5,0.06666666666666667
507,33,0.07775341719388962,0.25701904296875,0.1425839513540268,0.1251373291015625,0.241668701171875,0.8690397143363953,1.0,0.5,0.06666666666666667
507,34,0.0012176950694993138,0.224151611328125,0.08986256271600723,0.081451416015625,0.24266815185546875,0.8920180797576904,1.0,0.5,0.06666666666666667
507,35,0.042371056973934174,0.239349365234375,0.07086730003356934,0.091522216796875,0.23169326782226562,0.879469096660614,1.0,0.5,0.0
507,36,0.007752048317342997,0.21728515625,0.06326305121183395,0.07574462890625,0.24712371826171875,0.9008262753486633,1.0,0.5,0.0
507,37,0.07131398469209671,0.23193359375,0.10604432970285416,0.1053924560546875,0.26522064208984375,0.8991260528564453,1.0,0.5,0.06666666666666667
507,38,0.0006254669278860092,0.18133544921875,0.047637734562158585,0.049591064453125,0.24531173706054688,0.9157413840293884,1.0,0.5,0.0
507,39,0.059587836265563965,0.196533203125,0.06567949801683426,0.063201904296875,0.2519721984863281,0.9104936122894287,1.0,0.5,0.0
507,40,0.02761903777718544,0.224853515625,0.1033153384923935,0.095672607421875,0.2630043029785156,0.8993615508079529,1.0,0.5,0.0
507,41,0.1340421438217163,0.25115966796875,0.09825634956359863,0.1201324462890625,0.23790740966796875,0.8809140920639038,1.0,0.5,0.0
507,42,0.006052360869944096,0.24267578125,0.10084027796983719,0.106475830078125,0.22946548461914062,0.8771936893463135,1.0,0.5,0.0
507,43,0.028771743178367615,0.231842041015625,0.08124624937772751,0.07977294921875,0.24031829833984375,0.8852317333221436,1.0,0.5,0.06666666666666667
507,44,0.4537006914615631,0.24981689453125,0.09029653668403625,0.1256561279296875,0.24985885620117188,0.8874064683914185,1.0,0.5,0.0
507,45,0.03176547959446907,0.269775390625,0.10947713255882263,0.13677978515625,0.22957611083984375,0.8658445477485657,1.0,0.5,0.0
507,46,0.026756757870316505,0.2618408203125,0.09001731872558594,0.13751220703125,0.23812103271484375,0.8798637390136719,1.0,0.5,0.0
507,47,0.0003998554893769324,0.236480712890625,0.09041738510131836,0.0966796875,0.24920654296875,0.8873888254165649,1.0,0.5,0.06666666666666667
508,0,0.011428341269493103,0.202423095703125,0.08995462954044342,0.067718505859375,0.2637062072753906,0.9092110395431519,1.0,0.5,0.0
508,1,0.023880016058683395,0.216705322265625,0.08716507256031036,0.094329833984375,0.2738533020019531,0.9100590944290161,1.0,0.5,0.0
508,2,0.07190771400928497,0.21966552734375,0.07776365429162979,0.08538818359375,0.24936676025390625,0.9007261991500854,1.0,0.5,0.0
508,3,0.11764218658208847,0.210784912109375,0.08142881095409393,0.095794677734375,0.2765998840332031,0.916356086730957,1.0,0.5,0.0
508,4,0.007472037337720394,0.1900634765625,0.06376219540834427,0.06158447265625,0.269012451171875,0.9187663793563843,1.0,0.5,0.0
508,5,0.15534338355064392,0.2086181640625,0.10496237128973007,0.085662841796875,0.2583808898925781,0.9059727191925049,1.0,0.5,0.0
508,6,0.012656986713409424,0.256683349609375,0.11930482089519501,0.123687744140625,0.2405242919921875,0.8731853365898132,1.0,0.5,0.0
508,7,0.004031829070299864,0.22625732421875,0.0894206315279007,0.10296630859375,0.24759674072265625,0.8997995853424072,1.0,0.5,0.0
508,8,0.021600166335701942,0.204803466796875,0.07195068150758743,0.066925048828125,0.2549781799316406,0.9053641557693481,1.0,0.5,0.0
508,9,0.08420969545841217,0.2335205078125,0.10450523346662521,0.095245361328125,0.23895645141601562,0.8852327466011047,1.0,0.5,0.06666666666666667
508,10,0.06463281065225601,0.2034912109375,0.07663517445325851,0.078857421875,0.2577667236328125,0.9124515056610107,1.0,0.5,0.0
508,11,0.07156869769096375,0.212066650390625,0.08551854640245438,0.087188720703125,0.26361846923828125,0.9091735482215881,1.0,0.5,0.0
508,12,0.1482498049736023,0.20025634765625,0.06523944437503815,0.06463623046875,0.2589263916015625,0.9126881957054138,1.0,0.5,0.06666666666666667
508,13,0.10147780179977417,0.170379638671875,0.04973386973142624,0.048248291015625,0.2707977294921875,0.9311975836753845,1.0,0.5,0.0
508,14,0.020817644894123077,0.22210693359375,0.07168840616941452,0.09747314453125,0.22735977172851562,0.896427571773529,1.0,0.5,0.0
508,15,0.01871945895254612,0.205474853515625,0.06271164864301682,0.07928466796875,0.2532386779785156,0.9092100858688354,1.0,0.5,0.06666666666666667
508,16,0.029101187363266945,0.17169189453125,0.0418531633913517,0.048095703125,0.28617095947265625,0.9365460872650146,1.0,0.5,0.0
508,17,0.04199737310409546,0.236572265625,0.09258145838975906,0.11871337890625,0.2550163269042969,0.8961690664291382,1.0,0.5,0.0
508,18,0.08903703093528748,0.21722412109375,0.08630982041358948,0.101898193359375,0.267791748046875,0.9119478464126587,1.0,0.5,0.06666666666666667
508,19,0.07964284718036652,0.202239990234375,0.03995121642947197,0.0732421875,0.26078033447265625,0.916774332523346,1.0,0.5,0.0
508,20,0.10987463593482971,0.172760009765625,0.030350234359502792,0.04864501953125,0.2788238525390625,0.9357067346572876,1.0,0.5,0.0
508,21,0.1082991361618042,0.197784423828125,0.08346065133810043,0.0764617919921875,0.2598381042480469,0.9159313440322876,1.0,0.5,0.0
508,22,0.15246456861495972,0.167572021484375,0.03896059840917587,0.059539794921875,0.31784820556640625,0.9511539936065674,1.0,0.5,0.0
508,23,0.02301032654941082,0.198455810546875,0.088337242603302,0.078582763671875,0.2811126708984375,0.9226267337799072,1.0,0.5,0.0
508,24,0.18549484014511108,0.155303955078125,0.055127546191215515,0.04852294921875,0.3199615478515625,0.9540430307388306,1.0,0.5,0.06666666666666667
508,25,0.0517326220870018,0.181427001953125,0.0811467245221138,0.0662841796875,0.29384613037109375,0.9341675043106079,1.0,0.5,0.06666666666666667
508,26,0.039322659373283386,0.147369384765625,0.02900356613099575,0.036895751953125,0.3313140869140625,0.9606342315673828,1.0,0.5,0.06666666666666667
508,27,0.016132395714521408,0.170166015625,0.060701481997966766,0.05487060546875,0.30169677734375,0.9429923295974731,1.0,0.5,0.0
508,28,0.1063930094242096,0.133056640625,0.035106200724840164,0.028900146484375,0.3357086181640625,0.963835597038269,1.0,0.5,0.06666666666666667
508,29,0.2452990710735321,0.170989990234375,0.04903952777385712,0.053802490234375,0.3137359619140625,0.9466411471366882,1.0,0.5,0.0
508,30,0.027061566710472107,0.144378662109375,0.028462398797273636,0.03778076171875,0.3220367431640625,0.9606890678405762,1.0,0.5,0.0
508,31,0.005974284373223782,0.1630859375,0.05678172409534454,0.04827880859375,0.3094024658203125,0.947455644607544,1.0,0.5,0.0
508,32,0.08621785789728165,0.128265380859375,0.031247004866600037,0.0262451171875,0.337921142578125,0.9664234519004822,1.0,0.5,0.0
508,33,0.11035245656967163,0.151641845703125,0.03457972779870033,0.040985107421875,0.29518890380859375,0.9494012594223022,1.0,0.5,0.0
508,34,0.10706251859664917,0.16876220703125,0.061548832803964615,0.054412841796875,0.30327606201171875,0.9408127069473267,1.0,0.5,0.06666666666666667
508,35,0.08092738687992096,0.16534423828125,0.05209381878376007,0.040496826171875,0.2844390869140625,0.9347479939460754,1.0,0.5,0.0
508,36,0.07393001019954681,0.17144775390625,0.05235062539577484,0.0458984375,0.280609130859375,0.9335800409317017,1.0,0.5,0.06666666666666667
508,37,0.06289713084697723,0.17047119140625,0.04038180038332939,0.045074462890625,0.2851715087890625,0.9372142553329468,1.0,0.5,0.06666666666666667
508,38,0.044054385274648666,0.21112060546875,0.07326921820640564,0.091949462890625,0.25746917724609375,0.9105584025382996,1.0,0.5,0.13333333333333333
508,39,0.019020892679691315,0.163970947265625,0.038240645080804825,0.055084228515625,0.315093994140625,0.951866626739502,1.0,0.5,0.0
508,40,0.008187414146959782,0.18487548828125,0.08485403656959534,0.070770263671875,0.30008697509765625,0.934624195098877,1.0,0.5,0.0
508,41,0.10579974204301834,0.148406982421875,0.035014595836400986,0.040191650390625,0.32184600830078125,0.9572517275810242,1.0,0.5,0.0
508,42,0.05325939878821373,0.140960693359375,0.026560164988040924,0.02679443359375,0.3274993896484375,0.9596742391586304,1.0,0.5,0.06666666666666667
508,43,0.040017396211624146,0.174560546875,0.04916570335626602,0.049530029296875,0.26970672607421875,0.9292716383934021,1.0,0.5,0.06666666666666667
508,44,0.03456006571650505,0.1646728515625,0.048441000282764435,0.046173095703125,0.2936553955078125,0.942320704460144,1.0,0.5,0.13333333333333333
508,45,0.029365550726652145,0.16619873046875,0.059834349900484085,0.054534912109375,0.2996063232421875,0.9430443644523621,1.0,0.5,0.0
508,46,0.11059565842151642,0.226043701171875,0.13663244247436523,0.094146728515625,0.2689971923828125,0.8912991285324097,1.0,0.5,0.0
508,47,0.01796007715165615,0.16015625,0.040684774518013,0.037811279296875,0.29451751708984375,0.942802369594574,1.0,0.5,0.0
509,0,0.037751272320747375,0.175506591796875,0.057153671979904175,0.04888916015625,0.2637367248535156,0.9225180745124817,1.0,0.5,0.06666666666666667
509,1,0.00878925807774067,0.1978759765625,0.04695742204785347,0.05914306640625,0.23204803466796875,0.9032333493232727,1.0,0.5,0.0
509,2,0.03884770721197128,0.214202880859375,0.07572034746408463,0.073699951171875,0.2313079833984375,0.8922655582427979,1.0,0.5,0.06666666666666667
509,3,0.017878256738185883,0.17547607421875,0.032575566321611404,0.042999267578125,0.2366180419921875,0.917488694190979,1.0,0.5,0.0
509,4,0.05916484445333481,0.182830810546875,0.04887600615620613,0.06732177734375,0.2714385986328125,0.9300601482391357,1.0,0.5,0.0
509,5,0.0012003181036561728,0.20684814453125,0.10004299134016037,0.06707763671875,0.23527145385742188,0.8895381689071655,1.0,0.5,0.13333333333333333
509,6,0.21713902056217194,0.2109375,0.06933163851499557,0.082427978515625,0.23270034790039062,0.9021487236022949,1.0,0.5,0.0
509,7,0.013476604595780373,0.17291259765625,0.03203078359365463,0.0457763671875,0.24808502197265625,0.9221351146697998,1.0,0.5,0.0
509,8,0.047237321734428406,0.1910400390625,0.0440494567155838,0.0574951171875,0.27249908447265625,0.9240175485610962,1.0,0.5,0.13333333333333333
509,9,0.2783775329589844,0.189849853515625,0.06327369809150696,0.0504150390625,0.23270797729492188,0.8984649181365967,1.0,0.5,0.0
509,10,0.002519571455195546,0.23309326171875,0.06987688690423965,0.0821533203125,0.18632888793945312,0.8646745085716248,1.0,0.5,0.0
509,11,0.1142982542514801,0.215850830078125,0.10079821944236755,0.07757568359375,0.22772598266601562,0.8887336254119873,1.0,0.5,0.0
509,12,0.06802763789892197,0.18658447265625,0.044613610953092575,0.056243896484375,0.25061798095703125,0.9184679985046387,1.0,0.5,0.06666666666666667
509,13,0.12820029258728027,0.17633056640625,0.040406517684459686,0.04595947265625,0.26650238037109375,0.9271953701972961,1.0,0.5,0.06666666666666667
509,14,0.04433594271540642,0.178985595703125,0.048271968960762024,0.0587158203125,0.29152679443359375,0.9366343021392822,1.0,0.5,0.06666666666666667
509,15,0.10608085244894028,0.171478271484375,0.033166851848363876,0.051422119140625,0.28403472900390625,0.9385538101196289,1.0,0.5,0.0
509,16,0.07725954800844193,0.17779541015625,0.03962074965238571,0.057037353515625,0.28716278076171875,0.9379691481590271,1.0,0.5,0.0
509,17,0.05142825096845627,0.149017333984375,0.034322913736104965,0.0338134765625,0.30859375,0.9520169496536255,1.0,0.5,0.06666666666666667
509,18,0.0067351460456848145,0.171112060546875,0.05552386865019798,0.05126953125,0.28987884521484375,0.9388415813446045,1.0,0.5,0.0
509,19,0.03012753836810589,0.171142578125,0.051190998405218124,0.043182373046875,0.27661895751953125,0.9316891431808472,1.0,0.5,0.06666666666666667
509,20,0.09279834479093552,0.1590576171875,0.03988076373934746,0.04229736328125,0.28874969482421875,0.9436532258987427,1.0,0.5,0.0
509,21,0.00013243626744952053,0.188751220703125,0.08187050372362137,0.055877685546875,0.25096893310546875,0.9070153832435608,1.0,0.5,0.0
509,22,0.028055299073457718,0.1947021484375,0.0708208754658699,0.066986083984375,0.25724029541015625,0.9152568578720093,1.0,0.5,0.06666666666666667
509,23,0.055646657943725586,0.1651611328125,0.051143672317266464,0.05322265625,0.28516387939453125,0.9389350414276123,1.0,0.5,0.0
509,24,0.10568827390670776,0.182403564453125,0.06989140063524246,0.033355712890625,0.2543792724609375,0.9059340357780457,1.0,0.5,0.0
509,25,0.32511669397354126,0.2449951171875,0.12411513924598694,0.09088134765625,0.19017982482910156,0.8436897993087769,1.0,0.5,0.0
509,26,0.05702045187354088,0.2109375,0.057796910405159,0.084197998046875,0.23307037353515625,0.9032269716262817,1.0,0.5,0.0
509,27,0.00906444527208805,0.166473388671875,0.02905348688364029,0.041961669921875,0.262115478515625,0.9326176643371582,1.0,0.5,0.0
509,28,0.05944482982158661,0.178314208984375,0.03972792252898216,0.0521240234375,0.27545166015625,0.9309765100479126,1.0,0.5,0.0
509,29,0.006764714606106281,0.165557861328125,0.04959224909543991,0.048126220703125,0.27475738525390625,0.9365397691726685,1.0,0.5,0.13333333333333333
509,30,0.03853348642587662,0.1822509765625,0.03893851488828659,0.05889892578125,0.268096923828125,0.9268085956573486,1.0,0.5,0.06666666666666667
509,31,0.09480556845664978,0.202850341796875,0.0645967572927475,0.08551025390625,0.26496124267578125,0.9187129735946655,1.0,0.5,0.0
509,32,0.062270693480968475,0.190521240234375,0.07004500180482864,0.07684326171875,0.28649139404296875,0.9304521679878235,1.0,0.5,0.0
509,33,0.1341712772846222,0.18035888671875,0.05507167428731918,0.05084228515625,0.2622261047363281,0.9242736101150513,1.0,0.5,0.0
509,34,0.17685793340206146,0.16845703125,0.03312584385275841,0.04754638671875,0.26805877685546875,0.9340273141860962,1.0,0.5,0.0
509,35,0.07521862536668777,0.1922607421875,0.07686446607112885,0.071502685546875,0.2807769775390625,0.9238271713256836,1.0,0.5,0.06666666666666667
509,36,0.0707801878452301,0.173980712890625,0.06635387986898422,0.048248291015625,0.2570381164550781,0.9231312870979309,1.0,0.5,0.0
509,37,0.31175461411476135,0.205078125,0.058960843831300735,0.0478515625,0.22342300415039062,0.8915058374404907,1.0,0.5,0.0
509,38,0.672166109085083,0.20599365234375,0.10030078142881393,0.081329345703125,0.2469940185546875,0.9050400853157043,1.0,0.5,0.0
509,39,0.015030980110168457,0.17401123046875,0.02687813900411129,0.041778564453125,0.25086212158203125,0.9226581454277039,1.0,0.5,0.0
509,40,0.052265383303165436,0.1807861328125,0.0462939478456974,0.0684814453125,0.28595733642578125,0.9368120431900024,1.0,0.5,0.06666666666666667
509,41,0.0960245281457901,0.1881103515625,0.06440767645835876,0.053009033203125,0.25981903076171875,0.9129132032394409,1.0,0.5,0.0
509,42,0.2859081029891968,0.1708984375,0.021182628348469734,0.031585693359375,0.23835372924804688,0.9155960083007812,1.0,0.5,0.0
509,43,0.016163090243935585,0.18182373046875,0.036605171859264374,0.05877685546875,0.2715644836425781,0.9300858378410339,1.0,0.5,0.13333333333333333
509,44,0.04944363981485367,0.162445068359375,0.04688476398587227,0.049346923828125,0.28772735595703125,0.9425343871116638,1.0,0.5,0.0
509,45,0.0025899261236190796,0.20166015625,0.07042346149682999,0.068603515625,0.26071929931640625,0.91454017162323,1.0,0.5,0.0
509,46,0.02418721653521061,0.199676513671875,0.05293615907430649,0.056304931640625,0.22526931762695312,0.8964073657989502,1.0,0.5,0.0
509,47,0.07609693706035614,0.217437744140625,0.10937263816595078,0.0994873046875,0.2616424560546875,0.901928186416626,1.0,0.5,0.0
510,0,0.13472595810890198,0.18756103515625,0.06157013401389122,0.04852294921875,0.2608909606933594,0.9142290949821472,1.0,0.5,0.0
510,1,0.037848733365535736,0.17205810546875,0.05415572598576546,0.0526123046875,0.2708625793457031,0.9313867688179016,1.0,0.5,0.0
510,2,0.08457411825656891,0.215545654296875,0.08164924383163452,0.083770751953125,0.2273540496826172,0.8958050012588501,1.0,0.5,0.06666666666666667
510,3,0.01689699850976467,0.229949951171875,0.09474094212055206,0.104522705078125,0.2513885498046875,0.8959298133850098,1.0,0.5,0.0
510,4,0.00845019705593586,0.24041748046875,0.11649370193481445,0.103912353515625,0.24184799194335938,0.8807105422019958,1.0,0.5,0.0
510,5,0.021942492574453354,0.22503662109375,0.07377004623413086,0.093597412109375,0.24547576904296875,0.9011162519454956,1.0,0.5,0.0
510,6,0.014309186488389969,0.2196044921875,0.0733819231390953,0.087127685546875,0.2564544677734375,0.9038618206977844,1.0,0.5,0.0
510,7,0.008008266799151897,0.227203369140625,0.09373389184474945,0.093231201171875,0.2379150390625,0.8897554278373718,1.0,0.5,0.0
510,8,0.014189121313393116,0.201873779296875,0.06519011408090591,0.078704833984375,0.25643157958984375,0.914739191532135,1.0,0.5,0.0
510,9,0.022534888237714767,0.209808349609375,0.06429843604564667,0.07281494140625,0.242767333984375,0.9015817642211914,1.0,0.5,0.0
510,10,0.0012190453708171844,0.1673583984375,0.038713227957487106,0.039642333984375,0.29010772705078125,0.9399158358573914,1.0,0.5,0.0
510,11,0.030759502202272415,0.190185546875,0.04688199236989021,0.062835693359375,0.2714729309082031,0.9251711368560791,1.0,0.5,0.0
510,12,0.06007305905222893,0.16668701171875,0.04543111100792885,0.041015625,0.2812042236328125,0.9346644878387451,1.0,0.5,0.06666666666666667
510,13,0.0376276858150959,0.168426513671875,0.04572880640625954,0.03961181640625,0.272247314453125,0.9312140941619873,1.0,0.5,0.0
510,14,0.03522636741399765,0.18328857421875,0.07055766880512238,0.064788818359375,0.29096221923828125,0.9341142177581787,1.0,0.5,0.0
510,15,0.08339300751686096,0.18206787109375,0.04802931472659111,0.054046630859375,0.2656059265136719,0.9231829643249512,1.0,0.5,0.0
510,16,0.0016913162544369698,0.188018798828125,0.08263420313596725,0.05902099609375,0.27101898193359375,0.9199883341789246,1.0,0.5,0.0
510,17,0.0008005829295143485,0.178131103515625,0.05076928064227104,0.073394775390625,0.31011962890625,0.9461659789085388,1.0,0.5,0.13333333333333333
510,18,0.0006648534326814115,0.210052490234375,0.10557510703802109,0.101715087890625,0.288177490234375,0.9196701645851135,1.0,0.5,0.0
510,19,0.23462650179862976,0.149383544921875,0.06288895756006241,0.046844482421875,0.3264617919921875,0.9555200338363647,1.0,0.5,0.0
510,20,0.04345279932022095,0.17169189453125,0.06547518819570541,0.0582275390625,0.2905540466308594,0.9374957084655762,1.0,0.5,0.0
510,21,0.16423474252223969,0.24444580078125,0.1397976130247116,0.11505126953125,0.23768997192382812,0.8702036738395691,1.0,0.5,0.0
510,22,0.05575479939579964,0.177642822265625,0.04137309268116951,0.03863525390625,0.24708938598632812,0.9169052839279175,1.0,0.5,0.06666666666666667
510,23,0.010864648967981339,0.198883056640625,0.07947306334972382,0.083740234375,0.27011871337890625,0.9182122945785522,1.0,0.5,0.06666666666666667
510,24,0.03299064561724663,0.1715087890625,0.04044434800744057,0.05059814453125,0.28783416748046875,0.9380707740783691,1.0,0.5,0.0
510,25,0.02384764701128006,0.18499755859375,0.07856490463018417,0.068023681640625,0.2718505859375,0.923736572265625,1.0,0.5,0.06666666666666667
510,26,0.02173357829451561,0.2181396484375,0.057790592312812805,0.0972900390625,0.253570556640625,0.910733699798584,1.0,0.5,0.0
510,27,0.057216860353946686,0.192230224609375,0.06076054275035858,0.06805419921875,0.27587127685546875,0.9235496520996094,1.0,0.5,0.06666666666666667
510,28,0.0479007288813591,0.162750244140625,0.039741985499858856,0.036285400390625,0.2786865234375,0.9367748498916626,1.0,0.5,0.06666666666666667
510,29,0.00748653057962656,0.18524169921875,0.05041485279798508,0.06170654296875,0.2875518798828125,0.9317406415939331,1.0,0.5,0.0
510,30,0.13105925917625427,0.176849365234375,0.06300772726535797,0.042144775390625,0.2713470458984375,0.9231821298599243,1.0,0.5,0.13333333333333333
510,31,0.0916968435049057,0.206207275390625,0.06539089232683182,0.080291748046875,0.2596282958984375,0.9112646579742432,1.0,0.5,0.0
510,32,0.04565209150314331,0.17462158203125,0.042243339121341705,0.044525146484375,0.279022216796875,0.9319751262664795,1.0,0.5,0.06666666666666667
510,33,0.02160506509244442,0.186370849609375,0.04802057892084122,0.061370849609375,0.279296875,0.929672360420227,1.0,0.5,0.0
510,34,0.03148888051509857,0.162628173828125,0.0457877479493618,0.048065185546875,0.28411102294921875,0.9411664009094238,1.0,0.5,0.0
510,35,0.024821478873491287,0.1800537109375,0.06636954843997955,0.046875,0.27881622314453125,0.9245575666427612,1.0,0.5,0.0
510,36,0.014073103666305542,0.167205810546875,0.05670871213078499,0.04461669921875,0.28232574462890625,0.9358910322189331,1.0,0.5,0.0
510,37,0.02208876796066761,0.16375732421875,0.04326385259628296,0.047760009765625,0.28707122802734375,0.9398928880691528,1.0,0.5,0.13333333333333333
510,38,0.028852634131908417,0.1611328125,0.040138307958841324,0.031982421875,0.26230621337890625,0.9295755624771118,1.0,0.5,0.0
510,39,0.035306427627801895,0.174774169921875,0.06527382880449295,0.053924560546875,0.26235198974609375,0.9270528554916382,1.0,0.5,0.0
510,40,0.046999406069517136,0.1639404296875,0.045590441673994064,0.032440185546875,0.29465484619140625,0.9369887709617615,1.0,0.5,0.06666666666666667
510,41,0.051982682198286057,0.181915283203125,0.05817978084087372,0.05230712890625,0.2681694030761719,0.9238874912261963,1.0,0.5,0.0
510,42,0.1526469588279724,0.1788330078125,0.057226765900850296,0.064727783203125,0.2810173034667969,0.934095025062561,1.0,0.5,0.06666666666666667
510,43,0.07272834330797195,0.182525634765625,0.05721757560968399,0.058746337890625,0.2784881591796875,0.9285187125205994,1.0,0.5,0.06666666666666667
510,44,0.09623482078313828,0.162811279296875,0.05547957122325897,0.043212890625,0.2837677001953125,0.9373713731765747,1.0,0.5,0.0
510,45,0.0017120682168751955,0.17919921875,0.03977020084857941,0.053924560546875,0.285125732421875,0.9342455863952637,1.0,0.5,0.0
510,46,0.0521916002035141,0.15478515625,0.04187563434243202,0.031707763671875,0.2898445129394531,0.9415028691291809,1.0,0.5,0.2
510,47,0.265507310628891,0.18206787109375,0.05789373442530632,0.056884765625,0.2789421081542969,0.9280843734741211,1.0,0.5,0.0
511,0,0.042505595833063126,0.20526123046875,0.06914933025836945,0.076568603515625,0.26255035400390625,0.915208637714386,1.0,0.5,0.0
511,1,0.019837796688079834,0.1826171875,0.04848635196685791,0.054443359375,0.27191925048828125,0.92686927318573,1.0,0.5,0.13333333333333333
511,2,0.056831832975149155,0.1802978515625,0.05076818913221359,0.0601806640625,0.2903900146484375,0.933407723903656,1.0,0.5,0.06666666666666667
511,3,0.021089106798171997,0.20098876953125,0.06173545494675636,0.06549072265625,0.2655181884765625,0.9165611267089844,1.0,0.5,0.0
511,4,0.020108431577682495,0.19097900390625,0.03460079804062843,0.041656494140625,0.23789215087890625,0.9069308042526245,1.0,0.5,0.0
511,5,0.09439214318990707,0.20147705078125,0.07367848604917526,0.079864501953125,0.265594482421875,0.9161587953567505,1.0,0.5,0.0
511,6,0.04008074104785919,0.211700439453125,0.08315864205360413,0.07366943359375,0.24152374267578125,0.8977977633476257,1.0,0.5,0.0
511,7,0.06978848576545715,0.179656982421875,0.05547326058149338,0.04803466796875,0.277557373046875,0.9258885979652405,1.0,0.5,0.0
511,8,0.08963119983673096,0.196014404296875,0.06500744819641113,0.06451416015625,0.2563972473144531,0.9156801700592041,1.0,0.5,0.0
511,9,0.00015132874250411987,0.237030029296875,0.11247571557760239,0.119720458984375,0.2650604248046875,0.8978398442268372,1.0,0.5,0.0
511,10,0.01830306276679039,0.1937255859375,0.06001850962638855,0.06378173828125,0.2584228515625,0.9169178605079651,1.0,0.5,0.0
511,11,0.046135418117046356,0.183135986328125,0.04175356775522232,0.046630859375,0.2544708251953125,0.9188811182975769,1.0,0.5,0.0
511,12,0.014047215692698956,0.22161865234375,0.07788160443305969,0.0745849609375,0.23995208740234375,0.8945700526237488,1.0,0.5,0.0
511,13,0.01209612563252449,0.181396484375,0.043244604021310806,0.0496826171875,0.26795196533203125,0.9253729581832886,1.0,0.5,0.06666666666666667
511,14,0.02725786715745926,0.20111083984375,0.05750998482108116,0.069061279296875,0.2418060302734375,0.9074808359146118,1.0,0.5,0.06666666666666667
511,15,0.017291462048888206,0.174072265625,0.03974246606230736,0.052581787109375,0.2799949645996094,0.9350277185440063,1.0,0.5,0.0
511,16,0.05262510105967522,0.182037353515625,0.04840675741434097,0.048187255859375,0.249603271484375,0.9161549806594849,1.0,0.5,0.0
511,17,0.0997374951839447,0.20916748046875,0.07065369933843613,0.0870361328125,0.2628173828125,0.9131127595901489,1.0,0.5,0.0
511,18,0.057630755007267,0.172515869140625,0.049555350095033646,0.055267333984375,0.28937530517578125,0.939244270324707,1.0,0.5,0.06666666666666667
511,19,0.3577050566673279,0.23114013671875,0.0946892499923706,0.102569580078125,0.23236846923828125,0.8885176181793213,1.0,0.5,0.0
511,20,0.10229991376399994,0.215728759765625,0.0626319944858551,0.0645751953125,0.21899032592773438,0.8866254091262817,1.0,0.5,0.06666666666666667
511,21,0.16389569640159607,0.18170166015625,0.06607644259929657,0.06610107421875,0.28726959228515625,0.9342638254165649,1.0,0.5,0.13333333333333333
511,22,2.7065987586975098,0.219390869140625,0.10072076320648193,0.08880615234375,0.25461578369140625,0.8993804454803467,1.0,0.5,0.06666666666666667
511,23,0.18256792426109314,0.17669677734375,0.07501792162656784,0.064544677734375,0.30219268798828125,0.9388859868049622,1.0,0.5,0.06666666666666667
511,24,0.06923535466194153,0.15802001953125,0.03446703404188156,0.041717529296875,0.30864715576171875,0.9485456347465515,1.0,0.5,0.0
511,25,0.007971449755132198,0.179931640625,0.08175503462553024,0.058135986328125,0.2776451110839844,0.9287300705909729,1.0,0.5,0.0
511,26,0.013490335084497929,0.173492431640625,0.049854543060064316,0.0479736328125,0.27115631103515625,0.929069995880127,1.0,0.5,0.0
511,27,0.033835843205451965,0.163360595703125,0.04783940687775612,0.044189453125,0.288726806640625,0.9407747983932495,1.0,0.5,0.0
511,28,0.0007047222461551428,0.164093017578125,0.03239189088344574,0.037322998046875,0.28414154052734375,0.9377493262290955,1.0,0.5,0.0
511,29,0.024285348132252693,0.160369873046875,0.04282771050930023,0.036468505859375,0.28142547607421875,0.9395908713340759,1.0,0.5,0.0
511,30,0.1370174139738083,0.23126220703125,0.1293664127588272,0.0958251953125,0.23216629028320312,0.8779212832450867,1.0,0.5,0.0
511,31,0.16316978633403778,0.2474365234375,0.05125194415450096,0.1175537109375,0.23766326904296875,0.8877883553504944,1.0,0.5,0.0
511,32,0.030175939202308655,0.225830078125,0.08533719182014465,0.08819580078125,0.24120330810546875,0.889359712600708,1.0,0.5,0.0
511,33,0.0030733533203601837,0.185028076171875,0.04477151110768318,0.057342529296875,0.25873565673828125,0.9198755025863647,1.0,0.5,0.0
511,34,0.017690280452370644,0.182342529296875,0.03878762573003769,0.05609130859375,0.2702789306640625,0.9285056591033936,1.0,0.5,0.06666666666666667
511,35,0.0863267332315445,0.217742919921875,0.07690593600273132,0.0845947265625,0.24471664428710938,0.9014838933944702,1.0,0.5,0.0
511,36,0.4992996156215668,0.26934814453125,0.07826542109251022,0.127716064453125,0.20818328857421875,0.8597956895828247,1.0,0.5,0.0
511,37,0.0418492890894413,0.18505859375,0.04565756022930145,0.051025390625,0.25553131103515625,0.9196789264678955,1.0,0.5,0.06666666666666667
511,38,0.014986843802034855,0.172088623046875,0.04343472793698311,0.039459228515625,0.26328277587890625,0.9269396066665649,1.0,0.5,0.06666666666666667
511,39,0.07102280855178833,0.215789794921875,0.12430647760629654,0.0953369140625,0.23929977416992188,0.8925179243087769,1.0,0.5,0.0
511,40,0.0581166073679924,0.26690673828125,0.09905535727739334,0.121856689453125,0.20544815063476562,0.8555893898010254,1.0,0.5,0.0
511,41,0.006155018694698811,0.19049072265625,0.04552220180630684,0.066375732421875,0.25226593017578125,0.9198709726333618,1.0,0.5,0.0
511,42,0.01689874194562435,0.171783447265625,0.041509728878736496,0.035980224609375,0.2548370361328125,0.9239547252655029,1.0,0.5,0.0
511,43,0.09117009490728378,0.231658935546875,0.09656108170747757,0.086029052734375,0.23855209350585938,0.8864601850509644,1.0,0.5,0.0
511,44,0.05780729651451111,0.21929931640625,0.06319043040275574,0.098114013671875,0.2548179626464844,0.9087680578231812,1.0,0.5,0.0
511,45,0.016620619222521782,0.15887451171875,0.04504638537764549,0.032379150390625,0.2905731201171875,0.9411402344703674,1.0,0.5,0.06666666666666667
511,46,0.029567856341600418,0.19293212890625,0.061332982033491135,0.073333740234375,0.26902008056640625,0.9230558276176453,1.0,0.5,0.0
511,47,0.06226702034473419,0.2130126953125,0.059020332992076874,0.083099365234375,0.2469482421875,0.9044432044029236,1.0,0.5,0.06666666666666667
512,0,0.03334752842783928,0.198516845703125,0.09731017053127289,0.082275390625,0.26908111572265625,0.9163129329681396,1.0,0.5,0.0
512,1,0.003816419281065464,0.160491943359375,0.026796987280249596,0.0321044921875,0.28440093994140625,0.9377121329307556,1.0,0.5,0.0
512,2,0.03031565435230732,0.17340087890625,0.04130519926548004,0.04669189453125,0.2793121337890625,0.9337243437767029,1.0,0.5,0.0
512,3,0.04043051227927208,0.190704345703125,0.05454834923148155,0.073272705078125,0.27654266357421875,0.9265801906585693,1.0,0.5,0.0
512,4,0.05720778554677963,0.18450927734375,0.053977131843566895,0.055572509765625,0.2685279846191406,0.9237968325614929,1.0,0.5,0.0
512,5,0.00043112391722388566,0.21221923828125,0.08372526615858078,0.0821533203125,0.2294464111328125,0.8935168385505676,1.0,0.5,0.0
512,6,0.08252587914466858,0.182525634765625,0.06765475869178772,0.05328369140625,0.2572784423828125,0.9183992147445679,1.0,0.5,0.0
512,7,0.0014813195448368788,0.19970703125,0.06442907452583313,0.07415771484375,0.2599334716796875,0.9142820835113525,1.0,0.5,0.06666666666666667
512,8,0.0785118117928505,0.182373046875,0.05246410891413689,0.042572021484375,0.2426300048828125,0.9067822694778442,1.0,0.5,0.06666666666666667
512,9,0.07364817708730698,0.18328857421875,0.05485288426280022,0.064056396484375,0.26171875,0.9240322113037109,1.0,0.5,0.0
512,10,0.01631850376725197,0.17340087890625,0.05063104256987572,0.055511474609375,0.282379150390625,0.93314528465271,1.0,0.5,0.0
512,11,0.033507220447063446,0.171966552734375,0.06215793639421463,0.040863037109375,0.28595733642578125,0.9309773445129395,1.0,0.5,0.06666666666666667
512,12,0.05164412781596184,0.186187744140625,0.049827635288238525,0.06365966796875,0.2592926025390625,0.9231155514717102,1.0,0.5,0.0
512,13,0.027714405208826065,0.18768310546875,0.052483100444078445,0.0426025390625,0.23492050170898438,0.9050040245056152,1.0,0.5,0.0
512,14,0.02134602516889572,0.194488525390625,0.05862418934702873,0.069854736328125,0.26934051513671875,0.9232256412506104,1.0,0.5,0.06666666666666667
512,15,0.019733762368559837,0.18524169921875,0.05146675184369087,0.059814453125,0.2637481689453125,0.923467755317688,1.0,0.5,0.0
512,16,0.02502034232020378,0.200225830078125,0.08435163646936417,0.071502685546875,0.26650238037109375,0.9146053194999695,1.0,0.5,0.0
512,17,0.01483752392232418,0.224945068359375,0.07260109484195709,0.0963134765625,0.24777984619140625,0.8975628018379211,1.0,0.5,0.0
512,18,0.07024209201335907,0.18365478515625,0.06326985359191895,0.06170654296875,0.279052734375,0.927727460861206,1.0,0.5,0.0
512,19,0.028741618618369102,0.159088134765625,0.049508869647979736,0.03741455078125,0.28296661376953125,0.9404771327972412,1.0,0.5,0.06666666666666667
512,20,0.009735483676195145,0.173431396484375,0.07245985418558121,0.059967041015625,0.29038238525390625,0.9351063966751099,1.0,0.5,0.0
512,21,0.07262890040874481,0.15753173828125,0.042078640311956406,0.041290283203125,0.297637939453125,0.9454904794692993,1.0,0.5,0.06666666666666667
512,22,0.06435436755418777,0.1856689453125,0.06491122394800186,0.065948486328125,0.27741241455078125,0.9286786913871765,1.0,0.5,0.0
512,23,0.04735933244228363,0.1871337890625,0.057576440274715424,0.04400634765625,0.25091552734375,0.9130416512489319,1.0,0.5,0.0
512,24,0.033290404826402664,0.16973876953125,0.03976340964436531,0.052825927734375,0.29619598388671875,0.9428937435150146,1.0,0.5,0.06666666666666667
512,25,0.036392755806446075,0.1875,0.062127914279699326,0.056793212890625,0.24699020385742188,0.9119109511375427,1.0,0.5,0.0
512,26,0.010504516772925854,0.20611572265625,0.05458000302314758,0.06719970703125,0.23706436157226562,0.9014660120010376,1.0,0.5,0.0
512,27,0.011033293791115284,0.18804931640625,0.05286754295229912,0.059844970703125,0.2577476501464844,0.9197835326194763,1.0,0.5,0.2
512,28,0.02667725831270218,0.195556640625,0.09103745222091675,0.07220458984375,0.2668952941894531,0.9142899513244629,1.0,0.5,0.06666666666666667
512,29,0.14571326971054077,0.18682861328125,0.045687537640333176,0.0706787109375,0.2941436767578125,0.9362454414367676,1.0,0.5,0.0
512,30,0.056223079562187195,0.18670654296875,0.03931531310081482,0.05706787109375,0.24443817138671875,0.916401743888855,1.0,0.5,0.0
512,31,0.04822096228599548,0.1632080078125,0.026616647839546204,0.04364013671875,0.2908782958984375,0.9436314105987549,1.0,0.5,0.06666666666666667
512,32,0.07332125306129456,0.15386962890625,0.04844480752944946,0.045806884765625,0.311004638671875,0.9521228075027466,1.0,0.5,0.0
512,33,0.15490618348121643,0.163421630859375,0.05517462641000748,0.0538330078125,0.3109283447265625,0.9485608339309692,1.0,0.5,0.0
512,34,0.025478411465883255,0.188995361328125,0.05614848807454109,0.065826416015625,0.26625823974609375,0.9221758842468262,1.0,0.5,0.0
512,35,0.13876298069953918,0.180908203125,0.05307742953300476,0.057281494140625,0.2720489501953125,0.9279965162277222,1.0,0.5,0.13333333333333333
512,36,0.020288363099098206,0.16522216796875,0.06274672597646713,0.05938720703125,0.31182098388671875,0.9481728076934814,1.0,0.5,0.06666666666666667
512,37,0.006299925968050957,0.1866455078125,0.07563228905200958,0.070770263671875,0.28763580322265625,0.931304931640625,1.0,0.5,0.0
512,38,0.06717778742313385,0.15887451171875,0.05013327673077583,0.0457763671875,0.30817413330078125,0.9494783878326416,1.0,0.5,0.06666666666666667
512,39,0.13407202064990997,0.17193603515625,0.03791531175374985,0.05426025390625,0.28878021240234375,0.9394450187683105,1.0,0.5,0.06666666666666667
512,40,0.08361281454563141,0.18743896484375,0.05692689120769501,0.044921875,0.2624931335449219,0.9145178198814392,1.0,0.5,0.0
512,41,0.009394116699695587,0.17138671875,0.0519707091152668,0.056793212890625,0.29065704345703125,0.9388246536254883,1.0,0.5,0.0
512,42,0.03549536317586899,0.166351318359375,0.05560961738228798,0.0599365234375,0.3003692626953125,0.9450170993804932,1.0,0.5,0.0
512,43,0.05787017568945885,0.160614013671875,0.03705933690071106,0.04473876953125,0.29071807861328125,0.9430578947067261,1.0,0.5,0.0
512,44,0.022320354357361794,0.173919677734375,0.04969092831015587,0.047271728515625,0.2790489196777344,0.9322995543479919,1.0,0.5,0.0
512,45,0.11710526794195175,0.178924560546875,0.050003841519355774,0.068817138671875,0.29489898681640625,0.9412974715232849,1.0,0.5,0.06666666666666667
512,46,0.021187372505664825,0.167388916015625,0.03296857699751854,0.036590576171875,0.253753662109375,0.924933910369873,1.0,0.5,0.0
512,47,0.039927855134010315,0.182159423828125,0.05620790272951126,0.05987548828125,0.28432464599609375,0.9320560693740845,1.0,0.5,0.0
513,0,0.009256736375391483,0.22283935546875,0.07737772911787033,0.09619140625,0.250885009765625,0.9039653539657593,1.0,0.5,0.0
513,1,0.004282942041754723,0.199920654296875,0.07465314865112305,0.0712890625,0.2682342529296875,0.9145375490188599,1.0,0.5,0.0
513,2,0.00890128593891859,0.233428955078125,0.11365322023630142,0.095123291015625,0.23468017578125,0.8792004585266113,1.0,0.5,0.0
513,3,0.017423925921320915,0.187957763671875,0.06516576558351517,0.059844970703125,0.2535743713378906,0.9167224168777466,1.0,0.5,0.0
513,4,0.03711691126227379,0.195220947265625,0.06914617121219635,0.07952880859375,0.274444580078125,0.9235702157020569,1.0,0.5,0.0
513,5,0.027353040874004364,0.1962890625,0.04973762482404709,0.06231689453125,0.25714111328125,0.9141956567764282,1.0,0.5,0.0
513,6,0.05048198625445366,0.19647216796875,0.055621180683374405,0.06976318359375,0.278961181640625,0.9242446422576904,1.0,0.5,0.0
513,7,0.019479617476463318,0.17169189453125,0.061169497668743134,0.059173583984375,0.28221893310546875,0.9361206293106079,1.0,0.5,0.0
513,8,0.11191515624523163,0.18341064453125,0.03792945668101311,0.05657958984375,0.2727203369140625,0.9292656779289246,1.0,0.5,0.0
513,9,0.0045342836529016495,0.1636962890625,0.05024568736553192,0.036468505859375,0.27854156494140625,0.9351843595504761,1.0,0.5,0.0
513,10,0.05832894891500473,0.198516845703125,0.060432069003582,0.072509765625,0.28281402587890625,0.9233847856521606,1.0,0.5,0.0
513,11,0.044098325073719025,0.2105712890625,0.07008228451013565,0.0777587890625,0.2741279602050781,0.9160613417625427,1.0,0.5,0.0
513,12,0.006035367958247662,0.203155517578125,0.06390389055013657,0.060821533203125,0.25238037109375,0.9065248966217041,1.0,0.5,0.0
513,13,0.015410438179969788,0.181396484375,0.05471092835068703,0.05462646484375,0.27081298828125,0.925295352935791,1.0,0.5,0.06666666666666667
513,14,0.013022035360336304,0.19775390625,0.06016964465379715,0.065185546875,0.2521553039550781,0.9113002419471741,1.0,0.5,0.06666666666666667
513,15,0.021738722920417786,0.18438720703125,0.07320308685302734,0.058074951171875,0.27147674560546875,0.9227080345153809,1.0,0.5,0.0
513,16,0.054399117827415466,0.220672607421875,0.10649939626455307,0.10595703125,0.2706298828125,0.9074450731277466,1.0,0.5,0.13333333333333333
513,17,0.013194849714636803,0.19805908203125,0.0901721864938736,0.0594482421875,0.2667999267578125,0.9089968204498291,1.0,0.5,0.0
513,18,0.16951467096805573,0.159942626953125,0.03932444378733635,0.054473876953125,0.322113037109375,0.9553682804107666,1.0,0.5,0.06666666666666667
513,19,0.7697386741638184,0.223663330078125,0.08652132749557495,0.102691650390625,0.24711990356445312,0.8994057774543762,1.0,0.5,0.0
513,20,0.39657407999038696,0.1845703125,0.05135897174477577,0.062744140625,0.287109375,0.9336639642715454,1.0,0.5,0.06666666666666667
513,21,0.058180831372737885,0.181060791015625,0.05546701326966286,0.05438232421875,0.29178619384765625,0.9323394894599915,1.0,0.5,0.0
513,22,0.05068111792206764,0.18402099609375,0.05924395099282265,0.059326171875,0.2698631286621094,0.924018383026123,1.0,0.5,0.0
513,23,0.042942069470882416,0.17315673828125,0.04221510887145996,0.04522705078125,0.2747802734375,0.9314935803413391,1.0,0.5,0.0
513,24,0.037457507103681564,0.16815185546875,0.03947606682777405,0.0439453125,0.2680816650390625,0.9325909614562988,1.0,0.5,0.06666666666666667
513,25,0.056030526757240295,0.18255615234375,0.0427120067179203,0.054290771484375,0.2611427307128906,0.9234170913696289,1.0,0.5,0.06666666666666667
513,26,0.043624572455883026,0.174072265625,0.047874290496110916,0.043701171875,0.26406097412109375,0.9270291328430176,1.0,0.5,0.0
513,27,0.01744880899786949,0.20458984375,0.06206456199288368,0.073638916015625,0.2561187744140625,0.9119318127632141,1.0,0.5,0.0
513,28,0.07186383754014969,0.182037353515625,0.06683039665222168,0.061004638671875,0.263641357421875,0.9242261052131653,1.0,0.5,0.06666666666666667
513,29,0.019239306449890137,0.210601806640625,0.0855521634221077,0.08209228515625,0.26070404052734375,0.9077475666999817,1.0,0.5,0.0
513,30,0.007659176364541054,0.152801513671875,0.03797680512070656,0.04364013671875,0.32164764404296875,0.9570523500442505,1.0,0.5,0.13333333333333333
513,31,0.0025512329302728176,0.18414306640625,0.06983529031276703,0.062591552734375,0.27359771728515625,0.9270958304405212,1.0,0.5,0.0
513,32,0.015223180875182152,0.161956787109375,0.054988231509923935,0.05523681640625,0.31324005126953125,0.9494006037712097,1.0,0.5,0.06666666666666667
513,33,0.18180988729000092,0.183074951171875,0.0985855832695961,0.07513427734375,0.29683685302734375,0.931647539138794,1.0,0.5,0.0
513,34,0.028325971215963364,0.201324462890625,0.07332570105791092,0.06915283203125,0.2657928466796875,0.9129173159599304,1.0,0.5,0.0
513,35,0.012148356065154076,0.2232666015625,0.10061726719141006,0.086883544921875,0.2590980529785156,0.8975309133529663,1.0,0.5,0.06666666666666667
513,36,0.0332295186817646,0.205352783203125,0.06839728355407715,0.078643798828125,0.26447296142578125,0.9144040942192078,1.0,0.5,0.06666666666666667
513,37,0.005755137652158737,0.2110595703125,0.06378556042909622,0.07293701171875,0.252655029296875,0.9034454822540283,1.0,0.5,0.0
513,38,0.019623765721917152,0.224517822265625,0.0813094973564148,0.083526611328125,0.23691940307617188,0.8901623487472534,1.0,0.5,0.0
513,39,0.01634708046913147,0.17767333984375,0.05634675547480583,0.0545654296875,0.27909088134765625,0.9298931360244751,1.0,0.5,0.06666666666666667
513,40,0.05134972184896469,0.178497314453125,0.04421337693929672,0.04736328125,0.2725830078125,0.927121639251709,1.0,0.5,0.06666666666666667
513,41,0.03898272663354874,0.17193603515625,0.046569425612688065,0.04443359375,0.2792510986328125,0.9316596388816833,1.0,0.5,0.0
513,42,0.07747848331928253,0.16510009765625,0.03833508491516113,0.042694091796875,0.28913116455078125,0.9401023983955383,1.0,0.5,0.13333333333333333
513,43,0.13534949719905853,0.1636962890625,0.06699792295694351,0.049072265625,0.29859161376953125,0.9419617652893066,1.0,0.5,0.0
513,44,0.16866254806518555,0.1636962890625,0.03964091092348099,0.040557861328125,0.26715087890625,0.9342842102050781,1.0,0.5,0.0
513,45,0.09247061610221863,0.1654052734375,0.0420537106692791,0.046875,0.28733062744140625,0.9389215707778931,1.0,0.5,0.0
513,46,0.06616972386837006,0.176544189453125,0.04245484247803688,0.050018310546875,0.2858734130859375,0.9344865083694458,1.0,0.5,0.0
513,47,0.022842640057206154,0.208953857421875,0.06675013154745102,0.063629150390625,0.24516677856445312,0.8984159231185913,1.0,0.5,0.0
514,0,0.166896253824234,0.239501953125,0.13381913304328918,0.126312255859375,0.25048828125,0.8890462517738342,1.0,0.5,0.0
514,1,0.022642765194177628,0.153839111328125,0.026064494624733925,0.03375244140625,0.27588653564453125,0.9405540227890015,1.0,0.5,0.0
514,2,0.02085821144282818,0.151123046875,0.03350290656089783,0.030609130859375,0.295867919921875,0.9448282718658447,1.0,0.5,0.0
514,3,0.014434382319450378,0.17059326171875,0.0449543297290802,0.051483154296875,0.2979736328125,0.9415856003761292,1.0,0.5,0.13333333333333333
514,4,0.0424242801964283,0.160919189453125,0.04256561025977135,0.043731689453125,0.30608367919921875,0.94764244556427,1.0,0.5,0.0
514,5,0.017230384051799774,0.148834228515625,0.03505999594926834,0.03350830078125,0.3117218017578125,0.9535495042800903,1.0,0.5,0.0
514,6,0.02963070385158062,0.21746826171875,0.09283748269081116,0.082489013671875,0.22908782958984375,0.8876523971557617,1.0,0.5,0.06666666666666667
514,7,0.04846571758389473,0.2205810546875,0.12456011772155762,0.101287841796875,0.2595481872558594,0.8989570140838623,1.0,0.5,0.06666666666666667
514,8,0.10271407663822174,0.195831298828125,0.05309019237756729,0.057220458984375,0.2545356750488281,0.9134835600852966,1.0,0.5,0.0
514,9,0.08656556904315948,0.200592041015625,0.0595160610973835,0.075164794921875,0.25202178955078125,0.9127109050750732,1.0,0.5,0.0
514,10,0.023539524525403976,0.1533203125,0.03667639195919037,0.0379638671875,0.295318603515625,0.9451907873153687,1.0,0.5,0.0
514,11,0.04394888877868652,0.1993408203125,0.07087303698062897,0.06915283203125,0.24839401245117188,0.9085378646850586,1.0,0.5,0.0
514,12,0.07068713009357452,0.214141845703125,0.11760915070772171,0.10211181640625,0.27117919921875,0.9084142446517944,1.0,0.5,0.0
514,13,0.08321644365787506,0.180694580078125,0.06239917874336243,0.047393798828125,0.259368896484375,0.9188724756240845,1.0,0.5,0.0
514,14,0.023703012615442276,0.1781005859375,0.0461420938372612,0.061309814453125,0.287109375,0.93636554479599,1.0,0.5,0.06666666666666667
514,15,0.018587088212370872,0.202392578125,0.0734051764011383,0.080322265625,0.2825164794921875,0.9202309846878052,1.0,0.5,0.0
514,16,0.10334479063749313,0.226318359375,0.07420549541711807,0.099517822265625,0.24660491943359375,0.8965756893157959,1.0,0.5,0.0
514,17,0.09861452877521515,0.184722900390625,0.05190378054976463,0.055877685546875,0.26470184326171875,0.9215964674949646,1.0,0.5,0.0
514,18,0.098079614341259,0.17083740234375,0.05271794646978378,0.043701171875,0.27301025390625,0.9282035827636719,1.0,0.5,0.0
514,19,0.006708827801048756,0.181365966796875,0.05143897980451584,0.0582275390625,0.25656890869140625,0.9212784767150879,1.0,0.5,0.0
514,20,0.00018604574142955244,0.21044921875,0.07878217846155167,0.068878173828125,0.21002578735351562,0.8854671716690063,1.0,0.5,0.06666666666666667
514,21,0.018865523859858513,0.20709228515625,0.043854981660842896,0.058197021484375,0.24065399169921875,0.9026390314102173,1.0,0.5,0.0
514,22,0.03826373815536499,0.1964111328125,0.05752595141530037,0.056060791015625,0.233154296875,0.9025729298591614,1.0,0.5,0.0
514,23,0.061293818056583405,0.18658447265625,0.04595744609832764,0.062591552734375,0.27013397216796875,0.9255738258361816,1.0,0.5,0.06666666666666667
514,24,0.0316866859793663,0.200347900390625,0.05775969848036766,0.06146240234375,0.2612152099609375,0.9129320979118347,1.0,0.5,0.0
514,25,0.016224943101406097,0.196929931640625,0.06280650198459625,0.068023681640625,0.259979248046875,0.9174329042434692,1.0,0.5,0.0
514,26,0.021682510152459145,0.2147216796875,0.08107518404722214,0.091064453125,0.27288818359375,0.9116434454917908,1.0,0.5,0.0
514,27,0.0013737671542912722,0.18389892578125,0.06091073155403137,0.059051513671875,0.2608909606933594,0.9221611022949219,1.0,0.5,0.0
514,28,0.024996258318424225,0.20477294921875,0.08819170296192169,0.068328857421875,0.23553466796875,0.898260772228241,1.0,0.5,0.0
514,29,8.214267290895805e-05,0.18743896484375,0.04543963819742203,0.052978515625,0.24493408203125,0.9153076410293579,1.0,0.5,0.0
514,30,0.019071102142333984,0.20513916015625,0.0450906902551651,0.061676025390625,0.22160720825195312,0.8987429141998291,1.0,0.5,0.0
514,31,0.034334875643253326,0.23687744140625,0.07576070725917816,0.107147216796875,0.24714279174804688,0.8929916620254517,1.0,0.5,0.0
514,32,0.07507441937923431,0.2625732421875,0.17724336683750153,0.138671875,0.231719970703125,0.8575340509414673,1.0,0.5,0.06666666666666667
514,33,0.0026472825556993484,0.253173828125,0.11036965250968933,0.114654541015625,0.19355392456054688,0.8531280755996704,1.0,0.5,0.06666666666666667
514,34,0.10896959900856018,0.239959716796875,0.06204966455698013,0.093170166015625,0.214813232421875,0.8772350549697876,1.0,0.5,0.0
514,35,0.06722556799650192,0.218353271484375,0.06040722504258156,0.098907470703125,0.26007080078125,0.9102424383163452,1.0,0.5,0.0
514,36,0.11750271916389465,0.2266845703125,0.07758286595344543,0.090118408203125,0.243133544921875,0.8945266008377075,1.0,0.5,0.06666666666666667
514,37,0.11383595317602158,0.191986083984375,0.07398331165313721,0.0701904296875,0.2819366455078125,0.9255951642990112,1.0,0.5,0.0
514,38,0.028376003727316856,0.22882080078125,0.07762114703655243,0.095428466796875,0.24817657470703125,0.897329568862915,1.0,0.5,0.0
514,39,0.0006045351037755609,0.21319580078125,0.08311811834573746,0.082366943359375,0.2412872314453125,0.8977885842323303,1.0,0.5,0.0
514,40,0.008159657940268517,0.1964111328125,0.0610203854739666,0.067108154296875,0.2505149841308594,0.9148396253585815,1.0,0.5,0.0
514,41,0.03609023615717888,0.21990966796875,0.05090225860476494,0.089599609375,0.2541236877441406,0.9043910503387451,1.0,0.5,0.06666666666666667
514,42,0.01657705381512642,0.177154541015625,0.06241631135344505,0.063140869140625,0.28603363037109375,0.933294415473938,1.0,0.5,0.06666666666666667
514,43,0.023889578878879547,0.193206787109375,0.06584643572568893,0.05523681640625,0.24104690551757812,0.9061629772186279,1.0,0.5,0.0
514,44,0.05744297429919243,0.208984375,0.0773342177271843,0.0792236328125,0.2527809143066406,0.9069464802742004,1.0,0.5,0.06666666666666667
514,45,0.07704342901706696,0.20751953125,0.05162520706653595,0.08111572265625,0.251434326171875,0.9115728139877319,1.0,0.5,0.0
514,46,0.025167938321828842,0.202850341796875,0.06174006313085556,0.080810546875,0.27353668212890625,0.9214509725570679,1.0,0.5,0.0
514,47,0.057598188519477844,0.192596435546875,0.06312084943056107,0.056854248046875,0.2696495056152344,0.9188457727432251,1.0,0.5,0.0
515,0,0.031802669167518616,0.197967529296875,0.062096238136291504,0.075225830078125,0.2662200927734375,0.9184920787811279,1.0,0.5,0.0
515,1,0.19427183270454407,0.192626953125,0.07268279790878296,0.077423095703125,0.2718696594238281,0.9231446981430054,1.0,0.5,0.0
515,2,0.01263339165598154,0.26007080078125,0.12597405910491943,0.127105712890625,0.23791885375976562,0.8713744878768921,1.0,0.5,0.0
515,3,0.0055696009658277035,0.174072265625,0.03853015601634979,0.042327880859375,0.24823760986328125,0.9191203117370605,1.0,0.5,0.06666666666666667
515,4,0.05912688374519348,0.180816650390625,0.04302548989653587,0.0341796875,0.2576332092285156,0.91621333360672,1.0,0.5,0.0
515,5,0.11294545978307724,0.189300537109375,0.04966198280453682,0.06878662109375,0.27503204345703125,0.9254071712493896,1.0,0.5,0.0
515,6,0.0641976147890091,0.21636962890625,0.06947825103998184,0.090545654296875,0.260589599609375,0.9060879945755005,1.0,0.5,0.06666666666666667
515,7,0.04417303949594498,0.200439453125,0.08170982450246811,0.073150634765625,0.2615547180175781,0.9127562046051025,1.0,0.5,0.0
515,8,0.03027988225221634,0.191802978515625,0.06401868909597397,0.063507080078125,0.2754325866699219,0.9212929010391235,1.0,0.5,0.06666666666666667
515,9,0.10769074410200119,0.18988037109375,0.06100386753678322,0.058319091796875,0.255859375,0.9163690209388733,1.0,0.5,0.0
515,10,0.04212517663836479,0.2305908203125,0.07952157407999039,0.115631103515625,0.23826217651367188,0.8978891968727112,1.0,0.5,0.06666666666666667
515,11,0.4155009984970093,0.24969482421875,0.10887561738491058,0.110198974609375,0.23190689086914062,0.8752598762512207,1.0,0.5,0.0
515,12,0.16749311983585358,0.202911376953125,0.0946861132979393,0.0672607421875,0.23879241943359375,0.8948097825050354,1.0,0.5,0.0
515,13,0.03507917746901512,0.173065185546875,0.04710552841424942,0.05474853515625,0.281158447265625,0.9366156458854675,1.0,0.5,0.13333333333333333
515,14,0.07791224867105484,0.199951171875,0.08039643615484238,0.084564208984375,0.2620697021484375,0.9150441884994507,1.0,0.5,0.0
515,15,0.03699668496847153,0.18182373046875,0.04636000841856003,0.054168701171875,0.24587249755859375,0.9178248643875122,1.0,0.5,0.0
515,16,0.0832771584391594,0.190338134765625,0.059760671108961105,0.060546875,0.27359771728515625,0.9193364977836609,1.0,0.5,0.06666666666666667
515,17,0.10788587480783463,0.212615966796875,0.06518005579710007,0.074676513671875,0.25901031494140625,0.9075710773468018,1.0,0.5,0.0
515,18,0.002229195088148117,0.19427490234375,0.05721800774335861,0.074371337890625,0.2859649658203125,0.928729772567749,1.0,0.5,0.0
515,19,0.06586974859237671,0.20245361328125,0.056009624153375626,0.076263427734375,0.25667572021484375,0.9170637130737305,1.0,0.5,0.06666666666666667
515,20,0.12047432363033295,0.1710205078125,0.03223419189453125,0.04547119140625,0.2811431884765625,0.9359756708145142,1.0,0.5,0.06666666666666667
515,21,0.18683502078056335,0.205841064453125,0.08444882929325104,0.07611083984375,0.2612190246582031,0.9086290597915649,1.0,0.5,0.06666666666666667
515,22,0.08223012089729309,0.220794677734375,0.08820915967226028,0.09185791015625,0.2477874755859375,0.8992587924003601,1.0,0.5,0.0
515,23,0.014815817587077618,0.1661376953125,0.033318933099508286,0.03692626953125,0.27742767333984375,0.936339259147644,1.0,0.5,0.0
515,24,0.012806171551346779,0.172332763671875,0.04960967227816582,0.029449462890625,0.26700592041015625,0.9216272830963135,1.0,0.5,0.0
515,25,0.04641023650765419,0.18902587890625,0.06953077763319016,0.0623779296875,0.25848388671875,0.9199474453926086,1.0,0.5,0.06666666666666667
515,26,0.03200674057006836,0.180450439453125,0.05890495702624321,0.05999755859375,0.2735595703125,0.9281154870986938,1.0,0.5,0.06666666666666667
515,27,0.01889055222272873,0.19439697265625,0.0720609650015831,0.07257080078125,0.268280029296875,0.917730987071991,1.0,0.5,0.06666666666666667
515,28,0.04223005846142769,0.19512939453125,0.05189722031354904,0.068389892578125,0.2515068054199219,0.9153281450271606,1.0,0.5,0.0
515,29,0.05683107674121857,0.1898193359375,0.07328866422176361,0.074066162109375,0.28360748291015625,0.9269591569900513,1.0,0.5,0.0
515,30,0.009248013608157635,0.220916748046875,0.0821218341588974,0.0853271484375,0.2317352294921875,0.8935178518295288,1.0,0.5,0.0
515,31,0.008241389878094196,0.193267822265625,0.046617504209280014,0.063629150390625,0.2684364318847656,0.9206653833389282,1.0,0.5,0.0
515,32,0.0322035551071167,0.22930908203125,0.08576547354459763,0.079498291015625,0.22104644775390625,0.878811240196228,1.0,0.5,0.0
515,33,0.02045033685863018,0.192047119140625,0.04923194646835327,0.06463623046875,0.25817108154296875,0.9186435341835022,1.0,0.5,0.0
515,34,0.04048491269350052,0.20782470703125,0.0701497346162796,0.079559326171875,0.26009368896484375,0.9118013381958008,1.0,0.5,0.0
515,35,0.1788783222436905,0.217041015625,0.07390125095844269,0.0870361328125,0.2653236389160156,0.908393383026123,1.0,0.5,0.0
515,36,0.03179322928190231,0.192901611328125,0.05090067535638809,0.05975341796875,0.2512321472167969,0.9145559072494507,1.0,0.5,0.0
515,37,0.03683643788099289,0.1934814453125,0.07070779800415039,0.068878173828125,0.25820159912109375,0.9166789650917053,1.0,0.5,0.0
515,38,0.17627760767936707,0.232147216796875,0.15454930067062378,0.10333251953125,0.24203109741210938,0.8765753507614136,1.0,0.5,0.0
515,39,0.17035607993602753,0.23565673828125,0.0710274875164032,0.05926513671875,0.18553543090820312,0.8507499694824219,1.0,0.5,0.0
515,40,0.02037467435002327,0.190765380859375,0.05806152522563934,0.05413818359375,0.23480606079101562,0.9048610925674438,1.0,0.5,0.0
515,41,0.11143801361322403,0.200531005859375,0.05454309284687042,0.076202392578125,0.26947021484375,0.9211745262145996,1.0,0.5,0.0
515,42,0.030524209141731262,0.178497314453125,0.0504358634352684,0.05340576171875,0.2614288330078125,0.9254562854766846,1.0,0.5,0.0
515,43,0.017238620668649673,0.18731689453125,0.05003419890999794,0.054962158203125,0.26006317138671875,0.9220844507217407,1.0,0.5,0.06666666666666667
515,44,0.007385857868939638,0.18414306640625,0.06746853142976761,0.04827880859375,0.2658271789550781,0.9185200929641724,1.0,0.5,0.06666666666666667
515,45,0.00017131096683442593,0.2364501953125,0.08857620507478714,0.092254638671875,0.2152557373046875,0.8761051893234253,1.0,0.5,0.0
515,46,0.03583244979381561,0.20654296875,0.09025793522596359,0.07464599609375,0.24761199951171875,0.9040555357933044,1.0,0.5,0.06666666666666667
515,47,0.1190996915102005,0.180816650390625,0.044371750205755234,0.0614013671875,0.27371978759765625,0.9303285479545593,1.0,0.5,0.0
516,0,0.003919287584722042,0.250244140625,0.06987670063972473,0.09259033203125,0.17711257934570312,0.8476144671440125,1.0,0.5,0.0
516,1,0.03508525341749191,0.2188720703125,0.05696473643183708,0.062469482421875,0.20756912231445312,0.8773305416107178,1.0,0.5,0.0
516,2,0.006434319540858269,0.1942138671875,0.0601368211209774,0.072509765625,0.24367523193359375,0.9141824245452881,1.0,0.5,0.0
516,3,0.06367962062358856,0.205902099609375,0.0702679231762886,0.083221435546875,0.26618194580078125,0.9160119295120239,1.0,0.5,0.06666666666666667
516,4,0.01421961560845375,0.24072265625,0.0658872202038765,0.097625732421875,0.22537612915039062,0.8806945085525513,1.0,0.5,0.0
516,5,0.007283471059054136,0.168701171875,0.03407926857471466,0.03515625,0.26788330078125,0.9294372797012329,1.0,0.5,0.06666666666666667
516,6,0.009917122311890125,0.180816650390625,0.0539163202047348,0.060699462890625,0.28173828125,0.9326733350753784,1.0,0.5,0.0
516,7,0.04140818864107132,0.190887451171875,0.057777173817157745,0.05621337890625,0.26648712158203125,0.9171068072319031,1.0,0.5,0.06666666666666667
516,8,0.026510778814554214,0.193817138671875,0.05262843891978264,0.053802490234375,0.2329559326171875,0.9044163823127747,1.0,0.5,0.06666666666666667
516,9,0.004224598407745361,0.193511962890625,0.058840855956077576,0.069427490234375,0.25739288330078125,0.9204390645027161,1.0,0.5,0.06666666666666667
516,10,0.01713361218571663,0.17181396484375,0.04136072099208832,0.041412353515625,0.28243255615234375,0.935041069984436,1.0,0.5,0.13333333333333333
516,11,0.05975009500980377,0.19293212890625,0.04924016818404198,0.05975341796875,0.26270294189453125,0.9189717173576355,1.0,0.5,0.06666666666666667
516,12,0.042968932539224625,0.222900390625,0.10432620346546173,0.096099853515625,0.24628067016601562,0.8959258794784546,1.0,0.5,0.0
516,13,0.011526337824761868,0.2017822265625,0.04459410905838013,0.066619873046875,0.23070907592773438,0.904727578163147,1.0,0.5,0.0
516,14,0.0463305339217186,0.1842041015625,0.053045276552438736,0.0584716796875,0.2501983642578125,0.916313648223877,1.0,0.5,0.0
516,15,0.30611249804496765,0.228851318359375,0.1308915615081787,0.094696044921875,0.23056793212890625,0.8783484101295471,1.0,0.5,0.06666666666666667
516,16,0.30606693029403687,0.212432861328125,0.05361304432153702,0.065032958984375,0.21433639526367188,0.8856837153434753,1.0,0.5,0.0
516,17,0.4822842478752136,0.22943115234375,0.08958827704191208,0.104736328125,0.23604583740234375,0.8905608654022217,1.0,0.5,0.0
516,18,0.20617419481277466,0.2315673828125,0.06995119154453278,0.08905029296875,0.21436309814453125,0.8824182152748108,1.0,0.5,0.0
516,19,0.06268878281116486,0.19793701171875,0.054497215896844864,0.0697021484375,0.25630950927734375,0.9166406989097595,1.0,0.5,0.13333333333333333
516,20,0.053270090371370316,0.2044677734375,0.04986075311899185,0.06524658203125,0.25374603271484375,0.9087005853652954,1.0,0.5,0.0
516,21,0.06651473045349121,0.182586669921875,0.05271246284246445,0.045623779296875,0.24319076538085938,0.9142696857452393,1.0,0.5,0.0
516,22,0.03882831335067749,0.2020263671875,0.06155140697956085,0.069732666015625,0.24349212646484375,0.9046680927276611,1.0,0.5,0.0
516,23,0.020845893770456314,0.19085693359375,0.056451909244060516,0.0528564453125,0.234161376953125,0.9071073532104492,1.0,0.5,0.0
516,24,0.029012110084295273,0.164337158203125,0.03430500254034996,0.037811279296875,0.2641448974609375,0.9295933246612549,1.0,0.5,0.0
516,25,0.11884164810180664,0.18304443359375,0.049603186547756195,0.058135986328125,0.26080322265625,0.9224657416343689,1.0,0.5,0.0
516,26,0.012055275030434132,0.2041015625,0.06662847846746445,0.062408447265625,0.24181747436523438,0.9015154242515564,1.0,0.5,0.0
516,27,0.0037071467377245426,0.209228515625,0.056534767150878906,0.066009521484375,0.24516677856445312,0.9026035666465759,1.0,0.5,0.0
516,28,0.07497921586036682,0.21221923828125,0.06316661089658737,0.08831787109375,0.26311492919921875,0.9142938852310181,1.0,0.5,0.0
516,29,0.0629354864358902,0.181884765625,0.057713832706213,0.057952880859375,0.2746124267578125,0.9290155172348022,1.0,0.5,0.0
516,30,0.016612809151411057,0.186248779296875,0.04635457322001457,0.05242919921875,0.24772262573242188,0.9152315258979797,1.0,0.5,0.0
516,31,0.03716854751110077,0.18182373046875,0.05859092250466347,0.043975830078125,0.2518424987792969,0.9153239130973816,1.0,0.5,0.06666666666666667
516,32,0.019733650609850883,0.21405029296875,0.09051278978586197,0.083404541015625,0.26818084716796875,0.9099681377410889,1.0,0.5,0.0
516,33,0.007553794886916876,0.17138671875,0.03076171875,0.034210205078125,0.2512168884277344,0.9237027168273926,1.0,0.5,0.0
516,34,0.02689848281443119,0.2041015625,0.06658641993999481,0.084320068359375,0.2573699951171875,0.9157987833023071,1.0,0.5,0.06666666666666667
516,35,0.040112823247909546,0.16845703125,0.03775585815310478,0.0445556640625,0.264678955078125,0.931516706943512,1.0,0.5,0.0
516,36,0.042483896017074585,0.16455078125,0.032607171684503555,0.042205810546875,0.27740478515625,0.937491774559021,1.0,0.5,0.0
516,37,0.017909225076436996,0.21282958984375,0.058568790555000305,0.079803466796875,0.23754119873046875,0.9013867974281311,1.0,0.5,0.0
516,38,0.05117101967334747,0.2017822265625,0.05704420432448387,0.078643798828125,0.2571258544921875,0.913720428943634,1.0,0.5,0.0
516,39,0.24035800993442535,0.22430419921875,0.12506374716758728,0.0955810546875,0.2350921630859375,0.8888015747070312,1.0,0.5,0.06666666666666667
516,40,0.3107193112373352,0.26678466796875,0.08998840302228928,0.1263427734375,0.1920490264892578,0.851413369178772,1.0,0.5,0.0
516,41,0.1361570954322815,0.212158203125,0.05448932200670242,0.071868896484375,0.23853683471679688,0.8992636203765869,1.0,0.5,0.0
516,42,0.0525650680065155,0.21405029296875,0.06901818513870239,0.082763671875,0.24280548095703125,0.9018246531486511,1.0,0.5,0.0
516,43,0.030778391286730766,0.200439453125,0.05176069214940071,0.070587158203125,0.266876220703125,0.9176811575889587,1.0,0.5,0.06666666666666667
516,44,0.036951079964637756,0.18359375,0.05731431767344475,0.064300537109375,0.26076507568359375,0.923420250415802,1.0,0.5,0.0
516,45,0.017560364678502083,0.18060302734375,0.04466168209910393,0.062530517578125,0.27684783935546875,0.9322096109390259,1.0,0.5,0.06666666666666667
516,46,0.02137412503361702,0.1654052734375,0.047162920236587524,0.038330078125,0.27899169921875,0.9339244365692139,1.0,0.5,0.0
516,47,0.14770156145095825,0.16473388671875,0.04269595816731453,0.041107177734375,0.3047027587890625,0.9437164664268494,1.0,0.5,0.0
517,0,0.005834612064063549,0.20587158203125,0.08429781347513199,0.07196044921875,0.2433929443359375,0.8992192149162292,1.0,0.5,0.0
517,1,0.0005960978451184928,0.22772216796875,0.10197319090366364,0.096466064453125,0.21165847778320312,0.8792613744735718,1.0,0.5,0.06666666666666667
517,2,0.06387707591056824,0.171234130859375,0.06153426691889763,0.0472412109375,0.265625,0.928112804889679,1.0,0.5,0.06666666666666667
517,3,0.06321048736572266,0.182281494140625,0.06965215504169464,0.0535888671875,0.27603912353515625,0.9235371947288513,1.0,0.5,0.0
517,4,0.07825234532356262,0.235137939453125,0.12867982685565948,0.0947265625,0.2220783233642578,0.8696853518486023,1.0,0.5,0.0
517,5,0.15555806457996368,0.2431640625,0.09287168085575104,0.092498779296875,0.20738601684570312,0.863260805606842,1.0,0.5,0.0
517,6,0.28084999322891235,0.20587158203125,0.08119591325521469,0.073699951171875,0.23186874389648438,0.8958516120910645,1.0,0.5,0.0
517,7,0.03511298447847366,0.1932373046875,0.05734226107597351,0.06427001953125,0.24834823608398438,0.9143028259277344,1.0,0.5,0.06666666666666667
517,8,0.016527913510799408,0.18695068359375,0.04338560625910759,0.054595947265625,0.2551727294921875,0.9183611273765564,1.0,0.5,0.13333333333333333
517,9,0.0407424196600914,0.138153076171875,0.031141316518187523,0.026123046875,0.29813385009765625,0.9527402520179749,1.0,0.5,0.0
517,10,0.029610170051455498,0.175537109375,0.04717855527997017,0.03948974609375,0.24961471557617188,0.919241726398468,1.0,0.5,0.06666666666666667
517,11,0.06926233321428299,0.189666748046875,0.08198817819356918,0.07427978515625,0.27484893798828125,0.9245337247848511,1.0,0.5,0.13333333333333333
517,12,0.007513860240578651,0.1702880859375,0.06897231936454773,0.05218505859375,0.2867279052734375,0.9364087581634521,1.0,0.5,0.0
517,13,0.03878548741340637,0.186248779296875,0.06369777768850327,0.063568115234375,0.2650604248046875,0.923720121383667,1.0,0.5,0.0
517,14,0.05962764471769333,0.17889404296875,0.0800531655550003,0.06402587890625,0.27840423583984375,0.9312567710876465,1.0,0.5,0.06666666666666667
517,15,0.014462175779044628,0.177764892578125,0.050735004246234894,0.054229736328125,0.26883697509765625,0.9298226833343506,1.0,0.5,0.0
517,16,0.030433565378189087,0.17156982421875,0.07630476355552673,0.0540771484375,0.297088623046875,0.9361953735351562,1.0,0.5,0.0
517,17,0.030566168949007988,0.147216796875,0.03674255684018135,0.026153564453125,0.303253173828125,0.9508240818977356,1.0,0.5,0.0
517,18,0.05217354744672775,0.17852783203125,0.047212302684783936,0.03662109375,0.2499542236328125,0.9176590442657471,1.0,0.5,0.0
517,19,0.02608855813741684,0.1485595703125,0.0288471020758152,0.03314208984375,0.290496826171875,0.9481537342071533,1.0,0.5,0.0
517,20,0.009233564138412476,0.16998291015625,0.04576411843299866,0.05828857421875,0.29241180419921875,0.942277193069458,1.0,0.5,0.06666666666666667
517,21,0.03682103753089905,0.13922119140625,0.023044388741254807,0.02001953125,0.30471038818359375,0.9524873495101929,1.0,0.5,0.0
517,22,0.15726807713508606,0.159454345703125,0.04259710758924484,0.02947998046875,0.2767677307128906,0.9362826347351074,1.0,0.5,0.13333333333333333
517,23,0.0011898073134943843,0.195220947265625,0.058427758514881134,0.0673828125,0.26923370361328125,0.9203958511352539,1.0,0.5,0.06666666666666667
517,24,0.02664288878440857,0.158233642578125,0.04130108654499054,0.040618896484375,0.29328155517578125,0.9449098110198975,1.0,0.5,0.0
517,25,0.023996926844120026,0.178070068359375,0.03449937701225281,0.0555419921875,0.26934051513671875,0.9298487901687622,1.0,0.5,0.0
517,26,0.038831986486911774,0.168670654296875,0.050203993916511536,0.053131103515625,0.2843017578125,0.9391390085220337,1.0,0.5,0.06666666666666667
517,27,0.06354595720767975,0.1722412109375,0.0329488106071949,0.04693603515625,0.2521934509277344,0.9262082576751709,1.0,0.5,0.0
517,28,0.026081424206495285,0.15997314453125,0.04248322919011116,0.041778564453125,0.2798614501953125,0.9405040144920349,1.0,0.5,0.06666666666666667
517,29,0.004175020381808281,0.165679931640625,0.06759648025035858,0.051177978515625,0.30361175537109375,0.9439109563827515,1.0,0.5,0.06666666666666667
517,30,0.014400324784219265,0.168487548828125,0.03752206638455391,0.0439453125,0.28040313720703125,0.9369467496871948,1.0,0.5,0.06666666666666667
517,31,0.07423228025436401,0.177001953125,0.05298526585102081,0.055938720703125,0.27140045166015625,0.9284838438034058,1.0,0.5,0.0
517,32,0.11018502712249756,0.201446533203125,0.06107126921415329,0.0728759765625,0.24155044555664062,0.9083356261253357,1.0,0.5,0.0
517,33,0.005198171362280846,0.1619873046875,0.049123406410217285,0.054412841796875,0.3081817626953125,0.9487727880477905,1.0,0.5,0.06666666666666667
517,34,0.00033892865758389235,0.186126708984375,0.06280756741762161,0.0633544921875,0.2791595458984375,0.9292086362838745,1.0,0.5,0.0
517,35,0.1609213948249817,0.169769287109375,0.04867337644100189,0.05230712890625,0.28913116455078125,0.9400649666786194,1.0,0.5,0.06666666666666667
517,36,0.08694574981927872,0.1895751953125,0.09681007266044617,0.068359375,0.2806739807128906,0.9210580587387085,1.0,0.5,0.0
517,37,0.007048743776977062,0.163909912109375,0.033421289175748825,0.0316162109375,0.2582550048828125,0.9273152351379395,1.0,0.5,0.0
517,38,0.03383927419781685,0.158935546875,0.03838718309998512,0.02911376953125,0.2715873718261719,0.9323626756668091,1.0,0.5,0.0
517,39,0.039053164422512054,0.180511474609375,0.04195800796151161,0.055511474609375,0.28531646728515625,0.9336650371551514,1.0,0.5,0.0
517,40,0.032948873937129974,0.167724609375,0.05035781487822533,0.0467529296875,0.28220367431640625,0.9365111589431763,1.0,0.5,0.13333333333333333
517,41,0.04002668336033821,0.166473388671875,0.059022847563028336,0.049072265625,0.275909423828125,0.9337538480758667,1.0,0.5,0.0
517,42,0.05844656378030777,0.208740234375,0.08771378546953201,0.082794189453125,0.24784088134765625,0.9054002165794373,1.0,0.5,0.06666666666666667
517,43,0.015715893357992172,0.204681396484375,0.07564681023359299,0.0726318359375,0.24784088134765625,0.9075953960418701,1.0,0.5,0.0
517,44,0.06583026796579361,0.20843505859375,0.07626882195472717,0.079437255859375,0.24909210205078125,0.9057818055152893,1.0,0.5,0.06666666666666667
517,45,0.08280888944864273,0.203826904296875,0.10863982886075974,0.061126708984375,0.2421398162841797,0.8927810192108154,1.0,0.5,0.0
517,46,0.26867184042930603,0.221923828125,0.10129820555448532,0.071044921875,0.21924781799316406,0.8767903447151184,1.0,0.5,0.0
517,47,0.3427431285381317,0.22479248046875,0.07038724422454834,0.083038330078125,0.21240234375,0.8822413682937622,1.0,0.5,0.0
518,0,0.030153788626194,0.22589111328125,0.08472047001123428,0.105194091796875,0.24645614624023438,0.9000627994537354,1.0,0.5,0.0
518,1,0.02028670907020569,0.18853759765625,0.038281794637441635,0.063262939453125,0.2719078063964844,0.9270167350769043,1.0,0.5,0.06666666666666667
518,2,0.04666271060705185,0.1868896484375,0.057919371873140335,0.059417724609375,0.26799774169921875,0.9227135181427002,1.0,0.5,0.0
518,3,0.0655531957745552,0.17388916015625,0.039720289409160614,0.051116943359375,0.2669677734375,0.9318327903747559,1.0,0.5,0.0
518,4,0.08761243522167206,0.178314208984375,0.046372972428798676,0.05029296875,0.274169921875,0.9289492964744568,1.0,0.5,0.0
518,5,0.010426068678498268,0.157928466796875,0.02102585881948471,0.03021240234375,0.289093017578125,0.9425716400146484,1.0,0.5,0.0
518,6,0.012288340367376804,0.21112060546875,0.056948352605104446,0.08544921875,0.26134490966796875,0.9136773943901062,1.0,0.5,0.13333333333333333
518,7,0.0225477684289217,0.191619873046875,0.06233407184481621,0.06683349609375,0.2744140625,0.92284095287323,1.0,0.5,0.06666666666666667
518,8,0.02065468765795231,0.1943359375,0.05536235123872757,0.076568603515625,0.2794151306152344,0.9293672442436218,1.0,0.5,0.13333333333333333
518,9,0.023328863084316254,0.179473876953125,0.05562147498130798,0.06158447265625,0.28379058837890625,0.9350695013999939,1.0,0.5,0.0
518,10,0.01504948828369379,0.1993408203125,0.07231354713439941,0.07513427734375,0.26465606689453125,0.9171122312545776,1.0,0.5,0.06666666666666667
518,11,0.07182806730270386,0.1849365234375,0.058902814984321594,0.04742431640625,0.2616081237792969,0.9188058972358704,1.0,0.5,0.0
518,12,0.007160480134189129,0.1995849609375,0.05769743397831917,0.071807861328125,0.2779998779296875,0.9211761355400085,1.0,0.5,0.0
518,13,0.020288990810513496,0.185455322265625,0.05444560945034027,0.073944091796875,0.2928924560546875,0.9358637928962708,1.0,0.5,0.13333333333333333
518,14,0.03765226900577545,0.196319580078125,0.06319481879472733,0.075958251953125,0.267974853515625,0.9189220666885376,1.0,0.5,0.0
518,15,0.023941554129123688,0.19512939453125,0.0630168691277504,0.065948486328125,0.2457427978515625,0.9122061729431152,1.0,0.5,0.0
518,16,0.03843157738447189,0.184417724609375,0.0545116662979126,0.050628662109375,0.2652435302734375,0.9221038222312927,1.0,0.5,0.0
518,17,0.05401870235800743,0.182708740234375,0.06138600781559944,0.0521240234375,0.27112579345703125,0.9221365451812744,1.0,0.5,0.0
518,18,0.07639963924884796,0.187347412109375,0.05233890935778618,0.057098388671875,0.2659149169921875,0.9230628609657288,1.0,0.5,0.0
518,19,0.10498169809579849,0.184539794921875,0.054616738110780716,0.05718994140625,0.26461029052734375,0.9223461151123047,1.0,0.5,0.0
518,20,0.005699558649212122,0.179412841796875,0.05920044332742691,0.05560302734375,0.2641716003417969,0.9242852926254272,1.0,0.5,0.0
518,21,0.028299786150455475,0.19366455078125,0.04481522738933563,0.063201904296875,0.26570892333984375,0.920755922794342,1.0,0.5,0.0
518,22,0.020757637917995453,0.17572021484375,0.04052656143903732,0.04638671875,0.253204345703125,0.923524796962738,1.0,0.5,0.0
518,23,0.08935525268316269,0.164093017578125,0.03558531403541565,0.033538818359375,0.27465057373046875,0.934933066368103,1.0,0.5,0.0
518,24,0.059730164706707,0.21929931640625,0.08249566704034805,0.097137451171875,0.2624664306640625,0.9067434072494507,1.0,0.5,0.0
518,25,0.0440048985183239,0.183441162109375,0.05079759657382965,0.048248291015625,0.25330352783203125,0.9179859757423401,1.0,0.5,0.0
518,26,0.16939155757427216,0.199462890625,0.05724824219942093,0.061676025390625,0.2499237060546875,0.9104516506195068,1.0,0.5,0.0
518,27,0.03345838189125061,0.18048095703125,0.037743568420410156,0.050689697265625,0.26352691650390625,0.9255290031433105,1.0,0.5,0.0
518,28,0.0005781297222711146,0.191925048828125,0.07820458710193634,0.062530517578125,0.26959991455078125,0.916433572769165,1.0,0.5,0.06666666666666667
518,29,0.07726363837718964,0.16461181640625,0.03183057904243469,0.037109375,0.27564239501953125,0.9355525970458984,1.0,0.5,0.0
518,30,0.02201109007000923,0.171783447265625,0.06401751935482025,0.055633544921875,0.2900047302246094,0.9378600716590881,1.0,0.5,0.0
518,31,0.020584819838404655,0.16705322265625,0.033304788172245026,0.036865234375,0.27291107177734375,0.9320584535598755,1.0,0.5,0.0
518,32,0.015675857663154602,0.20953369140625,0.05222894251346588,0.08123779296875,0.2643089294433594,0.91472327709198,1.0,0.5,0.2
518,33,0.02647276595234871,0.17822265625,0.04512046277523041,0.062103271484375,0.27809906005859375,0.9343317747116089,1.0,0.5,0.06666666666666667
518,34,0.08531403541564941,0.172637939453125,0.04726942256093025,0.041595458984375,0.28231048583984375,0.9318945407867432,1.0,0.5,0.06666666666666667
518,35,0.005482474807649851,0.196044921875,0.09113381057977676,0.086273193359375,0.286529541015625,0.9247544407844543,1.0,0.5,0.0
518,36,0.0002648045774549246,0.1629638671875,0.04922037944197655,0.044403076171875,0.31683349609375,0.9479888677597046,1.0,0.5,0.0
518,37,0.0004895585589110851,0.165191650390625,0.035401955246925354,0.042755126953125,0.27547454833984375,0.9365656971931458,1.0,0.5,0.0
518,38,0.025964567437767982,0.19464111328125,0.05838174745440483,0.057159423828125,0.25350189208984375,0.9122183918952942,1.0,0.5,0.0
518,39,0.0340360589325428,0.208251953125,0.07459724694490433,0.086181640625,0.2526969909667969,0.9123033285140991,1.0,0.5,0.0
518,40,0.04613576829433441,0.195953369140625,0.06366471946239471,0.069488525390625,0.26071929931640625,0.9195098280906677,1.0,0.5,0.0
518,41,0.02394336462020874,0.17352294921875,0.04445299878716469,0.0501708984375,0.27466583251953125,0.9339731931686401,1.0,0.5,0.06666666666666667
518,42,0.018314247950911522,0.172454833984375,0.028071511536836624,0.043182373046875,0.2684783935546875,0.9321455955505371,1.0,0.5,0.0
518,43,0.03526727855205536,0.1953125,0.06530385464429855,0.07293701171875,0.25567626953125,0.91645348072052,1.0,0.5,0.0
518,44,0.03317294642329216,0.1705322265625,0.041411712765693665,0.039764404296875,0.2701416015625,0.9311581254005432,1.0,0.5,0.0
518,45,0.014749838970601559,0.1876220703125,0.05989374592900276,0.065948486328125,0.2770271301269531,0.9262195825576782,1.0,0.5,0.0
518,46,0.06250964850187302,0.1883544921875,0.045811183750629425,0.050811767578125,0.2548828125,0.9159936904907227,1.0,0.5,0.0
518,47,0.0017518962267786264,0.20965576171875,0.08220959454774857,0.0826416015625,0.251800537109375,0.9054557085037231,1.0,0.5,0.0
519,0,0.012953454628586769,0.173614501953125,0.059672027826309204,0.052581787109375,0.28881072998046875,0.9368587732315063,1.0,0.5,0.0
519,1,0.029991963878273964,0.201019287109375,0.06686995923519135,0.06671142578125,0.261444091796875,0.9103946089744568,1.0,0.5,0.06666666666666667
519,2,0.1103208065032959,0.2122802734375,0.07293382287025452,0.081878662109375,0.2542572021484375,0.904126763343811,1.0,0.5,0.0
519,3,0.020876603201031685,0.233642578125,0.12855598330497742,0.097991943359375,0.237213134765625,0.878965437412262,1.0,0.5,0.06666666666666667
519,4,0.17701831459999084,0.26690673828125,0.08048107475042343,0.131683349609375,0.20041656494140625,0.8605060577392578,1.0,0.5,0.0
519,5,0.0006215601461008191,0.17828369140625,0.06066093221306801,0.045257568359375,0.2600135803222656,0.9195094704627991,1.0,0.5,0.06666666666666667
519,6,0.003383964067324996,0.21307373046875,0.061374273151159286,0.073883056640625,0.227752685546875,0.8961774110794067,1.0,0.5,0.0
519,7,0.28933990001678467,0.199920654296875,0.05359984189271927,0.071319580078125,0.2512245178222656,0.9134424328804016,1.0,0.5,0.06666666666666667
519,8,0.10958318412303925,0.19586181640625,0.08107377588748932,0.07171630859375,0.24567413330078125,0.9103033542633057,1.0,0.5,0.0
519,9,0.04031543806195259,0.18463134765625,0.04921867698431015,0.057525634765625,0.2533721923828125,0.9168335199356079,1.0,0.5,0.0
519,10,0.08479457348585129,0.1619873046875,0.04567860811948776,0.037261962890625,0.277496337890625,0.933018684387207,1.0,0.5,0.06666666666666667
519,11,0.05769972875714302,0.163787841796875,0.06645693629980087,0.035675048828125,0.2847785949707031,0.9321326017379761,1.0,0.5,0.06666666666666667
519,12,0.06888680905103683,0.216827392578125,0.09082038700580597,0.0958251953125,0.2545738220214844,0.9034506678581238,1.0,0.5,0.0
519,13,0.009618749842047691,0.21405029296875,0.07998742908239365,0.086761474609375,0.2545013427734375,0.9065025448799133,1.0,0.5,0.0
519,14,0.052423760294914246,0.17236328125,0.04856158792972565,0.04693603515625,0.26045989990234375,0.9270414113998413,1.0,0.5,0.0
519,15,0.1782551109790802,0.20819091796875,0.07203614711761475,0.07861328125,0.2547187805175781,0.907700777053833,1.0,0.5,0.06666666666666667
519,16,0.18720294535160065,0.222259521484375,0.0749359056353569,0.088470458984375,0.2569847106933594,0.9035229682922363,1.0,0.5,0.0
519,17,0.008069467730820179,0.1856689453125,0.04893649369478226,0.0501708984375,0.24716567993164062,0.9147347211837769,1.0,0.5,0.06666666666666667
519,18,0.012640588916838169,0.191162109375,0.0697665736079216,0.06463623046875,0.2510948181152344,0.9122617244720459,1.0,0.5,0.0
519,19,0.03132447600364685,0.189544677734375,0.049689728766679764,0.056640625,0.257904052734375,0.9198309183120728,1.0,0.5,0.0
519,20,0.029654789716005325,0.255889892578125,0.13783489167690277,0.12701416015625,0.23595046997070312,0.8690137267112732,1.0,0.5,0.06666666666666667
519,21,0.013292064890265465,0.19085693359375,0.06537201255559921,0.0736083984375,0.2702827453613281,0.923183023929596,1.0,0.5,0.06666666666666667
519,22,0.04340355098247528,0.19244384765625,0.04944853484630585,0.06890869140625,0.27011871337890625,0.9243559837341309,1.0,0.5,0.06666666666666667
519,23,0.03160342201590538,0.1861572265625,0.05697206035256386,0.050537109375,0.26049041748046875,0.9187854528427124,1.0,0.5,0.0
519,24,0.0519329197704792,0.188720703125,0.05415135994553566,0.05120849609375,0.261322021484375,0.9180740714073181,1.0,0.5,0.0
519,25,0.10387933999300003,0.216156005859375,0.12103746086359024,0.082305908203125,0.2702293395996094,0.8942314386367798,1.0,0.5,0.0
519,26,0.00034200787195004523,0.244598388671875,0.11861785501241684,0.090789794921875,0.18735122680664062,0.847646951675415,1.0,0.5,0.0
519,27,0.0015246759867295623,0.23651123046875,0.07556001842021942,0.088592529296875,0.2006988525390625,0.8688817024230957,1.0,0.5,0.06666666666666667
519,28,0.33786913752555847,0.21832275390625,0.057114265859127045,0.078521728515625,0.22641754150390625,0.8931393623352051,1.0,0.5,0.0
519,29,0.0456412099301815,0.215240478515625,0.09238798171281815,0.086273193359375,0.247772216796875,0.8969883918762207,1.0,0.5,0.0
519,30,0.025952674448490143,0.221221923828125,0.0858968198299408,0.070098876953125,0.21199798583984375,0.8739148378372192,1.0,0.5,0.0
519,31,0.050304967910051346,0.17706298828125,0.054522641003131866,0.041412353515625,0.25583648681640625,0.919701099395752,1.0,0.5,0.0
519,32,0.06240277737379074,0.1600341796875,0.06707905232906342,0.047821044921875,0.2880706787109375,0.9392781257629395,1.0,0.5,0.06666666666666667
519,33,0.0186598040163517,0.17840576171875,0.08170943707227707,0.05322265625,0.29093170166015625,0.926957905292511,1.0,0.5,0.0
519,34,0.042778998613357544,0.194549560546875,0.06501249223947525,0.069122314453125,0.2664222717285156,0.9180903434753418,1.0,0.5,0.0
519,35,0.04746253788471222,0.213470458984375,0.07987936586141586,0.0924072265625,0.262603759765625,0.9094439744949341,1.0,0.5,0.0
519,36,0.05106321722269058,0.171630859375,0.03982636332511902,0.038543701171875,0.26092529296875,0.9256868362426758,1.0,0.5,0.0
519,37,0.08052047342061996,0.195709228515625,0.051155827939510345,0.062408447265625,0.2505950927734375,0.9103325605392456,1.0,0.5,0.0
519,38,0.24770274758338928,0.211334228515625,0.11549337953329086,0.082977294921875,0.2540016174316406,0.8970776200294495,1.0,0.5,0.0
519,39,0.048278965055942535,0.2274169921875,0.07395476847887039,0.0809326171875,0.2093658447265625,0.8747672438621521,1.0,0.5,0.0
519,40,0.04314384236931801,0.186279296875,0.055998481810092926,0.05401611328125,0.2400054931640625,0.9118697047233582,1.0,0.5,0.0
519,41,0.033942557871341705,0.184417724609375,0.05644236505031586,0.05108642578125,0.24762725830078125,0.9137290716171265,1.0,0.5,0.06666666666666667
519,42,0.058946527540683746,0.200653076171875,0.08917174488306046,0.078277587890625,0.2556800842285156,0.9108465313911438,1.0,0.5,0.06666666666666667
519,43,0.18826545774936676,0.232391357421875,0.12038638442754745,0.103363037109375,0.23154830932617188,0.8805681467056274,1.0,0.5,0.0
519,44,0.04512700065970421,0.182647705078125,0.056750085204839706,0.050537109375,0.23164749145507812,0.9111602306365967,1.0,0.5,0.0
519,45,0.015283200889825821,0.19219970703125,0.05933191627264023,0.064666748046875,0.259613037109375,0.9189724922180176,1.0,0.5,0.13333333333333333
519,46,0.006594303995370865,0.1949462890625,0.06008525937795639,0.0521240234375,0.26572418212890625,0.915582537651062,1.0,0.5,0.06666666666666667
519,47,0.04214156046509743,0.20196533203125,0.07281897962093353,0.05975341796875,0.2523155212402344,0.9051026105880737,1.0,0.5,0.0
520,0,0.01905948668718338,0.170867919921875,0.037651702761650085,0.043426513671875,0.25749969482421875,0.9264895915985107,1.0,0.5,0.0
520,1,0.04113808646798134,0.18096923828125,0.06403256952762604,0.053192138671875,0.26369476318359375,0.9230746626853943,1.0,0.5,0.0
520,2,0.11829012632369995,0.210693359375,0.092906653881073,0.0802001953125,0.24859237670898438,0.89869225025177,1.0,0.5,0.0
520,3,0.0004670144699048251,0.2025146484375,0.08014053106307983,0.063995361328125,0.25829315185546875,0.9082233905792236,1.0,0.5,0.0
520,4,0.03028414025902748,0.1756591796875,0.05430208519101143,0.053863525390625,0.26923370361328125,0.9283562898635864,1.0,0.5,0.0
520,5,0.028180694207549095,0.1805419921875,0.05674352869391441,0.05462646484375,0.2727394104003906,0.9279203414916992,1.0,0.5,0.06666666666666667
520,6,0.03850884735584259,0.17767333984375,0.053162671625614166,0.051422119140625,0.2811737060546875,0.9299817681312561,1.0,0.5,0.0
520,7,0.1918332725763321,0.210205078125,0.0887749195098877,0.0670166015625,0.22637176513671875,0.8856924772262573,1.0,0.5,0.0
520,8,0.18525446951389313,0.2359619140625,0.09688945859670639,0.1029052734375,0.22819137573242188,0.8810608983039856,1.0,0.5,0.0
520,9,0.05592767149209976,0.19976806640625,0.06148948892951012,0.062591552734375,0.23538589477539062,0.9042431712150574,1.0,0.5,0.0
520,10,0.009948382154107094,0.181121826171875,0.04740713909268379,0.063629150390625,0.28064727783203125,0.9332926273345947,1.0,0.5,0.0
520,11,0.047337181866168976,0.1661376953125,0.05243612825870514,0.03900146484375,0.282501220703125,0.9347490072250366,1.0,0.5,0.0
520,12,0.0382838174700737,0.216156005859375,0.08719626814126968,0.07928466796875,0.244598388671875,0.8983120918273926,1.0,0.5,0.0
520,13,0.0683501660823822,0.154266357421875,0.02955738827586174,0.039886474609375,0.30034637451171875,0.9502980709075928,1.0,0.5,0.06666666666666667
520,14,0.035084616392850876,0.157867431640625,0.03449548780918121,0.047698974609375,0.31219482421875,0.9530771970748901,1.0,0.5,0.0
520,15,0.05755758285522461,0.14666748046875,0.03583252429962158,0.038330078125,0.31983184814453125,0.9579395055770874,1.0,0.5,0.0
520,16,0.08947537839412689,0.200042724609375,0.09491792321205139,0.077484130859375,0.278900146484375,0.9195515513420105,1.0,0.5,0.0
520,17,0.14968180656433105,0.21612548828125,0.0898137018084526,0.102996826171875,0.2758941650390625,0.9144822359085083,1.0,0.5,0.0
520,18,0.0751323252916336,0.178497314453125,0.05346762388944626,0.06488037109375,0.287384033203125,0.93631911277771,1.0,0.5,0.0
520,19,0.3093121647834778,0.2708740234375,0.1256031095981598,0.10589599609375,0.21644973754882812,0.8410528898239136,1.0,0.5,0.06666666666666667
520,20,0.07331426441669464,0.2286376953125,0.12012853473424911,0.107818603515625,0.25734710693359375,0.893969714641571,1.0,0.5,0.0
520,21,0.11608672142028809,0.168426513671875,0.03521023690700531,0.045806884765625,0.299560546875,0.9429739713668823,1.0,0.5,0.0
520,22,0.11232064664363861,0.14935302734375,0.04285446181893349,0.035003662109375,0.30037689208984375,0.9493037462234497,1.0,0.5,0.0
520,23,0.021447118371725082,0.170562744140625,0.04449549689888954,0.055938720703125,0.2920684814453125,0.9414222240447998,1.0,0.5,0.0
520,24,0.19393420219421387,0.23284912109375,0.10566860437393188,0.10455322265625,0.25145721435546875,0.8937457799911499,1.0,0.5,0.0
520,25,0.05484423786401749,0.231689453125,0.12379904091358185,0.113983154296875,0.2700042724609375,0.8974838852882385,1.0,0.5,0.0
520,26,0.01084119826555252,0.206451416015625,0.061061326414346695,0.07427978515625,0.26561737060546875,0.9149624705314636,1.0,0.5,0.0
520,27,0.07330113649368286,0.16534423828125,0.040529873222112656,0.05316162109375,0.3086700439453125,0.9487574100494385,1.0,0.5,0.06666666666666667
520,28,0.042630940675735474,0.153961181640625,0.03668034076690674,0.028350830078125,0.27611541748046875,0.9364443421363831,1.0,0.5,0.0
520,29,0.11660821735858917,0.183990478515625,0.06979075074195862,0.049560546875,0.2610282897949219,0.9201822280883789,1.0,0.5,0.0
520,30,0.0021215162705630064,0.17431640625,0.04789980500936508,0.0509033203125,0.26851654052734375,0.9283944368362427,1.0,0.5,0.0
520,31,0.1488667130470276,0.19073486328125,0.08300186693668365,0.0662841796875,0.25885009765625,0.9163904190063477,1.0,0.5,0.0
520,32,0.0072845276445150375,0.19415283203125,0.07136612385511398,0.0732421875,0.27846527099609375,0.9234453439712524,1.0,0.5,0.0
520,33,0.01018406543880701,0.168365478515625,0.044327232986688614,0.038787841796875,0.2569732666015625,0.9244922399520874,1.0,0.5,0.06666666666666667
520,34,0.045135486871004105,0.191009521484375,0.07383230328559875,0.0660400390625,0.2655830383300781,0.9174671769142151,1.0,0.5,0.0
520,35,0.04380669817328453,0.181854248046875,0.07382559031248093,0.0655517578125,0.272308349609375,0.926781177520752,1.0,0.5,0.0
520,36,0.24552446603775024,0.182769775390625,0.06021809205412865,0.056915283203125,0.2781333923339844,0.9252451658248901,1.0,0.5,0.0
520,37,0.05867663025856018,0.178436279296875,0.04371139034628868,0.0509033203125,0.27776336669921875,0.9304694533348083,1.0,0.5,0.0
520,38,0.00045152250095270574,0.1942138671875,0.08626139909029007,0.078369140625,0.30145263671875,0.9317162036895752,1.0,0.5,0.0
520,39,0.13285242021083832,0.21484375,0.07072076201438904,0.0848388671875,0.26810455322265625,0.9107949733734131,1.0,0.5,0.0
520,40,0.12638580799102783,0.203643798828125,0.08493628352880478,0.07794189453125,0.262542724609375,0.9105616807937622,1.0,0.5,0.0
520,41,0.002444689627736807,0.222198486328125,0.08960284292697906,0.081878662109375,0.23066139221191406,0.8855130672454834,1.0,0.5,0.0
520,42,0.008913898840546608,0.206512451171875,0.07869123667478561,0.084747314453125,0.2531280517578125,0.910686731338501,1.0,0.5,0.0
520,43,0.055175963789224625,0.156402587890625,0.036683589220047,0.049102783203125,0.31072998046875,0.9526817798614502,1.0,0.5,0.13333333333333333
520,44,0.21343499422073364,0.205596923828125,0.09754516929388046,0.096954345703125,0.29351043701171875,0.9225596189498901,1.0,0.5,0.0
520,45,0.24767982959747314,0.159576416015625,0.035644203424453735,0.04913330078125,0.3083343505859375,0.9518024921417236,1.0,0.5,0.0
520,46,0.005205175839364529,0.1846923828125,0.05609884485602379,0.064300537109375,0.27397918701171875,0.9286686182022095,1.0,0.5,0.0
520,47,0.025297995656728745,0.175628662109375,0.04669846594333649,0.0460205078125,0.266021728515625,0.9244446754455566,1.0,0.5,0.0
521,0,0.034570369869470596,0.21551513671875,0.08555568009614944,0.10015869140625,0.275390625,0.9147751331329346,1.0,0.5,0.0
521,1,0.008931280113756657,0.181915283203125,0.05727321654558182,0.063018798828125,0.266754150390625,0.9261859655380249,1.0,0.5,0.0
521,2,0.021610373631119728,0.180633544921875,0.05478508770465851,0.060150146484375,0.2835845947265625,0.9331501722335815,1.0,0.5,0.0
521,3,0.060691360384225845,0.188232421875,0.061815809458494186,0.060333251953125,0.26312255859375,0.9226943254470825,1.0,0.5,0.0
521,4,0.02792462147772312,0.164581298828125,0.04813394322991371,0.037109375,0.2713203430175781,0.9309086799621582,1.0,0.5,0.0
521,5,0.005784380249679089,0.15093994140625,0.05526479706168175,0.02960205078125,0.299102783203125,0.9450508952140808,1.0,0.5,0.0
521,6,0.037187427282333374,0.150390625,0.04652688652276993,0.03955078125,0.31566619873046875,0.9530953168869019,1.0,0.5,0.0
521,7,0.033439040184020996,0.193145751953125,0.04115814343094826,0.0560302734375,0.25177001953125,0.9148653745651245,1.0,0.5,0.0
521,8,0.02646281197667122,0.23675537109375,0.13432514667510986,0.1122894287109375,0.2570686340332031,0.8867975473403931,1.0,0.5,0.06666666666666667
521,9,0.020210009068250656,0.1558837890625,0.03873593360185623,0.040985107421875,0.31256103515625,0.9518797397613525,1.0,0.5,0.0
521,10,0.010187504813075066,0.141937255859375,0.026834774762392044,0.0277099609375,0.30877685546875,0.954307496547699,1.0,0.5,0.2
521,11,0.04162771254777908,0.15765380859375,0.030274853110313416,0.03668212890625,0.308197021484375,0.9496560096740723,1.0,0.5,0.0
521,12,0.030185217037796974,0.208099365234375,0.09739867597818375,0.097076416015625,0.28740692138671875,0.9217022657394409,1.0,0.5,0.0
521,13,0.08561380952596664,0.178466796875,0.04575894773006439,0.05108642578125,0.2910919189453125,0.9330169558525085,1.0,0.5,0.0
521,14,0.10551972687244415,0.224029541015625,0.10870170593261719,0.11309814453125,0.2764892578125,0.9083192944526672,1.0,0.5,0.0
521,15,0.06370903551578522,0.200836181640625,0.06905355304479599,0.091888427734375,0.30126190185546875,0.9310904741287231,1.0,0.5,0.0
521,16,0.02101374790072441,0.17071533203125,0.04272979870438576,0.045867919921875,0.28766632080078125,0.9362473487854004,1.0,0.5,0.0
521,17,0.042476966977119446,0.154327392578125,0.03730899840593338,0.043487548828125,0.29235076904296875,0.9457032680511475,1.0,0.5,0.0
521,18,0.02772042714059353,0.17010498046875,0.05059070885181427,0.04180908203125,0.27413177490234375,0.9276590347290039,1.0,0.5,0.0
521,19,0.03858768194913864,0.17059326171875,0.051474571228027344,0.050323486328125,0.28661346435546875,0.9351658225059509,1.0,0.5,0.0
521,20,0.02501280978322029,0.17510986328125,0.05625888705253601,0.054534912109375,0.27724456787109375,0.930333137512207,1.0,0.5,0.0
521,21,0.05130954086780548,0.183380126953125,0.05793929845094681,0.058135986328125,0.2694091796875,0.9260994791984558,1.0,0.5,0.06666666666666667
521,22,0.1825653314590454,0.198333740234375,0.08694837987422943,0.0672607421875,0.24872589111328125,0.9051188826560974,1.0,0.5,0.0
521,23,0.02218969352543354,0.24560546875,0.061113230884075165,0.099945068359375,0.23109054565429688,0.8809082508087158,1.0,0.5,0.0
521,24,0.03674083948135376,0.17138671875,0.041442107409238815,0.044464111328125,0.24788665771484375,0.9235320091247559,1.0,0.5,0.0
521,25,0.041131846606731415,0.20703125,0.05584153160452843,0.07818603515625,0.26519012451171875,0.9135130643844604,1.0,0.5,0.06666666666666667
521,26,0.10245155543088913,0.1961669921875,0.05705256015062332,0.055023193359375,0.261566162109375,0.9137105941772461,1.0,0.5,0.0
521,27,0.23714002966880798,0.211090087890625,0.11839432269334793,0.084716796875,0.2546558380126953,0.8988310098648071,1.0,0.5,0.0
521,28,0.45193538069725037,0.208404541015625,0.08417245000600815,0.067535400390625,0.23066329956054688,0.8890558481216431,1.0,0.5,0.0
521,29,0.32460862398147583,0.19677734375,0.05353531241416931,0.064910888671875,0.24396896362304688,0.9097113609313965,1.0,0.5,0.0
521,30,0.026276249438524246,0.160430908203125,0.033975906670093536,0.03338623046875,0.28765869140625,0.9402816295623779,1.0,0.5,0.0
521,31,0.16817708313465118,0.1832275390625,0.07975489646196365,0.064453125,0.2784156799316406,0.9245730042457581,1.0,0.5,0.0
521,32,0.07813632488250732,0.19781494140625,0.07802554219961166,0.07171630859375,0.2543182373046875,0.9143056869506836,1.0,0.5,0.0
521,33,0.011816703714430332,0.218536376953125,0.11702258139848709,0.098419189453125,0.2644462585449219,0.8992855548858643,1.0,0.5,0.0
521,34,0.10571633279323578,0.19146728515625,0.05698627978563309,0.058197021484375,0.24318695068359375,0.9111648201942444,1.0,0.5,0.0
521,35,0.05656455084681511,0.173065185546875,0.050501998513936996,0.055877685546875,0.28778839111328125,0.9372313022613525,1.0,0.5,0.0
521,36,0.029361873865127563,0.17193603515625,0.04800635203719139,0.04266357421875,0.27220916748046875,0.9294512271881104,1.0,0.5,0.06666666666666667
521,37,0.029496636241674423,0.16009521484375,0.046360649168491364,0.04107666015625,0.29073333740234375,0.9410462379455566,1.0,0.5,0.06666666666666667
521,38,0.08298081904649734,0.16705322265625,0.03749203309416771,0.045257568359375,0.2916831970214844,0.9412296414375305,1.0,0.5,0.0
521,39,0.0004332833341322839,0.176513671875,0.06072504073381424,0.067352294921875,0.3056793212890625,0.9427182078361511,1.0,0.5,0.06666666666666667
521,40,0.004719878546893597,0.2012939453125,0.05892026796936989,0.085784912109375,0.2742767333984375,0.9233922362327576,1.0,0.5,0.0
521,41,0.07048751413822174,0.20513916015625,0.05892794951796532,0.082855224609375,0.27941131591796875,0.9238941669464111,1.0,0.5,0.0
521,42,0.030971594154834747,0.1732177734375,0.06458788365125656,0.05010986328125,0.282958984375,0.9316614866256714,1.0,0.5,0.06666666666666667
521,43,0.007990234531462193,0.20916748046875,0.09515361487865448,0.073822021484375,0.22986793518066406,0.8912346363067627,1.0,0.5,0.0
521,44,0.18120253086090088,0.23248291015625,0.09275960177183151,0.1048583984375,0.23481369018554688,0.888857364654541,1.0,0.5,0.0
521,45,0.4608418941497803,0.1895751953125,0.07144284248352051,0.073455810546875,0.28087615966796875,0.9276673197746277,1.0,0.5,0.0
521,46,0.21225513517856598,0.209686279296875,0.11743582040071487,0.08984375,0.2624855041503906,0.903255045413971,1.0,0.5,0.0
521,47,0.5469863414764404,0.2138671875,0.07602697610855103,0.044708251953125,0.1962890625,0.8600989580154419,1.0,0.5,0.0
522,0,0.04306282848119736,0.19073486328125,0.0713905468583107,0.070831298828125,0.2701988220214844,0.922709584236145,1.0,0.5,0.0
522,1,0.034021440893411636,0.175079345703125,0.03344190493226051,0.057037353515625,0.28907012939453125,0.9406436681747437,1.0,0.5,0.0
522,2,0.020602934062480927,0.154266357421875,0.03096761368215084,0.036865234375,0.30110931396484375,0.9500241279602051,1.0,0.5,0.0
522,3,0.007037375122308731,0.23486328125,0.05869132652878761,0.097015380859375,0.24025726318359375,0.8916226625442505,1.0,0.5,0.0
522,4,0.037125181406736374,0.175811767578125,0.03327685594558716,0.053131103515625,0.2754058837890625,0.9328340291976929,1.0,0.5,0.0
522,5,0.015490233898162842,0.170379638671875,0.0350601002573967,0.049896240234375,0.27752685546875,0.9365036487579346,1.0,0.5,0.0
522,6,0.01982373185455799,0.169189453125,0.04679195582866669,0.04388427734375,0.2768402099609375,0.9340792894363403,1.0,0.5,0.0
522,7,0.02536659874022007,0.17535400390625,0.059350498020648956,0.04217529296875,0.28322601318359375,0.9262790083885193,1.0,0.5,0.0
522,8,0.024925485253334045,0.190460205078125,0.056487955152988434,0.05523681640625,0.2631072998046875,0.9194450378417969,1.0,0.5,0.0
522,9,0.025840099900960922,0.162994384765625,0.03758188709616661,0.0372314453125,0.271942138671875,0.9339903593063354,1.0,0.5,0.0
522,10,0.04258134588599205,0.178863525390625,0.051286883652210236,0.050537109375,0.26892852783203125,0.9262220859527588,1.0,0.5,0.0
522,11,0.059417299926280975,0.174560546875,0.047845955938100815,0.0460205078125,0.28337860107421875,0.9327845573425293,1.0,0.5,0.0
522,12,0.02694057486951351,0.197845458984375,0.05110570043325424,0.073211669921875,0.25771331787109375,0.9179273843765259,1.0,0.5,0.0
522,13,0.014400305226445198,0.195220947265625,0.0670645460486412,0.07373046875,0.259429931640625,0.9185788631439209,1.0,0.5,0.0
522,14,0.045969292521476746,0.196533203125,0.05587727576494217,0.049560546875,0.22452545166015625,0.8990975618362427,1.0,0.5,0.0
522,15,0.02245507948100567,0.179901123046875,0.04353068023920059,0.051422119140625,0.27869415283203125,0.9310225248336792,1.0,0.5,0.0
522,16,0.032590754330158234,0.1861572265625,0.056778181344270706,0.0556640625,0.256805419921875,0.920298159122467,1.0,0.5,0.0
522,17,0.02742064744234085,0.191131591796875,0.06289215385913849,0.056915283203125,0.258514404296875,0.9158227443695068,1.0,0.5,0.0
522,18,0.021155569702386856,0.202239990234375,0.11731385439634323,0.082122802734375,0.2709541320800781,0.9110174179077148,1.0,0.5,0.06666666666666667
522,19,0.03203168138861656,0.20672607421875,0.07366716116666794,0.06512451171875,0.23563003540039062,0.8968554735183716,1.0,0.5,0.0
522,20,0.01994875818490982,0.20343017578125,0.047872383147478104,0.08013916015625,0.2672157287597656,0.9199573993682861,1.0,0.5,0.13333333333333333
522,21,0.0666569173336029,0.171051025390625,0.03488893434405327,0.048370361328125,0.27850341796875,0.9361346960067749,1.0,0.5,0.0
522,22,0.001123602851293981,0.18798828125,0.044412124902009964,0.06292724609375,0.24614715576171875,0.9177948236465454,1.0,0.5,0.06666666666666667
522,23,0.00018189975526183844,0.193389892578125,0.05714832618832588,0.065032958984375,0.2355804443359375,0.909293532371521,1.0,0.5,0.0
522,24,0.00011328236723784357,0.1964111328125,0.07411819696426392,0.057525634765625,0.22083473205566406,0.8965833187103271,1.0,0.5,0.06666666666666667
522,25,0.028227269649505615,0.17724609375,0.04090648889541626,0.046905517578125,0.2628440856933594,0.923331618309021,1.0,0.5,0.0
522,26,0.01812499761581421,0.21270751953125,0.09376046806573868,0.081451416015625,0.25925445556640625,0.9028139114379883,1.0,0.5,0.0
522,27,0.05325769633054733,0.20269775390625,0.07055619359016418,0.06915283203125,0.25908660888671875,0.9131876230239868,1.0,0.5,0.06666666666666667
522,28,0.02931474894285202,0.1922607421875,0.05153955519199371,0.05645751953125,0.26915740966796875,0.9220108985900879,1.0,0.5,0.0
522,29,0.06282167881727219,0.20965576171875,0.050181105732917786,0.0750732421875,0.26131439208984375,0.9098411798477173,1.0,0.5,0.0
522,30,0.0023306249640882015,0.18927001953125,0.045394688844680786,0.063385009765625,0.24328994750976562,0.916670560836792,1.0,0.5,0.0
522,31,0.015586180612444878,0.1839599609375,0.05235535651445389,0.05511474609375,0.2635955810546875,0.9213570356369019,1.0,0.5,0.06666666666666667
522,32,0.02531551569700241,0.2213134765625,0.06477679312229156,0.084381103515625,0.260589599609375,0.90526282787323,1.0,0.5,0.06666666666666667
522,33,0.07018763571977615,0.173828125,0.039690688252449036,0.037506103515625,0.2555694580078125,0.9201793670654297,1.0,0.5,0.0
522,34,0.1988549530506134,0.195068359375,0.06575001776218414,0.05224609375,0.2261505126953125,0.8993308544158936,1.0,0.5,0.06666666666666667
522,35,0.0666845515370369,0.22900390625,0.09778495132923126,0.096771240234375,0.218719482421875,0.8819311857223511,1.0,0.5,0.0
522,36,0.02575763128697872,0.18798828125,0.041130270808935165,0.058074951171875,0.2635345458984375,0.9239718914031982,1.0,0.5,0.0
522,37,0.07330489903688431,0.205322265625,0.04954490810632706,0.06402587890625,0.23107528686523438,0.9023905992507935,1.0,0.5,0.0
522,38,0.035292815417051315,0.20477294921875,0.05229053273797035,0.068115234375,0.24794387817382812,0.9087005853652954,1.0,0.5,0.06666666666666667
522,39,0.06358854472637177,0.18194580078125,0.056069452315568924,0.061553955078125,0.2731132507324219,0.9263248443603516,1.0,0.5,0.06666666666666667
522,40,0.10150544345378876,0.191375732421875,0.063448965549469,0.064605712890625,0.248016357421875,0.9136356115341187,1.0,0.5,0.0
522,41,0.197206050157547,0.231353759765625,0.13491462171077728,0.09796142578125,0.2312488555908203,0.8746082782745361,1.0,0.5,0.0
522,42,0.02765202336013317,0.176513671875,0.025808563455939293,0.04742431640625,0.2532958984375,0.9253842234611511,1.0,0.5,0.0
522,43,0.014153704047203064,0.19744873046875,0.04687400534749031,0.067352294921875,0.25478363037109375,0.9173399209976196,1.0,0.5,0.2
522,44,0.02695220150053501,0.2210693359375,0.07718387246131897,0.087860107421875,0.2530059814453125,0.90102219581604,1.0,0.5,0.0
522,45,0.011663388460874557,0.2432861328125,0.10592038929462433,0.1087188720703125,0.2413330078125,0.8846212029457092,1.0,0.5,0.0
522,46,0.001297313952818513,0.23345947265625,0.05829029902815819,0.10565185546875,0.25030517578125,0.9007003307342529,1.0,0.5,0.0
522,47,0.00963803194463253,0.21685791015625,0.062836192548275,0.07958984375,0.2532196044921875,0.9043754935264587,1.0,0.5,0.0
523,0,0.0038464427925646305,0.209808349609375,0.08434231579303741,0.07989501953125,0.2698631286621094,0.9112151265144348,1.0,0.5,0.06666666666666667
523,1,0.08688745647668839,0.220733642578125,0.0979975163936615,0.0953521728515625,0.2617301940917969,0.9032750725746155,1.0,0.5,0.06666666666666667
523,2,0.00013992938329465687,0.199462890625,0.06570014357566833,0.061767578125,0.24711227416992188,0.9036078453063965,1.0,0.5,0.0
523,3,0.19314740598201752,0.19708251953125,0.06984403729438782,0.05596923828125,0.24876022338867188,0.9081659913063049,1.0,0.5,0.0
523,4,0.0001504515967098996,0.19940185546875,0.06859740614891052,0.055206298828125,0.24254608154296875,0.8996012210845947,1.0,0.5,0.0
523,5,0.03283644840121269,0.17901611328125,0.0508454367518425,0.0343017578125,0.24236679077148438,0.9104634523391724,1.0,0.5,0.06666666666666667
523,6,0.022311173379421234,0.183074951171875,0.05346943438053131,0.054840087890625,0.2649993896484375,0.9212846755981445,1.0,0.5,0.13333333333333333
523,7,0.029013898223638535,0.171783447265625,0.06262200325727463,0.046722412109375,0.2689170837402344,0.9282663464546204,1.0,0.5,0.13333333333333333
523,8,0.07914131879806519,0.19873046875,0.05448111519217491,0.061767578125,0.25130462646484375,0.9111377596855164,1.0,0.5,0.06666666666666667
523,9,0.03839188441634178,0.2049560546875,0.09465787559747696,0.085693359375,0.2767906188964844,0.9134629964828491,1.0,0.5,0.0
523,10,0.02408779039978981,0.2166748046875,0.08452194929122925,0.0850677490234375,0.256591796875,0.9032572507858276,1.0,0.5,0.0
523,11,0.028603356331586838,0.184844970703125,0.04637128859758377,0.048858642578125,0.2562217712402344,0.9178066849708557,1.0,0.5,0.0
523,12,0.007277345284819603,0.178985595703125,0.05938365310430527,0.057403564453125,0.29190826416015625,0.9355025291442871,1.0,0.5,0.0
523,13,0.0845661535859108,0.174041748046875,0.058103661984205246,0.05059814453125,0.26611328125,0.9280344247817993,1.0,0.5,0.0
523,14,0.03995019569993019,0.22137451171875,0.07641462981700897,0.0902099609375,0.24664688110351562,0.8988431692123413,1.0,0.5,0.0
523,15,0.0180220864713192,0.215057373046875,0.08470570296049118,0.091522216796875,0.2589378356933594,0.9063878655433655,1.0,0.5,0.0
523,16,0.08751341700553894,0.19769287109375,0.060944970697164536,0.061065673828125,0.2609672546386719,0.9124337434768677,1.0,0.5,0.0
523,17,0.032719746232032776,0.199005126953125,0.07617949694395065,0.07232666015625,0.2666740417480469,0.9150364398956299,1.0,0.5,0.0
523,18,0.14668980240821838,0.170501708984375,0.051256805658340454,0.060394287109375,0.30049896240234375,0.9444681406021118,1.0,0.5,0.0
523,19,0.07242931425571442,0.2020263671875,0.08852168172597885,0.08013916015625,0.25687408447265625,0.9103121757507324,1.0,0.5,0.0
523,20,0.08407934010028839,0.185638427734375,0.05483124032616615,0.062408447265625,0.28795623779296875,0.9313856959342957,1.0,0.5,0.0
523,21,0.272735059261322,0.2017822265625,0.06663395464420319,0.082122802734375,0.2666358947753906,0.916729211807251,1.0,0.5,0.0
523,22,0.001061541959643364,0.1925048828125,0.08987335115671158,0.0755615234375,0.27922821044921875,0.922431468963623,1.0,0.5,0.0
523,23,0.039412256330251694,0.20867919921875,0.07623598724603653,0.077056884765625,0.24928665161132812,0.9055874347686768,1.0,0.5,0.0
523,24,0.06347138434648514,0.1702880859375,0.049824878573417664,0.045623779296875,0.26863861083984375,0.9284184575080872,1.0,0.5,0.2
523,25,0.04843280836939812,0.180450439453125,0.047600213438272476,0.0555419921875,0.2616615295410156,0.9246373176574707,1.0,0.5,0.06666666666666667
523,26,0.04334576055407524,0.17816162109375,0.047249846160411835,0.032196044921875,0.25861358642578125,0.9159570932388306,1.0,0.5,0.0
523,27,0.011395270004868507,0.216827392578125,0.09679866582155228,0.091949462890625,0.2327880859375,0.8907709121704102,1.0,0.5,0.0
523,28,9.659972420195118e-06,0.205108642578125,0.07149829715490341,0.057586669921875,0.2072296142578125,0.8839388489723206,1.0,0.5,0.0
523,29,0.18977586925029755,0.18743896484375,0.06502003222703934,0.05084228515625,0.2535667419433594,0.9141401648521423,1.0,0.5,0.0
523,30,0.05730072408914566,0.196533203125,0.0650234967470169,0.061248779296875,0.2635345458984375,0.9143656492233276,1.0,0.5,0.06666666666666667
523,31,0.00020987277093809098,0.16937255859375,0.07227384299039841,0.04962158203125,0.2863006591796875,0.9352965354919434,1.0,0.5,0.06666666666666667
523,32,0.05785844475030899,0.190185546875,0.06107566878199577,0.062774658203125,0.25794219970703125,0.918289303779602,1.0,0.5,0.0
523,33,0.027865342795848846,0.185638427734375,0.051109492778778076,0.0443115234375,0.25542449951171875,0.9151345491409302,1.0,0.5,0.0
523,34,0.020866353064775467,0.197418212890625,0.05287764593958855,0.071380615234375,0.2666015625,0.9201586246490479,1.0,0.5,0.06666666666666667
523,35,0.018967170268297195,0.1605224609375,0.04568317160010338,0.0458984375,0.28372955322265625,0.9400159120559692,1.0,0.5,0.06666666666666667
523,36,0.04775819554924965,0.166778564453125,0.04530041292309761,0.048980712890625,0.28482818603515625,0.9394041895866394,1.0,0.5,0.0
523,37,0.005901589524000883,0.188690185546875,0.06139783933758736,0.06939697265625,0.2825469970703125,0.9296106100082397,1.0,0.5,0.06666666666666667
523,38,0.01663515344262123,0.19439697265625,0.07186238467693329,0.067169189453125,0.2629547119140625,0.9185498952865601,1.0,0.5,0.06666666666666667
523,39,0.01918616332113743,0.18292236328125,0.06452449411153793,0.061737060546875,0.29425048828125,0.9344521760940552,1.0,0.5,0.0
523,40,0.006934629753232002,0.2098388671875,0.09459488093852997,0.085784912109375,0.23521995544433594,0.8954286575317383,1.0,0.5,0.0
523,41,4.619598257704638e-06,0.19317626953125,0.0639643520116806,0.05029296875,0.21866226196289062,0.8950936794281006,1.0,0.5,0.0
523,42,0.0388173907995224,0.20184326171875,0.0668860375881195,0.052825927734375,0.2499237060546875,0.9016957879066467,1.0,0.5,0.0
523,43,0.02727019600570202,0.200042724609375,0.06790263950824738,0.053558349609375,0.2510566711425781,0.905219554901123,1.0,0.5,0.0
523,44,0.05184256285429001,0.185943603515625,0.05959312617778778,0.05023193359375,0.26667022705078125,0.9188029766082764,1.0,0.5,0.0
523,45,0.040668804198503494,0.21270751953125,0.07706821709871292,0.0823974609375,0.2558135986328125,0.9070092439651489,1.0,0.5,0.06666666666666667
523,46,0.010924102738499641,0.21063232421875,0.0960448831319809,0.08599853515625,0.2664642333984375,0.910758912563324,1.0,0.5,0.06666666666666667
523,47,0.0572395958006382,0.22503662109375,0.11114217340946198,0.1011962890625,0.2603187561035156,0.8993759751319885,1.0,0.5,0.0
524,0,0.0640251561999321,0.159881591796875,0.0441131666302681,0.04058837890625,0.27938079833984375,0.9391590356826782,1.0,0.5,0.06666666666666667
524,1,0.019740954041481018,0.178253173828125,0.04987449198961258,0.062164306640625,0.2992401123046875,0.9413040280342102,1.0,0.5,0.0
524,2,0.03621317446231842,0.14599609375,0.03648942708969116,0.0333251953125,0.29996490478515625,0.9511171579360962,1.0,0.5,0.06666666666666667
524,3,0.012828831560909748,0.1627197265625,0.03921307995915413,0.038787841796875,0.2908782958984375,0.9415810108184814,1.0,0.5,0.0
524,4,0.0010354716796427965,0.173431396484375,0.0678006261587143,0.063323974609375,0.29328155517578125,0.9400318264961243,1.0,0.5,0.06666666666666667
524,5,0.007268127053976059,0.149017333984375,0.047696612775325775,0.04443359375,0.328643798828125,0.9591435194015503,1.0,0.5,0.0
524,6,0.017082996666431427,0.134185791015625,0.02222364954650402,0.02996826171875,0.3217315673828125,0.9624536037445068,1.0,0.5,0.0
524,7,0.0019482518546283245,0.155853271484375,0.05944365635514259,0.045989990234375,0.31524658203125,0.9516463875770569,1.0,0.5,0.0
524,8,0.0008522276184521616,0.164093017578125,0.05449355021119118,0.0443115234375,0.306182861328125,0.943385899066925,1.0,0.5,0.0
524,9,0.0037910526152700186,0.167144775390625,0.07854191958904266,0.05645751953125,0.30245208740234375,0.9429417252540588,1.0,0.5,0.0
524,10,0.017418768256902695,0.14178466796875,0.02679596282541752,0.032867431640625,0.32210540771484375,0.95913165807724,1.0,0.5,0.0
524,11,0.026086241006851196,0.1409912109375,0.03545401990413666,0.028564453125,0.2972869873046875,0.9522057771682739,1.0,0.5,0.0
524,12,0.024183623492717743,0.18475341796875,0.050480134785175323,0.05963134765625,0.251800537109375,0.9208622574806213,1.0,0.5,0.0
524,13,0.0024484421592205763,0.2308349609375,0.08496084809303284,0.116424560546875,0.26601409912109375,0.9081106185913086,1.0,0.5,0.0
524,14,0.018987271934747696,0.20428466796875,0.11536411195993423,0.0956573486328125,0.26898956298828125,0.9130269289016724,1.0,0.5,0.06666666666666667
524,15,0.016056150197982788,0.19769287109375,0.06484953314065933,0.070220947265625,0.2698211669921875,0.918639600276947,1.0,0.5,0.06666666666666667
524,16,0.029541658237576485,0.188140869140625,0.0925905853509903,0.05657958984375,0.2675914764404297,0.9119327664375305,1.0,0.5,0.0
524,17,0.02601207047700882,0.170166015625,0.05896969139575958,0.0513916015625,0.2802009582519531,0.9356160163879395,1.0,0.5,0.06666666666666667
524,18,0.0016296679386869073,0.1708984375,0.07291390001773834,0.052001953125,0.299163818359375,0.935660719871521,1.0,0.5,0.06666666666666667
524,19,0.013265151530504227,0.18109130859375,0.08497827500104904,0.05267333984375,0.2650566101074219,0.9203006029129028,1.0,0.5,0.06666666666666667
524,20,0.007156773004680872,0.169219970703125,0.04810003191232681,0.042083740234375,0.285247802734375,0.9365962743759155,1.0,0.5,0.0
524,21,0.0369185246527195,0.1722412109375,0.07830627262592316,0.06298828125,0.29279327392578125,0.9385863542556763,1.0,0.5,0.0
524,22,0.0539812408387661,0.159942626953125,0.02544395625591278,0.046722412109375,0.291290283203125,0.9452268481254578,1.0,0.5,0.0
524,23,0.007371535524725914,0.20050048828125,0.09620687365531921,0.0675048828125,0.2577228546142578,0.9006386399269104,1.0,0.5,0.0
524,24,0.07033835351467133,0.17938232421875,0.05391525849699974,0.059967041015625,0.26688385009765625,0.9283204674720764,1.0,0.5,0.0
524,25,0.03204585611820221,0.16357421875,0.05337949097156525,0.040618896484375,0.29492950439453125,0.9413889646530151,1.0,0.5,0.0
524,26,0.05408589914441109,0.1707763671875,0.041962191462516785,0.05078125,0.29335784912109375,0.9399926662445068,1.0,0.5,0.0
524,27,0.0981372520327568,0.2198486328125,0.09357619285583496,0.08758544921875,0.24027633666992188,0.8949118852615356,1.0,0.5,0.06666666666666667
524,28,0.03442119434475899,0.174530029296875,0.06821753084659576,0.0421142578125,0.2653465270996094,0.9236453771591187,1.0,0.5,0.06666666666666667
524,29,0.060683682560920715,0.163421630859375,0.03588398918509483,0.0355224609375,0.27657318115234375,0.9360156059265137,1.0,0.5,0.0
524,30,8.3076287410222e-05,0.206207275390625,0.09323130548000336,0.078643798828125,0.242340087890625,0.8971500396728516,1.0,0.5,0.06666666666666667
524,31,0.04566747695207596,0.16766357421875,0.05250893160700798,0.03656005859375,0.275909423828125,0.9325629472732544,1.0,0.5,0.0
524,32,0.01955031417310238,0.18280029296875,0.053138840943574905,0.059539794921875,0.279998779296875,0.9311152100563049,1.0,0.5,0.06666666666666667
524,33,0.04465477913618088,0.130218505859375,0.026350634172558784,0.017425537109375,0.30719757080078125,0.9568064212799072,1.0,0.5,0.13333333333333333
524,34,0.015227394178509712,0.1695556640625,0.036290623247623444,0.04205322265625,0.2668800354003906,0.9295141100883484,1.0,0.5,0.06666666666666667
524,35,0.03410017862915993,0.16387939453125,0.04354741796851158,0.0440673828125,0.28905487060546875,0.9407986402511597,1.0,0.5,0.0
524,36,0.0014926765579730272,0.17974853515625,0.06437976658344269,0.044921875,0.2720146179199219,0.9213983416557312,1.0,0.5,0.0
524,37,0.05686767399311066,0.2095947265625,0.09054005146026611,0.084228515625,0.26058197021484375,0.9057251214981079,1.0,0.5,0.0
524,38,0.12066718935966492,0.1741943359375,0.06472547352313995,0.059906005859375,0.290557861328125,0.9359700679779053,1.0,0.5,0.0
524,39,0.02724667452275753,0.179962158203125,0.04639184847474098,0.054168701171875,0.2654571533203125,0.9281476736068726,1.0,0.5,0.0
524,40,0.03357639163732529,0.16070556640625,0.05652498081326485,0.03912353515625,0.29132843017578125,0.9412007927894592,1.0,0.5,0.0
524,41,0.011460844427347183,0.172119140625,0.04785623401403427,0.05352783203125,0.2919158935546875,0.9395084977149963,1.0,0.5,0.0
524,42,0.064487524330616,0.165740966796875,0.05118865892291069,0.049713134765625,0.28206634521484375,0.937405526638031,1.0,0.5,0.0
524,43,0.03819478303194046,0.176055908203125,0.05753384158015251,0.060943603515625,0.2867279052734375,0.9361797571182251,1.0,0.5,0.0
524,44,0.02897516079246998,0.162628173828125,0.042610570788383484,0.040985107421875,0.29875946044921875,0.9432917833328247,1.0,0.5,0.06666666666666667
524,45,0.014808736741542816,0.17156982421875,0.04089915752410889,0.05126953125,0.2794036865234375,0.9360601902008057,1.0,0.5,0.06666666666666667
524,46,0.01547805406153202,0.187042236328125,0.046041540801525116,0.061004638671875,0.268707275390625,0.9256159067153931,1.0,0.5,0.13333333333333333
524,47,0.0033904886804521084,0.1865234375,0.09236004948616028,0.054962158203125,0.2712135314941406,0.9136457443237305,1.0,0.5,0.0
525,0,0.04451136663556099,0.16162109375,0.031081700697541237,0.027130126953125,0.255126953125,0.9269982576370239,1.0,0.5,0.0
525,1,0.043845221400260925,0.177215576171875,0.06002768874168396,0.05255126953125,0.26990509033203125,0.9258706569671631,1.0,0.5,0.06666666666666667
525,2,0.0004913480952382088,0.19134521484375,0.12135002762079239,0.0887451171875,0.3011016845703125,0.9293562173843384,1.0,0.5,0.0
525,3,0.051544319838285446,0.17010498046875,0.05839118734002113,0.04864501953125,0.2784233093261719,0.9332122206687927,1.0,0.5,0.06666666666666667
525,4,0.06512107700109482,0.181732177734375,0.06297177076339722,0.055755615234375,0.27933502197265625,0.9288074970245361,1.0,0.5,0.06666666666666667
525,5,0.05636566877365112,0.1663818359375,0.043721795082092285,0.041046142578125,0.28792572021484375,0.937574565410614,1.0,0.5,0.0
525,6,0.0020714527927339077,0.202911376953125,0.10539764910936356,0.078094482421875,0.258056640625,0.9027432203292847,1.0,0.5,0.0
525,7,0.0008138716220855713,0.211395263671875,0.07052864879369736,0.077178955078125,0.24615859985351562,0.9033529162406921,1.0,0.5,0.0
525,8,0.0135311558842659,0.16558837890625,0.0283517986536026,0.03521728515625,0.2626991271972656,0.9285109043121338,1.0,0.5,0.0
525,9,0.0066791498102247715,0.1864013671875,0.05360860750079155,0.065521240234375,0.2879486083984375,0.9331061840057373,1.0,0.5,0.06666666666666667
525,10,0.021211428567767143,0.159942626953125,0.043039772659540176,0.03753662109375,0.28322601318359375,0.9389345645904541,1.0,0.5,0.0
525,11,0.029021423310041428,0.180389404296875,0.04352143779397011,0.0540771484375,0.2588043212890625,0.9238404035568237,1.0,0.5,0.0
525,12,0.05745076760649681,0.167266845703125,0.03393816947937012,0.047271728515625,0.28631591796875,0.9383087754249573,1.0,0.5,0.0
525,13,0.022114276885986328,0.170745849609375,0.047248534858226776,0.046112060546875,0.27553558349609375,0.9330360889434814,1.0,0.5,0.0
525,14,0.01854449138045311,0.194183349609375,0.08070199191570282,0.061126708984375,0.24123382568359375,0.9071291089057922,1.0,0.5,0.0
525,15,0.045219048857688904,0.180084228515625,0.0832095593214035,0.059051513671875,0.28325653076171875,0.9301515221595764,1.0,0.5,0.06666666666666667
525,16,0.0036758468486368656,0.176300048828125,0.06748677045106888,0.059295654296875,0.29267120361328125,0.9357010126113892,1.0,0.5,0.0
525,17,0.02623199298977852,0.16845703125,0.03894291818141937,0.0482177734375,0.28119659423828125,0.937532901763916,1.0,0.5,0.0
525,18,0.04163495823740959,0.152679443359375,0.025274580344557762,0.028656005859375,0.28546905517578125,0.9426395297050476,1.0,0.5,0.0
525,19,0.028307106345891953,0.15289306640625,0.026614056900143623,0.022064208984375,0.2730560302734375,0.9355250597000122,1.0,0.5,0.0
525,20,0.021845953539013863,0.19921875,0.06185388192534447,0.0777587890625,0.26662445068359375,0.9197258949279785,1.0,0.5,0.13333333333333333
525,21,0.03107180818915367,0.17376708984375,0.048154186457395554,0.039337158203125,0.28424835205078125,0.9316684007644653,1.0,0.5,0.06666666666666667
525,22,0.09455891698598862,0.21209716796875,0.06505990028381348,0.071929931640625,0.23412322998046875,0.8939015865325928,1.0,0.5,0.0
525,23,0.032584596425294876,0.169708251953125,0.043517328798770905,0.04541015625,0.25677490234375,0.9265069961547852,1.0,0.5,0.0
525,24,0.02335868775844574,0.18670654296875,0.05977828800678253,0.073150634765625,0.27294158935546875,0.9293752908706665,1.0,0.5,0.0
525,25,0.02741643227636814,0.18438720703125,0.05090108886361122,0.05169677734375,0.2704010009765625,0.9245705604553223,1.0,0.5,0.06666666666666667
525,26,0.0378246083855629,0.21044921875,0.05258156731724739,0.069549560546875,0.239898681640625,0.9018303155899048,1.0,0.5,0.0
525,27,0.035163763910532,0.1766357421875,0.03504055738449097,0.04925537109375,0.27791595458984375,0.933037281036377,1.0,0.5,0.0
525,28,0.08667834103107452,0.168731689453125,0.046529438346624374,0.031036376953125,0.2583160400390625,0.9224340915679932,1.0,0.5,0.0
525,29,0.05415687337517738,0.1719970703125,0.038167037069797516,0.044921875,0.26922607421875,0.9292872548103333,1.0,0.5,0.06666666666666667
525,30,0.08537515997886658,0.1815185546875,0.0383477620780468,0.05194091796875,0.2637176513671875,0.92327880859375,1.0,0.5,0.0
525,31,0.05745774507522583,0.183349609375,0.05858001485466957,0.04876708984375,0.25949859619140625,0.920759916305542,1.0,0.5,0.06666666666666667
525,32,0.022303467616438866,0.17095947265625,0.04080066829919815,0.04132080078125,0.24834442138671875,0.9245830774307251,1.0,0.5,0.0
525,33,0.028611933812499046,0.176361083984375,0.0462191216647625,0.04168701171875,0.2463531494140625,0.9179902076721191,1.0,0.5,0.0
525,34,0.023697607219219208,0.19659423828125,0.09858202189207077,0.084991455078125,0.28403472900390625,0.9238260984420776,1.0,0.5,0.0
525,35,0.06345739960670471,0.196868896484375,0.06809712201356888,0.065093994140625,0.2539787292480469,0.910049557685852,1.0,0.5,0.0
525,36,0.07072903215885162,0.183807373046875,0.05808006599545479,0.060882568359375,0.28102874755859375,0.9310673475265503,1.0,0.5,0.0
525,37,0.03545338287949562,0.16619873046875,0.035240866243839264,0.035003662109375,0.2733306884765625,0.9344408512115479,1.0,0.5,0.0
525,38,0.022029433399438858,0.174407958984375,0.05279233306646347,0.0518798828125,0.266021728515625,0.928414523601532,1.0,0.5,0.0
525,39,0.03642731159925461,0.21240234375,0.05971621721982956,0.0728759765625,0.2545318603515625,0.9050360321998596,1.0,0.5,0.0
525,40,0.021330177783966064,0.206085205078125,0.07344626635313034,0.0833740234375,0.26163482666015625,0.9145341515541077,1.0,0.5,0.0
525,41,0.028903841972351074,0.21026611328125,0.060987986624240875,0.088470458984375,0.248626708984375,0.9099400043487549,1.0,0.5,0.0
525,42,0.001990304794162512,0.219329833984375,0.0791635513305664,0.088287353515625,0.26447296142578125,0.9058115482330322,1.0,0.5,0.06666666666666667
525,43,0.008862324059009552,0.181549072265625,0.06098293885588646,0.064544677734375,0.29071807861328125,0.934974193572998,1.0,0.5,0.06666666666666667
525,44,0.02551952376961708,0.179443359375,0.046256113797426224,0.0474853515625,0.28066253662109375,0.9296743869781494,1.0,0.5,0.0
525,45,0.030865369364619255,0.17681884765625,0.05552518740296364,0.04486083984375,0.266143798828125,0.9243752360343933,1.0,0.5,0.06666666666666667
525,46,0.038627464324235916,0.196533203125,0.05740213021636009,0.07037353515625,0.2688140869140625,0.9223048686981201,1.0,0.5,0.0
525,47,0.02465219795703888,0.18536376953125,0.05276767164468765,0.063323974609375,0.2909698486328125,0.932898759841919,1.0,0.5,0.06666666666666667
526,0,0.14554956555366516,0.2001953125,0.08319985121488571,0.0701904296875,0.24198150634765625,0.9043619632720947,1.0,0.5,0.0
526,1,0.026731016114354134,0.233123779296875,0.08270062506198883,0.09967041015625,0.22988128662109375,0.8875396251678467,1.0,0.5,0.0
526,2,0.027189087122678757,0.19482421875,0.05083521455526352,0.06854248046875,0.2627410888671875,0.9194685220718384,1.0,0.5,0.13333333333333333
526,3,0.016017841175198555,0.17266845703125,0.035643644630908966,0.044891357421875,0.2871246337890625,0.937254786491394,1.0,0.5,0.0
526,4,0.00048293464351445436,0.182861328125,0.04340968653559685,0.0546875,0.2558403015136719,0.9227096438407898,1.0,0.5,0.0
526,5,0.0055700563825666904,0.207183837890625,0.09245223551988602,0.07366943359375,0.2429943084716797,0.8992065787315369,1.0,0.5,0.0
526,6,0.024142205715179443,0.16070556640625,0.04186135157942772,0.033355712890625,0.30133056640625,0.9447618722915649,1.0,0.5,0.0
526,7,0.027568668127059937,0.18817138671875,0.0716925635933876,0.067291259765625,0.28647613525390625,0.9288619756698608,1.0,0.5,0.0
526,8,0.005511425901204348,0.22357177734375,0.09634648263454437,0.084075927734375,0.24799728393554688,0.8893846273422241,1.0,0.5,0.06666666666666667
526,9,0.0010895486921072006,0.186737060546875,0.07055473327636719,0.06072998046875,0.2802734375,0.9257036447525024,1.0,0.5,0.0
526,10,0.07336247712373734,0.1741943359375,0.05954816937446594,0.047576904296875,0.293243408203125,0.9352566003799438,1.0,0.5,0.0
526,11,0.017211079597473145,0.17626953125,0.07082266360521317,0.060089111328125,0.2942657470703125,0.935889720916748,1.0,0.5,0.0
526,12,0.024164604023098946,0.18792724609375,0.044122591614723206,0.062713623046875,0.2641868591308594,0.9244132041931152,1.0,0.5,0.0
526,13,0.042989689856767654,0.19464111328125,0.052010226994752884,0.075225830078125,0.26583099365234375,0.9234944581985474,1.0,0.5,0.06666666666666667
526,14,0.028927437961101532,0.17852783203125,0.06943899393081665,0.065887451171875,0.29034423828125,0.9360314607620239,1.0,0.5,0.0
526,15,0.04340408742427826,0.213165283203125,0.07164060324430466,0.064849853515625,0.2492218017578125,0.8993304967880249,1.0,0.5,0.0
526,16,0.14297713339328766,0.234771728515625,0.10982219874858856,0.121795654296875,0.26689910888671875,0.9004700779914856,1.0,0.5,0.0
526,17,0.07400950789451599,0.204193115234375,0.07228834182024002,0.072998046875,0.259307861328125,0.9107767343521118,1.0,0.5,0.0
526,18,0.020723847672343254,0.21917724609375,0.05963728204369545,0.106658935546875,0.2804107666015625,0.9203165769577026,1.0,0.5,0.06666666666666667
526,19,0.09151577949523926,0.1929931640625,0.06355902552604675,0.075225830078125,0.28098297119140625,0.9272512197494507,1.0,0.5,0.06666666666666667
526,20,0.046333685517311096,0.198699951171875,0.08120813220739365,0.074371337890625,0.2721366882324219,0.9205789566040039,1.0,0.5,0.0
526,21,0.02969895303249359,0.1947021484375,0.04330985248088837,0.05322265625,0.24454498291015625,0.9091105461120605,1.0,0.5,0.0
526,22,0.023047268390655518,0.15435791015625,0.05438417196273804,0.03570556640625,0.29644775390625,0.9446491003036499,1.0,0.5,0.0
526,23,0.06522064656019211,0.17108154296875,0.048829611390829086,0.040496826171875,0.2763252258300781,0.9298685789108276,1.0,0.5,0.06666666666666667
526,24,0.0065998476929962635,0.17864990234375,0.04556015878915787,0.05474853515625,0.26505279541015625,0.9268766045570374,1.0,0.5,0.0
526,25,0.022318411618471146,0.21380615234375,0.08013130724430084,0.07330322265625,0.23028945922851562,0.8927415609359741,1.0,0.5,0.0
526,26,0.05148359388113022,0.201019287109375,0.061406999826431274,0.070037841796875,0.274993896484375,0.9191514849662781,1.0,0.5,0.0
526,27,0.02203310653567314,0.240997314453125,0.11137669533491135,0.098541259765625,0.23325729370117188,0.8741952180862427,1.0,0.5,0.0
526,28,0.01764802075922489,0.19732666015625,0.0538167767226696,0.068634033203125,0.26125335693359375,0.9181434512138367,1.0,0.5,0.0
526,29,0.04487345367670059,0.188018798828125,0.057952798902988434,0.055389404296875,0.2648773193359375,0.9203548431396484,1.0,0.5,0.13333333333333333
526,30,0.01815863326191902,0.164337158203125,0.06313005834817886,0.0396728515625,0.29376983642578125,0.9386839270591736,1.0,0.5,0.0
526,31,0.05003487691283226,0.165252685546875,0.036727938801050186,0.0369873046875,0.2873268127441406,0.9375003576278687,1.0,0.5,0.13333333333333333
526,32,0.0007468266412615776,0.16644287109375,0.04427901655435562,0.044952392578125,0.2704963684082031,0.9338001012802124,1.0,0.5,0.0
526,33,0.021665994077920914,0.21142578125,0.07982540130615234,0.0745849609375,0.24641799926757812,0.9008973240852356,1.0,0.5,0.0
526,34,0.0048752594739198685,0.18170166015625,0.05264751985669136,0.05029296875,0.28989410400390625,0.9306524395942688,1.0,0.5,0.0
526,35,0.008066206239163876,0.2271728515625,0.09421226382255554,0.09710693359375,0.2588996887207031,0.8965246677398682,1.0,0.5,0.0
526,36,0.018916616216301918,0.180084228515625,0.042562197893857956,0.040740966796875,0.26929473876953125,0.9245667457580566,1.0,0.5,0.0
526,37,0.06852860748767853,0.196319580078125,0.06293442845344543,0.07177734375,0.271148681640625,0.9221535325050354,1.0,0.5,0.06666666666666667
526,38,0.09519167244434357,0.1866455078125,0.05553743243217468,0.0587158203125,0.26786041259765625,0.9226213693618774,1.0,0.5,0.0
526,39,0.19485682249069214,0.17523193359375,0.07197985798120499,0.0491943359375,0.29380035400390625,0.931809663772583,1.0,0.5,0.0
526,40,0.10975007712841034,0.162200927734375,0.050447456538677216,0.0416259765625,0.29732513427734375,0.9432696104049683,1.0,0.5,0.0
526,41,0.18498706817626953,0.171234130859375,0.06578462570905685,0.059173583984375,0.29779815673828125,0.9403306841850281,1.0,0.5,0.0
526,42,0.0006301724351942539,0.202728271484375,0.06059293448925018,0.06829833984375,0.24831008911132812,0.9094687700271606,1.0,0.5,0.0
526,43,0.07142487913370132,0.19281005859375,0.05023631080985069,0.067169189453125,0.2664031982421875,0.9229770302772522,1.0,0.5,0.06666666666666667
526,44,0.024372614920139313,0.20208740234375,0.05537362024188042,0.065765380859375,0.27593994140625,0.9165866374969482,1.0,0.5,0.0
526,45,0.01539700385183096,0.2147216796875,0.06793572008609772,0.089874267578125,0.265472412109375,0.9093360304832458,1.0,0.5,0.0
526,46,0.023564985021948814,0.176910400390625,0.04492709040641785,0.045745849609375,0.2862548828125,0.9326984882354736,1.0,0.5,0.0
526,47,0.02801452949643135,0.184326171875,0.05445539951324463,0.05242919921875,0.2576560974121094,0.9195296764373779,1.0,0.5,0.0
527,0,0.03761991858482361,0.198089599609375,0.06613456457853317,0.064849853515625,0.24906158447265625,0.908299446105957,1.0,0.5,0.0
527,1,0.03964727371931076,0.21820068359375,0.07268749177455902,0.080108642578125,0.23546981811523438,0.8949958682060242,1.0,0.5,0.0
527,2,0.052180103957653046,0.18603515625,0.04647401347756386,0.05706787109375,0.2544441223144531,0.9179351329803467,1.0,0.5,0.0
527,3,0.012896858155727386,0.214385986328125,0.07659588009119034,0.086700439453125,0.24166107177734375,0.9026360511779785,1.0,0.5,0.0
527,4,0.012213054113090038,0.183135986328125,0.04981589689850807,0.058441162109375,0.27838897705078125,0.9292381405830383,1.0,0.5,0.0
527,5,0.04184857755899429,0.1650390625,0.041120484471321106,0.037750244140625,0.26923370361328125,0.9319631457328796,1.0,0.5,0.0
527,6,0.026017557829618454,0.21795654296875,0.07215354591608047,0.06829833984375,0.22438430786132812,0.8857799768447876,1.0,0.5,0.0
527,7,0.12252593040466309,0.23516845703125,0.062021538615226746,0.090179443359375,0.21863937377929688,0.8811008930206299,1.0,0.5,0.0
527,8,0.0676063597202301,0.19854736328125,0.08327358216047287,0.074859619140625,0.2561836242675781,0.9134420156478882,1.0,0.5,0.0
527,9,0.010962163098156452,0.229095458984375,0.0808623805642128,0.073577880859375,0.22015953063964844,0.8764330148696899,1.0,0.5,0.06666666666666667
527,10,0.0062072863802313805,0.24334716796875,0.06459005177021027,0.10882568359375,0.24306488037109375,0.8928301930427551,1.0,0.5,0.0
527,11,0.01980244368314743,0.203216552734375,0.05696440115571022,0.074310302734375,0.2603759765625,0.9149300456047058,1.0,0.5,0.0
527,12,0.016871389001607895,0.204559326171875,0.05911114811897278,0.063751220703125,0.24314117431640625,0.9013352394104004,1.0,0.5,0.0
527,13,0.01601169817149639,0.24102783203125,0.0907081589102745,0.116241455078125,0.22253036499023438,0.8823482394218445,1.0,0.5,0.0
527,14,0.018100235611200333,0.1888427734375,0.04059182107448578,0.05291748046875,0.24156951904296875,0.9128282070159912,1.0,0.5,0.06666666666666667
527,15,0.029901649802923203,0.184295654296875,0.05268291383981705,0.064056396484375,0.27751922607421875,0.93019700050354,1.0,0.5,0.0
527,16,0.0196581669151783,0.171783447265625,0.05688901245594025,0.041748046875,0.26059722900390625,0.9245641231536865,1.0,0.5,0.13333333333333333
527,17,0.0913904532790184,0.212249755859375,0.07771512866020203,0.077789306640625,0.26169586181640625,0.9062029123306274,1.0,0.5,0.0
527,18,0.05308472365140915,0.21258544921875,0.056261271238327026,0.072418212890625,0.254730224609375,0.9079949259757996,1.0,0.5,0.0
527,19,0.03496633842587471,0.20318603515625,0.06238303706049919,0.070159912109375,0.248504638671875,0.9092015027999878,1.0,0.5,0.0
527,20,0.04040442034602165,0.1917724609375,0.04554629698395729,0.071929931640625,0.2724456787109375,0.9278977513313293,1.0,0.5,0.0
527,21,0.048545196652412415,0.182037353515625,0.053803857415914536,0.05963134765625,0.27645111083984375,0.930832028388977,1.0,0.5,0.0
527,22,0.0018023009179159999,0.161163330078125,0.04241463541984558,0.0372314453125,0.29245758056640625,0.941619873046875,1.0,0.5,0.06666666666666667
527,23,0.045960914343595505,0.18212890625,0.06705605983734131,0.0479736328125,0.2769622802734375,0.9196801781654358,1.0,0.5,0.06666666666666667
527,24,0.026211412623524666,0.1995849609375,0.07064982503652573,0.06512451171875,0.2513008117675781,0.9092857837677002,1.0,0.5,0.0
527,25,0.03938154876232147,0.1807861328125,0.0597500205039978,0.05731201171875,0.27252197265625,0.9300135374069214,1.0,0.5,0.06666666666666667
527,26,0.050824280828237534,0.179229736328125,0.04956940561532974,0.04913330078125,0.2765045166015625,0.9265491366386414,1.0,0.5,0.06666666666666667
527,27,0.0021262180525809526,0.206787109375,0.07018650323152542,0.083160400390625,0.2721977233886719,0.9169968962669373,1.0,0.5,0.0
527,28,0.24733896553516388,0.16796875,0.05021468922495842,0.055267333984375,0.3074798583984375,0.9464619159698486,1.0,0.5,0.0
527,29,0.07663104683160782,0.21746826171875,0.10008498281240463,0.096588134765625,0.26067352294921875,0.9059956073760986,1.0,0.5,0.0
527,30,0.2919882535934448,0.170867919921875,0.06940671056509018,0.065643310546875,0.3164825439453125,0.9462770819664001,1.0,0.5,0.06666666666666667
527,31,0.001669042045250535,0.1617431640625,0.03473302721977234,0.048004150390625,0.28861236572265625,0.943398654460907,1.0,0.5,0.0
527,32,0.08579221367835999,0.17486572265625,0.04898713156580925,0.050811767578125,0.2762565612792969,0.930954098701477,1.0,0.5,0.06666666666666667
527,33,0.03986551612615585,0.161529541015625,0.04537871479988098,0.03143310546875,0.2877006530761719,0.9356375336647034,1.0,0.5,0.0
527,34,0.0013414318673312664,0.155426025390625,0.031701505184173584,0.038299560546875,0.30043792724609375,0.947299063205719,1.0,0.5,0.0
527,35,0.019678475335240364,0.17010498046875,0.04340243339538574,0.047119140625,0.281585693359375,0.9364125728607178,1.0,0.5,0.13333333333333333
527,36,0.019785715267062187,0.1666259765625,0.06322523206472397,0.051849365234375,0.2993011474609375,0.9429413676261902,1.0,0.5,0.0
527,37,0.013736959546804428,0.2042236328125,0.0560193695127964,0.08154296875,0.25258636474609375,0.9121659398078918,1.0,0.5,0.06666666666666667
527,38,0.01472450327128172,0.183349609375,0.06908834725618362,0.05126953125,0.27124786376953125,0.9247854948043823,1.0,0.5,0.06666666666666667
527,39,0.00031972755095921457,0.186279296875,0.060120590031147,0.0587158203125,0.27971649169921875,0.9266856908798218,1.0,0.5,0.0
527,40,0.050028882920742035,0.1748046875,0.05342274531722069,0.05718994140625,0.27632904052734375,0.9325175285339355,1.0,0.5,0.0
527,41,0.07708629965782166,0.205902099609375,0.06437347829341888,0.07659912109375,0.24149322509765625,0.9052720069885254,1.0,0.5,0.0
527,42,0.04703381657600403,0.190460205078125,0.06148478388786316,0.067291259765625,0.271209716796875,0.9236542582511902,1.0,0.5,0.0
527,43,0.04037121683359146,0.1788330078125,0.06773098558187485,0.05426025390625,0.285919189453125,0.9299049377441406,1.0,0.5,0.0
527,44,0.055157337337732315,0.216461181640625,0.08845890313386917,0.0911865234375,0.27001953125,0.9069308042526245,1.0,0.5,0.0
527,45,0.0026442972011864185,0.204345703125,0.09158511459827423,0.086029052734375,0.2573738098144531,0.9124255180358887,1.0,0.5,0.06666666666666667
527,46,0.001076806103810668,0.23321533203125,0.08412280678749084,0.1009521484375,0.23754501342773438,0.891440749168396,1.0,0.5,0.06666666666666667
527,47,0.0003715737839229405,0.205291748046875,0.07342728972434998,0.051513671875,0.23958587646484375,0.8904764652252197,1.0,0.5,0.0
528,0,0.011485439725220203,0.2301025390625,0.07131905108690262,0.086700439453125,0.23752975463867188,0.886780858039856,1.0,0.5,0.06666666666666667
528,1,0.0029444191604852676,0.203338623046875,0.05694366618990898,0.055816650390625,0.2508659362792969,0.9054340720176697,1.0,0.5,0.0
528,2,0.025317871943116188,0.220184326171875,0.07103054970502853,0.066619873046875,0.22386932373046875,0.8847072124481201,1.0,0.5,0.0
528,3,0.03152957558631897,0.20379638671875,0.06783395260572433,0.073455810546875,0.2527046203613281,0.91047602891922,1.0,0.5,0.0
528,4,0.0438726469874382,0.1922607421875,0.0522710420191288,0.061798095703125,0.2518043518066406,0.9168001413345337,1.0,0.5,0.13333333333333333
528,5,0.057475745677948,0.1705322265625,0.04542967677116394,0.0523681640625,0.28745269775390625,0.9391292333602905,1.0,0.5,0.13333333333333333
528,6,0.03391249477863312,0.201690673828125,0.08178190886974335,0.06591796875,0.24726486206054688,0.9033409953117371,1.0,0.5,0.0
528,7,0.07876214385032654,0.221527099609375,0.1119905412197113,0.1026611328125,0.25856781005859375,0.9009674787521362,1.0,0.5,0.0
528,8,0.013051014393568039,0.186248779296875,0.06712623685598373,0.051483154296875,0.26035308837890625,0.9147775769233704,1.0,0.5,0.0
528,9,0.039081502705812454,0.179351806640625,0.06008605659008026,0.061981201171875,0.2905426025390625,0.9347378611564636,1.0,0.5,0.0
528,10,0.07402803003787994,0.20196533203125,0.08253196626901627,0.076568603515625,0.2609100341796875,0.9127211570739746,1.0,0.5,0.0
528,11,0.11332795768976212,0.2352294921875,0.12704692780971527,0.115386962890625,0.24848175048828125,0.8875313997268677,1.0,0.5,0.0
528,12,0.09056048095226288,0.19915771484375,0.06169706583023071,0.08697509765625,0.274993896484375,0.9257111549377441,1.0,0.5,0.0
528,13,0.19449129700660706,0.169464111328125,0.03866969794034958,0.047027587890625,0.29285430908203125,0.940637469291687,1.0,0.5,0.0
528,14,0.07011464238166809,0.18646240234375,0.04828953370451927,0.071075439453125,0.28659820556640625,0.9354832768440247,1.0,0.5,0.0
528,15,0.06642137467861176,0.218658447265625,0.0893828421831131,0.0849609375,0.2528343200683594,0.9015470743179321,1.0,0.5,0.0
528,16,0.0476018488407135,0.18603515625,0.04303805157542229,0.06365966796875,0.2868499755859375,0.9348697662353516,1.0,0.5,0.0
528,17,0.1072525754570961,0.1971435546875,0.08777381479740143,0.06878662109375,0.27742767333984375,0.9170083403587341,1.0,0.5,0.0
528,18,0.35739994049072266,0.175445556640625,0.04823514446616173,0.055389404296875,0.28987884521484375,0.9367558360099792,1.0,0.5,0.0
528,19,0.16692981123924255,0.19775390625,0.06519857794046402,0.067840576171875,0.2640419006347656,0.9150351881980896,1.0,0.5,0.0
528,20,0.10669384896755219,0.188873291015625,0.06157989427447319,0.060089111328125,0.27288055419921875,0.9236027002334595,1.0,0.5,0.06666666666666667
528,21,1.3030916452407837,0.27752685546875,0.13660632073879242,0.126068115234375,0.21488189697265625,0.8427112698554993,1.0,0.5,0.06666666666666667
528,22,0.10577312856912613,0.2315673828125,0.09564323723316193,0.1107177734375,0.26216888427734375,0.9011092185974121,1.0,0.5,0.0
528,23,0.06890679150819778,0.18341064453125,0.05197153240442276,0.0562744140625,0.28018951416015625,0.9302492737770081,1.0,0.5,0.0
528,24,0.07742651551961899,0.160308837890625,0.05222775787115097,0.045257568359375,0.29339599609375,0.9434874653816223,1.0,0.5,0.0
528,25,0.24889694154262543,0.185272216796875,0.053867727518081665,0.0675048828125,0.2860107421875,0.9328286051750183,1.0,0.5,0.0
528,26,0.2417081892490387,0.20684814453125,0.0570121631026268,0.07916259765625,0.26287841796875,0.9170447587966919,1.0,0.5,0.0
528,27,0.028853613883256912,0.217681884765625,0.058374177664518356,0.097625732421875,0.281341552734375,0.9180885553359985,1.0,0.5,0.0
528,28,0.10862910747528076,0.186309814453125,0.06787481904029846,0.067596435546875,0.2814483642578125,0.9291261434555054,1.0,0.5,0.06666666666666667
528,29,0.051145024597644806,0.16705322265625,0.04248393326997757,0.0357666015625,0.2542266845703125,0.9238730669021606,1.0,0.5,0.0
528,30,0.09890488535165787,0.165618896484375,0.055426161736249924,0.04925537109375,0.2895050048828125,0.9410157799720764,1.0,0.5,0.06666666666666667
528,31,0.3880772292613983,0.203399658203125,0.0822228416800499,0.0743408203125,0.26743316650390625,0.9141476154327393,1.0,0.5,0.0
528,32,0.05616392195224762,0.1990966796875,0.09904958307743073,0.0792236328125,0.26287078857421875,0.9126789569854736,1.0,0.5,0.0
528,33,0.07023778557777405,0.228118896484375,0.11059128493070602,0.0870361328125,0.23009300231933594,0.8747173547744751,1.0,0.5,0.0
528,34,0.05152361840009689,0.186676025390625,0.05964474007487297,0.053009033203125,0.240936279296875,0.9104583859443665,1.0,0.5,0.06666666666666667
528,35,0.041372913867235184,0.196990966796875,0.04655793309211731,0.071136474609375,0.2711944580078125,0.9228975772857666,1.0,0.5,0.06666666666666667
528,36,0.03274698182940483,0.183380126953125,0.04812202230095863,0.050384521484375,0.2613983154296875,0.9221386909484863,1.0,0.5,0.0
528,37,0.015244212001562119,0.184661865234375,0.06528427451848984,0.065887451171875,0.2800445556640625,0.9296261668205261,1.0,0.5,0.0
528,38,0.09712183475494385,0.17059326171875,0.06893393397331238,0.046630859375,0.29624176025390625,0.9358780384063721,1.0,0.5,0.0
528,39,0.001729098497889936,0.184173583984375,0.0785846933722496,0.061065673828125,0.273162841796875,0.9243692755699158,1.0,0.5,0.0
528,40,0.0005014648195356131,0.1859130859375,0.0556831993162632,0.05859375,0.2731285095214844,0.9254584312438965,1.0,0.5,0.0
528,41,0.11034204065799713,0.19329833984375,0.07735403627157211,0.080352783203125,0.291534423828125,0.9302524328231812,1.0,0.5,0.06666666666666667
528,42,0.04631775617599487,0.226806640625,0.13526701927185059,0.1041259765625,0.2626075744628906,0.894640326499939,1.0,0.5,0.0
528,43,0.01170458272099495,0.185791015625,0.07264773547649384,0.067962646484375,0.28963470458984375,0.9328358173370361,1.0,0.5,0.0
528,44,0.020557191222906113,0.152740478515625,0.044768765568733215,0.035858154296875,0.30078125,0.9484239816665649,1.0,0.5,0.0
528,45,0.23768845200538635,0.193817138671875,0.08779112249612808,0.080230712890625,0.27740478515625,0.9235185384750366,1.0,0.5,0.0
528,46,0.17989227175712585,0.22576904296875,0.09820476919412613,0.100494384765625,0.26511383056640625,0.9040850400924683,1.0,0.5,0.0
528,47,0.027115950360894203,0.212554931640625,0.10186146944761276,0.089202880859375,0.2552986145019531,0.9032415151596069,1.0,0.5,0.0
529,0,0.00029011612059548497,0.21942138671875,0.07251323014497757,0.074432373046875,0.2513313293457031,0.897809624671936,1.0,0.5,0.0
529,1,0.10605423897504807,0.242401123046875,0.10356497764587402,0.09075927734375,0.222900390625,0.8700994849205017,1.0,0.5,0.06666666666666667
529,2,0.004761820659041405,0.20013427734375,0.05656951665878296,0.06610107421875,0.24723052978515625,0.9096468687057495,1.0,0.5,0.06666666666666667
529,3,0.026649944484233856,0.205322265625,0.04529516026377678,0.071136474609375,0.24571990966796875,0.908261775970459,1.0,0.5,0.06666666666666667
529,4,0.038192879408597946,0.227783203125,0.12070945650339127,0.09716796875,0.24657440185546875,0.8885514736175537,1.0,0.5,0.0
529,5,0.000865975278429687,0.191925048828125,0.08543011546134949,0.0635986328125,0.2741279602050781,0.9185898303985596,1.0,0.5,0.0
529,6,0.28013020753860474,0.245819091796875,0.09858263283967972,0.108856201171875,0.2444305419921875,0.8818614482879639,1.0,0.5,0.0
529,7,0.014946929179131985,0.20062255859375,0.06713109463453293,0.07391357421875,0.26438140869140625,0.9145684242248535,1.0,0.5,0.0
529,8,0.011696704663336277,0.233734130859375,0.10310233384370804,0.101165771484375,0.2519111633300781,0.8898057341575623,1.0,0.5,0.0
529,9,0.042683009058237076,0.206298828125,0.09724798798561096,0.08587646484375,0.27777862548828125,0.9166762232780457,1.0,0.5,0.0
529,10,0.20850296318531036,0.190032958984375,0.06295875459909439,0.07696533203125,0.29326629638671875,0.933214545249939,1.0,0.5,0.06666666666666667
529,11,0.371349036693573,0.20794677734375,0.08839945495128632,0.07635498046875,0.2531280517578125,0.9048759937286377,1.0,0.5,0.0
529,12,0.1134595274925232,0.16815185546875,0.04984322935342789,0.04608154296875,0.29248046875,0.9412107467651367,1.0,0.5,0.06666666666666667
529,13,0.15188515186309814,0.17657470703125,0.08826331794261932,0.057708740234375,0.29578399658203125,0.9343674182891846,1.0,0.5,0.0
529,14,0.31232333183288574,0.212158203125,0.10631056129932404,0.087799072265625,0.26324462890625,0.906428337097168,1.0,0.5,0.0
529,15,0.12022197991609573,0.189971923828125,0.06823926419019699,0.066192626953125,0.2735137939453125,0.926077127456665,1.0,0.5,0.0
529,16,0.07363325357437134,0.210845947265625,0.08733927458524704,0.07843017578125,0.2534446716308594,0.9044145345687866,1.0,0.5,0.0
529,17,0.03197783976793289,0.2117919921875,0.09218749403953552,0.08929443359375,0.249420166015625,0.9052786231040955,1.0,0.5,0.0
529,18,0.05241747200489044,0.211456298828125,0.07553686201572418,0.070098876953125,0.23394393920898438,0.8946948647499084,1.0,0.5,0.06666666666666667
529,19,0.10269748419523239,0.207061767578125,0.10204266756772995,0.070343017578125,0.244903564453125,0.8958487510681152,1.0,0.5,0.06666666666666667
529,20,0.004866730887442827,0.218292236328125,0.10475645214319229,0.09552001953125,0.2649421691894531,0.9044934511184692,1.0,0.5,0.0
529,21,0.03593413531780243,0.23040771484375,0.09961384534835815,0.089599609375,0.23019981384277344,0.883458137512207,1.0,0.5,0.0
529,22,0.026477422565221786,0.1878662109375,0.04613402113318443,0.06494140625,0.2738189697265625,0.9265384674072266,1.0,0.5,0.06666666666666667
529,23,0.04441589117050171,0.206573486328125,0.1017313003540039,0.080963134765625,0.26760101318359375,0.909633219242096,1.0,0.5,0.06666666666666667
529,24,0.12354089319705963,0.22607421875,0.08940398693084717,0.099456787109375,0.24189376831054688,0.8934051990509033,1.0,0.5,0.0
529,25,0.009449010714888573,0.20843505859375,0.07860340178012848,0.092376708984375,0.2587089538574219,0.9134700894355774,1.0,0.5,0.0
529,26,0.05079135298728943,0.197662353515625,0.06129175052046776,0.06903076171875,0.26515960693359375,0.9178484678268433,1.0,0.5,0.06666666666666667
529,27,0.02136947028338909,0.2154541015625,0.05753631144762039,0.08404541015625,0.24735260009765625,0.9058600664138794,1.0,0.5,0.06666666666666667
529,28,0.0887269601225853,0.193023681640625,0.06161848083138466,0.049835205078125,0.23996734619140625,0.9023729562759399,1.0,0.5,0.0
529,29,0.060039471834897995,0.23529052734375,0.07727925479412079,0.102752685546875,0.24933624267578125,0.8958252668380737,1.0,0.5,0.06666666666666667
529,30,0.22635626792907715,0.2236328125,0.12365234643220901,0.089599609375,0.236785888671875,0.8866086602210999,1.0,0.5,0.0
529,31,0.11563050001859665,0.28118896484375,0.09361159801483154,0.121795654296875,0.1845550537109375,0.8333183526992798,1.0,0.5,0.0
529,32,0.35869914293289185,0.28021240234375,0.10397838056087494,0.1378173828125,0.19647598266601562,0.8434029817581177,1.0,0.5,0.0
529,33,0.003896599868312478,0.20135498046875,0.06592359393835068,0.052154541015625,0.2223968505859375,0.8914552330970764,1.0,0.5,0.0
529,34,0.032751649618148804,0.20074462890625,0.04088166356086731,0.04571533203125,0.2189788818359375,0.8931888937950134,1.0,0.5,0.0
529,35,0.11479572206735611,0.206939697265625,0.08323032408952713,0.081329345703125,0.2548942565917969,0.906373143196106,1.0,0.5,0.0
529,36,0.031332045793533325,0.239471435546875,0.10546040534973145,0.092559814453125,0.22227096557617188,0.8719065189361572,1.0,0.5,0.0
529,37,0.011662655510008335,0.200103759765625,0.05158368870615959,0.07110595703125,0.253265380859375,0.9137566089630127,1.0,0.5,0.06666666666666667
529,38,0.013581197708845139,0.21844482421875,0.08955267816781998,0.106842041015625,0.26373291015625,0.910293698310852,1.0,0.5,0.0
529,39,0.018749194219708443,0.183380126953125,0.0789867490530014,0.055572509765625,0.27587890625,0.9258867502212524,1.0,0.5,0.0
529,40,0.02945040911436081,0.1893310546875,0.08647619932889938,0.0565185546875,0.26611328125,0.91367107629776,1.0,0.5,0.0
529,41,0.025030264630913734,0.236328125,0.07698137313127518,0.0997314453125,0.24019622802734375,0.8890995979309082,1.0,0.5,0.0
529,42,0.007627901155501604,0.190643310546875,0.06836219877004623,0.04522705078125,0.25920867919921875,0.9117844104766846,1.0,0.5,0.0
529,43,0.041263747960329056,0.225555419921875,0.11252664029598236,0.087249755859375,0.2594413757324219,0.8960506916046143,1.0,0.5,0.06666666666666667
529,44,0.0007986152195371687,0.21124267578125,0.07917968183755875,0.075469970703125,0.23156356811523438,0.8968581557273865,1.0,0.5,0.0
529,45,0.007230402436107397,0.2137451171875,0.06821786612272263,0.07684326171875,0.23358154296875,0.8965473175048828,1.0,0.5,0.0
529,46,0.012591197155416012,0.23162841796875,0.07924477010965347,0.0953369140625,0.22743988037109375,0.8861983418464661,1.0,0.5,0.0
529,47,0.015203948132693768,0.18963623046875,0.052352335304021835,0.05859375,0.2420654296875,0.9144002199172974,1.0,0.5,0.0
530,0,0.005200979299843311,0.227203369140625,0.06595022231340408,0.08087158203125,0.23406982421875,0.8895095586776733,1.0,0.5,0.0
530,1,0.0037853652611374855,0.172943115234375,0.03801866993308067,0.035552978515625,0.2607154846191406,0.9234936237335205,1.0,0.5,0.0
530,2,0.07787466049194336,0.205841064453125,0.07448549568653107,0.079925537109375,0.27109527587890625,0.9145580530166626,1.0,0.5,0.0
530,3,0.30059707164764404,0.216583251953125,0.07166160643100739,0.093994140625,0.2641639709472656,0.9106689691543579,1.0,0.5,0.0
530,4,0.08629374206066132,0.193450927734375,0.08245200663805008,0.070281982421875,0.2653770446777344,0.9196391701698303,1.0,0.5,0.0
530,5,0.2330610156059265,0.21343994140625,0.08947011083364487,0.092010498046875,0.2510986328125,0.9065625667572021,1.0,0.5,0.06666666666666667
530,6,0.02249833568930626,0.19744873046875,0.05475309491157532,0.07293701171875,0.24605941772460938,0.913709282875061,1.0,0.5,0.13333333333333333
530,7,0.0258038267493248,0.188934326171875,0.07110309600830078,0.051116943359375,0.25861358642578125,0.9146342277526855,1.0,0.5,0.13333333333333333
530,8,0.03672882542014122,0.20574951171875,0.06900998204946518,0.0770263671875,0.25907135009765625,0.912040114402771,1.0,0.5,0.0
530,9,0.06376366317272186,0.20391845703125,0.06783878803253174,0.066986083984375,0.23662185668945312,0.9039003252983093,1.0,0.5,0.0
530,10,0.00566456513479352,0.1685791015625,0.03499076887965202,0.0340576171875,0.24652481079101562,0.9207302331924438,1.0,0.5,0.0
530,11,0.025475457310676575,0.186309814453125,0.05760502442717552,0.059417724609375,0.248199462890625,0.9172247052192688,1.0,0.5,0.0
530,12,0.007821639999747276,0.190887451171875,0.06559470295906067,0.067108154296875,0.2699317932128906,0.9211328029632568,1.0,0.5,0.0
530,13,0.5035500526428223,0.272308349609375,0.12126365303993225,0.126861572265625,0.21949005126953125,0.8521448373794556,1.0,0.5,0.0
530,14,0.016667893156409264,0.1942138671875,0.05522747337818146,0.05682373046875,0.24466705322265625,0.9117707014083862,1.0,0.5,0.0
530,15,0.00442019896581769,0.165802001953125,0.03867412731051445,0.03045654296875,0.282928466796875,0.9338397979736328,1.0,0.5,0.06666666666666667
530,16,0.08466839790344238,0.18707275390625,0.06422542780637741,0.05084228515625,0.2705230712890625,0.9180651903152466,1.0,0.5,0.0
530,17,0.06201748177409172,0.22760009765625,0.10155103355646133,0.107391357421875,0.2520103454589844,0.9001297950744629,1.0,0.5,0.0
530,18,0.01359769981354475,0.1766357421875,0.06150708720088005,0.049407958984375,0.2613716125488281,0.9228765964508057,1.0,0.5,0.06666666666666667
530,19,0.03371521085500717,0.1944580078125,0.05470152944326401,0.067352294921875,0.26222991943359375,0.9196363687515259,1.0,0.5,0.13333333333333333
530,20,0.003364038420841098,0.164031982421875,0.03207940235733986,0.038421630859375,0.28804779052734375,0.9394748210906982,1.0,0.5,0.0
530,21,0.022096604108810425,0.2166748046875,0.07047073543071747,0.077117919921875,0.23681259155273438,0.8969160318374634,1.0,0.5,0.0
530,22,0.03143969923257828,0.196441650390625,0.07001447677612305,0.070526123046875,0.2697296142578125,0.9188610911369324,1.0,0.5,0.0
530,23,0.07210826873779297,0.21295166015625,0.05641758441925049,0.073760986328125,0.26279449462890625,0.9065544009208679,1.0,0.5,0.0
530,24,0.004471368622034788,0.22021484375,0.07236206531524658,0.070281982421875,0.21524429321289062,0.8760258555412292,1.0,0.5,0.06666666666666667
530,25,0.0021237805485725403,0.27056884765625,0.08324906975030899,0.110687255859375,0.1675243377685547,0.8311278223991394,1.0,0.5,0.06666666666666667
530,26,0.1712861955165863,0.24053955078125,0.07293368875980377,0.097076416015625,0.20338058471679688,0.8724527359008789,1.0,0.5,0.0
530,27,0.0012688064016401768,0.2470703125,0.11415813118219376,0.115325927734375,0.22582626342773438,0.8738658428192139,1.0,0.5,0.0
530,28,0.003009343985468149,0.2135009765625,0.0755455493927002,0.081207275390625,0.24025344848632812,0.9024876952171326,1.0,0.5,0.0
530,29,0.08503010869026184,0.208038330078125,0.07976274192333221,0.0750732421875,0.24224853515625,0.8999863862991333,1.0,0.5,0.06666666666666667
530,30,0.044534243643283844,0.168792724609375,0.05293791741132736,0.039794921875,0.2769927978515625,0.9320312738418579,1.0,0.5,0.0
530,31,0.0005493086646310985,0.189666748046875,0.05882825702428818,0.076873779296875,0.29280853271484375,0.9334570169448853,1.0,0.5,0.13333333333333333
530,32,0.03273038938641548,0.19451904296875,0.05198099464178085,0.06121826171875,0.262481689453125,0.9176474213600159,1.0,0.5,0.0
530,33,0.042300865054130554,0.172515869140625,0.07105492800474167,0.047637939453125,0.27447509765625,0.9298990964889526,1.0,0.5,0.06666666666666667
530,34,0.021079178899526596,0.19525146484375,0.04905886575579643,0.07147216796875,0.26087188720703125,0.9190945625305176,1.0,0.5,0.06666666666666667
530,35,0.15690045058727264,0.183074951171875,0.058435726910829544,0.065338134765625,0.2778472900390625,0.9306579828262329,1.0,0.5,0.06666666666666667
530,36,0.07074335217475891,0.18792724609375,0.057386260479688644,0.07208251953125,0.2682342529296875,0.9248878955841064,1.0,0.5,0.0
530,37,0.037535034120082855,0.190399169921875,0.06917337328195572,0.068084716796875,0.2694549560546875,0.9237952828407288,1.0,0.5,0.0
530,38,0.038600899279117584,0.17340087890625,0.040883488953113556,0.046417236328125,0.2673149108886719,0.9290155172348022,1.0,0.5,0.06666666666666667
530,39,0.06619198620319366,0.205718994140625,0.08621115237474442,0.076751708984375,0.24712753295898438,0.906672477722168,1.0,0.5,0.06666666666666667
530,40,0.07693642377853394,0.20733642578125,0.05919362232089043,0.07110595703125,0.24808120727539062,0.9079461693763733,1.0,0.5,0.0
530,41,0.49099063873291016,0.23193359375,0.12179314345121384,0.07965087890625,0.2214794158935547,0.868847131729126,1.0,0.5,0.0
530,42,0.00842524878680706,0.22247314453125,0.0661906749010086,0.08465576171875,0.22673416137695312,0.8888775110244751,1.0,0.5,0.0
530,43,0.014247752726078033,0.202880859375,0.05885409563779831,0.060943603515625,0.22441864013671875,0.8973798751831055,1.0,0.5,0.0
530,44,0.059458084404468536,0.2691650390625,0.1293322741985321,0.133636474609375,0.22124099731445312,0.8560676574707031,1.0,0.5,0.0
530,45,0.012082921341061592,0.2744140625,0.07752916216850281,0.134246826171875,0.23301315307617188,0.869379997253418,1.0,0.5,0.0
530,46,0.01415336225181818,0.209442138671875,0.07574331760406494,0.08477783203125,0.2420501708984375,0.9053619503974915,1.0,0.5,0.0
530,47,0.03539418429136276,0.192352294921875,0.05443856120109558,0.067413330078125,0.26336669921875,0.9207326173782349,1.0,0.5,0.13333333333333333
531,0,0.13474230468273163,0.162841796875,0.05449588596820831,0.0537109375,0.31441497802734375,0.9496248960494995,1.0,0.5,0.06666666666666667
531,1,0.08900782465934753,0.198822021484375,0.06555692106485367,0.079376220703125,0.282501220703125,0.9239768981933594,1.0,0.5,0.0
531,2,0.034509364515542984,0.183013916015625,0.047670986503362656,0.053619384765625,0.24861526489257812,0.9166962504386902,1.0,0.5,0.0
531,3,0.018344353884458542,0.169525146484375,0.04095207527279854,0.042816162109375,0.26727294921875,0.9309810400009155,1.0,0.5,0.0
531,4,0.022001314908266068,0.174163818359375,0.04996739700436592,0.044769287109375,0.28046417236328125,0.9335896968841553,1.0,0.5,0.0
531,5,0.03876775875687599,0.184478759765625,0.06802026927471161,0.05780029296875,0.27982330322265625,0.92535400390625,1.0,0.5,0.0
531,6,0.02629157528281212,0.185882568359375,0.0503719337284565,0.051239013671875,0.26285552978515625,0.9206140637397766,1.0,0.5,0.0
531,7,0.019249040633440018,0.204071044921875,0.07664080709218979,0.072052001953125,0.24382400512695312,0.90509033203125,1.0,0.5,0.0
531,8,0.00613190233707428,0.189727783203125,0.059187352657318115,0.060211181640625,0.2648162841796875,0.9185764789581299,1.0,0.5,0.0
531,9,0.022390544414520264,0.242919921875,0.12733636796474457,0.104217529296875,0.23685073852539062,0.8763293027877808,1.0,0.5,0.0
531,10,0.01528079528361559,0.175506591796875,0.04227440431714058,0.055572509765625,0.27861785888671875,0.9342415928840637,1.0,0.5,0.06666666666666667
531,11,0.019247636198997498,0.180267333984375,0.037593383342027664,0.057159423828125,0.27117919921875,0.9288421273231506,1.0,0.5,0.13333333333333333
531,12,0.01616485044360161,0.161102294921875,0.03629019856452942,0.03369140625,0.2699432373046875,0.9350923895835876,1.0,0.5,0.06666666666666667
531,13,0.043457575142383575,0.171905517578125,0.051051802933216095,0.038818359375,0.27231597900390625,0.925513505935669,1.0,0.5,0.0
531,14,0.06737814843654633,0.1842041015625,0.04264414310455322,0.050323486328125,0.2518501281738281,0.9177058935165405,1.0,0.5,0.0
531,15,0.08189105987548828,0.1734619140625,0.033593740314245224,0.041717529296875,0.2546539306640625,0.9227052927017212,1.0,0.5,0.06666666666666667
531,16,0.0042955330573022366,0.17828369140625,0.05184493586421013,0.05987548828125,0.27953338623046875,0.9309695959091187,1.0,0.5,0.0
531,17,0.04611707478761673,0.1883544921875,0.06979251652956009,0.0640869140625,0.2762107849121094,0.9256899952888489,1.0,0.5,0.0
531,18,0.07138954848051071,0.193389892578125,0.06334507465362549,0.05975341796875,0.244354248046875,0.9105191230773926,1.0,0.5,0.0
531,19,0.010085120797157288,0.17620849609375,0.04596198350191116,0.046783447265625,0.25408172607421875,0.9205233454704285,1.0,0.5,0.0
531,20,0.024206379428505898,0.18121337890625,0.06826271116733551,0.060546875,0.2886810302734375,0.9315735101699829,1.0,0.5,0.06666666666666667
531,21,0.03997615724802017,0.188018798828125,0.06446225196123123,0.06072998046875,0.2751884460449219,0.9240950345993042,1.0,0.5,0.0
531,22,0.05076200142502785,0.182708740234375,0.03979725018143654,0.037689208984375,0.25566864013671875,0.9160500764846802,1.0,0.5,0.0
531,23,0.008944711647927761,0.199462890625,0.0840095654129982,0.0780029296875,0.256622314453125,0.9135562777519226,1.0,0.5,0.0
531,24,0.02003246732056141,0.17962646484375,0.06405490636825562,0.054229736328125,0.2849578857421875,0.9314504265785217,1.0,0.5,0.0
531,25,0.07305581867694855,0.230133056640625,0.09189854562282562,0.091766357421875,0.24617767333984375,0.8906584978103638,1.0,0.5,0.0
531,26,0.03486916422843933,0.176422119140625,0.04679632559418678,0.05706787109375,0.28520965576171875,0.9346815347671509,1.0,0.5,0.0
531,27,0.013153603300452232,0.191436767578125,0.04432160034775734,0.0712890625,0.26692962646484375,0.925929069519043,1.0,0.5,0.0
531,28,0.07961272448301315,0.219818115234375,0.07099083065986633,0.078338623046875,0.2491607666015625,0.8984817266464233,1.0,0.5,0.0
531,29,0.013793831691145897,0.178741455078125,0.04314195737242699,0.06085205078125,0.2772064208984375,0.9332791566848755,1.0,0.5,0.13333333333333333
531,30,0.01873191073536873,0.175018310546875,0.04767715930938721,0.05242919921875,0.27455902099609375,0.9318482875823975,1.0,0.5,0.0
531,31,0.015907861292362213,0.1610107421875,0.04796431213617325,0.033111572265625,0.2726287841796875,0.9331868886947632,1.0,0.5,0.0
531,32,0.026620537042617798,0.162750244140625,0.048647038638591766,0.04705810546875,0.29888153076171875,0.9427682161331177,1.0,0.5,0.06666666666666667
531,33,0.005254270974546671,0.180419921875,0.046440012753009796,0.052032470703125,0.24912643432617188,0.9193824529647827,1.0,0.5,0.0
531,34,0.061031632125377655,0.2188720703125,0.04064904898405075,0.074127197265625,0.22122573852539062,0.8920807242393494,1.0,0.5,0.0
531,35,0.029084619134664536,0.209075927734375,0.06647986173629761,0.088775634765625,0.24741744995117188,0.9088963270187378,1.0,0.5,0.0
531,36,5.3627751185558736e-05,0.16522216796875,0.044934436678886414,0.04229736328125,0.295257568359375,0.9413981437683105,1.0,0.5,0.13333333333333333
531,37,0.010028468444943428,0.236297607421875,0.14046770334243774,0.1170654296875,0.2423229217529297,0.8832922577857971,1.0,0.5,0.06666666666666667
531,38,0.01817423850297928,0.191162109375,0.07313672453165054,0.05059814453125,0.23517990112304688,0.9020001292228699,1.0,0.5,0.06666666666666667
531,39,0.022981032729148865,0.196502685546875,0.0679086223244667,0.078704833984375,0.2754325866699219,0.9230303764343262,1.0,0.5,0.06666666666666667
531,40,0.04415062814950943,0.168792724609375,0.04454871267080307,0.042266845703125,0.2622642517089844,0.928288459777832,1.0,0.5,0.06666666666666667
531,41,0.05199064314365387,0.18072509765625,0.029915882274508476,0.0494384765625,0.2690010070800781,0.9272812604904175,1.0,0.5,0.0
531,42,0.024808812886476517,0.172821044921875,0.03610577806830406,0.04864501953125,0.25749969482421875,0.9270549416542053,1.0,0.5,0.0
531,43,0.015238338150084019,0.144439697265625,0.031733687967061996,0.026092529296875,0.2916259765625,0.9475858211517334,1.0,0.5,0.06666666666666667
531,44,0.05036965012550354,0.164031982421875,0.04129314795136452,0.03485107421875,0.283294677734375,0.9376381039619446,1.0,0.5,0.0
531,45,0.012230067513883114,0.1585693359375,0.0249785203486681,0.03076171875,0.27313995361328125,0.936805009841919,1.0,0.5,0.06666666666666667
531,46,0.02628508023917675,0.1812744140625,0.03893698379397392,0.055938720703125,0.2669830322265625,0.9259854555130005,1.0,0.5,0.06666666666666667
531,47,0.06643527001142502,0.1761474609375,0.05922297388315201,0.05926513671875,0.27983856201171875,0.9344540238380432,1.0,0.5,0.06666666666666667
